# ::id doc-1150
# ::doc_file doc-1150
# ::tok http : / / www . ted . com / talks / gabby_giffords_and_mark_kelly_be_passionate_be_courageous_be_your_best< / url> <next_sent> Pat Mitchell : That day , January 8 , 2011 , began like all others . <next_sent> You were both doing the work that you love . <next_sent> You were meeting with constituents , which is something that you loved doing as a congresswoman , and Mark , you were happily preparing for your next space shuttle . <next_sent> And suddenly , everything that you had planned or expected in your lives was irrevocably changed forever . <next_sent> Mark Kelly : Yeah , it 's amazing , it 's amazing how everything can change for any of us in an instant . <next_sent> People do n't realize that . <next_sent> I certainly did n't . <next_sent> Gabby Giffords : Yes . <next_sent> And on that Saturday morning , I got this horrible phone call from Gabby 's chief of staff . <next_sent> She did n't have much other information . <next_sent> She just said , " Gabby was shot . " <next_sent> A few minutes later , I called her back and I actually thought for a second , well , maybe I just imagined getting this phone call . <next_sent> I called her back , and that 's when she told me that Gabby had been shot in the head . <next_sent> And from that point on , I knew that our lives were going to be a lot different . <next_sent> PM : And when you arrived at the hospital , what was the prognosis that they gave you about Gabby 's condition and what recovery , if any , you could expect ? <next_sent> Well , for a gunshot wound to the head and a traumatic brain injury , they typically ca n't tell you much . <next_sent> Every injury is different . <next_sent> It 's not predictable like often a stroke might be predictable , which is another TBI kind of injury . <next_sent> So they did n't know how long Gabby would be in a coma , did n't know when that would change and what the prognosis would be . <next_sent> PM : Gabby , has your recovery been an effort to create a new Gabby Giffords or reclaim the old Gabby Giffords ? <next_sent> GG : The new one -- better , stronger , tougher . <next_sent> That to say , when you look at the picture behind us , to come back from that kind of injury and come back strong and stronger than ever is a really tough thing to do . <next_sent> I do n't know anybody that 's as tough as my wonderful wife right here . <next_sent> PM : And what were the first signs that recovery was not only going to be possible but you were going to have some semblance of the life that you and Gabby had planned ? <next_sent> Well , the first thing , for me , was Gabby was still kind of almost unconscious , but she did something when she was in the ICU hospital bed that she used to do when we might be out to dinner at a restaurant , in that she pulled my ring off and she flipped it from one finger to the next , and at that point I knew that she was still in there . <next_sent> PM : And there were certain words , too . <next_sent> Did n't she surprise you with words in the beginning ? <next_sent> Well , it was tough in the beginning . <next_sent> GG : What ? <next_sent> What ? <next_sent> Chicken . <next_sent> Chicken . <next_sent> Chicken . <next_sent> Yeah , that was it . <next_sent> For the first month , that was the extent of Gabby 's vocabulary . <next_sent> For some reason , she has aphasia , which is difficulty with communication . <next_sent> She latched on to the word " chicken , " which is n't the best but certainly is not the worst . <next_sent> And we were actually worried it could have been a lot worse than that . <next_sent> PM : Gabby , what 's been the toughest challenge for you during this recovery ? <next_sent> Yeah , with aphasia , Gabby knows what she wants to say , she just ca n't get it out . <next_sent> She understands everything , but the communication is just very difficult because when you look at the picture , the part of your brain where those communication centers are are on the left side of your head , which is where the bullet passed through . <next_sent> PM : So you have to do a very dangerous thing : speak for your wife . <next_sent> I do . <next_sent> It might be some of the most dangerous things I 've ever done . <next_sent> PM : Gabby , are you optimistic about your continuing recovery -- walking , talking , being able to move your arm and leg ? <next_sent> GG : I 'm optimistic . <next_sent> It will be a long , hard haul , but I 'm optimistic . <next_sent> PM : That seems to be the number one characteristic of Gabby Giffords , would n't you say ? <next_sent> Gabby 's always been really optimistic . <next_sent> She works incredibly hard every day . <next_sent> GG : On the treadmill , walked on my treadmill , Spanish lessons , French horn . <next_sent> It 's only my wife who could be -- and if you knew her before she was injured , you would kind of understand this -- somebody who could be injured and have such a hard time communicating and meets with a speech therapist , and then about a month ago , she says , " I want to learn Spanish again . " <next_sent> PM : Well , let 's take a little closer look at the wife , and this was even before you met Gabby Giffords . <next_sent> And she 's on a motor scooter there , but it 's my understanding that 's a very tame image of what Gabby Giffords was like growing up . <next_sent> Yeah , Gabby , she used to race motorcycles . <next_sent> So that 's a scooter , but she had -- well , she still has a BMW motorcycle . <next_sent> PM : Does she ride it ? <next_sent> Well , that 's a challenge with not being able to move her right arm , but I think with something I know about , Velcro , we might be able to get her back on the bike , Velcro her right hand up onto the handlebar . <next_sent> PM : I have a feeling we might see that picture next , Gabby . <next_sent> But you meet , you 're already decided that you 're going to dedicate your life to service . <next_sent> You 're going into the military and eventually to become an astronaut . <next_sent> So you meet . <next_sent> What attracts you to Gabby ? <next_sent> Well , when we met , oddly enough , it was the last time we were in Vancouver , about 10 years ago . <next_sent> We met in Vancouver , at the airport , on a trip that we were both taking to China , that I would actually , from my background , I would call it a boondoggle . <next_sent> Gabby would — GG : Fact - finding mission . <next_sent> She would call it an important fact - finding mission . <next_sent> She was a state senator at the time , and we met here , at the airport , before a trip to China . <next_sent> PM : Would you describe it as a whirlwind romance ? <next_sent> GG : No , no , no. <next_sent> A good friend . <next_sent> Yeah , we were friends for a long time . <next_sent> Where 'd we go , Gabby ? <next_sent> GG : Death row . <next_sent> Yes . <next_sent> Our first date was to death row at the Florence state prison in Arizona , which was just outside Gabby 's state senate district . <next_sent> They were working on some legislation that had to do with crime and punishment and capital punishment in the state of Arizona . <next_sent> So she could n't get anybody else to go with her , and I 'm like , " Of course I want to go to death row . " <next_sent> So that was our first date . <next_sent> We 've been together ever since . <next_sent> GG : Yes . <next_sent> PM : Well , that might have contributed to the reason that Gabby decided to marry you . <next_sent> You were willing to go to death row , after all . <next_sent> I guess . <next_sent> PM : Gabby , what did make you want to marry Mark ? <next_sent> I thought we always had a very special relationship . <next_sent> We 've gone through some tough times and it 's only made it stronger . <next_sent> GG : Stronger . <next_sent> PM : After you got married , however , you continued very independent lives . <next_sent> Actually , you did n't even live together . <next_sent> We had one of those commuter marriages . <next_sent> In our case , it was Washington , D.C. , Houston , Tucson . <next_sent> Sometimes we 'd go clockwise , sometimes counterclockwise , to all those different places , and we did n't really live together until that Saturday morning . <next_sent> Within an hour of Gabby being shot , I was on an airplane to Tucson , and that was the moment where that had changed things . <next_sent> PM : And also , Gabby , you had run for Congress after being a state senator and served in Congress for six years . <next_sent> What did you like best about being in Congress ? <next_sent> PM : Well it was the way you did it . <next_sent> GG : Yes , yes . <next_sent> Fast pace . <next_sent> PM : I 'm not sure people would describe it entirely that way . <next_sent> Yeah , you know , legislation is often at a colossally slow pace , but my wife , and I have to admit , a lot of other members of Congress that I know , work incredibly hard . <next_sent> Everybody , including Gabby , talked you into going back , and you did end up taking . <next_sent> Gabby 's in a coma . <next_sent> I 'm in Tucson . <next_sent> You 've got to find a replacement for me . " <next_sent> So I did n't actually resign from being an astronaut , but I gave up my job and they found a replacement . <next_sent> Months later , maybe about two months later , I started about getting my job back , which is something , when you become this primary caregiver person , which some people in the audience here have certainly been in that position , it 's a challenging role but at some point you 've got to figure out when you 're going to get your life back , and at the time , I could n't ask Gabby if she wanted me to go fly in the space shuttle again . <next_sent> She was the biggest supporter of my career , and I knew it was the right thing to do . <next_sent> PM : And yet I 'm trying to imagine , Mark , what that was like , going off onto a mission , one presumes safely , but it 's never a guarantee , and knowing that Gabby is — Well not only was she still in the hospital , on the third day of that flight , literally while I was rendezvousing with the space station , and you 've got two vehicles moving at 17,500 miles an hour , I 'm actually flying it , looking out the window , a bunch of computers , Gabby was in brain surgery , literally at that time having the final surgery to replace the piece of skull that they took out on the day she was injured with a prosthetic , yeah , which is the whole side of her head . <next_sent> PM : Is that for appetizer or dessert , Mark ? <next_sent> Well , it just gets the conversation going . <next_sent> PM : But there was a lot of conversation about something you did , Gabby , after Mark 's flight . <next_sent> You had to make another step of courage too , because here was Congress deadlocked again , and you got out of the rehabilitation center , got yourself to Washington so that you could walk on the floor of the House -- I can barely talk about this without getting emotional — and cast a vote which could have been the deciding vote . <next_sent> Yeah , we had that vote , I guess about five months after Gabby was injured , and she made this bold decision to go back . <next_sent> A very controversial vote , but she wanted to be there to have her voice heard one more time . <next_sent> PM : And after that , resigned and began what has been a very slow and challenging recovery . <next_sent> What 's life like , day to day ? <next_sent> Well , that 's Gabby 's service dog Nelson . <next_sent> GG : Nelson . <next_sent> New member of our family . <next_sent> GG : Yes , yes . <next_sent> And we got him from a— GG : Prison . <next_sent> Murder . <next_sent> We have a lot of connections with prisons , apparently . <next_sent> Nelson came from a prison , raised by a murderer in Massachusetts . <next_sent> But she did a great job with this dog . <next_sent> He 's a fabulous service dog . <next_sent> PM : So Gabby , what have you learned from your experiences the past few years ? <next_sent> PM : Your relationship is deeper . <next_sent> It has to be . <next_sent> You 're together all the time now . <next_sent> I imagine being grateful , too , right ? <next_sent> GG : Grateful . <next_sent> PM : This is a picture of family and friends gathering , but I love these pictures because they show the Gabby and Mark relationship now . <next_sent> I think when something tragic happens in a family , it can pull people together . <next_sent> PM : And of course , the two of you go through these challenges of a slow and difficult recovery , and yet , Gabby , how do you maintain your optimism and positive outlook ? <next_sent> GG : I want to make the world a better place . <next_sent> PM : And you 're doing that even though your recovery has to remain front and center for both of you . <next_sent> You are people who have done service to your country and you are continuing to do that with a new initiative , a new purpose . <next_sent> And Gabby , what 's on the agenda now ? <next_sent> GG : Americans for Responsible Solutions . <next_sent> That 's our political action committee , where we are trying to get members of Congress to take a more serious look at gun violence in this country , and to try to pass some reasonable legislation . <next_sent> It was really the 20 murdered first graders and kindergartners in Newtown , Connecticut , and the response that we saw afterwards where -- well , look what 's happened so far . <next_sent> So far the national response has been pretty much to do nothing . <next_sent> We 're trying to change that . <next_sent> PM : There have been 11 mass shootings since Newtown , a school a week in the first two months of last year . <next_sent> What are you doing that 's different than other efforts to balance rights for gun ownership and responsibilities ? <next_sent> We 're gun owners , we support gun rights . <next_sent> At the same time , we 've got to do everything we can to keep guns out of the hands of criminals and the dangerously mentally ill . <next_sent> It 's not too difficult to do that . <next_sent> This issue , like many others , has become very polarizing and political , and we 're trying to bring some balance to the debate in Washington . <next_sent> PM : Thank you both for that effort . <next_sent> And not surprisingly for this woman of courage and of a sense of adventure , you just keep challenging yourself , and the sky seems to be the limit . <next_sent> I have to share this video of your most recent adventure . <next_sent> Take a look at Gabby . <next_sent> This is a couple months ago . <next_sent> You okay ? <next_sent> You did great . <next_sent> GG : Yes , it 's gorgeous . <next_sent> Thank you . <next_sent> Good stuff . <next_sent> Gorgeous . <next_sent> Oh , thank you . <next_sent> Mountains . <next_sent> Gorgeous mountains . <next_sent> Let me just say one of the guys that Gabby jumped with that day was a Navy SEAL who she met in Afghanistan who was injured in combat , had a really rough time . <next_sent> Gabby visited him when he was at Bethesda and went through a really tough period . <next_sent> He started doing better . <next_sent> Months later , Gabby was shot in the head , and then he supported her while she was in the hospital in Houston . <next_sent> So they have a very , very nice connection . <next_sent> GG : Yes . <next_sent> PM : What a wonderful moment . <next_sent> Because this is the TED stage , Gabby , I know you worked very hard to think of the ideas that you wanted to leave with this audience . <next_sent> GG : Thank you . <next_sent> Hello , everyone . <next_sent> Thank you for inviting us here today . <next_sent> It 's been a long , hard haul , but I 'm getting better . <next_sent> I 'm working hard , lots of therapy -- speech therapy , physical therapy , and yoga too . <next_sent> But my spirit is strong as ever . <next_sent> I 'm still fighting to make the world a better place , and you can too . <next_sent> Get involved with your community . <next_sent> Be a leader . <next_sent> Set an example . <next_sent> Be passionate . <next_sent> Be courageous . <next_sent> Be your best . <next_sent> Thank you very much . <next_sent> Thank you . <next_sent> GG : Thank you . <next_sent> Thank you everybody . <next_sent> GG : Bye bye .
(d / document
   :snt1 (s1.u / url-entity
               :polarity "-"
               :value "narcotic")
   :snt2 (s2.s / say-01
               :ARG0 (s2.p / person
                           :name (s2.n / name
                                       :op1 "Pat"
                                       :op2 "Mitchell"))
               :ARG1 (s2.b / begin-01
                           :ARG1-of (s2.r / resemble-01
                                          :ARG2 (s2.b2 / begin-01
                                                       :ARG0 (s2.o / other
                                                                   :mod (s2.a / all))))
                           :time (s2.d2 / day
                                        :ARG1-of (s2.m / mean-01
                                                       :ARG2 (s2.d / date-entity
                                                                   :day "8"
                                                                   :month "1"
                                                                   :year "2011"))
                                        :mod (s2.t / that))))
   :snt3 (s3.w / work-01
               :ARG0 (s3.y / you
                           :mod (s3.b / both))
               :ARG1-of (s3.l / love-01
                              :ARG0 s3.y))
   :snt4 (s4.s / say-01
               :ARG0 (s4.i / i)
               :ARG1 (s4.p2 / prepare-02
                            :ARG2 (s4.s2 / shuttle
                                         :mod (s4.s3 / space)
                                         :mod (s4.n2 / next)
                                         :poss (s4.y / you
                                                     :same-as s3.y))
                            :ARG2-of (s4.h / happy-01))
               :ARG2 (s4.p / person
                           :name (s4.n / name
                                       :op1 "Mark"))
               :rel (s4.m / meet-03
                          :ARG0 s4.y
                          :ARG1 (s4.c2 / constituent)
                          :ARG1-of (s4.l / love-01
                                         :ARG0 s4.y
                                         :ARG0-of (s4.h2 / have-org-role-91
                                                         :ARG2 (s4.c / congresswoman)
                                                         :same-as s3.y)
                                         :ARG1-of (s4.d / do-02
                                                        :ARG0 s4.y))))
   :snt5 (s5.a / and
               :op2 (s5.c / change-01
                          :ARG1 (s5.e / everything
                                      :ARG1-of (s5.p / plan-01
                                                     :ARG0 (s5.y / you
                                                                 :same-as s3.y))
                                      :ARG1-of (s5.e2 / expect-01
                                                      :ARG0 s5.y
                                                      :time (s5.l / life
                                                                  :poss s5.y)))
                          :duration (s5.f / forever)
                          :manner (s5.r / revoke-01
                                        :polarity "-")
                          :manner (s5.s / sudden)))
   :snt6 (s6.s / say-01
               :ARG0 (s6.p / person
                           :name (s6.n / name
                                       :op1 "Mark"
                                       :op2 "Kelly")
                           :same-as s4.n)
               :ARG1 (s6.a / amaze-01
                           :ARG0 (s6.p2 / possible-01
                                        :ARG1 (s6.c / change-01
                                                    :ARG1 (s6.e / everything)
                                                    :beneficiary (s6.w / we
                                                                       :mod (s6.a2 / any))
                                                    :manner (s6.i / instant)))
                           :mod (s6.y / yeah)))
   :snt7 (s7.r / realize-01
               :ARG0 (s7.p / person)
               :ARG1 (s7.t / that
                           :same-as s6.c)
               :polarity "-")
   :snt8 (s8.d / do-02
               :ARG0 (s8.i / i
                           :same-as s4.n)
               :manner (s8.c / certain)
               :polarity "-")
   :snt9 (s9.s / say-01
               :ARG0 (s9.p / person
                           :name (s9.n / name
                                       :op1 "Gabby"
                                       :op2 "Giffords"))
               :ARG1 (s9.y / yes))
   :snt10 (s10.a / and
                 :op2 (s10.c / call-02
                             :ARG0 (s10.p2 / person
                                           :ARG0-of (s10.h / have-org-role-91
                                                           :ARG1 (s10.p / person
                                                                        :name (s10.n / name
                                                                                     :op1 "Gabby")
                                                                        :same-as s9.p)
                                                           :ARG2 (s10.c2 / chief
                                                                         :mod (s10.s2 / staff))))
                             :ARG1 (s10.i / i
                                          :same-as s9.p)
                             :medium (s10.p3 / phone)
                             :mod (s10.h2 / horrible)
                             :mod (s10.t2 / this)
                             :time (s10.d / date-entity
                                          :dayperiod (s10.m / morning)
                                          :mod (s10.t / that)
                                          :weekday (s10.s / saturday))))
   :snt11 (s11.h / have-03
                 :ARG0 (s11.s / she
                              :same-as s10.p2)
                 :ARG1 (s11.i / information
                              :quant (s11.m / much)
                              :mod (s11.o / other))
                 :polarity "-")
   :snt12 (s12.s / say-01
                 :ARG0 (s12.s2 / she
                               :same-as s10.p2)
                 :ARG1 (s12.s3 / shoot-02
                               :ARG1 (s12.p / person
                                            :name (s12.n / name
                                                         :op1 "Gabby")
                                            :same-as s9.p))
                 :mod (s12.j / just))
   :snt13 (s13.a3 / and
                  :op1 (s13.c / call-02
                              :ARG0 (s13.i / i
                                           :same-as s9.p)
                              :ARG1 (s13.s2 / she
                                            :same-as s10.p2)
                              :mod (s13.b / back)
                              :time (s13.a2 / after
                                            :quant (s13.f / few
                                                          :op1 (s13.t / temporal-quantity
                                                                      :unit (s13.m / minute)
                                                                      :quant "1"))))
                  :op2 (s13.t3 / think-01
                               :ARG0 s13.i
                               :ARG1 (s13.p2 / possible-01
                                             :ARG1 (s13.i2 / imagine-01
                                                           :ARG0 s13.i
                                                           :ARG1 (s13.c2 / call-02
                                                                         :ARG1 s13.i
                                                                         :medium (s13.p / phone)
                                                                         :mod (s13.t4 / this)
                                                                         :same-as s10.t2)
                                                           :mod (s13.j / just)))
                               :ARG1-of (s13.a / actual-02)
                               :duration (s13.t2 / temporal-quantity
                                                 :unit (s13.s / second)
                                                 :quant "1")))
   :snt14 (s14.a / and
                 :op1 (s14.c / call-07
                             :ARG0 (s14.i / i
                                          :same-as s9.p)
                             :ARG1 (s14.s / she
                                          :same-as s10.p2)
                             :mod (s14.b / back))
                 :op2 (s14.t / tell-01
                             :ARG0 s14.s
                             :ARG1 (s14.s2 / shoot-02
                                           :ARG1 (s14.p / person
                                                        :name (s14.n / name
                                                                     :op1 "Gabby")
                                                        :part (s14.h / head)
                                                        :same-as s9.p)
                                           :ARG3 s14.h)
                             :ARG2 s14.i))
   :snt15 (s15.a / and
                 :op2 (s15.k / know-01
                             :ARG0 (s15.i / i
                                          :same-as s9.p)
                             :ARG1 (s15.d / differ-02
                                          :quant (s15.l2 / lot)
                                          :ARG1 (s15.l / life
                                                       :poss (s15.w / we)))
                             :time (s15.p / point
                                          :mod (s15.t / that))))
   :snt16 (s16.a3 / and
                  :ARG1-of (s16.m / message-01
                                  :ARG1 (s16.p4 / publication
                                                :name (s16.n / name
                                                             :op1 "PM")))
                  :op2 (s16.p3 / prognosis
                               :ARG1-of (s16.g / give-01
                                               :ARG0 (s16.t / they)
                                               :ARG2 (s16.y / you
                                                            :same-as s9.p))
                               :ARG1-of (s16.e / expect-01
                                               :ARG0 s16.y
                                               :ARG1 (s16.r / recover-01
                                                            :ARG2 (s16.a2 / amr-unknown)
                                                            :condition (s16.a5 / any))
                                               :ARG1-of (s16.p2 / possible-01))
                               :domain (s16.a / amr-unknown)
                               :time (s16.a6 / arrive-01
                                             :ARG1 s16.y
                                             :ARG4 (s16.h / hospital))
                               :topic (s16.a4 / and
                                              :op1 (s16.c / condition
                                                          :poss (s16.p / person
                                                                       :name (s16.n2 / name
                                                                                     :op1 "Gabby")
                                                                       :same-as s9.p))
                                              :op2 s16.r)))
   :snt17 (s17.p / possible-01
                 :ARG1 (s17.t / tell-01
                              :ARG0 (s17.t2 / they)
                              :ARG1 (s17.m / much)
                              :ARG2 (s17.y / you))
                 :condition (s17.a / and
                                   :op1 (s17.w / wound-01
                                               :ARG1 (s17.h / head)
                                               :ARG2 (s17.g / gunshot))
                                   :op2 (s17.i / injure-01
                                               :ARG1 (s17.b / brain)
                                               :ARG2-of (s17.t3 / traumatize-01)))
                 :rel (s17.t4 / typical-02)
                 :polarity "-")
   :snt18 (s18.d / differ-02
                 :ARG1 (s18.i / injure-01
                              :mod (s18.e / every)))
   :snt19 (s19.p / possible-01
                 :ARG1 (s19.p3 / predict-01
                               :ARG1 (s19.i2 / it))
                 :ARG1-of (s19.r / resemble-01
                                 :ARG2 (s19.p2 / possible-01
                                               :ARG1 (s19.p4 / predict-01
                                                             :ARG1 (s19.s / stroke-02
                                                                          :mod (s19.i / injure-01
                                                                                      :mod (s19.k / kind
                                                                                                  :mod (s19.d / disease
                                                                                                              :name (s19.n / name
                                                                                                                           :op1 "Traumatic"
                                                                                                                           :op2 "Brain"
                                                                                                                           :op3 "Injury")))
                                                                                      :mod (s19.a / another))))
                                               :frequency (s19.o2 / often)))
                 :rel (s19.o / Post-traumatic)
                 :rel (s19.t / Stress)
                 :polarity "-")
   :snt20 (s20.k / know-01
                 :ARG0 (s20.t2 / they)
                 :ARG1 (s20.a / and
                              :op1 (s20.t / temporal-quantity
                                          :duration-of (s20.c2 / coma-00
                                                               :ARG1 (s20.p / person
                                                                            :name (s20.n / name
                                                                                         :op1 "Gabby")
                                                                            :same-as s9.p)))
                              :op2 (s20.t4 / time
                                           :time-of (s20.c / change-01
                                                           :ARG1 s20.c2))
                              :op3 (s20.t3 / thing
                                           :domain (s20.p2 / prognosis)))
                 :polarity "-")
   :snt21 (s21.s / say-01
                 :ARG1 (s21.e / effort-01
                              :ARG0 (s21.r2 / recover-01
                                            :ARG1 (s21.p / person
                                                         :name (s21.n / name
                                                                      :op1 "Gabby"
                                                                      :same-as s9.p)
                                                         :same-as s9.p))
                              :ARG1 (s21.o2 / or
                                            :op1 (s21.c / create-01
                                                        :ARG0 s21.p
                                                        :ARG1 (s21.p2 / person
                                                                      :name (s21.n2 / name
                                                                                    :op1 "Gabby"
                                                                                    :op2 "Giffords")
                                                                      :ARG1-of (s21.n3 / new-01)
                                                                      :mod (s21.o / old
                                                                                  :same-as s9.p)))
                                            :op2 (s21.r / reclaim-01
                                                        :ARG0 s21.p
                                                        :ARG1 s21.p2))
                              :polarity (s21.a / amr-unknown))
                 :ARG1-of (s21.h / have-org-role-91
                                 :ARG2 (s21.m / minister
                                              :mod (s21.p3 / prime)))
                 :ARG2 s21.p)
   :snt22 (s22.s / say-01
                 :ARG0 (s22.p / person
                              :name (s22.n / name
                                           :op1 "GG"))
                 :ARG1 (s22.o / one
                              :ARG1-of (s22.n2 / new-01
                                               :same-as s21.n3)
                              :ARG1-of (s22.h / have-degree-91
                                              :ARG2 (s22.g / good-02
                                                           :ARG1 s22.o)
                                              :ARG3 (s22.m / more))
                              :ARG1-of (s22.s2 / strong-02)
                              :ARG1-of (s22.t / tough-02
                                              :ARG2-of (s22.h2 / have-degree-91
                                                               :ARG1 s22.o
                                                               :ARG3 (s22.m2 / more)))))
   :snt23 (s23.s / say-01
                 :ARG1 (s23.t / that)
                 :condition (s23.l / look-01
                                   :ARG0 (s23.y / you)
                                   :ARG1 (s23.p / picture
                                                :location (s23.b2 / behind
                                                                  :op1 (s23.w / we))))
                 :rel (s23.t4 / tough-02
                              :ARG1 (s23.t3 / thing
                                            :ARG1-of (s23.d / do-02)
                                            :domain (s23.a / and
                                                           :ARG1 s23.t4
                                                           :op1 (s23.c / come-01
                                                                       :ARG3 (s23.i / injure-01
                                                                                    :mod (s23.k / kind
                                                                                                :mod (s23.t2 / that)))
                                                                       :direction (s23.b / back))
                                                           :op2 (s23.c2 / come-01
                                                                        :ARG3 s23.b
                                                                        :ARG4 (s23.a2 / and
                                                                                      :op1 (s23.s2 / strong-02
                                                                                                   :ARG1 s23.c2)
                                                                                      :op2 (s23.h / have-degree-91
                                                                                                  :ARG1 s23.i
                                                                                                  :ARG2 (s23.s3 / strong-02
                                                                                                                :ARG1 s23.i)
                                                                                                  :ARG3 (s23.m / more)
                                                                                                  :ARG4 (s23.e / ever))))))
                              :degree (s23.r / really)))
   :snt24 (s24.k / know-01
                 :ARG0 (s24.i / i
                              :same-as s9.p)
                 :ARG1 (s24.a / anybody
                              :ARG1-of (s24.h / have-degree-91
                                              :ARG2 (s24.t / tough-02
                                                           :ARG1 s24.a)
                                              :ARG3 (s24.e / equal)
                                              :ARG4 (s24.p / person
                                                           :ARG0-of (s24.h2 / have-rel-role-91
                                                                            :ARG1 s24.i
                                                                            :ARG2 (s24.w / wife))
                                                           :ARG1-of (s24.w2 / wonderful-03))))
                 :location (s24.h3 / here
                                   :mod (s24.r / right))
                 :polarity "-")
   :snt25 (s25.a2 / and
                  :ARG1-of (s25.m / message-01
                                  :ARG2 (s25.m2 / minister
                                                :mod (s25.p4 / prime)))
                  :op2 (s25.s / signal-07
                              :ARG0 (s25.a / amr-unknown)
                              :ARG1 (s25.a3 / and
                                            :op1 (s25.p3 / possible-01
                                                         :ARG1 (s25.r / recover-01))
                                            :op2 (s25.h / have-03
                                                        :ARG0 (s25.y / you
                                                                     :same-as s9.p)
                                                        :ARG1 (s25.t / thing
                                                                     :ARG1-of (s25.r2 / resemble-01
                                                                                      :ARG2 (s25.l / life
                                                                                                   :ARG1-of (s25.p2 / plan-01
                                                                                                                    :ARG0 (s25.a4 / and
                                                                                                                                  :op1 s25.y
                                                                                                                                  :op2 (s25.p / person
                                                                                                                                              :name (s25.n / name
                                                                                                                                                           :op1 "Gabby")
                                                                                                                                              :same-as s9.p)))))
                                                                     :mod (s25.s2 / some))))
                              :ord (s25.o / ordinal-entity
                                          :value "1")))
   :snt26 (s26.c2 / contrast-01
                  :ARG1 (s26.c / conscious
                               :degree (s26.k / kind-of)
                               :domain (s26.p / person
                                              :name (s26.n / name
                                                           :op1 "Gabby")
                                              :same-as s9.p)
                               :mod (s26.a / almost)
                               :mod (s26.s2 / still))
                  :ARG2 (s26.d2 / do-02
                                :ARG0 s26.p
                                :ARG1 (s26.s / something
                                             :ARG1-of (s26.d3 / do-02
                                                              :ARG0 s26.p
                                                              :time (s26.u / use-03)
                                                              :time (s26.p3 / possible-01
                                                                            :ARG1 (s26.o3 / out-06
                                                                                          :purpose (s26.d / dinner
                                                                                                          :location (s26.r / restaurant))
                                                                                          :ARG1 (s26.w / we
                                                                                                       :same-as s25.a4))))
                                             :consist-of (s26.a2 / and
                                                                 :op1 (s26.p4 / pull-01
                                                                              :ARG0 s26.p
                                                                              :ARG1 (s26.r2 / ring
                                                                                            :poss (s26.i / i
                                                                                                         :same-as s9.p))
                                                                              :ARG2 (s26.o / off))
                                                                 :op2 (s26.f3 / flip-01
                                                                              :ARG0 s26.p
                                                                              :ARG1 s26.r2
                                                                              :ARG3 (s26.f / finger
                                                                                           :mod (s26.n2 / next))
                                                                              :source (s26.f2 / finger))
                                                                 :op3 (s26.k2 / know-01
                                                                              :ARG0 s26.i
                                                                              :ARG1 (s26.b / be-located-at-91
                                                                                           :ARG1 s26.p
                                                                                           :ARG2 (s26.b2 / bed
                                                                                                         :location (s26.h / hospital
                                                                                                                          :mod (s26.e / emergency)))
                                                                                           :mod (s26.s3 / still))
                                                                              :time (s26.p2 / point
                                                                                            :mod s26.a2))))
                                :location s26.b2)
                  :mod (s26.t / thing
                              :beneficiary s26.i
                              :ord (s26.o2 / ordinal-entity
                                           :value "1"))
                  :rel (s26.w2 / well))
   :snt27 (s27.a / and
                 :op1 (s27.t / thing
                             :ARG1-of (s27.p / personal-02)
                             :ARG1-of (s27.m / message-01))
                 :op2 (s27.w / word
                             :mod (s27.c / certain)
                             :mod (s27.t2 / too)))
   :snt28 (s28.s2 / surprise-01
                  :ARG0 (s28.s / she
                               :same-as s9.p)
                  :ARG1 (s28.y / you
                               :same-as s9.p)
                  :ARG2 (s28.w / word)
                  :polarity (s28.a / amr-unknown)
                  :time (s28.b / begin-01)
                  :polarity "-")
   :snt29 (s29.t / tough-02
                 :ARG1 (s29.i / it)
                 :mod (s29.w / well
                             :mode "expressive")
                 :time (s29.b / begin-01
                              :same-as s28.b))
   :snt30 (s30.s / say-01
                 :ARG0 (s30.p / person
                              :name (s30.n / name
                                           :op1 "GG"))
                 :ARG1 (s30.a / amr-unknown))
   :snt31 (s31.a / amr-unknown)
   :snt32 (s32.c / chicken)
   :snt33 (s33.c / chicken)
   :snt34 (s34.c / chicken)
   :snt35 (s35.b / be-it-07
                 :ARG1 (s35.t / that)
                 :mod (s35.y / yeah
                             :mode "expressive"))
   :snt36 (s36.e / extent
                 :domain (s36.t / that
                                :same-as s34.c)
                 :poss (s36.v / vocabulary
                              :poss (s36.p / person
                                           :name (s36.n / name
                                                        :op1 "Gabby")
                                           :same-as s9.p))
                 :time (s36.m / month
                              :ord (s36.o / ordinal-entity
                                          :value "1")))
   :snt37 (s37.h / have-03
                 :ARG0 (s37.s / she
                              :same-as s9.p)
                 :ARG1 (s37.a / aphasia
                              :mod (s37.d / difficult
                                          :topic (s37.c2 / communicate-01
                                                         :ARG0 s37.s)))
                 :ARG1-of (s37.c / cause-01
                                 :ARG0 (s37.r / reason
                                              :mod (s37.s2 / some))))
   :snt38 (s38.l / latch-on-02
                 :ARG0 (s38.s / she
                              :same-as s9.p)
                 :ARG1 (s38.w / word
                              :ARG1-of (s38.h / have-degree-91
                                              :ARG1-of (s38.c3 / contrast-01
                                                               :ARG2 (s38.h2 / have-degree-91
                                                                             :ARG1 s38.w
                                                                             :ARG2 (s38.b / bad-02
                                                                                          :ARG1 s38.w)
                                                                             :ARG3 (s38.m2 / most)
                                                                             :mod (s38.c / certain)
                                                                             :polarity s38.c))
                                              :ARG2 (s38.g / good-02
                                                           :ARG1 s38.w)
                                              :ARG3 (s38.m / most)
                                              :polarity "-")
                              :mod (s38.c2 / chicken))
                 :rel "-")
   :snt39 (s39.a2 / and
                  :op2 (s39.w2 / worry-02
                               :ARG0 (s39.w / we)
                               :ARG1 (s39.p / possible-01
                                            :ARG1 (s39.h / have-degree-91
                                                         :ARG1 (s39.i / it)
                                                         :ARG2 (s39.b / bad-07
                                                                      :ARG1 s39.i)
                                                         :ARG3 (s39.m / more
                                                                      :quant (s39.l / lot))
                                                         :ARG4 (s39.t / that)))
                               :ARG1-of (s39.a / actual-02)))
   :snt40 (s40.s / say-01
                 :ARG1 (s40.c / challenge-01
                              :ARG1-of (s40.h / have-degree-91
                                              :ARG2 (s40.t2 / tough-02
                                                            :ARG1 s40.c)
                                              :ARG3 (s40.m2 / most))
                              :ARG2 (s40.a / amr-unknown)
                              :time (s40.r / recover-01
                                           :ARG1 (s40.p / person
                                                        :name (s40.n / name
                                                                     :op1 "Gabby")
                                                        :same-as s9.p)
                                           :mod (s40.t / this)
                                           :same-as s21.r2))
                 :ARG1-of (s40.p2 / personal-02)
                 :ARG2 s40.p
                 :time (s40.m / message-01))
   :snt41 (s41.h / have-concession-91
                 :ARG1 (s41.k / know-01
                              :ARG0 (s41.p / person
                                           :name (s41.n2 / name
                                                         :op1 "Gabby")
                                           :same-as s9.p)
                              :ARG1 (s41.t / thing
                                           :ARG1-of (s41.s / say-01
                                                           :ARG0 s41.p
                                                           :ARG1-of (s41.w / want-01
                                                                           :ARG0 s41.p))))
                 :ARG2 (s41.p2 / possible-01
                               :ARG1 (s41.g / get-05
                                            :ARG0 s41.p
                                            :ARG1 s41.t
                                            :ARG2 (s41.o / out))
                               :mod (s41.j / just)
                               :polarity "-")
                 :condition (s41.d / disease
                                   :name (s41.n / name
                                                :op1 "aphasia"))
                 :mod (s41.y / yeah
                             :mode "expressive"))
   :snt42 (s42.h / have-concession-91
                 :ARG1 (s42.d / difficult
                              :ARG1-of (s42.c / cause-01
                                              :ARG0 (s42.b / be-located-at-91
                                                           :ARG1 (s42.p / part
                                                                        :location-of (s42.c3 / center
                                                                                             :purpose (s42.c5 / communicate-01)
                                                                                             :ARG0-of (s42.c2 / cause-01
                                                                                                              :ARG1 (s42.p2 / pass-03
                                                                                                                            :ARG1 (s42.b3 / bullet
                                                                                                                                          :same-as s14.s2)))
                                                                                             :mod (s42.t / that))
                                                                        :part-of (s42.b2 / brain))
                                                           :ARG2 (s42.s2 / side
                                                                         :ARG1-of (s42.l / left-20)
                                                                         :part-of (s42.h2 / head
                                                                                          :part-of (s42.y / you
                                                                                                          :part s42.b2)))
                                                           :time (s42.l2 / look-01
                                                                         :ARG0 s42.y
                                                                         :ARG1 (s42.p3 / picture))))
                              :degree (s42.v / very)
                              :domain (s42.c4 / communicate-01)
                              :mod (s42.j / just))
                 :ARG2 (s42.u / understand-01
                              :ARG0 (s42.s / she
                                           :same-as s9.p)
                              :ARG1 (s42.e / everything)))
   :snt43 (s43.s / say-01
                 :ARG0 (s43.p / person
                              :ARG0-of (s43.h / have-org-role-91
                                              :ARG2 (s43.m2 / minister
                                                            :mod (s43.p3 / prime))))
                 :ARG1 (s43.c / cause-01
                              :ARG1 (s43.o / obligate-01
                                           :ARG1 (s43.y / you
                                                        :same-as s9.p)
                                           :ARG2 (s43.d / do-02
                                                        :ARG0 s43.y
                                                        :ARG1 (s43.t / thing
                                                                     :ARG0-of (s43.e / endanger-01
                                                                                     :degree (s43.v / very))
                                                                     :ARG1-of (s43.m / mean-01
                                                                                     :ARG2 (s43.s2 / speak-01
                                                                                                   :ARG0 s43.y
                                                                                                   :beneficiary (s43.p2 / person
                                                                                                                        :ARG0-of (s43.h2 / have-rel-role-91
                                                                                                                                         :ARG1 s43.y
                                                                                                                                         :ARG2 (s43.w / wife))
                                                                                                                        :same-as s24.h3))))))))
   :snt44 (s44.d / do-02
                 :ARG0 (s44.i / i
                              :same-as s9.p))
   :snt45 (s45.p / possible-01
                 :ARG1 (s45.t / thing
                              :ARG1-of (s45.i2 / include-91
                                               :ARG2 (s45.t2 / thing
                                                             :ARG1-of (s45.h / have-degree-91
                                                                             :ARG2 (s45.e / endanger-01
                                                                                          :ARG0 s45.t2)
                                                                             :ARG3 (s45.m / most))
                                                             :ARG1-of (s45.d / do-02
                                                                             :ARG0 (s45.i / i
                                                                                          :same-as s9.p)
                                                                             :time (s45.e2 / ever)))
                                               :ARG3 (s45.s / some))))
   :snt46 (s46.s / say-01
                 :ARG1 (s46.o / optimistic
                              :domain (s46.p / person
                                             :name (s46.n / name
                                                          :op1 "Gabby"
                                                          :same-as s9.p)
                                             :part (s46.a3 / and
                                                           :op1 (s46.a4 / arm)
                                                           :op2 (s46.l / leg)))
                              :polarity (s46.a / amr-unknown)
                              :topic (s46.r / recover-01
                                            :ARG1 s46.p
                                            :ARG1-of (s46.c / continue-01)
                                            :example (s46.a2 / and
                                                             :op1 (s46.w / walk-01
                                                                         :ARG0 s46.p)
                                                             :op2 (s46.t / talk-01
                                                                         :ARG0 s46.p)
                                                             :op3 (s46.p3 / possible-01
                                                                          :ARG1 (s46.m2 / move-01
                                                                                        :ARG0 s46.p
                                                                                        :ARG1 s46.a3)))))
                 :ARG1-of (s46.p2 / personal-02)
                 :ARG1-of (s46.m / message-01))
   :snt47 (s47.s / say-01
                 :ARG0 (s47.p / person
                              :name (s47.n / name
                                           :op1 "GG"))
                 :ARG1 (s47.o / optimistic
                              :domain (s47.i / i
                                             :same-as s9.p)))
   :snt48 (s48.c / contrast-01
                 :ARG1 (s48.h2 / haul
                               :ARG1-of (s48.h / hard-02)
                               :ARG1-of (s48.l / long-03)
                               :domain (s48.i2 / it))
                 :ARG2 (s48.o / optimistic
                              :domain (s48.i / i
                                             :same-as s9.p)))
   :snt49 (s49.s / say-01
                 :ARG1 (s49.s2 / seem-01
                               :ARG1 (s49.t / that
                                            :ARG2-of (s49.c / characteristic-02
                                                            :ARG1 (s49.p / person
                                                                         :name (s49.n / name
                                                                                      :op1 "Gabby"
                                                                                      :op2 "Giffords")
                                                                         :same-as s9.p)
                                                            :ord (s49.o / ordinal-entity
                                                                        :value "1")))
                               :ARG1-of (s49.r / request-confirmation-91
                                               :ARG0 (s49.y / you
                                                            :same-as s9.p)))
                 :ARG1-of (s49.p2 / personal-02)
                 :ARG1-of (s49.m / message-01))
   :snt50 (s50.o / optimistic
                 :degree (s50.r / really)
                 :domain (s50.p / person
                                :name (s50.n / name
                                             :op1 "Gabby")
                                :same-as s9.p)
                 :time (s50.a / always))
   :snt51 (s51.w / work-01
                 :ARG0 (s51.s / she
                              :same-as s9.p)
                 :ARG1-of (s51.h / hard-02
                                 :degree (s51.i / incredible))
                 :frequency (s51.r / rate-entity-91
                                   :ARG3 (s51.t / temporal-quantity
                                                :unit (s51.d / day)
                                                :quant "1")))
   :snt52 (s52.s / say-01
                 :ARG0 (s52.p / person
                              :name (s52.n / name
                                           :op1 "GG"))
                 :ARG1 (s52.a / and
                              :op1 (s52.w / walk-01
                                          :ARG0 s52.p
                                          :location (s52.t / treadmill))
                              :op2 (s52.l2 / lesson
                                           :topic (s52.l / language
                                                         :name (s52.n2 / name
                                                                       :op1 "Spanish")))
                              :op3 (s52.h / horn
                                          :mod (s52.c / country
                                                      :name (s52.n3 / name
                                                                    :op1 "France")))))
   :snt53 (s53.a3 / and
                  :op1 (s53.p2 / possible-01
                               :ARG1 (s53.p / person
                                            :ARG0-of (s53.h3 / have-rel-role-91
                                                             :ARG1 (s53.i / i
                                                                          :same-as s9.p)
                                                             :ARG2 (s53.w2 / wife))
                                            :mod (s53.o / only)
                                            :same-as s24.h3))
                  :op2 (s53.u / understand-01
                              :ARG0 (s53.y / you)
                              :ARG1 (s53.t4 / this
                                            :domain (s53.s2 / somebody
                                                            :ARG0-of (s53.h2 / have-03
                                                                             :ARG1 (s53.t5 / time
                                                                                           :ARG1-of (s53.h / hard-02
                                                                                                           :degree (s53.s4 / such))
                                                                                           :time-of (s53.c / communicate-01
                                                                                                           :ARG0 s53.s2)))
                                                            :ARG0-of (s53.m / meet-03
                                                                            :ARG1 (s53.t3 / therapist
                                                                                          :mod (s53.s3 / speak-01)))
                                                            :ARG0-of (s53.s / say-01
                                                                            :ARG1 (s53.w / want-01
                                                                                         :ARG0 s53.s2
                                                                                         :ARG1 (s53.l2 / learn-01
                                                                                                       :ARG0 s53.s2
                                                                                                       :ARG1 (s53.l / language
                                                                                                                    :name (s53.n / name
                                                                                                                                 :op1 "Spanish"))
                                                                                                       :mod (s53.a2 / again)))
                                                                            :time (s53.b2 / before
                                                                                          :quant (s53.a / about
                                                                                                        :op1 (s53.t / temporal-quantity
                                                                                                                    :unit (s53.m2 / month)
                                                                                                                    :quant "1"))
                                                                                          :mod (s53.t2 / then)
                                                                                          :op1 (s53.n2 / now))
                                                                            :time s53.t2)
                                                            :ARG1-of (s53.i3 / injure-01
                                                                             :ARG1-of (s53.p3 / possible-01))))
                              :condition (s53.k2 / know-02
                                                 :ARG0 s53.y
                                                 :ARG1 s53.p
                                                 :time (s53.b / before
                                                              :op1 (s53.i2 / injure-01
                                                                           :ARG1 s53.p)))
                              :degree (s53.k / kind-of)))
   :snt54 (s54.a / and
                 :ARG1-of (s54.m2 / message-01
                                  :ARG1 s54.l2)
                 :op1 (s54.l2 / look-01
                              :ARG0 (s54.w / we)
                              :ARG1 (s54.p / person
                                           :ARG0-of (s54.h2 / have-rel-role-91
                                                            :ARG2 (s54.w3 / wife))
                                           :same-as s24.h3)
                              :ARG1-of (s54.c / close-10
                                              :ARG2-of (s54.h / have-degree-91
                                                              :ARG1 s54.l2
                                                              :ARG3 (s54.m3 / more
                                                                            :quant (s54.l / little))))
                              :mod (s54.w2 / well)
                              :mode "imperative")
                 :op2 (s54.b / be-temporally-at-91
                             :ARG1 s54.l2
                             :ARG2 (s54.b2 / before
                                           :mod (s54.e / even)
                                           :op1 (s54.m / meet-03
                                                       :ARG0 (s54.y / you
                                                                    :same-as s9.p)
                                                       :ARG1 (s54.p2 / person
                                                                     :name (s54.n / name
                                                                                  :op1 "Gabby"
                                                                                  :op2 "Giffords")
                                                                     :same-as s9.p))))
                 :rel (s54.p3 / personal-02))
   :snt55 (s55.c / contrast-01
                 :ARG1 (s55.a / and
                              :op2 (s55.b / be-located-at-91
                                          :ARG1 (s55.s2 / she
                                                        :same-as s9.p)
                                          :ARG2 (s55.s / scooter
                                                       :mod (s55.m / motor))
                                          :ARG2 (s55.t3 / there)))
                 :ARG2 (s55.u / understand-01
                              :ARG0 (s55.i / i
                                           :same-as s9.p)
                              :ARG1 (s55.i2 / image
                                            :domain (s55.t2 / that)
                                            :mod (s55.t / tame
                                                        :degree (s55.v / very))
                                            :topic (s55.t4 / thing
                                                           :ARG2-of (s55.r / resemble-01
                                                                           :ARG1 (s55.p / person
                                                                                        :name (s55.n / name
                                                                                                     :op1 "Gabby"
                                                                                                     :op2 "Giffords")
                                                                                        :same-as s9.p)
                                                                           :time (s55.g / grow-up-04
                                                                                        :ARG1 s55.p))))))
   :snt56 (s56.s / say-01
                 :ARG0 (s56.i / i)
                 :ARG1 (s56.r / race-02
                              :ARG0 (s56.p / person
                                           :name (s56.n / name
                                                        :op1 "Gabby")
                                           :same-as s9.p)
                              :ARG1 (s56.m / motorcycle)
                              :time (s56.u / use-03))
                 :ARG2 s56.p)
   :snt57 (s57.c2 / contrast-01
                  :ARG1 (s57.i / infer-01
                               :ARG1 (s57.s / scooter
                                            :domain (s57.t / that
                                                           :same-as s55.s)))
                  :ARG2 (s57.h / have-03
                               :ARG0 (s57.s2 / she
                                             :same-as s9.p)
                               :mod (s57.w / well))
                  :op3 (s57.h2 / have-03
                               :ARG0 s57.s2
                               :ARG1 (s57.m / motorcycle
                                            :mod (s57.c / car-make
                                                        :name (s57.n / name
                                                                     :op1 "BMW")))
                               :mod (s57.s3 / still)))
   :snt58 (s58.r / ride-01
                 :ARG0 (s58.s / she
                              :same-as s9.p)
                 :ARG1 (s58.i / it
                              :same-as s57.m)
                 :ARG1-of (s58.p / personal-02)
                 :ARG1-of (s58.m / message-01)
                 :polarity (s58.a / amr-unknown))
   :snt59 (s59.c2 / contrast-01
                  :ARG1 (s59.c / challenge-01
                               :ARG1 (s59.p / possible-01
                                            :ARG1 (s59.m2 / move-01
                                                          :ARG0 (s59.s / she
                                                                       :part (s59.h / hand
                                                                                    :ARG1-of (s59.r2 / right-04)
                                                                                    :same-as s59.a)
                                                                       :same-as s9.p)
                                                          :ARG1 (s59.a / arm
                                                                       :ARG1-of (s59.r / right-04)
                                                                       :part-of s59.s))
                                            :polarity "-")
                               :ARG2 (s59.t / that
                                            :same-as s58.r))
                  :ARG2 (s59.t2 / think-01
                                :ARG0 (s59.i / i
                                             :same-as s9.p)
                                :ARG1 (s59.p2 / possible-01
                                              :ARG1 (s59.g / get-05
                                                           :ARG0 (s59.w / we)
                                                           :ARG1 s59.s
                                                           :ARG2 (s59.b2 / bike
                                                                         :same-as s57.m)
                                                           :manner (s59.b / back))
                                              :instrument (s59.s2 / something
                                                                  :ARG1-of (s59.k / know-01
                                                                                  :ARG0 s59.i)
                                                                  :ARG1-of (s59.m / mean-01
                                                                                  :ARG1 s59.h
                                                                                  :ARG2 (s59.u / up-03
                                                                                               :ARG1 s59.h
                                                                                               :ARG2 (s59.h2 / handlebar))))))
                  :mod (s59.w2 / well
                               :mode "expressive")
                  :rel (s59.e / Velcro))
   :snt60 (s60.s / say-01
                 :ARG1 (s60.f / feel-01
                              :ARG0 (s60.i / i
                                           :same-as s9.p)
                              :ARG1 (s60.p4 / possible-01
                                            :ARG1 (s60.s2 / see-01
                                                          :ARG0 (s60.w / we)
                                                          :ARG1 (s60.p3 / picture
                                                                        :mod (s60.t / that))
                                                          :time (s60.n2 / next))))
                 :ARG1-of (s60.p2 / personal-02)
                 :ARG1-of (s60.m / message-01)
                 :ARG2 (s60.p / person
                              :name (s60.n / name
                                           :op1 "Gabby")
                              :same-as s9.p))
   :snt61 (s61.c / contrast-01
                 :ARG2 (s61.a2 / and
                               :op1 (s61.m / meet-03
                                           :ARG0 (s61.y / you))
                               :op2 (s61.d / decide-01
                                           :ARG0 s61.y
                                           :ARG1 (s61.d2 / dedicate-01
                                                         :ARG0 s61.y
                                                         :ARG1 (s61.l / life
                                                                      :poss s61.y)
                                                         :ARG2 (s61.s / serve-01
                                                                      :ARG0 s61.y))
                                           :time (s61.a / already))))
   :snt62 (s62.a / and
                 :op1 (s62.g / go-06
                             :ARG0 (s62.y / you)
                             :ARG2 (s62.m / military))
                 :op2 (s62.g2 / go-06
                              :ARG0 s62.y
                              :ARG1 (s62.b / become-01
                                           :ARG1 s62.y
                                           :ARG2 (s62.a2 / astronaut))
                              :time (s62.e / eventual)))
   :snt63 (s63.c / cause-01
                 :ARG1 (s63.m / meet-03
                              :ARG0 (s63.y / you
                                           :same-as s25.a4)))
   :snt64 (s64.a2 / attract-01
                  :ARG0 (s64.a / amr-unknown)
                  :ARG1 (s64.y / you
                               :same-as s9.p)
                  :ARG2 (s64.p / person
                               :name (s64.n / name
                                            :op1 "Gabby")
                               :same-as s9.p))
   :snt65 (s65.b / be-located-at-91
                 :ARG1 (s65.w / we
                              :same-as s25.a4)
                 :ARG1-of (s65.h / have-degree-91
                                 :ARG2 (s65.o / odd)
                                 :ARG3 (s65.e / enough))
                 :ARG2 (s65.c / city
                              :name (s65.n / name
                                           :op1 "Vancouver"))
                 :mod (s65.l / last)
                 :mod (s65.w2 / well)
                 :time (s65.m / meet-03
                              :ARG0 s65.w)
                 :time (s65.b2 / before
                               :quant (s65.a / about
                                             :op1 (s65.t / temporal-quantity
                                                         :unit (s65.y / year)
                                                         :quant "10"))
                               :op1 (s65.n2 / now)))
   :snt66 (s66.m / meet-03
                 :ARG0 (s66.w / we
                              :same-as s25.a4)
                 :location (s66.c3 / city
                                   :name (s66.n / name
                                                :op1 "Vancouver")
                                   :same-as s65.c)
                 :location (s66.a2 / airport)
                 :subevent-of (s66.t2 / trip-03
                                      :ARG1-of (s66.t / take-01
                                                      :ARG2 (s66.c4 / country
                                                                    :name (s66.n2 / name
                                                                                  :op1 "China")
                                                                    :ARG1-of (s66.i2 / include-91
                                                                                     :ARG2 s66.w
                                                                                     :ARG3 (s66.b3 / both))))
                                      :ARG1-of (s66.c / call-01
                                                      :ARG0 (s66.i / i
                                                                   :same-as s9.p)
                                                      :ARG1 (s66.i3 / it)
                                                      :ARG1-of (s66.c2 / cause-01
                                                                       :ARG0 (s66.b / background
                                                                                    :poss s66.i))
                                                      :ARG1-of (s66.a / actual-02)
                                                      :ARG2 (s66.b2 / boondoggle))))
   :snt67 (s67.s / say-01
                 :ARG0 (s67.p / person
                              :name (s67.n / name
                                           :op1 "Gabby")
                              :same-as s9.p)
                 :ARG1 (s67.m / mission-01
                              :ARG1 (s67.f2 / find-01
                                            :ARG1 (s67.f / fact))))
   :snt68 (s68.c / call-01
                 :ARG0 (s68.s / she
                              :same-as s9.p)
                 :ARG1 (s68.i2 / it
                               :same-as s66.i3)
                 :ARG2 (s68.m / mission-01
                              :ARG1 (s68.f2 / find-01
                                            :ARG1 (s68.f / fact))
                              :ARG1-of (s68.i / important-01)))
   :snt69 (s69.a2 / and
                  :op1 (s69.h / have-org-role-91
                              :ARG0 (s69.s2 / she
                                            :same-as s9.p)
                              :ARG1 (s69.s3 / state)
                              :ARG2 (s69.s / senator)
                              :time (s69.t / time))
                  :op2 (s69.m / meet-03
                              :ARG0 (s69.w / we
                                           :same-as s25.a4)
                              :location (s69.h2 / here
                                                :location (s69.a / airport
                                                                 :same-as s66.a2))
                              :time (s69.b / before
                                           :op1 (s69.t2 / trip-03
                                                        :ARG0 s69.w
                                                        :ARG1 (s69.c / country
                                                                     :name (s69.n / name
                                                                                  :op1 "China")
                                                                     :same-as s66.n2)
                                                        :same-as s66.i3))))
   :snt70 (s70.s / say-01
                 :ARG0 (s70.p / person
                              :ARG0-of (s70.p3 / post-01
                                               :ARG1-of (s70.p2 / personal-02)))
                 :ARG1 (s70.d / describe-01
                              :ARG0 (s70.y / you
                                           :same-as s9.p)
                              :ARG1 (s70.i / it)
                              :ARG2 (s70.r / romance
                                           :mod (s70.w / whirlwind))
                              :polarity (s70.a / amr-unknown)))
   :snt71 (s71.s / say-01
                 :ARG0 (s71.p / person
                              :name (s71.n / name
                                           :op1 "GG"))
                 :ARG1 (s71.n2 / no))
   :snt72 (s72.p / person
                 :ARG0-of (s72.h / have-rel-role-91
                                 :ARG2 (s72.f / friend
                                              :ARG1-of (s72.g / good-02)))
                 :same-as s9.p)
   :snt73 (s73.h / have-rel-role-91
                 :ARG1 (s73.w / we
                              :same-as s25.a4)
                 :ARG2 (s73.f / friend)
                 :duration (s73.t / time
                                  :ARG1-of (s73.l / long-03)))
   :snt74 (s74.s / say-01
                 :ARG1 (s74.g / go-02
                              :ARG0 (s74.w / we
                                           :same-as s25.a4)
                              :ARG4 (s74.a / amr-unknown))
                 :ARG2 (s74.p / person
                              :name (s74.n / name
                                           :op1 "Gabby")
                              :same-as s9.p))
   :snt75 (s75.s / say-01
                 :ARG0 (s75.p / person
                              :name (s75.n / name
                                           :op1 "GG"))
                 :ARG1 (s75.r / row
                              :mod (s75.d / die-01)))
   :snt76 (s76.y / yes)
   :snt77 (s77.d / date
                 :destination (s77.r / row
                                     :location (s77.p2 / prison
                                                       :name (s77.n / name
                                                                    :op1 "Florence")
                                                       :location (s77.s / state
                                                                        :name (s77.n2 / name
                                                                                      :op1 "Arizona"))
                                                       :location (s77.o2 / outside
                                                                         :mod (s77.j / just)
                                                                         :op1 (s77.d3 / district
                                                                                      :mod (s77.g / government-organization
                                                                                                  :name (s77.n4 / name
                                                                                                                :op1 "Senate")
                                                                                                  :mod (s77.n3 / name
                                                                                                               :op1 "Gabby"))
                                                                                      :poss (s77.p / person
                                                                                                   :name s77.n3)))
                                                       :mod (s77.s2 / state))
                                     :mod (s77.d2 / die-01))
                 :ord (s77.o / ordinal-entity
                             :value "1")
                 :poss (s77.w / we
                              :same-as s25.a4))
   :snt78 (s78.w / work-01
                 :ARG0 (s78.t / they)
                 :ARG1 (s78.l / legislate-01
                              :quant (s78.s / some)
                              :ARG0-of (s78.h / have-to-do-with-04
                                              :ARG1 (s78.a / and
                                                           :location (s78.s2 / state
                                                                             :name (s78.n / name
                                                                                          :op1 "Arizona")
                                                                             :same-as s77.s)
                                                           :op1 (s78.c2 / crime-02)
                                                           :op2 (s78.p / punish-01)
                                                           :op3 (s78.p2 / punish-01
                                                                        :mod (s78.c / capital))))))
   :snt79 (s79.a / and
                 :op1 (s79.c / cause-01
                             :ARG0 (s79.p / possible-01
                                          :ARG1 (s79.g / get-04
                                                       :ARG0 (s79.s / she
                                                                    :same-as s9.p)
                                                       :ARG1 (s79.g2 / go-02
                                                                     :ARG0 (s79.a2 / anybody
                                                                                   :mod (s79.e / else))
                                                                     :accompanier s79.s))
                                          :polarity "-"))
                 :op2 (s79.w / want-01
                             :ARG0 (s79.i / i
                                          :same-as s9.p)
                             :ARG1 (s79.g3 / go-02
                                           :ARG0 s79.i
                                           :ARG4 (s79.r / row
                                                        :mod (s79.d / die-01)))
                             :mod (s79.o / of-course)))
   :snt80 (s80.i / infer-01
                 :ARG1 (s80.d / date-02
                              :ARG0 (s80.w / we
                                           :same-as s25.a4)
                              :domain (s80.t / that
                                             :same-as s77.o)
                              :ord (s80.o / ordinal-entity
                                          :value "1")))
   :snt81 (s81.t / together
                 :domain (s81.w / we
                                :same-as s25.a4)
                 :time (s81.e / ever)
                 :time (s81.s / since))
   :snt82 (s82.s / say-01
                 :ARG0 (s82.p / person
                              :name (s82.n / name
                                           :op1 "GG"))
                 :ARG1 (s82.y / yes))
   :snt83 (s83.s / say-01
                 :ARG0 (s83.p / person
                              :ARG0-of (s83.h / have-org-role-91
                                              :ARG2 (s83.m2 / minister
                                                            :mod (s83.p4 / prime))))
                 :ARG1 (s83.p3 / possible-01
                               :ARG1 (s83.c2 / contribute-01
                                             :ARG0 (s83.t / that)
                                             :ARG2 (s83.r / reason
                                                          :ARG0-of (s83.c / cause-01
                                                                          :ARG1 (s83.d / decide-01
                                                                                       :ARG0 (s83.p2 / person
                                                                                                     :name (s83.n / name
                                                                                                                  :op1 "Gabby")
                                                                                                     :same-as s9.p)
                                                                                       :ARG1 (s83.m / marry-01
                                                                                                    :ARG1 s83.p2
                                                                                                    :ARG2 (s83.y / you
                                                                                                                 :same-as s9.p)))))))
                 :mod (s83.w / well))
   :snt84 (s84.w / will-02
                 :ARG0 (s84.y / you
                              :same-as s9.p)
                 :ARG1 (s84.g / go-01
                              :ARG1 s84.y
                              :ARG4 (s84.r / row
                                           :mod (s84.d / die-01)))
                 :mod (s84.a / after-all))
   :snt85 (s85.g / guess-01
                 :ARG0 (s85.i / i
                              :same-as s9.p))
   :snt86 (s86.s / say-01
                 :ARG1 (s86.m / make-02
                              :ARG0 (s86.a / amr-unknown)
                              :ARG1 (s86.w / want-01
                                           :ARG0 (s86.p / person
                                                        :name (s86.n / name
                                                                     :op1 "Gabby")
                                                        :same-as s9.p)
                                           :ARG1 (s86.m2 / marry-01
                                                         :ARG1 s86.p
                                                         :ARG2 (s86.p2 / person
                                                                       :name (s86.n2 / name
                                                                                     :op1 "Mark")
                                                                       :same-as s4.n))))
                 :ARG1-of (s86.p3 / personal-02)
                 :ARG2 s86.p
                 :time (s86.m3 / message-01))
   :snt87 (s87.t / think-01
                 :ARG0 (s87.i / i
                              :same-as s9.p)
                 :ARG1 (s87.r / relation-03
                              :ARG0 (s87.w / we
                                           :same-as s25.a4)
                              :ARG1-of (s87.s / special-02
                                              :degree (s87.v / very))
                              :time (s87.a / always)))
   :snt88 (s88.a / and
                 :op1 (s88.g / go-through-20
                             :ARG0 (s88.w / we
                                          :same-as s25.a4)
                             :ARG1 (s88.t / time
                                          :quant (s88.s / some)
                                          :ARG1-of (s88.t2 / tough-02)))
                 :op2 (s88.s2 / strengthen-01
                              :ARG0 s88.t
                              :ARG1 (s88.i / it
                                           :same-as s87.s)
                              :mod (s88.o / only)))
   :snt89 (s89.s / say-01
                 :ARG0 (s89.p / person
                              :name (s89.n / name
                                           :op1 "GG"))
                 :ARG1 (s89.s2 / strong-02
                               :ARG2-of (s89.h / have-degree-91
                                               :ARG3 (s89.m / more))))
   :snt90 (s90.h / have-concession-91
                 :ARG1 (s90.c / continue-01
                              :ARG0 (s90.y / you
                                           :same-as s25.a4)
                              :ARG1 (s90.l / live-01
                                           :ARG0 s90.y
                                           :ARG0-of (s90.d / depend-01
                                                           :degree (s90.v / very)
                                                           :polarity "-"))
                              :time (s90.a / after
                                           :op1 (s90.m / marry-01
                                                       :ARG1 s90.y)))
                 :ARG1-of (s90.p / personal-02)
                 :ARG1-of (s90.m2 / message-01))
   :snt91 (s91.l / live-01
                 :ARG0 (s91.y / you
                              :same-as s25.a4)
                 :ARG1-of (s91.a / actual-02)
                 :manner (s91.t / together)
                 :mod (s91.e / even)
                 :polarity "-")
   :snt92 (s92.h / have-03
                 :ARG0 (s92.w / we
                              :same-as s25.a4)
                 :ARG1 (s92.m / marry-01
                              :ARG1-of (s92.i / include-91
                                              :ARG2 (s92.m2 / marry-01
                                                            :mod (s92.c / commute-01)))
                              :quant "1"))
   :snt93 (s93.a / and
                 :op1 (s93.c2 / city
                              :name (s93.n / name
                                           :op1 "Washington"
                                           :op2 "D.C."))
                 :op2 (s93.c3 / city
                              :name (s93.n2 / name
                                            :op1 "Houston"))
                 :op3 (s93.c4 / city
                              :name (s93.n3 / name
                                            :op1 "Tucson"))
                 :prep-in (s93.c / case-04
                                 :poss (s93.w / we
                                              :same-as s25.a4)))
   :snt94 (s94.a3 / and
                  :op1 (s94.a2 / and
                               :op1 (s94.g2 / go-02
                                            :ARG0 (s94.w / we
                                                         :same-as s25.a4)
                                            :ARG4 (s94.p / place
                                                         :ARG1-of (s94.d2 / differ-02)
                                                         :mod (s94.t / that)
                                                         :mod (s94.a / all))
                                            :direction (s94.c / clockwise)
                                            :frequency (s94.s2 / sometimes))
                               :op2 (s94.g / go-01
                                           :ARG1 s94.w
                                           :direction (s94.c2 / counterclockwise)
                                           :frequency (s94.s3 / sometimes)))
                  :op2 (s94.l / live-01
                              :ARG0 s94.w
                              :ARG1-of (s94.r / real-04)
                              :mod (s94.t3 / together)
                              :time (s94.u / until
                                           :op1 (s94.d / date-entity
                                                       :dayperiod (s94.m / morning)
                                                       :mod (s94.t2 / that)
                                                       :weekday (s94.s / saturday)
                                                       :same-as s10.d))
                              :polarity "-"))
   :snt95 (s95.a3 / and
                  :op1 (s95.b / be-located-at-91
                              :ARG1 (s95.i / i
                                           :same-as s9.p)
                              :ARG2 (s95.a2 / airplane
                                            :destination (s95.c2 / city
                                                                 :name (s95.n2 / name
                                                                               :op1 "Tucson")
                                                                 :same-as s93.c4))
                              :time (s95.a / after
                                           :quant (s95.u / up-to
                                                         :op1 (s95.t / temporal-quantity
                                                                     :unit (s95.h / hour)
                                                                     :quant "1"))
                                           :op1 (s95.s / shoot-02
                                                       :ARG1 (s95.p / person
                                                                    :name (s95.n / name
                                                                                 :op1 "Gabby")
                                                                    :same-as s9.p)
                                                       :same-as s14.s2)))
                  :op2 (s95.m / moment
                              :domain s95.s
                              :time-of (s95.c / change-01
                                              :ARG0 s95.s
                                              :ARG1 (s95.t2 / thing))))
   :snt96 (s96.a3 / and
                  :ARG1-of (s96.s / say-01
                                  :time (s96.p2 / personal-02))
                  :ARG1-of (s96.m / message-01)
                  :op2 (s96.r / run-02
                              :ARG0 (s96.p / person
                                           :name (s96.n / name
                                                        :op1 "Gabby"))
                              :ARG1 (s96.g / government-organization
                                           :name (s96.n2 / name
                                                         :op1 "Congress"))
                              :mod (s96.a2 / also)
                              :time (s96.a / after
                                           :op1 (s96.a4 / and
                                                        :op1 (s96.h / have-org-role-91
                                                                    :ARG0 s96.p
                                                                    :ARG1 (s96.s4 / state)
                                                                    :ARG2 (s96.s2 / senator))
                                                        :op2 (s96.s3 / serve-01
                                                                     :ARG0 s96.p
                                                                     :ARG2 s96.g
                                                                     :duration (s96.t / temporal-quantity
                                                                                      :unit (s96.y / year)
                                                                                      :quant "6"))))))
   :snt97 (s97.h / have-degree-91
                 :ARG1 (s97.a / amr-unknown)
                 :ARG2 (s97.l / like-01
                              :ARG0 (s97.y / you
                                           :same-as s9.p)
                              :topic (s97.b / be-located-at-91
                                            :ARG1 s97.y
                                            :ARG2 (s97.g2 / government-organization
                                                          :name (s97.n / name
                                                                       :op1 "Congress")
                                                          :same-as s96.g)))
                 :ARG2 (s97.g / good-02
                              :ARG1 s97.y)
                 :ARG3 (s97.m / most))
   :snt98 (s98.s / say-01
                 :ARG1 (s98.w / way
                              :domain (s98.i / it)
                              :manner-of (s98.d / do-02
                                                :ARG0 (s98.y / you
                                                             :same-as s9.p)
                                                :ARG1 (s98.i2 / it))
                              :mod (s98.w2 / well))
                 :ARG1-of (s98.p / personal-02)
                 :ARG1-of (s98.m / message-01))
   :snt99 (s99.s / say-01
                 :ARG0 (s99.p / person
                              :name (s99.n / name
                                           :op1 "GG"))
                 :ARG1 (s99.y / yes))
   :snt100 (s100.p / pace
                   :ARG1-of (s100.f / fast-02))
   :snt101 (s101.s / say-01
                   :ARG1 (s101.s2 / sure-02
                                  :ARG0 (s101.i / i
                                                :same-as s9.p)
                                  :ARG1 (s101.d / describe-01
                                                :ARG0 (s101.p / person)
                                                :ARG1 (s101.i2 / it
                                                               :same-as s98.i2)
                                                :ARG2 (s101.w / way
                                                              :mod (s101.t / that))
                                                :manner (s101.e / entire))
                                  :polarity "-")
                   :ARG1-of (s101.m / message-01
                                    :time (s101.b / before
                                                  :op1 (s101.n / now))))
   :snt102 (s102.c / contrast-01
                   :ARG1 (s102.p / pace
                                 :ARG1-of (s102.s / slow-01
                                                  :degree (s102.r / relative))
                                 :domain (s102.l / legislate-01)
                                 :frequency (s102.o2 / often))
                   :ARG2 (s102.o / obligate-01
                                 :ARG0 (s102.i / i
                                               :same-as s9.p
                                               :same-as s24.h3)
                                 :ARG1 (s102.a2 / and
                                                :op1 (s102.p2 / person
                                                              :ARG0-of (s102.h3 / have-rel-role-91
                                                                                :ARG1 s102.i
                                                                                :ARG2 (s102.w / wife)))
                                                :op2 s102.i)
                                 :ARG2 (s102.a / admit-01
                                               :ARG0 s102.i
                                               :ARG1 (s102.w2 / work-01
                                                              :ARG0 (s102.p3 / person
                                                                             :quant (s102.l2 / lot)
                                                                             :ARG0-of (s102.h2 / have-org-role-91
                                                                                               :ARG1 (s102.g / government-organization
                                                                                                             :name (s102.n / name
                                                                                                                           :op1 "Congress")
                                                                                                             :same-as s96.g)
                                                                                               :ARG2 (s102.m / member))
                                                                             :ARG1-of (s102.k / know-02
                                                                                              :ARG0 s102.i)
                                                                             :mod (s102.o3 / other))
                                                              :ARG1-of (s102.h / hard-02
                                                                               :degree (s102.i2 / incredible)))))
                   :mod (s102.y / yeah))
   :snt103 (s103.a / and
                   :op1 (s103.t2 / talk-01
                                 :ARG0 (s103.e2 / everybody
                                                :ARG2-of (s103.i / include-91
                                                                 :ARG1 (s103.p / person
                                                                               :name (s103.n / name
                                                                                             :op1 "Gabby")
                                                                               :same-as s9.p)))
                                 :ARG1 (s103.y / you
                                               :same-as s9.p)
                                 :ARG2 (s103.g / go-02
                                               :ARG0 s103.y
                                               :ARG4 (s103.b / back)))
                   :op2 (s103.e / end-up-03
                                :ARG1 s103.y
                                :ARG2 (s103.t / take-01
                                              :ARG0 s103.y)))
   :snt104 (s104.c / coma-00
                   :ARG1 (s104.p / person
                                 :name (s104.n / name
                                               :op1 "Gabby")
                                 :same-as s9.p))
   :snt105 (s105.b / be-located-at-91
                   :ARG1 (s105.i / i
                                 :same-as s9.p)
                   :ARG2 (s105.c / city
                                 :name (s105.n / name
                                               :op1 "Tucson")
                                 :same-as s93.c4))
   :snt106 (s106.o / obligate-01
                   :ARG1 (s106.y / you)
                   :ARG2 (s106.f / find-01
                                 :ARG0 s106.y
                                 :ARG1 (s106.t / thing
                                               :ARG2-of (s106.r / replace-01
                                                                :ARG1 (s106.i / i
                                                                              :same-as s9.p)))))
   :snt107 (s107.c / contrast-01
                   :ARG1 (s107.r2 / resign-01
                                  :ARG0 (s107.i / i
                                                :same-as s9.p)
                                  :ARG1 (s107.a3 / astronaut
                                                 :domain s107.i)
                                  :ARG1-of (s107.a / actual-02)
                                  :polarity "-")
                   :ARG2 (s107.a2 / and
                                  :op1 (s107.g / give-up-07
                                               :ARG0 s107.i
                                               :ARG1 (s107.j / job
                                                             :poss s107.i))
                                  :op2 (s107.f / find-01
                                               :ARG0 (s107.t / they)
                                               :ARG1 (s107.t2 / thing
                                                              :ARG2-of (s107.r / replace-01
                                                                               :ARG1 s107.a3)))))
   :snt108 (s108.a4 / and
                    :op1 (s108.s6 / start-01
                                  :ARG0 (s108.i / i
                                                :same-as s9.p)
                                  :ARG1 (s108.g / get-back-09
                                                :ARG0 s108.i
                                                :ARG1 (s108.j / job
                                                              :poss s108.i
                                                              :same-as s107.j)
                                                :mod (s108.s4 / something))
                                  :time (s108.a / about
                                                :ARG1-of (s108.p6 / possible-01)
                                                :op1 (s108.a2 / after
                                                              :quant (s108.m3 / multiple
                                                                              :op1 (s108.t / temporal-quantity
                                                                                           :unit (s108.m / month)
                                                                                           :quant "1")))
                                                :op1 (s108.t2 / temporal-quantity
                                                              :unit (s108.m2 / month)
                                                              :quant "2"))
                                  :time s108.a2)
                    :op2 (s108.c4 / contrast-01
                                  :ARG1 (s108.r / role
                                                :ARG2-of (s108.c3 / challenge-01)
                                                :domain (s108.b / become-01
                                                                :ARG1 (s108.y / you)
                                                                :ARG2 (s108.p / person
                                                                              :ARG0-of (s108.c / care-03)
                                                                              :ARG2-of (s108.p5 / position-01
                                                                                                :ARG1 (s108.p2 / person
                                                                                                               :quant (s108.s2 / some)
                                                                                                               :location (s108.a6 / audience
                                                                                                                                  :location (s108.h / here)))
                                                                                                :manner (s108.c2 / certain))
                                                                              :mod (s108.p8 / primary)
                                                                              :mod (s108.t3 / this))))
                                  :ARG2 (s108.o / obligate-01
                                                :ARG2 (s108.f / figure-out-05
                                                              :ARG0 s108.y
                                                              :ARG1 (s108.t4 / time
                                                                             :time-of (s108.g2 / get-back-09
                                                                                               :ARG0 s108.y
                                                                                               :ARG1 (s108.l / life
                                                                                                             :poss s108.y))))
                                                :time (s108.p4 / point
                                                               :mod (s108.s3 / some))))
                    :op3 (s108.p7 / possible-01
                                  :ARG1 (s108.a5 / ask-01
                                                 :ARG0 s108.i
                                                 :ARG1 (s108.t6 / truth-value
                                                                :polarity-of (s108.w / want-01
                                                                                     :ARG0 (s108.p3 / person
                                                                                                    :name (s108.n / name
                                                                                                                  :op1 "Gabby")
                                                                                                    :same-as s9.p)
                                                                                     :ARG1 (s108.f2 / fly-01
                                                                                                    :ARG1 s108.i
                                                                                                    :location (s108.s / shuttle
                                                                                                                      :mod (s108.s5 / space)
                                                                                                                      :same-as s4.s2)
                                                                                                    :mod (s108.a3 / again))))
                                                 :ARG2 s108.p3)
                                  :time (s108.t5 / time)
                                  :polarity "-"))
   :snt109 (s109.a / and
                   :op1 (s109.s2 / support-01
                                 :ARG0 (s109.s / she
                                               :same-as s9.p)
                                 :ARG1 (s109.c / career
                                               :poss (s109.i / i
                                                             :same-as s9.p))
                                 :ARG1-of (s109.h / have-degree-91
                                                  :ARG2 (s109.b / big)
                                                  :ARG3 (s109.m / most)))
                   :op2 (s109.k / know-01
                                :ARG0 s109.i
                                :ARG1 (s109.r / right-02
                                              :ARG1 (s109.t / thing
                                                            :ARG1-of (s109.d / do-02
                                                                             :ARG0 s109.i)
                                                            :domain (s109.i2 / it
                                                                             :same-as s108.f2)))))
   :snt110 (s110.s2 / say-01
                    :ARG0 (s110.p / person
                                  :name (s110.n / name
                                                :op1 "PM"))
                    :ARG1 (s110.a2 / and
                                   :op2 (s110.a3 / and
                                                 :op1 (s110.b / be-located-at-91
                                                              :ARG1 (s110.p3 / person
                                                                             :name (s110.n3 / name
                                                                                            :op1 "Gabby"
                                                                                            :same-as s9.p)
                                                                             :part (s110.b2 / brain)
                                                                             :part (s110.h / head
                                                                                           :part (s110.s3 / side
                                                                                                          :mod (s110.w2 / whole))))
                                                              :ARG2 (s110.h2 / hospital
                                                                             :same-as s16.h)
                                                              :mod (s110.s7 / still)
                                                              :mod (s110.o3 / only
                                                                            :polarity "-")
                                                              :time (s110.d / day
                                                                            :subevent-of (s110.f2 / fly-01
                                                                                                  :mod (s110.t4 / that))
                                                                            :time-of (s110.r2 / rendezvous-01
                                                                                              :ARG0 (s110.i / i
                                                                                                            :same-as s9.p)
                                                                                              :ARG1 (s110.s6 / station
                                                                                                             :mod (s110.s5 / space)
                                                                                                             :same-as s4.s2))))
                                                 :op2 (s110.g / get-02
                                                              :ARG0 (s110.y3 / you)
                                                              :ARG1 (s110.m3 / move-01
                                                                             :ARG0 (s110.v / vehicle
                                                                                           :quant "2")
                                                                             :ARG1-of (s110.r / rate-entity-91
                                                                                              :ARG2 (s110.d3 / distance-quantity
                                                                                                             :unit (s110.m / mile)
                                                                                                             :quant "17000")
                                                                                              :ARG2 (s110.t2 / temporal-quantity
                                                                                                             :unit (s110.h3 / hour)
                                                                                                             :quant "1"))))
                                                 :op3 (s110.f3 / fly-01
                                                               :ARG0 s110.i
                                                               :ARG1 s110.f2
                                                               :ARG1-of (s110.a / actual-02))
                                                 :op4 (s110.l2 / look-01
                                                               :ARG0 s110.i
                                                               :ARG1 (s110.w3 / window))
                                                 :op5 (s110.b3 / bunch
                                                               :consist-of (s110.c / computer))
                                                 :op6 (s110.s8 / surgery-01
                                                               :purpose (s110.r3 / replace-01
                                                                                 :ARG1 (s110.p4 / piece
                                                                                                :ARG1-of (s110.t / take-out-11
                                                                                                                 :ARG0 (s110.t5 / they)
                                                                                                                 :time (s110.d2 / day
                                                                                                                                :time-of (s110.i3 / injure-01
                                                                                                                                                  :ARG1 s110.p3)))
                                                                                                :part-of (s110.s4 / skull))
                                                                                 :instrument (s110.p6 / prosthetic
                                                                                                      :domain s110.s3
                                                                                                      :mod (s110.y / yeah)))
                                                               :ARG1 s110.p3
                                                               :ARG2 s110.b2
                                                               :mod (s110.f / final)))
                                   :op3 (s110.k / know-01
                                                :ARG0 s110.i
                                                :ARG1 s110.p3))
                    :ARG2 (s110.p2 / person
                                   :name (s110.n2 / name
                                                  :op1 "Mark")
                                   :same-as s4.n)
                    :rel (s110.t7 / try-01
                                  :ARG0 s110.i
                                  :ARG1 (s110.i2 / imagine-01
                                                 :ARG0 s110.i
                                                 :ARG1 (s110.t6 / thing
                                                                :ARG2-of (s110.r4 / resemble-01
                                                                                  :ARG1 (s110.t3 / that
                                                                                                 :manner-of (s110.g2 / go-02
                                                                                                                     :ARG0-of (s110.s / safe-01)
                                                                                                                     :ARG1-of (s110.p5 / presume-01
                                                                                                                                       :ARG0 (s110.o2 / one))
                                                                                                                     :ARG1-of (s110.c2 / contrast-01
                                                                                                                                       :ARG2 (s110.g3 / guarantee-01
                                                                                                                                                      :time (s110.e / ever)
                                                                                                                                                      :polarity "-"))
                                                                                                                     :ARG4 (s110.m2 / mission-01)
                                                                                                                     :direction (s110.o / off))))))
                                  :mod (s110.y2 / yet))
                    :rel (s110.w / well)
                    :rel (s110.l / literal)
                    :rel "3")
   :snt111 (s111.s / say-01
                   :ARG1 (s111.h / have-purpose-91
                                 :ARG1 (s111.t / that)
                                 :ARG2 (s111.a / amr-choice
                                               :op1 (s111.a2 / appetizer)
                                               :op2 (s111.d / dessert)))
                   :ARG1-of (s111.p2 / personal-02)
                   :ARG1-of (s111.m / message-01)
                   :ARG2 (s111.p / person
                                 :name (s111.n / name
                                               :op1 "Mark")
                                 :same-as s4.n))
   :snt112 (s112.g / get-04
                   :ARG0 (s112.i / it
                                 :same-as s111.t)
                   :ARG1 (s112.g2 / go-09
                                  :ARG1 (s112.c / converse-01))
                   :mod (s112.j / just)
                   :mod (s112.w / well))
   :snt113 (s113.s / say-01
                   :ARG1 (s113.c / contrast-01
                                 :ARG2 (s113.c2 / converse-01
                                                :quant (s113.l / lot)
                                                :ARG1 (s113.s2 / something
                                                               :ARG1-of (s113.d / do-02
                                                                                :ARG0 (s113.p / person
                                                                                              :name (s113.n / name
                                                                                                            :op1 "Gabby")
                                                                                              :same-as s9.p)))
                                                :time (s113.a / after
                                                              :op1 (s113.f / fly-01
                                                                           :ARG1 (s113.p2 / person
                                                                                          :name (s113.n2 / name
                                                                                                         :op1 "Mark")
                                                                                          :same-as s4.n)
                                                                           :same-as s110.f2))))
                   :ARG1-of (s113.p3 / personal-02)
                   :ARG1-of (s113.m / message-01))
   :snt114 (s114.o / obligate-01
                   :ARG1 (s114.y / you
                                 :same-as s9.p)
                   :ARG1-of (s114.c2 / cause-01
                                     :ARG0 (s114.a2 / and
                                                    :mod (s114.t / talk-01
                                                                 :ARG0 (s114.i / i
                                                                               :same-as s9.p)
                                                                 :ARG1 (s114.t2 / this)
                                                                 :ARG1-of (s114.p2 / possible-01)
                                                                 :degree (s114.b / barely)
                                                                 :manner (s114.g / get-03
                                                                                 :ARG1 s114.i
                                                                                 :ARG2 (s114.e / emotional-02
                                                                                               :ARG0 s114.i)
                                                                                 :polarity "-"))
                                                    :op1 (s114.d / deadlock-01
                                                                 :ARG1 (s114.g4 / government-organization
                                                                                :name (s114.n / name
                                                                                              :op1 "Congress"
                                                                                              :same-as s96.g)
                                                                                :part (s114.f / floor))
                                                                 :location (s114.h / here)
                                                                 :mod (s114.a / again))
                                                    :op2 (s114.g2 / get-05
                                                                  :ARG1 s114.y
                                                                  :ARG2 (s114.o2 / out-06
                                                                                 :ARG1 s114.y
                                                                                 :ARG2 (s114.c3 / center
                                                                                                :ARG2-of (s114.r / rehabilitate-01))))
                                                    :op3 (s114.g3 / get-05
                                                                  :purpose (s114.p / possible-01
                                                                                   :ARG1 (s114.w / walk-01
                                                                                                 :ARG0 s114.y
                                                                                                 :location s114.f))
                                                                  :ARG0 s114.y
                                                                  :ARG1 s114.y
                                                                  :ARG2 (s114.c4 / city
                                                                                 :name (s114.n2 / name
                                                                                                :op1 "Washington")))
                                                    :op4 (s114.c / cast-01
                                                                 :ARG0 s114.y
                                                                 :ARG1 (s114.v / vote-01
                                                                               :ARG0 s114.y
                                                                               :mod (s114.v2 / vote-01
                                                                                             :ARG0-of (s114.d2 / decide-01)
                                                                                             :ARG1-of (s114.p3 / possible-01))))))
                   :ARG2 (s114.s / step-01
                                 :ARG0 s114.y
                                 :mod (s114.c5 / courage)
                                 :mod (s114.t3 / too)))
   :snt115 (s115.a3 / and
                    :op1 (s115.v / vote-01
                                 :ARG0 (s115.w / we)
                                 :mod (s115.t2 / that
                                               :same-as s114.v)
                                 :time (s115.a2 / after
                                                :quant (s115.a / about
                                                               :op1 (s115.t / temporal-quantity
                                                                            :unit (s115.m / month)
                                                                            :quant "5"))
                                                :ARG1-of (s115.g2 / guess-01
                                                                  :ARG0 (s115.i / i
                                                                                :same-as s9.p))
                                                :op1 (s115.i2 / injure-01
                                                              :ARG1 (s115.p / person
                                                                            :name (s115.n / name
                                                                                          :op1 "Gabby")
                                                                            :same-as s9.p))))
                    :op2 (s115.d / decide-01
                                 :ARG0 s115.p
                                 :ARG1 (s115.g / go-back-19
                                               :ARG1 s115.p)
                                 :ARG1-of (s115.b / bold-02)
                                 :mod (s115.t3 / this)))
   :snt116 (s116.c / contrast-01
                   :ARG1 (s116.v3 / vote-01
                                  :mod (s116.c2 / controversy
                                                :degree (s116.v / very)))
                   :ARG2 (s116.w / want-01
                                 :ARG0 (s116.s / she
                                               :part (s116.v2 / voice)
                                               :same-as s9.p)
                                 :ARG1 (s116.b / be-located-at-91
                                               :purpose (s116.h / hear-01
                                                                :ARG1 s116.v2
                                                                :ARG2 s116.s
                                                                :frequency (s116.t2 / time
                                                                                    :mod (s116.m / more)
                                                                                    :mod (s116.o / one)))
                                               :ARG1 s116.s
                                               :ARG2 (s116.t / there))))
   :snt117 (s117.s / say-01
                   :ARG0 (s117.p / person
                                 :ARG0-of (s117.h / have-org-role-91
                                                  :ARG2 (s117.m / minister
                                                                :mod (s117.p2 / prime))))
                   :ARG1 (s117.a2 / and
                                  :op2 (s117.a3 / and
                                                :op1 (s117.r2 / resign-01
                                                              :ARG0 s117.p)
                                                :op2 (s117.b / begin-01
                                                             :ARG0 s117.p
                                                             :ARG1 (s117.r / recover-01
                                                                           :ARG1-of (s117.c / challenge-01
                                                                                            :degree (s117.v / very))
                                                                           :ARG1-of (s117.s2 / slow-05
                                                                                             :degree s117.v))))
                                  :time (s117.a / after
                                                :op1 (s117.t / that
                                                             :same-as s114.v))))
   :snt118 (s118.r / resemble-01
                   :ARG1 (s118.l / life)
                   :ARG2 (s118.a / amr-unknown)
                   :frequency (s118.d / day
                                      :prep-to (s118.d2 / day)))
   :snt119 (s119.d / dog
                   :name (s119.n2 / name
                                  :op1 "Nelson")
                   :domain (s119.t / that)
                   :mod (s119.s / service)
                   :mod (s119.w / well)
                   :poss (s119.p / person
                                 :name (s119.n / name
                                               :op1 "Gabby")
                                 :same-as s9.p))
   :snt120 (s120.s / say-01
                   :ARG0 (s120.p / person
                                 :name (s120.n / name
                                               :op1 "GG"))
                   :ARG1 (s120.p2 / person
                                  :name (s120.n2 / name
                                                 :op1 "Nelson")
                                  :same-as s119.n2)
                   :same-as s119.n2)
   :snt121 (s121.m / member
                   :ARG1-of (s121.n / new-01)
                   :part-of (s121.f / family
                                    :poss (s121.w / we)))
   :snt122 (s122.s / say-01
                   :ARG0 (s122.p / person
                                 :name (s122.n / name
                                               :op1 "GG"))
                   :ARG1 (s122.y / yes))
   :snt123 (s123.a / and
                   :op2 (s123.g / get-01
                                :ARG0 (s123.w / we)
                                :ARG1 (s123.h / he
                                              :same-as s119.n2)
                                :ARG2 (s123.p2 / prison
                                               :mod (s123.p / person
                                                            :name (s123.n / name
                                                                          :op1 "GG")))))
   :snt124 (s124.m / murder-01)
   :snt125 (s125.c / connect-01
                   :quant (s125.l / lot)
                   :ARG1 (s125.w / we)
                   :ARG1-of (s125.a / appear-02)
                   :ARG2 (s125.p / prison))
   :snt126 (s126.a / and
                   :op1 (s126.c / come-01
                                :ARG1 (s126.p / person
                                              :name (s126.n / name
                                                            :op1 "Nelson")
                                              :same-as s119.n2)
                                :ARG3 (s126.p3 / prison))
                   :op2 (s126.r / raise-03
                                :ARG0 (s126.p2 / person
                                               :ARG0-of (s126.m / murder-01))
                                :ARG1 s126.p
                                :location (s126.s / state
                                                  :name (s126.n2 / name
                                                                 :op1 "Massachusetts"))))
   :snt127 (s127.c / contrast-01
                   :ARG2 (s127.d / do-02
                                 :ARG0 (s127.s / she
                                               :same-as s9.p)
                                 :ARG1 (s127.j / job
                                               :mod (s127.g / great))
                                 :ARG4 (s127.d2 / dog
                                                :mod (s127.t / this)
                                                :same-as s119.n2)))
   :snt128 (s128.d / dog
                   :ARG0-of (s128.s / serve-01)
                   :domain (s128.h / he
                                   :same-as s119.n2)
                   :mod (s128.f / fabulous))
   :snt129 (s129.s / say-01
                   :ARG1 (s129.l / learn-01
                                 :ARG0 (s129.p / person
                                               :name (s129.n / name
                                                             :op1 "Gabby")
                                               :same-as s9.p)
                                 :ARG1 (s129.a / amr-unknown)
                                 :ARG2 (s129.t2 / thing
                                                :ARG1-of (s129.e / experience-01
                                                                 :ARG0 s129.p))
                                 :time (s129.b / before
                                               :duration (s129.f / few
                                                                 :op1 (s129.t / temporal-quantity
                                                                              :unit (s129.y / year)
                                                                              :quant "1"))
                                               :op1 (s129.n2 / now)))
                   :ARG1-of (s129.p2 / personal-02)
                   :ARG1-of (s129.m / message-01)
                   :ARG2 s129.p)
   :snt130 (s130.h / have-degree-91
                   :ARG1 (s130.r / relation-03
                                 :ARG0 (s130.y / you
                                               :same-as s9.p)
                                 :same-as s87.s)
                   :ARG1-of (s130.p / personal-02)
                   :ARG1-of (s130.m / message-01)
                   :ARG2 (s130.d / deep-02
                                 :ARG1 s130.r)
                   :ARG3 (s130.m2 / more))
   :snt131 (s131.o / obligate-01
                   :ARG1 (s131.i / it
                                 :same-as s87.s))
   :snt132 (s132.t2 / together
                    :domain (s132.y / you
                                    :same-as s3.y)
                    :time (s132.t / time
                                  :mod (s132.a / all))
                    :time (s132.n / now))
   :snt133 (s133.i2 / imagine-01
                    :ARG0 (s133.i / i
                                  :same-as s9.p)
                    :ARG1 (s133.a / appreciate-02
                                  :ARG0 s133.i
                                  :mod (s133.t / too))
                    :ARG1-of (s133.r / request-confirmation-91))
   :snt134 (s134.s / say-01
                   :ARG0 (s134.p / person
                                 :name (s134.n / name
                                               :op1 "GG"))
                   :ARG1 (s134.a / appreciate-02
                                 :ARG0 s134.p))
   :snt135 (s135.c2 / contrast-01
                    :ARG1 (s135.p4 / picture
                                   :topic (s135.g / gather-03
                                                  :ARG0 (s135.a / and
                                                                :op1 (s135.f / family)
                                                                :op2 (s135.p / person
                                                                             :ARG0-of (s135.h / have-rel-role-91
                                                                                              :ARG1 s135.f
                                                                                              :ARG2 (s135.f2 / friend))))))
                    :ARG1-of (s135.m / message-01
                                     :time (s135.b / before))
                    :ARG2 (s135.l / love-01
                                  :ARG0 (s135.i / i
                                                :same-as s9.p)
                                  :ARG1 (s135.p5 / picture
                                                 :mod (s135.t / this))
                                  :ARG1-of (s135.c / cause-01
                                                   :ARG0 (s135.s / show-01
                                                                 :ARG0 s135.p5
                                                                 :ARG1 (s135.r / relation-03
                                                                               :ARG0 (s135.p2 / person
                                                                                              :name (s135.n / name
                                                                                                            :op1 "Gabby")
                                                                                              :same-as s9.p)
                                                                               :ARG2 (s135.p3 / person
                                                                                              :name (s135.n2 / name
                                                                                                             :op1 "Mark")
                                                                                              :same-as s4.n))
                                                                 :time (s135.n3 / now)))))
   :snt136 (s136.t / think-01
                   :ARG0 (s136.i / i
                                 :same-as s9.p)
                   :ARG1 (s136.p2 / possible-01
                                  :ARG1 (s136.p3 / pull-06
                                                 :ARG0 (s136.s / something
                                                               :location (s136.f / family)
                                                               :mod (s136.t3 / tragic))
                                                 :ARG1 (s136.p / person)
                                                 :ARG2 (s136.t2 / together))))
   :snt137 (s137.s / say-01
                   :ARG0 (s137.p / person
                                 :name (s137.n / name
                                               :op1 "PM"))
                   :ARG1 (s137.a2 / and
                                  :op2 (s137.s2 / say-01
                                                :ARG2 (s137.p2 / person
                                                               :name (s137.n2 / name
                                                                              :op1 "Gabby")
                                                               :same-as s9.p))
                                  :ARG1-of s137.s2
                                  :op2 (s137.m / maintain-01
                                               :ARG0 s137.p2
                                               :ARG1 (s137.a3 / and
                                                              :op1 (s137.o2 / optimism
                                                                            :poss s137.p2)
                                                              :op2 (s137.o3 / outlook
                                                                            :mod (s137.p3 / positive)
                                                                            :poss s137.p2))
                                               :manner (s137.a / amr-unknown)))
                   :rel (s137.g / go-12
                                :ARG1 s137.p2
                                :ARG2 (s137.c / challenge-01
                                              :ARG2 (s137.r / recover-01
                                                            :ARG1-of (s137.s3 / slow-05)
                                                            :mod (s137.d / difficult))
                                              :mod (s137.t / this))
                                :mod (s137.o / of-course))
                   :rel "2")
   :snt138 (s138.s / say-01
                   :ARG0 (s138.p / person
                                 :name (s138.n / name
                                               :op1 "GG"))
                   :ARG1 (s138.w / want-01
                                 :ARG0 (s138.i / i
                                               :same-as s9.p)
                                 :ARG1 (s138.m / make-01
                                               :ARG0 s138.i
                                               :ARG1 (s138.p2 / place
                                                              :ARG1-of (s138.h / have-degree-91
                                                                               :ARG2 (s138.g / good-02)
                                                                               :ARG3 (s138.m2 / more)))
                                               :ARG2 (s138.w2 / world))))
   :snt139 (s139.s / say-01
                   :ARG0 (s139.p / person
                                 :ARG0-of (s139.h / have-org-role-91
                                                  :ARG2 (s139.m / minister
                                                                :mod (s139.p2 / prime))))
                   :ARG1 (s139.a / and
                                 :op2 (s139.d / do-02
                                              :ARG0 (s139.y / you
                                                            :mod (s139.b / both
                                                                         :same-as s25.a4)
                                                            :same-as s25.a4)
                                              :ARG1 (s139.t / that
                                                            :same-as s138.m)
                                              :concession (s139.o / obligate-01
                                                                  :ARG2 (s139.r2 / remain-01
                                                                                 :ARG1 (s139.r / recover-01
                                                                                               :ARG1 s139.y
                                                                                               :same-as s21.r2)
                                                                                 :ARG3 (s139.a2 / and
                                                                                                :op1 (s139.f / front)
                                                                                                :op2 (s139.c / center)))))))
   :snt140 (s140.a / and
                   :op1 (s140.p / person
                                :ARG0-of (s140.s / serve-01
                                                 :ARG2 (s140.c2 / country
                                                                :poss (s140.y / you
                                                                              :same-as s25.a4)))
                                :domain s140.y)
                   :op2 (s140.c / continue-01
                                :ARG0 s140.y
                                :ARG1 s140.s
                                :manner (s140.i / initiative
                                                :ARG1-of (s140.n / new-01)
                                                :ARG2-of (s140.h / have-purpose-91))))
   :snt141 (s141.a3 / and
                    :op2 (s141.s / say-01
                                 :ARG1 (s141.a / agenda
                                               :domain (s141.a2 / amr-unknown)
                                               :time (s141.n2 / now))
                                 :ARG2 (s141.p / person
                                               :name (s141.n / name
                                                             :op1 "Gabby")
                                               :same-as s9.p)))
   :snt142 (s142.s2 / support-01
                    :ARG0 (s142.p2 / person
                                   :mod (s142.c / country
                                                :name (s142.n2 / name
                                                               :op1 "America")))
                    :ARG1 (s142.s / solve-01
                                  :ARG1-of (s142.r / responsible-01))
                    :mod (s142.p / person
                                 :name (s142.n / name
                                               :op1 "GG")))
   :snt143 (s143.c / committee
                   :domain (s143.t / that
                                   :same-as s142.s)
                   :location-of (s143.t3 / try-01
                                         :ARG0 (s143.w / we)
                                         :ARG1 (s143.a2 / and
                                                        :op1 (s143.g / get-04
                                                                     :ARG0 s143.w
                                                                     :ARG1 (s143.l2 / look-01
                                                                                    :ARG0 (s143.p2 / person
                                                                                                   :ARG0-of (s143.h2 / have-org-role-91
                                                                                                                     :ARG1 (s143.g2 / government-organization
                                                                                                                                    :name (s143.n / name
                                                                                                                                                  :op1 "Congress")
                                                                                                                                    :same-as s96.g)
                                                                                                                     :ARG2 (s143.m / member)))
                                                                                    :ARG1 (s143.v / violence
                                                                                                  :instrument (s143.g3 / gun)
                                                                                                  :location (s143.c2 / country
                                                                                                                     :mod (s143.t2 / this)
                                                                                                                     :same-as s140.c2))
                                                                                    :ARG1-of (s143.h / have-degree-91
                                                                                                     :ARG2 (s143.s / serious-01
                                                                                                                   :ARG2 s143.l2)
                                                                                                     :ARG3 (s143.m2 / more))))
                                                        :op2 (s143.t4 / try-01
                                                                      :ARG0 s143.p2
                                                                      :ARG1 (s143.p / pass-01
                                                                                    :ARG0 s143.p2
                                                                                    :ARG1 (s143.l / legislate-01
                                                                                                  :ARG1-of (s143.r / reasonable-02)
                                                                                                  :mod (s143.s2 / some))))))
                   :mod (s143.a / action
                                :mod (s143.p3 / politics))
                   :poss s143.w)
   :snt144 (s144.a3 / and
                    :op1 (s144.a2 / and
                                  :ARG1-of (s144.m / murder-01
                                                   :location (s144.c / city
                                                                     :name (s144.n / name
                                                                                   :op1 "Newtown")
                                                                     :location (s144.s3 / state
                                                                                        :name (s144.n2 / name
                                                                                                       :op1 "Connecticut"))))
                                  :ARG1-of (s144.r / real-04)
                                  :op1 (s144.p / person
                                               :mod (s144.g / grade
                                                            :ord (s144.o / ordinal-entity
                                                                         :value "1")))
                                  :op2 (s144.p2 / person
                                                :mod (s144.k / kindergarten))
                                  :quant "20")
                    :op2 (s144.r2 / respond-01
                                  :ARG1-of (s144.s / see-01
                                                   :ARG0 (s144.w / we)
                                                   :time (s144.a / afterwards))
                                  :ARG2 (s144.l / look-01
                                                :ARG0 (s144.y / you)
                                                :ARG1 (s144.e / event
                                                              :time (s144.s2 / so-far))
                                                :mod (s144.w2 / well)
                                                :mode "imperative")))
   :snt145 (s145.r / respond-01
                   :ARG0 (s145.n / nation)
                   :ARG2 (s145.d / do-02
                                 :ARG1 (s145.n2 / nothing))
                   :mod (s145.p / pretty-much)
                   :time (s145.s / so-far))
   :snt146 (s146.t2 / try-01
                    :ARG0 (s146.w / we
                                  :same-as s143.w)
                    :ARG1 (s146.c / change-01
                                  :ARG0 s146.w
                                  :ARG1 (s146.t / that)))
   :snt147 (s147.s / say-01
                   :ARG1 (s147.s3 / shoot-02
                                  :mod (s147.m / mass)
                                  :time (s147.s4 / since
                                                 :op1 (s147.c / city
                                                              :name (s147.n2 / name
                                                                             :op1 "Newtown"
                                                                             :same-as s144.c)
                                                              :location-of (s147.s2 / school
                                                                                    :frequency (s147.t / temporal-quantity
                                                                                                       :unit (s147.w / week)
                                                                                                       :quant "1"))
                                                              :range (s147.t2 / temporal-quantity
                                                                              :unit (s147.m2 / month)
                                                                              :quant "2")
                                                              :time (s147.e / event
                                                                            :ord (s147.o / ordinal-entity
                                                                                         :value "1")
                                                                            :time (s147.y / year
                                                                                          :mod (s147.l / last)))))
                                  :quant "11")
                   :rel (s147.m3 / multiple)
                   :time (s147.p / publication
                                 :name (s147.n / name
                                               :op1 "PM")))
   :snt148 (s148.d2 / do-02
                    :ARG0 (s148.y / you
                                  :same-as s143.w)
                    :ARG1 (s148.a / amr-unknown
                                  :ARG1-of (s148.d / differ-02
                                                   :ARG2 (s148.e / effort-01
                                                                 :ARG1 (s148.b / balance-01
                                                                               :ARG1 (s148.r2 / right-05
                                                                                              :ARG2 (s148.o2 / own-01
                                                                                                             :ARG1 (s148.g / gun)))
                                                                               :ARG2 (s148.r / responsible-03))
                                                                 :mod (s148.o / other)))))
   :snt149 (s149.a / and
                   :op1 (s149.o / own-01
                                :ARG0 (s149.w / we)
                                :ARG1 (s149.g / gun))
                   :op2 (s149.s / support-01
                                :ARG0 s149.w
                                :ARG1 (s149.r / right-05
                                              :ARG2 s149.g)))
   :snt150 (s150.o / obligate-01
                   :ARG1 (s150.w / we
                                 :same-as s149.w)
                   :ARG2 (s150.d / do-02
                                 :purpose (s150.k / keep-04
                                                  :ARG0 s150.w
                                                  :ARG1 (s150.g / gun)
                                                  :ARG2 (s150.i2 / in-ones-hands-04
                                                                 :ARG0 (s150.a / and
                                                                               :op1 (s150.p / person
                                                                                            :ARG2-of (s150.c / criminal-03))
                                                                               :op2 (s150.p2 / person
                                                                                             :ARG1-of (s150.i / ill-01
                                                                                                              :degree (s150.e / endanger-01)
                                                                                                              :mod (s150.m / mental))))
                                                                 :ARG1 s150.g
                                                                 :polarity "-"))
                                 :ARG0 s150.w
                                 :ARG1 (s150.e2 / everything
                                                :ARG1-of (s150.d2 / do-02
                                                                  :ARG0 s150.w
                                                                  :ARG1-of (s150.p3 / possible-01))))
                   :time (s150.t / time
                                 :ARG1-of (s150.s / same-01)))
   :snt151 (s151.h / have-degree-91
                   :ARG1 (s151.d2 / do-02
                                  :ARG1 (s151.t / that
                                                :same-as s150.k))
                   :ARG2 (s151.d / difficult)
                   :ARG3 (s151.t2 / too)
                   :polarity "-")
   :snt152 (s152.a2 / and
                    :op1 (s152.b2 / become-01
                                  :ARG1 (s152.i / issue-02
                                                :ARG1-of (s152.r / resemble-01
                                                                 :ARG2 (s152.i2 / issue-02
                                                                                :quant (s152.m / many)
                                                                                :mod (s152.o / other)))
                                                :mod (s152.t / this
                                                             :same-as s143.v))
                                  :ARG2 (s152.a / and
                                                :op1 (s152.p / polarize-01
                                                             :ARG0 s152.i
                                                             :degree (s152.v / very))
                                                :op2 (s152.p2 / politics)))
                    :op2 (s152.t2 / try-01
                                  :ARG0 (s152.w / we
                                                :same-as s143.w)
                                  :ARG1 (s152.b3 / bring-01
                                                 :ARG0 s152.w
                                                 :ARG1 (s152.b / balance-01
                                                               :mod (s152.s / some))
                                                 :ARG2 (s152.d / debate-01
                                                               :location (s152.c / city
                                                                                 :name (s152.n / name
                                                                                               :op1 "Washington")
                                                                                 :same-as s114.c4)))))
   :snt153 (s153.t / thank-01
                   :ARG1 (s153.y / you
                                 :mod (s153.b / both)
                                 :same-as s25.a4)
                   :ARG1-of (s153.p / personal-02)
                   :ARG1-of (s153.m / message-01)
                   :ARG2 (s153.e / effort-01
                                 :mod (s153.t2 / that)
                                 :same-as s152.t2))
   :snt154 (s154.a2 / and
                    :op2 (s154.a4 / and
                                  :op1 (s154.k / keep-02
                                               :ARG0 (s154.y / you)
                                               :ARG0-of (s154.s4 / surprise-01
                                                                 :ARG1 (s154.w / woman
                                                                               :ARG0-of (s154.h / have-03
                                                                                                :ARG1 (s154.a3 / and
                                                                                                               :op1 (s154.c2 / courage)
                                                                                                               :op2 (s154.s2 / sense-01
                                                                                                                             :ARG0 s154.w
                                                                                                                             :ARG1 (s154.a / adventure))))
                                                                               :mod (s154.t / this))
                                                                 :polarity "-")
                                               :ARG1 (s154.c / challenge-01
                                                             :ARG0 s154.y
                                                             :ARG1 s154.y)
                                               :mod (s154.j / just))
                                  :op2 (s154.s / seem-01
                                               :ARG1 (s154.l / limit-01
                                                             :ARG1 (s154.s3 / sky)))))
   :snt155 (s155.o / obligate-01
                   :ARG1 (s155.i / i
                                 :same-as s9.p)
                   :ARG2 (s155.s / share-01
                                 :ARG0 s155.i
                                 :ARG1 (s155.v / video
                                               :mod (s155.t / this)
                                               :topic (s155.a / adventure
                                                              :mod (s155.l / last)
                                                              :poss (s155.y / you
                                                                            :same-as s9.p)))))
   :snt156 (s156.l / look-01
                   :ARG0 (s156.y / you)
                   :ARG1 (s156.p / person
                                 :name (s156.n / name
                                               :op1 "Gabby")
                                 :same-as s9.p)
                   :mode "imperative")
   :snt157 (s157.b / before
                   :quant (s157.c / couple
                                  :op1 (s157.t / temporal-quantity
                                               :unit (s157.m / month)
                                               :quant "1"))
                   :domain (s157.t2 / this
                                    :same-as s155.a)
                   :op1 (s157.n / now))
   :snt158 (s158.o / okay-04
                   :ARG1 (s158.y / you
                                 :same-as s9.p)
                   :polarity (s158.a / amr-unknown))
   :snt159 (s159.g / great
                   :domain (s159.y / you
                                   :same-as s9.p))
   :snt160 (s160.s / say-01
                   :ARG0 (s160.p / person
                                 :name (s160.n / name
                                               :op1 "GG"))
                   :ARG1 (s160.g / gorgeous
                                 :domain (s160.i / it
                                                 :same-as s155.a)))
   :snt161 (s161.t / thank-01
                   :ARG1 (s161.y / you
                                 :same-as s9.p))
   :snt162 (s162.g / good-02
                   :ARG1 (s162.s / stuff))
   :snt163 (s163.e / George)
   :snt164 (s164.t / thank-01
                   :ARG0 (s164.i / i)
                   :ARG1 (s164.y / you
                                 :same-as s9.p)
                   :mod (s164.o / oh
                                :mode "expressive"))
   :snt165 (s165.m / mountain)
   :snt166 (s166.m / mountain
                   :mod (s166.e / George))
   :snt167 (s167.l / let-01
                   :ARG1 (s167.s / say-01
                                 :ARG0 (s167.i / i
                                               :same-as s9.p)
                                 :ARG1 (s167.i2 / include-91
                                                :ARG1 (s167.g / guy
                                                              :ARG0-of (s167.h / have-03
                                                                               :ARG1 (s167.t2 / time
                                                                                              :ARG1-of (s167.t3 / tough-02
                                                                                                                :degree (s167.r / really))))
                                                              :ARG1-of (s167.i3 / injure-01
                                                                                :ARG0 (s167.c / combat-01))
                                                              :quant "1")
                                                :ARG2 (s167.g2 / guy
                                                               :ARG0-of (s167.h2 / have-org-role-91
                                                                                 :ARG1 (s167.m2 / military
                                                                                                :name (s167.n2 / name
                                                                                                               :op1 "Navy"
                                                                                                               :op2 "SEAL")))
                                                               :accompanier-of (s167.j / jump-03
                                                                                       :ARG0 (s167.p / person
                                                                                                     :name (s167.n / name
                                                                                                                   :op1 "Gabby"
                                                                                                                   :same-as s9.p)
                                                                                                     :ARG1-of (s167.m / meet-03
                                                                                                                      :location (s167.c2 / country
                                                                                                                                         :name (s167.n3 / name
                                                                                                                                                        :op1 "Afghanistan")))
                                                                                                     :ARG0-of s167.m)
                                                                                       :time (s167.d / day
                                                                                                     :mod (s167.t / that)
                                                                                                     :same-as s2.d2))))
                                 :mod (s167.j2 / just)))
   :snt168 (s168.a / and
                   :op1 (s168.v / visit-01
                                :ARG0 (s168.p2 / person
                                               :name (s168.n / name
                                                             :op1 "Gabby")
                                               :same-as s9.p)
                                :ARG1 (s168.h / he
                                              :same-as s167.h2)
                                :location (s168.f / facility
                                                  :name (s168.n2 / name
                                                                 :op1 "Bethesda")))
                   :op2 (s168.g / go-through-20
                                :ARG0 s168.h
                                :ARG1 (s168.p / period
                                              :ARG1-of (s168.t / tough-02
                                                               :degree (s168.r / really)))))
   :snt169 (s169.s / start-01
                   :ARG0 (s169.h2 / he
                                  :same-as s167.h2)
                   :ARG1 (s169.h / have-degree-91
                                 :ARG1 s169.h2
                                 :ARG2 (s169.w / well-05
                                               :ARG1 s169.h2)
                                 :ARG3 (s169.m / more)))
   :snt170 (s170.a2 / and
                    :op1 (s170.s / shoot-02
                                 :ARG1 (s170.p / person
                                               :name (s170.n / name
                                                             :op1 "Gabby")
                                               :part (s170.h2 / head)
                                               :same-as s9.p)
                                 :ARG3 s170.h2
                                 :time (s170.a / after
                                               :quant (s170.m2 / multiple
                                                               :op1 (s170.t / temporal-quantity
                                                                            :unit (s170.m / month)
                                                                            :quant "1"))))
                    :op2 (s170.s2 / support-01
                                  :ARG0 (s170.h / he
                                                :same-as s167.h2)
                                  :ARG1 s170.p
                                  :time (s170.t2 / then)
                                  :time (s170.b / be-located-at-91
                                                :ARG1 s170.p
                                                :ARG2 (s170.h3 / hospital
                                                               :location (s170.c / city
                                                                                 :name (s170.n2 / name
                                                                                                :op1 "Houston")
                                                                                 :same-as s93.c3)))))
   :snt171 (s171.c / cause-01
                   :ARG1 (s171.h / have-03
                                 :ARG0 (s171.t / they
                                               :same-as s25.a4)
                                 :ARG1 (s171.c2 / connect-01
                                                :ARG1-of (s171.n / nice-01
                                                                 :degree (s171.v / very)))))
   :snt172 (s172.s / say-01
                   :ARG0 (s172.p / person
                                 :name (s172.n / name
                                               :op1 "GG"))
                   :ARG1 (s172.y / yes))
   :snt173 (s173.m2 / moment
                    :ARG1-of (s173.w / wonderful-03
                                     :degree (s173.s / so))
                    :ARG1-of (s173.m / message-01)
                    :rel (s173.p / personal-02))
   :snt174 (s174.s / say-01
                   :ARG0 (s174.i / i)
                   :ARG1 (s174.k / know-01
                                 :ARG0 s174.i
                                 :ARG1 (s174.w2 / work-01
                                                :ARG0 (s174.p / person
                                                              :name (s174.n2 / name
                                                                             :op1 "Gabby")
                                                              :same-as s9.p)
                                                :ARG1 (s174.t / think-01
                                                              :ARG0 s174.p
                                                              :ARG1 (s174.i2 / idea
                                                                             :ARG1-of (s174.l / leave-11
                                                                                              :ARG0 s174.p
                                                                                              :ARG1-of (s174.w / want-01
                                                                                                               :ARG0 s174.p)
                                                                                              :prep-with (s174.a / audience
                                                                                                                 :mod (s174.t3 / this)))))
                                                :ARG1-of (s174.h / hard-02
                                                                 :degree (s174.v / very)))
                                 :ARG1-of (s174.c / cause-01
                                                  :ARG0 (s174.s2 / stage
                                                                 :name (s174.t2 / this)
                                                                 :domain s174.t2)))
                   :ARG2 s174.p
                   :rel (s174.n / name
                                :op1 "TED"))
   :snt175 (s175.s / say-01
                   :ARG0 (s175.p / person
                                 :name (s175.n / name
                                               :op1 "GG"))
                   :ARG1 (s175.t / thank-01
                                 :ARG1 (s175.y / you
                                               :same-as s9.p)))
   :snt176 (s176.s / say-01
                   :ARG1 (s176.h / hello)
                   :ARG2 (s176.e / everyone))
   :snt177 (s177.t / thank-01
                   :ARG0 (s177.w / we
                                 :same-as s25.a4)
                   :ARG1 (s177.y / you
                                 :same-as s9.p)
                   :ARG2 (s177.i / invite-01
                                 :ARG0 s177.y
                                 :ARG1 s177.w
                                 :ARG2 (s177.h / here)
                                 :time (s177.t2 / today)))
   :snt178 (s178.c / contrast-01
                   :ARG1 (s178.h2 / haul
                                  :ARG1-of (s178.h / hard-02)
                                  :ARG1-of (s178.l / long-03))
                   :ARG2 (s178.g / get-03
                                 :ARG1 (s178.i / i
                                               :same-as s9.p)
                                 :ARG2 (s178.h3 / have-degree-91
                                                :ARG1 s178.i
                                                :ARG2 (s178.w / well-05
                                                              :ARG1 s178.i)
                                                :ARG3 (s178.m / more))))
   :snt179 (s179.a / and
                   :op1 (s179.w / work-01
                                :ARG0 (s179.i / i
                                              :same-as s9.p)
                                :ARG1-of (s179.h / hard-02))
                   :op2 (s179.t / therapy
                                :quant (s179.l / lot)
                                :example (s179.a2 / and
                                                  :op1 (s179.t2 / therapy
                                                                :mod (s179.s / speak-01))
                                                  :op2 (s179.t3 / therapy
                                                                :mod (s179.p / physical))
                                                  :op3 (s179.y / yoga
                                                               :mod (s179.t4 / too)))))
   :snt180 (s180.c / contrast-01
                   :ARG2 (s180.s2 / strong-02
                                  :ARG1 (s180.s / spirit
                                                :poss (s180.i / i
                                                              :same-as s9.p))
                                  :ARG2-of (s180.h / have-degree-91
                                                   :ARG1 s180.s
                                                   :ARG3 (s180.e / equal)
                                                   :ARG4 (s180.e2 / ever))))
   :snt181 (s181.a / and
                   :op1 (s181.f / fight-01
                                :ARG0 (s181.i / i
                                              :same-as s9.p)
                                :ARG2 (s181.m / make-01
                                              :ARG0 s181.i
                                              :ARG1 (s181.p / place
                                                            :ARG1-of (s181.h / have-degree-91
                                                                             :ARG2 (s181.g / good-02
                                                                                           :ARG1 s181.p)
                                                                             :ARG3 (s181.m2 / more)))
                                              :ARG2 (s181.w / world))
                                :mod (s181.s / still))
                   :op2 (s181.p2 / possible-01
                                 :ARG1 (s181.f2 / fight-01
                                                :ARG0 (s181.y / you)
                                                :mod (s181.t / too))))
   :snt182 (s182.i / involve-01
                   :ARG0 (s182.y / you)
                   :ARG1 (s182.c / community
                                 :poss s182.y)
                   :mode "imperative")
   :snt183 (s183.l / lead-02
                   :ARG0 (s183.y / you)
                   :mode "imperative")
   :snt184 (s184.s / set-02
                   :ARG0 (s184.y / you)
                   :ARG1 (s184.e / example)
                   :mode "imperative")
   :snt185 (s185.p / passionate
                   :domain (s185.y / you)
                   :mode "imperative")
   :snt186 (s186.c / courageous
                   :domain (s186.y / you)
                   :mode "imperative")
   :snt187 (s187.h / have-degree-91
                   :ARG1 (s187.y / you)
                   :ARG2 (s187.g / good-02
                                 :ARG1 s187.y)
                   :ARG3 (s187.m / most)
                   :mode "imperative")
   :snt188 (s188.t / thank-01
                   :ARG0 (s188.i / i)
                   :ARG1 (s188.y / you
                                 :same-as s9.p)
                   :mod (s188.m / much
                                :degree (s188.v / very)))
   :snt189 (s189.t / thank-01
                   :ARG1 (s189.y / you
                                 :same-as s9.p))
   :snt190 (s190.s / say-01
                   :ARG0 (s190.p / person
                                 :name (s190.n / name
                                               :op1 "GG"))
                   :ARG1 (s190.t / thank-01
                                 :ARG1 (s190.y / you
                                               :same-as s9.p)))
   :snt191 (s191.s / say-01
                   :ARG1 (s191.t / thank-01
                                 :ARG0 (s191.i / i
                                               :same-as s9.p)
                                 :ARG1 (s191.e / everybody
                                               :same-as s176.e))
                   :ARG2 s191.e)
   :snt192 (s192.s / say-01
                   :ARG0 (s192.p / person
                                 :name (s192.n / name
                                               :op1 "GG"))
                   :ARG1 (s192.g / goodbye)))

