# ::id doc-691
# ::doc_file doc-691
# ::tok http : / / www . ted . com / talks / kevin_kelly_on_how_technology_evolves< / url> <next_sent> I do n't know about you , but I have n't quite figured out exactly what technology means in my life . <next_sent> I 've spent the past year thinking about what it really should be about . <next_sent> Should I be pro - technology ? <next_sent> Should I embrace it full arms ? <next_sent> Should I be wary ? <next_sent> Like you , I 'm very tempted by the latest thing . <next_sent> But at the other hand , a couple of years ago I gave up all of my possessions , sold all my technology -- except for a bicycle -- and rode across 3,000 miles on the U.S. back roads under the power of my one body , fuelled mostly by Twinkies and junk food . <next_sent> And I 've since then tried to keep technology at arm 's length in many ways , so it does n't master my life . <next_sent> At the same time , I run a website on cool tools , where I issue a daily obsession of the latest things in technology . <next_sent> So I 'm still perplexed about what the true meaning of technology is as it relates to humanity , as it relates to nature , as it relates to the spiritual . <next_sent> And I 'm not even sure we know what technology is . <next_sent> And one definition of technology is that which is first recorded . <next_sent> This is the first example of the modern use of technology that I can find . <next_sent> It was the suggested syllabus for dealing with the Applied Arts and Science at Cambridge University in 1829 . <next_sent> Before that , obviously , technology did n't exist . <next_sent> But obviously it did . <next_sent> I like one of the definitions that Alan Kay has for technology . <next_sent> He says technology is anything that was invented after you were born . <next_sent> So it sums up a lot of what we 're talking about . <next_sent> Danny Hillis actually has an update on that -- he says technology is anything that does n't quite work yet . <next_sent> Which also , I think , gets into a little bit of our current idea . <next_sent> But I was interested in another definition of technology . <next_sent> Something , again , that went back to something more fundamental . <next_sent> Something that was deeper . <next_sent> And as I struggled to understand that , I came up with a way of framing the question that seemed to work for me in my investigations . <next_sent> And I 'm , this morning , going to talk about this for the first time . <next_sent> So this is a very rough attempt to think out loud . <next_sent> The question that I came up with was this question : what does technology want ? <next_sent> And by that , I do n't mean , does it want chocolate or vanilla ? <next_sent> By what it wants , I mean , what are its inherent trends and biases ? <next_sent> What are its tendencies over time ? <next_sent> One way to think about this is thinking about biological organisms , which we 've heard a lot about . <next_sent> And the trick that Richard Dawkins does , which is to say , to look at them as simply as genes , as vehicles for genes . <next_sent> So he 's saying , what do genes want ? <next_sent> The selfish gene . <next_sent> And I 'm applying a similar trick to say , what if we looked at the universe in our culture through the eyes of technology ? <next_sent> What does technology want ? <next_sent> Obviously , this in an incomplete question , just as looking at an organism as only a gene is an incomplete way of looking at it . <next_sent> But it 's still very , very productive . <next_sent> So I 'm attempting to say , if we take technology 's view of the world , what does it want ? <next_sent> And I think once we ask that question we have to go back , actually , to life . <next_sent> Because obviously , if we keep extending the origins of technology far back , I think we come back to life at some point . <next_sent> So that 's where I want to begin my little exploration , is in life . <next_sent> And like you heard from the previous speakers , we do n't really know what life there is on Earth right now . <next_sent> We have really no idea . <next_sent> Craig Venter 's tremendous and brilliant attempt to DNA sequence things in the ocean is great . <next_sent> Brian Farrell 's work is all part of this agenda to try and actually discover all the species on Earth . <next_sent> And one of the things that we should do is just make a grid of the globe and randomly go and inspect all the places that the grid intersects , just to see what 's on life . <next_sent> And if we did that with our little Martian probe , which we have not done on Earth , we would begin to see some incredible species . <next_sent> This is not on another planet . <next_sent> These are things that are hidden away on our planet . <next_sent> This is an ant that stores its colleagues ' honey in its abdomen . <next_sent> Each one of these organisms that we 've described -- that you 've seen from Jamie and others , these magnificent things -- what they 're doing , each one of them , is they 're hacking the rules of life . <next_sent> I ca n't think of a single general principle of biology that does not have an exception somewhere by some organism . <next_sent> Every single thing that we can think of -- and if you heard Olivia 's talk about the sexual habits , you 'll realize that there is n't anything we can say that 's true for all life , because every single one of them is hacking something about it . <next_sent> This is a solar - powered sea slug . <next_sent> It 's a nudibranch that has incorporated chloroplast inside it to drive its energy . <next_sent> This is another version of that . <next_sent> This is a sea dragon , and the one on the bottom , the blue one , is a juvenile that has not yet swallowed the acid , has not yet taken in the brown - green algae pond scum into its body to give it energy . <next_sent> Those are the general approaches to life . <next_sent> That 's one way to look at life on Earth today . <next_sent> But a more interesting way , the current way to take the long view , is to look at it in an evolutionary perspective . <next_sent> And here we have a view of evolution where rather than having evolution go over the linear time , we have it coming out from the center . <next_sent> So in the center is the most primitive , and this is a genealogical chart of all life on earth . <next_sent> This is all the same six kingdoms . <next_sent> You see 4,000 representative species , and you can see where we are . <next_sent> But what I like about this is it shows that every living organism on Earth today is equally evolved . <next_sent> Those fungi and bacteria are as highly evolved as humans . <next_sent> They 've been around just as long and gone through just the same kind of trial and error to get here . <next_sent> But we see that each one of these is actually hacking , and has a different way of finding out how to do life . <next_sent> And if we take the long - term trends of life , if we begin to say , what does evolution want ? <next_sent> There 's several things that we see . <next_sent> One of the things about evolution is that nowhere on Earth have we ever been where we do n't find life . <next_sent> We find life at the bottom of every long - term , long - distance drilling core into the center of rock that we bring up -- and there 's bacteria in the pores of that rock . <next_sent> And wherever life is , it never retreats . <next_sent> It 's ubiquitous and it wants to be more . <next_sent> More and more of the inert matter of the globe is being touched and animated by life . <next_sent> The second thing is is we see diversity . <next_sent> We also see specialization . <next_sent> We see the movement from a gener al-purpose cell to the more specific and specialized . <next_sent> And we see a drift towards complexity that 's very intuitive . <next_sent> And actually , we have current data that does show that there is an actual drift towards complexity over time . <next_sent> And the last thing , I bring back this nudibranch . <next_sent> One of the things we see about life is that it moves from the inner to increasing sociability . <next_sent> And by that it means that there is more and more of life whose entire environment is other life . <next_sent> Like those chloroplast cells -- they 're completely surrounded by other life . <next_sent> They never touch the inner matter . <next_sent> There is more and more co - evolution . <next_sent> And so the general , long - term trends of evolution are roughly these five : ubiquity , diversity , specialization , complexity and socialization . <next_sent> Now , I took that and said , OK , what are the long - term trends in technology ? <next_sent> And again , my question is , what does technology want ? <next_sent> And so , remarkably , I discovered that there 's also a drift toward specialization . <next_sent> That we see there 's a general hammer , and hammers become more and more specific over time . <next_sent> There 's obviously diversity . <next_sent> Huge numbers of things . <next_sent> This is all the contents of a Japanese home . <next_sent> I actually had my daughter -- <next_sent> gave her a tally counter , and I gave her an assignment last summer to go around and count the number of species of technology in our household . <next_sent> And it came up with 6,000 different species of products . <next_sent> I did some research and found out that the King of England , Henry VIII , had only about 7,000 items in his household . <next_sent> And he was the King of England , and that was the entire wealth of England at the time . <next_sent> So we 're seeing huge numbers of diversity in the kinds of things . <next_sent> This is a scene from Star Wars where the 3PO comes out and he sees machines making machines . <next_sent> How depraved ! <next_sent> Well , this is actually what we 're headed towards : world machines . <next_sent> And the technology is only being thrown out by other technologies . <next_sent> Most machines will only ever be in contact with other technology and not non - technology , or even life . <next_sent> And thirdly , the idea that machines are becoming biological and complex is at this point a cliche . <next_sent> And I 'm happy to say , I was partly responsible for that cliche that machines are becoming biological , but that 's pretty evident . <next_sent> So the major trends in technology evolution actually are the same as in biological evolution . <next_sent> The same drives that we see towards ubiquity , towards diversity , towards socialization , towards complexity . <next_sent> That is maybe not a big surprise because if we map out , say , the evolution of armor , you can actually follow a sort of an evolutionary - type cladistic tree . <next_sent> I suggest that , in fact , technology is the seventh kingdom of life . <next_sent> That its operations and how it works is so similar that we can think of it as the seventh kingdom . <next_sent> And so it would be sort of approximately up there , coming out of the animal kingdom . <next_sent> And if we were to do that , we would find out -- <next_sent> we could actually approach technology in this way . <next_sent> This is Niles Eldredge . <next_sent> He was the co - developer with Stephen Jay Gould of the theory of punctuated equilibrium . <next_sent> But as a sideline , he happens to collect cornets . <next_sent> He has one of the world 's largest collections -- about 500 of them . <next_sent> And he has decided to treat them as if they were trilobites , or snails , and to do a morphological analysis , and try to derive their genealogical history over time . <next_sent> This is his chart , which is not quite published yet . <next_sent> But the most interesting aspect about this is that if you look at those red lines at the bottom , those indicate basically a parentage of a type of cornet that was no longer made . <next_sent> That does not happen in biology . <next_sent> When something is extinct , you ca n't have it as your parent . <next_sent> But that does happen in technology . <next_sent> And it turns out that that 's so distinctive that you can actually look at this tree , and you can actually use it to determine that this is a technological system versus a biological system . <next_sent> In fact , this idea of resurrecting the whole idea is so important that I began to think about what happens with old technology . <next_sent> And it turns out that , in fact , technologies do n't die . <next_sent> So I suggested this to an historian of science , and he said , " Well , what about , you know , come on , what about steam cars ? <next_sent> They 're not around anymore . " <next_sent> Well actually , they are . <next_sent> In fact , they 're so around that you can buy new parts for a Stanley steam automobile . <next_sent> And so , I began to think about , well , maybe that 's just a random sample . <next_sent> Maybe I should do this sort of in a more conservative way . <next_sent> So I took the great big 1895 Montgomery Ward 's catalog and I randomly went through it . <next_sent> And I took a page -- <next_sent> not quite a random page -- <next_sent> I took a page that was actually more difficult than others because lots of the pages are filled with things that are still being made . <next_sent> But I took this page and I said , how many of these things are still being made ? <next_sent> And not antiques . <next_sent> I want to know how many of these things are still in production . <next_sent> And the answer is : all of them . <next_sent> All of them are still being produced . <next_sent> So you 've got corn shellers . <next_sent> I do n't know who needs a corn sheller . <next_sent> In fact , you can buy , for 50 bucks , a stone - age knife made exactly the same way that they were made 10,000 years ago . <next_sent> It 's short , bone handle , 50 bucks . <next_sent> And in fact , what 's important is that this information actually never died out . <next_sent> It 's not just that it was resurrected . <next_sent> It 's continued all along . <next_sent> And in Papua New Guinea , they were making stone axes until two decades ago , just as a course of practical matters . <next_sent> Even when we try to get rid of a technology , it 's actually very hard . <next_sent> So we 've all heard about the Amish giving up cars . <next_sent> We 've heard about the Japanese giving up guns . <next_sent> We 've heard about this and that . But I actually went back and took what I could find , the examples in history where there have been prohibitions against technology , and then I tried to find out when they came back in , because they always came back in . And it turns out that the time , the duration of when they were outlawed and prohibited , is decreasing over time . And that basically , you can delay technology , but you ca n't kill it . So this makes sense , because in a certain sense what culture is , is the accumulation of ideas . <next_sent> And when we take that , we take this idea of what culture is doing and add it to what the long - term trajectory -- again , in life 's evolution -- we find that each case -- each of the major transitions in life -- what they 're really about is accelerating and changing the way in which evolution happens . <next_sent> They 're actually changing the way in which ideas are generated . <next_sent> So all these steps in evolution are increasing , basically , the evolution of evolvability . <next_sent> So what 's happening over time in life is that the ways in which you generate these new ideas , these new hacks , are increasing . <next_sent> And the real tricks are ways in which you kind of explore the way of exploring . <next_sent> And then what we see in the singularity , that prophesized by Kurzweil and others -- his idea that technology is accelerating evolution . <next_sent> It 's accelerating the way in which we search for ideas . <next_sent> So if you have life hacking -- life means hacking , the game of survival -- then evolution is a way to extend the game by changing the rules of the game . <next_sent> And what technology is really about is better ways to evolve . <next_sent> That is what we call an " infinite game . " <next_sent> That 's the definition of " infinite game . " <next_sent> A finite game is play to win , and an infinite game is played to keep playing . <next_sent> And I believe that technology is actually a cosmic force . <next_sent> The origins of technology was not in 1829 , but was actually at the beginning of the Big Bang , and at that moment the entire huge billions of stars in the universe were compressed . <next_sent> The entire universe was compressed into a little quantum dot , and it was so tight in there , there was no room for any difference at all . <next_sent> That 's the definition . <next_sent> There was no temperature . <next_sent> There was no difference whatsoever . <next_sent> And at the Big Bang , what it expanded was the potential for difference . <next_sent> So as it expands and as things expand what we have is the potential for differences , diversity , options , choices , opportunities , possibilities and freedoms . <next_sent> Those are all basically the same thing . <next_sent> And those are the things that technology brings us . <next_sent> That 's what technology is bringing us : choices , possibilities , freedoms . <next_sent> That 's what it 's about . <next_sent> It 's this expansion of room to make differences . <next_sent> And so a hammer , when we grab a hammer , that 's what we 're grabbing . <next_sent> And that 's why we continue to grab technology -- <next_sent> because we want those things . <next_sent> Those things are good . <next_sent> Differences , freedom , choices , possibilities . <next_sent> And each time we make a new opportunity place , we 're allowing a platform to make new ones . <next_sent> Imagine Van Gogh being born before the technologies of cheap oil paints . <next_sent> Imagine Hitchcock before the technologies of film . <next_sent> Somewhere , today , there are millions of young children being born whose technology of self - expression has not yet been invented . <next_sent> We have a moral obligation to invent technology so that every person on the globe has the potential to realize their true difference . <next_sent> We want a trillion zillion species of one individuals . <next_sent> That 's what technology really wants . <next_sent> I 'm going to skip through some of the objections because I do n't have answers to why there 's deforestation . <next_sent> Maybe in some ways the fact that what we 're trying to do with technology is find a good home for it . <next_sent> It 's a terrible thing to spray DDT on cotton fields , but it 's a really good thing to use to eliminate millions of cases of death due to malaria in a small village . <next_sent> Our humanity is actually defined by technology . <next_sent> All the things that we think that we really like about humanity is being driven by technology . <next_sent> This is the infinite game . <next_sent> That 's what we 're talking about . <next_sent> You see , technology is a way to evolve the evolution . <next_sent> It 's a way to explore possibilities and opportunities and create more . <next_sent> And it 's actually a way of playing the game , of playing all the games . <next_sent> That 's what technology wants . <next_sent> And so when I think about what technology wants , I think that it has to do with the fact that every person here -- <next_sent> and I really believe this -- <next_sent> every person here has an assignment . <next_sent> And your assignment is to spend your life discovering what your assignment is . <next_sent> That recursive nature is the infinite game . <next_sent> And if you play that well , you 'll have other people involved , so even that game extends and continues even when you 're gone . <next_sent> That is the infinite game . <next_sent> And what technology is is the medium in which we play that infinite game . <next_sent> And so I think that we should embrace technology because it is an essential part of our journey in finding out who we are . <next_sent> Thank you .
(d / document
   :snt1 (s1.u / url-entity
               :topic (s1.t / talk-01
                            :ARG0 (s1.p / person
                                        :name (s1.n / name
                                                    :op1 "i"
                                                    :op1 "narcotic"))))
   :snt2 (s2.c / contrast-01
               :ARG1 (s2.k / know-01
                           :ARG0 (s2.i / i)
                           :ARG1 (s2.a / about
                                       :op1 (s2.y / you))
                           :polarity "-")
               :ARG2 (s2.f / figure-out-05
                           :ARG0 s2.i
                           :ARG1 (s2.t2 / thing
                                        :ARG2-of (s2.m / mean-01
                                                       :ARG1 (s2.t / technology)
                                                       :location (s2.l / live-01
                                                                       :ARG0 s2.i))
                                        :mod (s2.e / exact))
                           :degree (s2.q / quite)
                           :polarity "-"))
   :snt3 (s3.s / spend-02
               :ARG0 (s3.i / i
                           :same-as s2.i)
               :ARG1 (s3.t / temporal-quantity
                           :mod (s3.p / past)
                           :unit (s3.y / year)
                           :quant "1")
               :ARG2 (s3.t3 / think-01
                            :ARG0 s3.i
                            :ARG2 (s3.t2 / thing
                                         :ARG1-of (s3.r2 / recommend-01
                                                         :ARG1-of (s3.r / real-04)
                                                         :ARG2 (s3.i2 / it
                                                                      :same-as s2.t)))))
   :snt4 (s4.r / recommend-01
               :ARG1 (s4.f / favor-01
                           :ARG0 (s4.i / i
                                       :same-as s2.i)
                           :ARG1 (s4.t / technology))
               :polarity (s4.a / amr-unknown))
   :snt5 (s5.r / recommend-01
               :ARG1 (s5.e / embrace-01
                           :ARG0 (s5.i / i
                                       :same-as s2.i)
                           :ARG1 (s5.i2 / it
                                        :same-as s4.t)
                           :manner (s5.a2 / arm
                                          :ARG1-of (s5.f / full-09)))
               :polarity (s5.a / amr-unknown))
   :snt6 (s6.r / recommend-01
               :ARG1 (s6.w / wary
                           :domain (s6.i / i
                                         :same-as s2.i))
               :polarity (s6.a / amr-unknown))
   :snt7 (s7.t / tempt-01
               :ARG0 (s7.t2 / thing
                            :mod (s7.l / last))
               :ARG1 (s7.i / i
                           :same-as s2.i)
               :ARG1-of (s7.r / resemble-01
                              :ARG2 (s7.y / you
                                          :same-as s2.y))
               :degree (s7.v / very))
   :snt8 (s8.c / contrast-01
               :ARG2 (s8.a4 / and
                            :op1 (s8.g / give-up-07
                                       :ARG0 (s8.i / i
                                                   :same-as s2.i)
                                       :ARG1 (s8.t3 / thing
                                                    :ARG1-of (s8.p / possess-01
                                                                   :ARG0 s8.i)
                                                    :mod (s8.a2 / all)))
                            :op2 (s8.s / sell-01
                                       :ARG0 s8.i
                                       :ARG1 (s8.t / technology
                                                   :ARG2-of (s8.e / except-01
                                                                  :ARG1 (s8.b3 / bicycle))
                                                   :mod (s8.a3 / all)
                                                   :poss s8.i))
                            :op3 (s8.r / ride-01
                                       :ARG0 s8.i
                                       :ARG1 (s8.a / across
                                                   :op1 (s8.d / distance-quantity
                                                              :unit (s8.m / mile)
                                                              :quant "3000")
                                                   :path (s8.r2 / road
                                                                :mod (s8.b / back)
                                                                :mod (s8.c3 / country
                                                                            :name (s8.n / name
                                                                                        :op1 "U.S."))))
                                       :ARG1-of (s8.p2 / power-01
                                                       :ARG0 (s8.b4 / body
                                                                    :ARG1-of (s8.f2 / fuel-01
                                                                                    :ARG2 (s8.a5 / and
                                                                                                 :op1 (s8.c2 / cookie)
                                                                                                 :op2 (s8.f / food
                                                                                                            :mod (s8.j / junk)))
                                                                                    :mod (s8.m2 / most))
                                                                    :poss s8.i
                                                                    :quant "1")))
                            :time (s8.b2 / before
                                         :quant (s8.c4 / couple
                                                       :op1 (s8.t2 / temporal-quantity
                                                                   :unit (s8.y / year)
                                                                   :quant "1"))
                                         :op1 (s8.n2 / now))))
   :snt9 (s9.a / and
               :op2 (s9.t3 / try-01
                           :ARG0 (s9.i / i
                                       :same-as s2.i)
                           :ARG0-of (s9.c / cause-01
                                          :ARG1 (s9.m2 / master-01
                                                       :ARG0 (s9.t / technology)
                                                       :ARG1 (s9.l / life
                                                                   :poss s9.i
                                                                   :same-as s2.l)
                                                       :polarity "-"))
                           :ARG1 (s9.k / keep-04
                                       :ARG0 s9.i
                                       :ARG1 s9.t
                                       :ARG2 (s9.l2 / long-03
                                                    :ARG2 (s9.a2 / arm))
                                       :manner (s9.w / way
                                                     :quant (s9.m / many)))
                           :time (s9.s / since
                                       :op1 (s9.t2 / then))))
   :snt10 (s10.r2 / run-01
                  :ARG0 (s10.i / i
                               :same-as s2.i)
                  :ARG1 (s10.w / website
                               :location-of (s10.i2 / issue-01
                                                    :ARG0 s10.i
                                                    :ARG1 (s10.o / obsess-01
                                                                 :ARG0 s10.i
                                                                 :ARG1 (s10.t3 / thing
                                                                               :mod (s10.l / last)
                                                                               :mod (s10.t / technology))
                                                                 :frequency (s10.r / rate-entity-91
                                                                                   :ARG3 (s10.t2 / temporal-quantity
                                                                                                 :unit (s10.d / day)
                                                                                                 :quant "1"))))
                               :topic (s10.t5 / tool
                                              :ARG1-of (s10.c / cool-04)))
                  :time (s10.t4 / time
                                :ARG1-of (s10.s / same-01)))
   :snt11 (s11.p / perplex-01
                 :ARG0 (s11.m / mean-01
                              :ARG1 (s11.t / technology)
                              :ARG1-of (s11.t2 / true-01)
                              :ARG2 (s11.a / and
                                           :op1 (s11.h / humanity)
                                           :op2 (s11.n / nature)
                                           :op3 (s11.s / spiritual)))
                 :ARG1 (s11.i / i
                              :same-as s2.i)
                 :mod (s11.s2 / still))
   :snt12 (s12.a / and
                 :op2 (s12.s / sure-02
                             :ARG0 (s12.i / i
                                          :same-as s2.i)
                             :ARG1 (s12.k / know-01
                                          :ARG0 (s12.w / we)
                                          :ARG1 (s12.t / technology))
                             :mod (s12.e / even)
                             :polarity "-"))
   :snt13 (s13.a / and
                 :op2 (s13.d / define-01
                             :ARG1 (s13.t / technology)
                             :ARG2 (s13.t2 / technology
                                           :ARG1-of (s13.r / record-01
                                                           :ord (s13.o / ordinal-entity
                                                                       :value "1")))
                             :quant "1"))
   :snt14 (s14.t2 / thing
                  :ARG0-of (s14.e / exemplify-01
                                  :ARG1 (s14.u / use-01
                                               :ARG1 (s14.t / technology)
                                               :ARG1-of (s14.m / modern-02)))
                  :ARG1-of (s14.f / find-01
                                  :ARG0 (s14.i / i
                                               :same-as s2.i)
                                  :ARG1-of (s14.p / possible-01))
                  :domain (s14.t3 / this)
                  :ord (s14.o / ordinal-entity
                              :value "1"))
   :snt15 (s15.s2 / syllabus
                  :purpose (s15.d2 / deal-01
                                   :ARG2 (s15.t / thing
                                                :name (s15.n / name
                                                             :op1 "Applied"
                                                             :op2 "Arts"
                                                             :op3 "and"
                                                             :op4 "Science")
                                                :location (s15.u / university
                                                                 :name (s15.n2 / name
                                                                               :op1 "Cambridge"
                                                                               :op2 "University"))))
                  :ARG1-of (s15.s / suggest-01)
                  :time (s15.d / date-entity
                               :year "1829"))
   :snt16 (s16.e / exist-01
                 :ARG1 (s16.t / technology)
                 :ARG1-of (s16.o / obvious-01)
                 :time (s16.b / before
                              :op1 (s16.t2 / that
                                           :same-as s14.t3))
                 :polarity "-")
   :snt17 (s17.c / contrast-01
                 :ARG2 (s17.o / obvious-01
                              :ARG1 (s17.d / do-02
                                           :ARG0 (s17.i / it
                                                        :same-as s16.t))))
   :snt18 (s18.l / like-01
                 :ARG0 (s18.i / i
                              :same-as s2.i)
                 :ARG1 (s18.d / define-01
                              :ARG1-of (s18.i2 / include-91
                                               :ARG2 (s18.d2 / define-01
                                                             :ARG0 (s18.p / person
                                                                          :name (s18.n / name
                                                                                       :op1 "Alan"
                                                                                       :op2 "Kay"))
                                                             :ARG1 (s18.t / technology)))
                              :quant "1"))
   :snt19 (s19.s / say-01
                 :ARG0 (s19.h / he
                              :same-as s18.p)
                 :ARG1 (s19.a2 / anything
                               :ARG1-of (s19.i / invent-01
                                               :time (s19.a / after
                                                            :op1 (s19.b / bear-02
                                                                        :ARG1 (s19.y / you))))
                               :domain (s19.t / technology)))
   :snt20 (s20.c / cause-01
                 :ARG1 (s20.s / sum-up-01
                              :ARG0 (s20.i / it
                                           :same-as s18.d)
                              :ARG1 (s20.t2 / thing
                                            :quant (s20.l / lot)
                                            :ARG1-of (s20.t / talk-01
                                                            :ARG0 (s20.w / we)))))
   :snt21 (s21.h / have-03
                 :ARG0 (s21.p / person
                              :name (s21.n / name
                                           :op1 "Danny"
                                           :op2 "Hillis"))
                 :ARG1 (s21.u / update-02
                              :ARG0 s21.p
                              :ARG2 (s21.t2 / that
                                            :same-as s18.d)
                              :ARG2 (s21.s / say-01
                                           :ARG0 s21.p
                                           :ARG1 (s21.a2 / anything
                                                         :ARG1-of (s21.w / work-09
                                                                         :degree (s21.q / quite)
                                                                         :time (s21.y / yet)
                                                                         :polarity "-")
                                                         :domain (s21.t / technology))))
                 :ARG1-of (s21.a / actual-02))
   :snt22 (s22.t2 / think-01
                  :ARG0 (s22.i / i
                               :same-as s2.i)
                  :ARG1 (s22.g / get-05
                               :ARG1 (s22.t / thing)
                               :ARG2 (s22.i3 / into
                                             :op1 (s22.b / bit
                                                         :mod (s22.l / little)
                                                         :part-of (s22.i2 / idea
                                                                          :poss (s22.w / we)
                                                                          :time (s22.c / current))))
                               :mod (s22.a / also)))
   :snt23 (s23.c / contrast-01
                 :ARG2 (s23.i2 / interest-01
                               :ARG1 (s23.i / i
                                            :same-as s2.i)
                               :ARG2 (s23.t2 / thing
                                             :ARG2-of (s23.d / define-01
                                                             :ARG1 (s23.t / technology))
                                             :mod (s23.a / another))))
   :snt24 (s24.s / something
                 :ARG1-of (s24.g / go-back-19
                                 :ARG2 (s24.s2 / something
                                               :ARG1-of (s24.h / have-degree-91
                                                               :ARG2 (s24.f / fundamental)
                                                               :ARG3 (s24.m / more)))
                                 :mod (s24.a / again)))
   :snt25 (s25.s / something
                 :ARG1-of (s25.h / have-degree-91
                                 :ARG2 (s25.d / deep-02
                                              :ARG1 s25.s)
                                 :ARG3 (s25.m / more)))
   :snt26 (s26.a / and
                 :op2 (s26.c / come-up-11
                             :ARG0 (s26.i / i
                                          :same-as s2.i)
                             :ARG1 (s26.w / way
                                          :manner-of (s26.f / frame-06
                                                            :ARG0 s26.i
                                                            :ARG1 (s26.q / question
                                                                         :ARG1-of (s26.w2 / work-09
                                                                                          :ARG1-of (s26.s / seem-01
                                                                                                          :ARG2 s26.i)
                                                                                          :ARG2 s26.i
                                                                                          :subevent-of (s26.i2 / investigate-01
                                                                                                               :ARG0 s26.i)))))
                             :time (s26.s2 / struggle-02
                                           :ARG0 s26.i
                                           :ARG1 (s26.u / understand-01
                                                        :ARG0 s26.i
                                                        :ARG1 (s26.t / that
                                                                     :same-as s23.t2)))))
   :snt27 (s27.a / and
                 :op2 (s27.t / talk-01
                             :ARG0 (s27.i / i
                                          :same-as s2.i)
                             :ARG1 (s27.t2 / this)
                             :ord (s27.o / ordinal-entity
                                         :value "1")
                             :time (s27.d / date-entity
                                          :dayperiod (s27.m / morning)
                                          :mod (s27.t3 / today))))
   :snt28 (s28.i / infer-01
                 :ARG1 (s28.a / attempt-01
                              :ARG1 (s28.t / think-01
                                           :manner (s28.l / loud))
                              :ARG1-of (s28.r / rough-04
                                              :degree (s28.v / very))
                              :domain (s28.t2 / this)))
   :snt29 (s29.c / come-up-11
                 :ARG0 (s29.i / i
                              :same-as s2.i)
                 :ARG1 (s29.q / question-01
                              :ARG1 (s29.w / want-01
                                           :ARG0 (s29.t / technology)
                                           :ARG1 (s29.a / amr-unknown))
                              :mod (s29.t2 / this)))
   :snt30 (s30.a2 / and
                  :op2 (s30.m / mean-01
                              :ARG0 (s30.i / i
                                           :same-as s2.i)
                              :ARG1 (s30.t / that
                                           :same-as s29.i)
                              :ARG2 (s30.w / want-01
                                           :ARG0 (s30.i2 / it
                                                         :same-as s29.t)
                                           :ARG1 (s30.a / amr-choice
                                                        :op1 (s30.c / chocolate)
                                                        :op2 (s30.v / vanilla)))
                              :polarity "-"))
   :snt31 (s31.m / mean-01
                 :ARG0 (s31.i / i
                              :same-as s2.i)
                 :ARG1 (s31.t / thing
                              :ARG1-of (s31.w / want-01
                                              :ARG0 (s31.i3 / it
                                                            :same-as s29.t)))
                 :ARG2 (s31.a2 / and
                               :domain (s31.a / amr-unknown)
                               :op1 (s31.t2 / trend
                                            :mod (s31.i2 / inherent)
                                            :poss s31.i3)
                               :op2 (s31.b / bias-01
                                           :ARG1 s31.i3)))
   :snt32 (s32.t / tend-02
                 :ARG1 (s32.i / it
                              :same-as s29.t)
                 :ARG2 (s32.a / amr-unknown)
                 :mod (s32.o / over-time))
   :snt33 (s33.m / manner
                 :ARG1-of (s33.i / include-91
                                 :ARG2 (s33.m2 / manner
                                               :manner-of (s33.t / think-01
                                                                 :ARG1 (s33.t3 / this))))
                 :domain (s33.t2 / think-01
                                 :ARG1 (s33.o / organism
                                              :ARG1-of (s33.h / hear-01
                                                              :quant (s33.l / lot)
                                                              :ARG0 (s33.w / we))
                                              :mod (s33.b / biology))))
   :snt34 (s34.a / and
                 :op2 (s34.t2 / trick
                              :ARG1-of (s34.d / do-02
                                              :ARG0 (s34.p / person
                                                           :name (s34.n / name
                                                                        :op1 "Richard"
                                                                        :op2 "Dawkins")
                                                           :ARG0-of (s34.l / look-01
                                                                           :ARG1 (s34.t / they
                                                                                        :same-as s33.o)
                                                                           :ARG1-of (s34.s / say-01)
                                                                           :ARG1-of (s34.s2 / simple-02)
                                                                           :ARG2 (s34.g / gene)
                                                                           :ARG2 (s34.v / vehicle
                                                                                        :beneficiary s34.g))))))
   :snt35 (s35.s / say-01
                 :ARG0 (s35.h / he
                              :same-as s34.n)
                 :ARG1 (s35.w / want-01
                              :ARG0 (s35.g / gene)
                              :ARG1 (s35.a / amr-unknown)))
   :snt36 (s36.g / gene
                 :mod (s36.s / selfish))
   :snt37 (s37.a2 / and
                  :op2 (s37.a3 / apply-02
                               :purpose (s37.s / say-01
                                               :ARG0 (s37.i / i
                                                            :same-as s2.i)
                                               :ARG1 (s37.h / have-condition-91
                                                            :ARG1 (s37.a / amr-unknown)
                                                            :ARG2 (s37.l / look-01
                                                                         :ARG0 (s37.w / we)
                                                                         :ARG1 (s37.u / universe
                                                                                      :location (s37.c / culture
                                                                                                       :poss s37.w))
                                                                         :manner (s37.t2 / through
                                                                                         :op1 (s37.e / eye
                                                                                                     :poss (s37.t / technology))))))
                               :ARG0 s37.i
                               :ARG1 (s37.t3 / trick-01
                                             :ARG1-of (s37.r / resemble-01))))
   :snt38 (s38.w / want-01
                 :ARG0 (s38.t / technology)
                 :ARG1 (s38.a / amr-unknown))
   :snt39 (s39.e / equal-01
                 :ARG1 (s39.q / question-01
                              :ARG1 (s39.t / this)
                              :ARG1-of (s39.c / complete-02
                                              :polarity "-"))
                 :ARG1-of (s39.o / obvious-01)
                 :ARG2 (s39.l / look-01
                              :ARG1 (s39.o3 / organism)
                              :ARG1-of (s39.r / resemble-01
                                              :ARG2 (s39.g / gene
                                                           :mod (s39.o2 / only)))
                              :mod (s39.w / way
                                          :ARG1-of (s39.c2 / complete-02)
                                          :manner-of (s39.l2 / look-01
                                                             :ARG1 s39.o3))))
   :snt40 (s40.c / contrast-01
                 :ARG2 (s40.p / productive-03
                              :ARG0 (s40.i / it
                                           :same-as s37.t3)
                              :degree (s40.v / very)
                              :mod (s40.s / still)))
   :snt41 (s41.c / cause-01
                 :ARG1 (s41.a2 / attempt-01
                               :ARG0 (s41.i / i
                                            :same-as s2.i)
                               :ARG1 (s41.s / say-01
                                            :ARG0 s41.i
                                            :ARG1 (s41.w / want-01
                                                         :ARG0 (s41.t2 / technology)
                                                         :ARG1 (s41.a / amr-unknown)
                                                         :condition (s41.t / take-01
                                                                           :ARG0 (s41.w2 / we)
                                                                           :ARG1 (s41.v / view-01
                                                                                        :ARG0 s41.t2
                                                                                        :ARG1 (s41.w3 / world)))))))
   :snt42 (s42.a2 / and
                  :op2 (s42.t2 / think-01
                               :ARG0 (s42.i / i
                                            :same-as s2.i)
                               :ARG1 (s42.o / obligate-01
                                            :ARG1 (s42.w / we)
                                            :ARG2 (s42.g / go-back-19
                                                         :ARG1 s42.w
                                                         :ARG1-of (s42.a / actual-02)
                                                         :ARG2 (s42.l / life))
                                            :time (s42.a3 / ask-01
                                                          :ARG1 (s42.q / question-01
                                                                       :ARG0 s42.w
                                                                       :ARG1 (s42.t / that)
                                                                       :same-as s39.t)))))
   :snt43 (s43.c / cause-01
                 :ARG0 (s43.t2 / think-01
                               :ARG0 (s43.i / i
                                            :same-as s2.i)
                               :ARG1 (s43.c2 / come-01
                                             :ARG1 (s43.w / we)
                                             :ARG4 (s43.l / life)
                                             :direction (s43.b2 / back)
                                             :time (s43.p / point
                                                          :mod (s43.s / some)))
                               :condition (s43.k / keep-02
                                                 :ARG0 s43.w
                                                 :ARG1 (s43.e / extend-01
                                                              :ARG1 (s43.o2 / originate-01
                                                                            :ARG0 s43.w
                                                                            :ARG1 (s43.t / technology))
                                                              :ARG2 (s43.f / far
                                                                           :direction (s43.b / back)))))
                 :ARG1-of (s43.o / obvious-01))
   :snt44 (s44.c / cause-01
                 :ARG1 (s44.w / want-01
                              :ARG0 (s44.i / i
                                           :same-as s2.i)
                              :ARG1 (s44.b / begin-01
                                           :ARG0 s44.i
                                           :ARG1 (s44.e / explore-01
                                                        :ARG0 s44.i
                                                        :location (s44.l / life)
                                                        :mod (s44.l2 / little)))))
   :snt45 (s45.a / and
                 :op2 (s45.k / know-01
                             :ARG0 (s45.w / we)
                             :ARG1 (s45.t / thing
                                          :ARG1-of (s45.l / live-01
                                                          :location (s45.p2 / planet
                                                                            :name (s45.n / name
                                                                                         :op1 "Earth"))))
                             :ARG1-of (s45.r / real-04)
                             :ARG1-of (s45.r2 / resemble-01
                                              :ARG2 (s45.h / hear-01
                                                           :ARG0 (s45.y / you)
                                                           :ARG2 (s45.p / person
                                                                        :ARG0-of (s45.s / speak-01
                                                                                        :time (s45.p3 / previous)))))
                             :time (s45.n2 / now
                                           :mod (s45.r3 / right))
                             :polarity "-"))
   :snt46 (s46.h / have-03
                 :ARG0 (s46.w / we)
                 :ARG1 (s46.i / idea
                              :ARG1-of (s46.r / real-04))
                 :polarity "-")
   :snt47 (s47.g / great
                 :domain (s47.a / attempt-01
                                :ARG0 (s47.p / person
                                             :name (s47.n / name
                                                          :op1 "Craig"
                                                          :op2 "Venter"))
                                :ARG1 (s47.s / sequence-01
                                             :ARG0 s47.p
                                             :ARG1 (s47.t / thing)
                                             :ARG2 (s47.n3 / nucleic-acid
                                                           :name (s47.n2 / name
                                                                         :op1 "DNA"))
                                             :location (s47.o / ocean))
                                :ARG1-of (s47.b / brilliant-01)
                                :mod (s47.t2 / tremendous)))
   :snt48 (s48.h / have-part-91
                 :ARG1 (s48.a2 / agenda
                               :consist-of (s48.t2 / try-01
                                                   :ARG1 (s48.d / discover-01
                                                                :ARG1 (s48.s / species
                                                                             :location (s48.p2 / planet
                                                                                               :name (s48.n2 / name
                                                                                                             :op1 "Earth")
                                                                                               :same-as s45.p2)
                                                                             :mod (s48.a4 / all))
                                                                :ARG1-of (s48.a / actual-02)))
                               :mod (s48.t / this))
                 :ARG2 (s48.w / work-01
                              :ARG0 (s48.p / person
                                           :name (s48.n / name
                                                        :op1 "Brian"
                                                        :op2 "Farrell"))
                              :mod (s48.a3 / all)))
   :snt49 (s49.a2 / and
                  :op2 (s49.i / include-91
                              :ARG1 (s49.a3 / and
                                            :purpose (s49.i2 / inspect-01
                                                             :ARG0 (s49.w / we)
                                                             :ARG1 (s49.p / place
                                                                          :ARG1-of (s49.i3 / intersect-01
                                                                                           :ARG0 (s49.g3 / grid
                                                                                                         :consist-of (s49.g / globe)))
                                                                          :mod (s49.a / all)))
                                            :op1 (s49.m / make-01
                                                        :ARG0 s49.w
                                                        :ARG1 s49.g3
                                                        :mod (s49.j / just
                                                                    :purpose (s49.s / see-01
                                                                                    :ARG1 (s49.t2 / thing
                                                                                                  :location (s49.l / life)))
                                                                    :ARG0-of s49.s))
                                            :op2 (s49.g2 / go-02
                                                         :ARG0 s49.w
                                                         :manner (s49.r / random)))
                              :ARG2 (s49.t / thing
                                           :ARG1-of (s49.r2 / recommend-01))))
   :snt50 (s50.a / and
                 :op2 (s50.b / begin-01
                             :ARG0 (s50.w / we
                                          :same-as s49.w)
                             :ARG1 (s50.s / see-01
                                          :ARG0 s50.w
                                          :ARG1 (s50.s3 / species
                                                        :quant (s50.s2 / some)
                                                        :mod (s50.i / incredible)))
                             :condition (s50.d / do-02
                                               :ARG0 s50.w
                                               :ARG1 (s50.t / that)
                                               :instrument (s50.p3 / probe
                                                                   :ARG1-of (s50.d2 / do-02
                                                                                    :ARG0 s50.w
                                                                                    :location (s50.p2 / planet
                                                                                                      :name (s50.n2 / name
                                                                                                                    :op1 "Earth")
                                                                                                      :same-as s45.p2)
                                                                                    :polarity "-")
                                                                   :mod (s50.p / planet
                                                                               :name (s50.n / name
                                                                                            :op1 "Mars"))
                                                                   :mod (s50.l / little)
                                                                   :poss s50.w))))
   :snt51 (s51.b / be-located-at-91
                 :ARG1 (s51.t / this
                              :same-as s50.s3)
                 :ARG2 (s51.p / planet
                              :mod (s51.a / another))
                 :polarity "-")
   :snt52 (s52.t / thing
                 :ARG1-of (s52.h / hide-01
                                 :location (s52.p / planet
                                                  :poss (s52.w / we)
                                                  :same-as s45.p2)
                                 :mod (s52.a / away))
                 :domain (s52.t2 / this
                                 :same-as s50.s3))
   :snt53 (s53.a2 / ant
                  :ARG0-of (s53.s / store-01
                                  :ARG1 (s53.h2 / honey
                                                :poss (s53.p / person
                                                             :ARG0-of (s53.h / have-rel-role-91
                                                                             :ARG2 (s53.c / colleague))))
                                  :location (s53.a / abdomen))
                  :mod (s53.t / this)
                  :part s53.a
                  :ARG1-of s53.h)
   :snt54 (s54.h / hack-04
                 :ARG0 (s54.o / organism
                              :ARG1-of (s54.i / include-91
                                              :ARG2 (s54.o2 / organism
                                                            :ARG1-of (s54.d / describe-01
                                                                            :ARG0 (s54.w / we
                                                                                         :same-as s49.w))
                                                            :ARG1-of (s54.s / see-01
                                                                            :ARG0 (s54.y / you)
                                                                            :source (s54.a / and
                                                                                           :op1 (s54.p / person
                                                                                                       :name (s54.n / name
                                                                                                                    :op1 "Jamie"))
                                                                                           :op2 (s54.o3 / other)))
                                                            :mod (s54.t2 / this)))
                              :mod (s54.e / each)
                              :mod (s54.t / thing
                                          :mod (s54.m / magnificent)
                                          :mod (s54.t3 / this)
                                          :same-as s50.s3))
                 :ARG1 (s54.r / rule-01
                              :ARG1 (s54.l / life)))
   :snt55 (s55.p / possible-01
                 :ARG1 (s55.t / think-01
                              :ARG0 (s55.i / i
                                           :same-as s2.i)
                              :ARG1 (s55.p2 / principle
                                            :ARG0-of (s55.e / except-01
                                                            :ARG1 (s55.o / organism
                                                                         :mod (s55.s2 / some))
                                                            :location (s55.s3 / somewhere)
                                                            :polarity "-")
                                            :ARG1-of (s55.g / general-02)
                                            :ARG1-of (s55.s / single-02)
                                            :mod (s55.b / biology)))
                 :polarity "-")
   :snt56 (s56.a2 / and
                  :op1 (s56.t3 / thing
                               :ARG1-of (s56.s3 / single-02)
                               :ARG1-of (s56.t4 / think-01
                                                :ARG0 (s56.w / we)
                                                :ARG1-of (s56.p2 / possible-01))
                               :mod (s56.e / every))
                  :op2 (s56.r / realize-01
                              :ARG0 (s56.y / you)
                              :ARG1 (s56.p3 / possible-01
                                            :ARG1 (s56.s / say-01
                                                         :ARG0 s56.w
                                                         :ARG1 (s56.a3 / anything
                                                                       :ARG1-of (s56.t5 / true-01
                                                                                        :ARG2 (s56.l / life
                                                                                                     :mod (s56.a / all)))))
                                            :polarity "-")
                              :ARG1-of (s56.c / cause-01
                                              :ARG0 (s56.h2 / hack-04
                                                            :ARG0 (s56.o / one
                                                                         :ARG1-of (s56.s4 / single-02)
                                                                         :ARG3-of (s56.i / include-91
                                                                                         :ARG2 (s56.t2 / they
                                                                                                       :same-as s56.l))
                                                                         :mod (s56.e2 / every))
                                                            :ARG1 (s56.s5 / something)
                                                            :topic (s56.h / habit
                                                                          :mod (s56.s2 / sex-01))))
                              :condition (s56.h3 / hear-01
                                                 :ARG0 s56.y
                                                 :ARG1 (s56.t / talk-01
                                                              :ARG0 (s56.p / person
                                                                           :name (s56.n / name
                                                                                        :op1 "Olivia"))
                                                              :ARG1 s56.h))))
   :snt57 (s57.s2 / slug
                  :ARG1-of (s57.p / power-01
                                  :ARG0 (s57.s3 / solar))
                  :domain (s57.t / this)
                  :mod (s57.s / sea))
   :snt58 (s58.n / nudibranch
                 :ARG0-of (s58.i / incorporate-02
                                 :purpose (s58.d / drive-02
                                                 :ARG1 (s58.e / energy))
                                 :ARG0-of s58.d
                                 :ARG1 (s58.c / chloroplast
                                              :location (s58.i2 / inside
                                                                :op1 (s58.i3 / it
                                                                             :same-as s57.t))))
                 :domain s58.i3
                 :poss-of s58.e)
   :snt59 (s59.v / version
                 :domain (s59.t2 / this)
                 :mod (s59.a / another)
                 :mod (s59.t / that))
   :snt60 (s60.a3 / and
                  :op1 (s60.d / dragon
                              :domain (s60.t2 / this
                                              :same-as s59.t2)
                              :mod (s60.s2 / sea))
                  :op2 (s60.d2 / dragon
                               :ARG0-of (s60.s3 / swallow-01
                                                :ARG1 (s60.a / acid)
                                                :time (s60.y / yet
                                                             :ARG0-of (s60.t / take-01
                                                                             :purpose (s60.g / give-01
                                                                                             :ARG1 (s60.e / energy)
                                                                                             :ARG2 (s60.j / juvenile))
                                                                             :ARG1 (s60.s / scum
                                                                                          :ARG1-of (s60.g2 / green-02)
                                                                                          :mod (s60.p / pond)
                                                                                          :mod (s60.a2 / algae)
                                                                                          :mod (s60.r / Brown))
                                                                             :destination (s60.b2 / body
                                                                                                  :poss s60.d2)
                                                                             :time (s60.y2 / yet)
                                                                             :polarity "-"))
                                                :polarity "-")
                               :location (s60.b3 / bottom)
                               :mod (s60.b / blue)
                               :mod s60.j))
   :snt61 (s61.a / approach-02
                 :ARG1 (s61.l / life)
                 :ARG1-of (s61.g / general-02)
                 :ARG2 (s61.t / that))
   :snt62 (s62.m / manner
                 :ARG1-of (s62.i / include-91
                                 :ARG2 (s62.m2 / manner
                                               :manner-of (s62.l2 / look-01
                                                                  :ARG1 (s62.l / life
                                                                               :location (s62.p / planet
                                                                                                :name (s62.n / name
                                                                                                             :op1 "Earth")
                                                                                                :same-as s45.p2)
                                                                               :time (s62.t2 / today)))))
                 :domain (s62.t / that
                                :same-as s61.t))
   :snt63 (s63.c / contrast-01
                 :ARG2 (s63.w / way
                              :ARG1-of (s63.h / have-degree-91
                                              :ARG2 (s63.i / interest-01
                                                           :ARG1 s63.w)
                                              :ARG3 (s63.m / more))
                              :domain (s63.l2 / look-01
                                              :ARG1 (s63.i2 / it
                                                            :same-as s62.l)
                                              :manner (s63.p / perspective
                                                             :mod (s63.e / evolution)))
                              :manner-of (s63.t / take-01
                                                :ARG1 (s63.v / view
                                                             :ARG1-of (s63.l / long-03))
                                                :time (s63.c2 / current))))
   :snt64 (s64.a / and
                 :op2 (s64.h / have-03
                             :ARG0 (s64.w / we)
                             :ARG1 (s64.v / view-01
                                          :ARG1 (s64.e / evolve-01)
                                          :location-of (s64.h2 / have-03
                                                               :ARG0 s64.w
                                                               :ARG1 (s64.c2 / come-01
                                                                             :ARG1 s64.e
                                                                             :ARG3 (s64.c / center))
                                                               :ARG1-of (s64.i / instead-of-91
                                                                               :ARG2 (s64.g / go-01
                                                                                            :ARG1 s64.e
                                                                                            :path (s64.o / over
                                                                                                         :op1 (s64.t / time
                                                                                                                     :mod (s64.l / linear)))))))
                             :location (s64.h3 / here)))
   :snt65 (s65.i / infer-01
                 :ARG1 (s65.a2 / and
                               :op1 (s65.b / be-located-at-91
                                           :ARG1 (s65.p2 / primitive
                                                         :ARG2-of (s65.h / have-degree-91
                                                                         :ARG3 (s65.m / most)))
                                           :ARG2 (s65.c / center
                                                        :same-as s64.c))
                               :op2 (s65.c2 / chart
                                            :domain (s65.t / this)
                                            :mod (s65.g / gene)
                                            :topic (s65.l / life
                                                          :location (s65.p / planet
                                                                           :name (s65.n / name
                                                                                        :op1 "Earth")
                                                                           :same-as s45.p2)
                                                          :mod (s65.a / all)
                                                          :same-as s56.l))))
   :snt66 (s66.k / kingdom
                 :ARG1-of (s66.s / same-01)
                 :domain (s66.t / this
                                :mod (s66.a / all)
                                :same-as s65.t)
                 :quant "6")
   :snt67 (s67.a / and
                 :op1 (s67.s / see-01
                             :ARG0 (s67.y / you)
                             :ARG1 (s67.s3 / species
                                           :ARG0-of (s67.r / represent-01)
                                           :quant "4000"))
                 :op2 (s67.p / possible-01
                             :ARG1 (s67.s2 / see-01
                                           :ARG0 s67.y
                                           :ARG1 (s67.b / be-located-at-91
                                                        :ARG1 (s67.w / we)))))
   :snt68 (s68.c / contrast-01
                 :ARG2 (s68.l / like-01
                              :ARG0 (s68.i / i
                                           :same-as s2.i)
                              :ARG1 (s68.s / show-01
                                           :ARG0 (s68.t / this
                                                        :same-as s65.t)
                                           :ARG1 (s68.e3 / evolve-01
                                                         :ARG1 (s68.o / organism
                                                                      :ARG0-of (s68.l2 / live-01)
                                                                      :location (s68.p / planet
                                                                                       :name (s68.n / name
                                                                                                    :op1 "Earth"))
                                                                      :mod (s68.e2 / every)
                                                                      :time (s68.t2 / today))
                                                         :ARG3-of (s68.e / equal-01)))
                              :topic s68.t))
   :snt69 (s69.h / have-degree-91
                 :ARG1 (s69.a / and
                              :mod (s69.t / that)
                              :op1 (s69.f / fungus)
                              :op2 (s69.b / bacterium))
                 :ARG2 (s69.e2 / evolve-01
                               :ARG1 s69.a
                               :degree (s69.h2 / high-02))
                 :ARG3 (s69.e / equal)
                 :ARG4 (s69.h3 / human))
   :snt70 (s70.a / and
                 :op1 (s70.b / be-located-at-91
                             :ARG1 (s70.t / they
                                          :same-as s69.a)
                             :ARG1-of (s70.l / long-03
                                             :ARG2-of (s70.h / have-degree-91
                                                             :ARG1 s70.t
                                                             :ARG3 (s70.e / equal
                                                                          :mod (s70.j / just))))
                             :ARG2 (s70.a3 / around))
                 :op2 (s70.g2 / go-through-20
                              :purpose (s70.g / get-05
                                              :ARG1 s70.t
                                              :ARG2 (s70.h2 / here))
                              :ARG0 s70.t
                              :ARG1 (s70.a2 / and
                                            :ARG1-of (s70.s / same-01
                                                            :mod s70.j)
                                            :op1 (s70.t2 / try-01
                                                         :mod (s70.k / kind))
                                            :op2 (s70.e2 / err-01
                                                         :mod (s70.k2 / kind)))))
   :snt71 (s71.c / contrast-01
                 :ARG2 (s71.s / see-01
                              :ARG0 (s71.w2 / we)
                              :ARG1 (s71.a2 / and
                                            :op1 (s71.h / hack-04
                                                        :ARG0 (s71.p / person
                                                                     :ARG1-of (s71.i / include-91
                                                                                     :ARG2 (s71.t2 / this
                                                                                                   :same-as s69.a))
                                                                     :mod (s71.e / each))
                                                        :ARG1-of (s71.a / actual-02))
                                            :op2 (s71.h2 / have-03
                                                         :ARG0 s71.p
                                                         :ARG1 (s71.w / way
                                                                      :ARG1-of (s71.d / differ-02)
                                                                      :manner-of (s71.f / find-out-03
                                                                                        :ARG0 s71.p
                                                                                        :ARG1 (s71.t / thing
                                                                                                     :manner-of (s71.d2 / do-02
                                                                                                                        :ARG0 s71.p
                                                                                                                        :ARG1 (s71.l / life)))))))))
   :snt72 (s72.a2 / and
                  :op2 (s72.h / have-condition-91
                              :ARG2 (s72.a3 / and
                                            :op1 (s72.t / take-01
                                                        :ARG0 (s72.w2 / we)
                                                        :ARG1 (s72.t3 / trend
                                                                      :mod (s72.t2 / term
                                                                                   :ARG1-of (s72.l2 / long-03))
                                                                      :mod (s72.l / life)))
                                            :op2 (s72.b / begin-01
                                                        :ARG0 s72.w2
                                                        :ARG1 (s72.s / say-01
                                                                     :ARG0 s72.w2
                                                                     :ARG1 (s72.w / want-01
                                                                                  :ARG0 (s72.e / evolve-01)
                                                                                  :ARG1 (s72.a / amr-unknown)))))))
   :snt73 (s73.t / thing
                 :quant (s73.s2 / several)
                 :ARG1-of (s73.s / see-01
                                 :ARG0 (s73.w / we)))
   :snt74 (s74.i / include-91
                 :ARG1 (s74.b / be-located-at-91
                              :ARG1 (s74.l2 / location
                                            :location-of (s74.f / find-01
                                                                :ARG0 (s74.w / we)
                                                                :ARG1 (s74.l / life)
                                                                :polarity "-"))
                              :ARG1 s74.w
                              :ARG2 (s74.p / planet
                                           :name (s74.n / name
                                                        :op1 "Earth")
                                           :same-as s45.p2)
                              :time (s74.e / ever)
                              :polarity "-")
                 :ARG2 (s74.t / thing
                              :topic (s74.e2 / evolve-01)))
   :snt75 (s75.a / and
                 :op1 (s75.f / find-01
                             :ARG0 (s75.w / we)
                             :ARG1 (s75.l / life)
                             :location (s75.b2 / bottom
                                               :part-of (s75.c2 / core
                                                                :ARG2-of (s75.d2 / drill-01
                                                                                 :duration (s75.d / distance
                                                                                                  :ARG1-of (s75.l2 / long-03)))
                                                                :direction (s75.c / center
                                                                                  :part-of (s75.r / rock
                                                                                                  :ARG1-of (s75.b3 / bring-up-02
                                                                                                                   :ARG0 s75.w)
                                                                                                  :part (s75.p / pore)))
                                                                :mod (s75.e / every))))
                 :op2 (s75.b / bacterium
                             :location s75.p))
   :snt76 (s76.a / and
                 :op2 (s76.r / retreat-01
                             :ARG1 (s76.l / life)
                             :location (s76.l2 / location)
                             :time (s76.e / ever)
                             :polarity "-"))
   :snt77 (s77.a / and
                 :op1 (s77.u / ubiquitous
                             :domain (s77.i / it
                                            :same-as s76.l))
                 :op2 (s77.w / want-01
                             :ARG0 s77.i
                             :ARG1 (s77.m / more
                                          :domain s77.i)))
   :snt78 (s78.a / and
                 :op1 (s78.t / touch-01
                             :ARG0 (s78.l / life)
                             :ARG1 (s78.m / matter
                                          :quant (s78.n / number
                                                        :ARG1-of (s78.i / increase-01))
                                          :mod (s78.c / conscious
                                                      :polarity "-")
                                          :poss (s78.g / globe
                                                       :same-as s49.g)))
                 :op2 (s78.i2 / inflate-01
                              :ARG0 s78.l
                              :ARG1 s78.m))
   :snt79 (s79.s / see-01
                 :ARG0 (s79.w / we)
                 :ARG1 (s79.d / diversity)
                 :ord (s79.o / ordinal-entity
                             :value "2"))
   :snt80 (s80.s / see-01
                 :ARG0 (s80.w / we)
                 :ARG1 (s80.s2 / specialize-01)
                 :mod (s80.a / also))
   :snt81 (s81.s / see-01
                 :ARG0 (s81.w / we)
                 :ARG1 (s81.m2 / move-01
                               :ARG2 (s81.c2 / cell
                                             :ARG1-of (s81.h / have-degree-91
                                                             :ARG2 (s81.a / and
                                                                          :op1 (s81.s3 / specific-02
                                                                                       :ARG1 s81.c2)
                                                                          :op2 (s81.s2 / specialize-01
                                                                                       :ARG1 s81.c2))
                                                             :ARG3 (s81.m / more)))
                               :source (s81.c / cell
                                              :ARG1-of (s81.h2 / have-purpose-91
                                                               :mod (s81.g / general)))))
   :snt82 (s82.a / and
                 :op2 (s82.s / see-01
                             :ARG0 (s82.w / we)
                             :ARG1 (s82.d / drift-01
                                          :ARG4 (s82.c / complexity
                                                       :mod (s82.i / intuitive
                                                                   :degree (s82.v / very))))))
   :snt83 (s83.a2 / and
                  :op2 (s83.h / have-03
                              :ARG0 (s83.w / we)
                              :ARG1 (s83.d / data
                                           :ARG0-of (s83.s / show-01
                                                           :ARG1 (s83.d2 / drift-01
                                                                         :ARG4 (s83.c / complexity)
                                                                         :mod (s83.o / over-time)))
                                           :time (s83.c2 / current))
                              :ARG1-of (s83.a / actual-02
                                              :ARG1 s83.d2)))
   :snt84 (s84.a / and
                 :op2 (s84.b2 / bring-01
                              :ARG0 (s84.i / i
                                           :same-as s2.i)
                              :ARG1 (s84.n / nudibranch
                                           :mod (s84.t2 / this))
                              :direction (s84.b / back)
                              :mod (s84.t / thing
                                          :mod (s84.l / last))))
   :snt85 (s85.i / include-91
                 :ARG1 (s85.m / move-01
                              :ARG0 (s85.l / life)
                              :ARG2 (s85.i2 / increase-01
                                            :ARG1 (s85.s2 / social-03))
                              :source (s85.i3 / inner))
                 :ARG2 (s85.t / thing
                              :ARG1-of (s85.s / see-01
                                              :ARG0 (s85.w / we))
                              :topic s85.l))
   :snt86 (s86.a / and
                 :op2 (s86.m / mean-01
                             :ARG1 (s86.t / that
                                          :same-as s85.m)
                             :ARG2 (s86.l / life
                                          :quant (s86.n / number
                                                        :ARG1-of (s86.i / increase-01))
                                          :poss-of (s86.e2 / environment
                                                           :domain (s86.l2 / life
                                                                           :mod (s86.o / other))
                                                           :mod (s86.e / entire)))))
   :snt87 (s87.s / surround-01
                 :ARG1 (s87.l / life
                              :mod (s87.o / other))
                 :ARG1-of (s87.c3 / complete-02)
                 :ARG2 (s87.c / cell
                              :mod (s87.c2 / chloroplast)
                              :mod (s87.t / that))
                 :rel (s87.r / resemble-01
                             :ARG2 s87.c))
   :snt88 (s88.t2 / touch-01
                  :ARG0 (s88.t / they
                               :same-as s87.c)
                  :ARG1 (s88.m / matter
                               :mod (s88.i / inner))
                  :time (s88.e / ever)
                  :polarity "-")
   :snt89 (s89.e / evolve-01
                 :quant (s89.n / number
                               :ARG1-of (s89.i / increase-01)))
   :snt90 (s90.a / and
                 :op2 (s90.c / cause-01
                             :ARG1 (s90.t3 / trend-01
                                           :ARG1 (s90.e / evolve-01)
                                           :ARG1-of (s90.l / long-03)
                                           :ARG1-of (s90.g / general-02)
                                           :ARG1-of (s90.r / rough-04)
                                           :ARG2 (s90.t / thing
                                                        :domain (s90.a2 / and
                                                                        :op1 (s90.u / ubiquity)
                                                                        :op2 (s90.d / diversity)
                                                                        :op3 (s90.s2 / specialize-01)
                                                                        :op4 (s90.c2 / complexity)
                                                                        :op5 (s90.s / socialize-02))
                                                        :mod (s90.t2 / this)
                                                        :quant "5"))))
   :snt91 (s91.a2 / and
                  :op1 (s91.t / take-01
                              :ARG0 (s91.i / i
                                           :same-as s2.i)
                              :ARG1 (s91.t3 / that))
                  :op2 (s91.s / say-01
                              :ARG0 s91.i
                              :ARG1 (s91.t4 / trend-01
                                            :ARG1 (s91.a / amr-unknown)
                                            :ARG1-of (s91.l / long-03)
                                            :ARG1-of (s91.o / okay-01)
                                            :mod (s91.t2 / technology)))
                  :time (s91.n / now))
   :snt92 (s92.a3 / and
                  :op2 (s92.q / question-01
                              :ARG0 (s92.i / i
                                           :same-as s2.i)
                              :ARG1 (s92.w / want-01
                                           :ARG0 (s92.t / technology)
                                           :ARG1 (s92.a2 / amr-unknown))
                              :mod (s92.a / again)))
   :snt93 (s93.a2 / and
                  :op2 (s93.d / discover-01
                              :ARG0 (s93.i / i
                                           :same-as s2.i)
                              :ARG1 (s93.d2 / drift-01
                                            :ARG4 (s93.s / specialize-01)
                                            :mod (s93.a / also))
                              :ARG1-of (s93.r / remarkable-02)))
   :snt94 (s94.a / and
                 :op1 (s94.s / see-01
                             :ARG0 (s94.w / we)
                             :ARG1 (s94.h / hammer
                                          :ARG1-of (s94.g / general-02)))
                 :op2 (s94.b / become-01
                             :ARG1 (s94.h2 / hammer)
                             :ARG2 (s94.s2 / specific-02
                                           :ARG1 s94.h2
                                           :ARG1-of (s94.i / increase-01))
                             :mod (s94.o / over-time)))
   :snt95 (s95.d / diversity
                 :ARG1-of (s95.o / obvious-01))
   :snt96 (s96.n / number
                 :mod (s96.h / huge)
                 :quant-of (s96.t / thing))
   :snt97 (s97.t / thing
                 :ARG1-of (s97.c / contain-01
                                 :ARG0 (s97.h / home
                                              :mod (s97.c2 / country
                                                           :name (s97.n / name
                                                                        :op1 "Japan"))))
                 :domain (s97.t2 / this
                                 :mod (s97.a / all)))
   :snt98 (s98.h / have-05
                 :ARG0 (s98.i / i
                              :same-as s2.i)
                 :ARG1 (s98.p / person
                              :ARG0-of (s98.h2 / have-rel-role-91
                                               :ARG1 s98.i
                                               :ARG2 (s98.d / daughter)))
                 :ARG1-of (s98.a / actual-02))
   :snt99 (s99.a / and
                 :op1 (s99.g / give-01
                             :ARG0 (s99.i / i
                                          :same-as s2.i)
                             :ARG1 (s99.c2 / counter
                                           :instrument-of (s99.t / tally-01))
                             :ARG2 (s99.s / she
                                          :same-as s98.p))
                 :op2 (s99.a3 / assign-01
                              :ARG0 s99.i
                              :ARG1 (s99.g2 / go-02
                                            :purpose (s99.c / count-01
                                                            :ARG0 s99.s
                                                            :ARG1 (s99.n / number
                                                                         :quant-of (s99.s2 / species
                                                                                           :location (s99.h / household
                                                                                                            :poss (s99.w / we))
                                                                                           :mod (s99.t2 / technology))))
                                            :ARG0 s99.s
                                            :ARG1 (s99.a2 / around))
                              :ARG2 s99.s
                              :time (s99.d / date-entity
                                           :season (s99.s3 / summer
                                                           :mod (s99.l / last)))))
   :snt100 (s100.a / and
                   :op2 (s100.c / come-up-11
                                :ARG0 (s100.i / it
                                              :same-as s99.c2)
                                :ARG1 (s100.s / species
                                              :ARG1-of (s100.d / differ-02)
                                              :mod (s100.p / product)
                                              :quant "6000")))
   :snt101 (s101.a2 / and
                    :op1 (s101.r / research-01
                                 :quant (s101.s / some)
                                 :ARG0 (s101.i / i
                                               :same-as s2.i))
                    :op2 (s101.f / find-out-03
                                 :ARG0 s101.i
                                 :ARG1 (s101.h / have-03
                                               :ARG0 (s101.p / person
                                                             :name (s101.n2 / name
                                                                            :op1 "Henry"
                                                                            :op2 "VIII"))
                                               :ARG1 (s101.i2 / item
                                                              :quant (s101.a / about
                                                                             :op1 "7000")
                                                              :mod (s101.o / only))
                                               :location (s101.h2 / household
                                                                  :poss s101.p)))
                    :rel (s101.k / king
                                 :mod (s101.c / country
                                              :name (s101.n / name
                                                            :op1 "England"))))
   :snt102 (s102.a / and
                   :op2 (s102.a2 / and
                                 :op1 (s102.h / have-org-role-91
                                              :ARG0 (s102.h2 / he
                                                             :same-as s101.k)
                                              :ARG1 (s102.c / country
                                                            :name (s102.n / name
                                                                          :op1 "England")
                                                            :same-as s101.c)
                                              :ARG2 (s102.k / king))
                                 :op2 (s102.w / wealth
                                              :mod (s102.e / entire)
                                              :poss s102.c
                                              :time (s102.t / time))))
   :snt103 (s103.s / see-01
                   :ARG0 (s103.w / we)
                   :ARG1 (s103.d / diversity
                                 :quant (s103.n / number
                                                :mod (s103.h / huge))
                                 :domain (s103.t / thing
                                                 :mod (s103.k / kind))))
   :snt104 (s104.s / scene
                   :domain (s104.t / this)
                   :location-of (s104.a / and
                                        :op1 (s104.c / come-out-09
                                                     :ARG1 (s104.p / product
                                                                   :name (s104.n2 / name
                                                                                  :op1 "3PO")))
                                        :op2 (s104.s2 / see-01
                                                      :ARG0 s104.p
                                                      :ARG1 (s104.m2 / make-01
                                                                     :ARG1 (s104.m / machine))))
                   :part-of (s104.b / book
                                    :name (s104.n / name
                                                  :op1 "Star"
                                                  :op2 "Wars")))
   :snt105 (s105.d / depraved
                   :degree (s105.s / so))
   :snt106 (s106.h / head-02
                   :ARG0 (s106.w / we)
                   :ARG1-of (s106.a / actual-02)
                   :direction (s106.t / this
                                      :ARG1-of (s106.m2 / mean-01
                                                        :ARG2 (s106.m / machine
                                                                      :mod (s106.w3 / world))))
                   :mod (s106.w2 / well))
   :snt107 (s107.a / and
                   :op2 (s107.t3 / throw-out-06
                                 :ARG0 (s107.t2 / technology
                                                :mod (s107.o2 / other))
                                 :ARG1 (s107.t / technology)
                                 :mod (s107.o / only)))
   :snt108 (s108.a / and
                   :op1 (s108.c / contact-01
                                :ARG0 (s108.m / machine
                                              :mod (s108.m2 / most))
                                :ARG1 (s108.t / technology
                                              :mod (s108.o3 / other))
                                :mod (s108.o / only)
                                :time (s108.e2 / ever))
                   :op2 (s108.c2 / contact-01
                                 :ARG0 s108.m
                                 :ARG1 (s108.o2 / or
                                                :op1 (s108.t2 / technology
                                                              :polarity "-")
                                                :op2 (s108.l / life
                                                             :mod (s108.e / even)))
                                 :polarity "-"))
   :snt109 (s109.a / and
                   :op2 (s109.c / cliche
                                :domain (s109.i / idea
                                                :topic (s109.b / become-01
                                                               :ARG1 (s109.m / machine)
                                                               :ARG2 (s109.a2 / and
                                                                              :op1 (s109.b2 / biology)
                                                                              :op2 (s109.c2 / complex))))
                                :time (s109.p / point
                                              :mod (s109.t / this)))
                   :li "3")
   :snt110 (s110.a / and
                   :op2 (s110.h / happy-01
                                :ARG0 (s110.s / say-01
                                              :ARG0 (s110.i / i
                                                            :same-as s2.i)
                                              :ARG1 (s110.r / responsible-01
                                                            :ARG0 s110.i
                                                            :ARG1 (s110.c / cliche
                                                                          :topic (s110.b / become-01
                                                                                         :ARG1 (s110.m / machine)
                                                                                         :ARG2 (s110.b2 / biology)))
                                                            :ARG1-of (s110.c2 / contrast-01
                                                                              :ARG2 (s110.e / evidence-01
                                                                                            :ARG1 s110.b
                                                                                            :degree (s110.p2 / pretty)))
                                                            :degree (s110.p / part)))
                                :ARG1 s110.i))
   :snt111 (s111.i / infer-01
                   :ARG1 (s111.s / same-01
                                 :ARG1 (s111.t2 / trend
                                                :ARG1-of (s111.m / major-02)
                                                :mod (s111.e / evolve-01
                                                             :ARG1 (s111.t / technology)))
                                 :ARG1-of (s111.a / actual-02)
                                 :ARG2 (s111.e2 / evolve-01
                                                :ARG1 (s111.b / biology))))
   :snt112 (s112.d2 / drive-02
                    :ARG1-of (s112.s / same-01
                                     :ARG2 (s112.d3 / drive-02
                                                    :ARG1-of (s112.s2 / see-01
                                                                      :ARG0 (s112.w / we))
                                                    :ARG2 (s112.a / and
                                                                  :op1 (s112.u / ubiquity)
                                                                  :op2 (s112.d / diversity)
                                                                  :op3 (s112.s3 / socialize-02)
                                                                  :op4 (s112.c / complexity))))
                    :same-as s111.t2)
   :snt113 (s113.p / possible-01
                   :ARG1 (s113.s3 / surprise-01
                                  :ARG0 (s113.t / that)
                                  :mod (s113.b / big)
                                  :polarity "-")
                   :ARG1-of (s113.c / cause-01
                                    :ARG0 (s113.p2 / possible-01
                                                   :ARG1 (s113.f / follow-02
                                                                 :ARG0 (s113.y / you)
                                                                 :ARG1 (s113.t2 / tree
                                                                                :mod (s113.c2 / cladistic)
                                                                                :mod (s113.t3 / type
                                                                                              :mod (s113.e / evolution))
                                                                                :mod (s113.s2 / sort)))
                                                   :ARG1-of (s113.a / actual-02)
                                                   :condition (s113.m / map-01
                                                                      :ARG0 (s113.w / we)
                                                                      :ARG1 (s113.e2 / evolve-01
                                                                                     :ARG1 (s113.a2 / armor-01)
                                                                                     :ARG1-of (s113.s / say-01))))))
   :snt114 (s114.s / suggest-01
                   :ARG0 (s114.i / i
                                 :same-as s2.i)
                   :ARG1 (s114.k / kingdom
                                 :domain (s114.t / technology)
                                 :mod (s114.i2 / in-fact)
                                 :ord (s114.o / ordinal-entity
                                              :value "7")
                                 :part-of (s114.l / life)))
   :snt115 (s115.h / have-degree-91
                   :ARG1 (s115.a / and
                                 :op1 (s115.o / operate-01
                                              :ARG0 (s115.i / it
                                                            :same-as s114.t))
                                 :op2 (s115.t / thing
                                              :manner-of (s115.w2 / work-09
                                                                  :ARG1 s115.i)))
                   :ARG2 (s115.r / resemble-01
                                 :ARG1 s115.a)
                   :ARG3 (s115.s / so)
                   :ARG6 (s115.p / possible-01
                                 :ARG1 (s115.t2 / think-01
                                                :ARG0 (s115.w / we)
                                                :ARG1 s115.i
                                                :ARG2 (s115.k / kingdom
                                                              :ord (s115.o2 / ordinal-entity
                                                                            :value "7")))))
   :snt116 (s116.a / and
                   :op2 (s116.t / there
                                :ARG1-of (s116.u / up-03)
                                :domain (s116.i / it
                                                :ARG1-of (s116.c / come-01
                                                                 :ARG3 (s116.k / kingdom
                                                                               :mod (s116.a2 / animal)))
                                                :same-as s114.t)
                                :mod (s116.a3 / approximately
                                              :degree (s116.s / sort-of))))
   :snt117 (s117.a / and
                   :op1 (s117.f / find-out-03
                                :ARG0 (s117.w / we)
                                :condition (s117.d / do-02
                                                   :ARG0 s117.w
                                                   :ARG1 (s117.t / that))))
   :snt118 (s118.p / possible-01
                   :ARG1 (s118.a2 / approach-02
                                  :ARG0 (s118.w2 / we)
                                  :ARG1 (s118.t / technology)
                                  :ARG1-of (s118.a / actual-02)
                                  :manner (s118.w / way
                                                  :mod (s118.t2 / this))))
   :snt119 (s119.p / person
                   :name (s119.n / name
                                 :op1 "Niles"
                                 :op2 "Eldredge")
                   :domain (s119.t / this
                                   :same-as s2.i))
   :snt120 (s120.p / person
                   :ARG0-of (s120.d / develop-02
                                    :ARG1 (s120.t / theory
                                                  :mod (s120.e / equilibrium
                                                               :ARG1-of (s120.p3 / puncture-01)))
                                    :ARG3 (s120.p2 / person
                                                   :name (s120.n / name
                                                                 :op1 "Stephen"
                                                                 :op2 "Jay"
                                                                 :op3 "Gould")))
                   :domain (s120.h / he
                                   :same-as s119.n))
   :snt121 (s121.c2 / contrast-01
                    :ARG2 (s121.h / happen-02
                                  :ARG1 (s121.c / collect-01
                                                :ARG0 (s121.h2 / he
                                                               :same-as s119.n)
                                                :ARG1 (s121.p / peanut)
                                                :ARG3 (s121.s / sideline))))
   :snt122 (s122.h / have-03
                   :ARG0 (s122.h3 / he
                                  :same-as s119.n)
                   :ARG1 (s122.c / collect-01
                                 :quant (s122.a / about
                                                :op1 "500")
                                 :ARG1-of (s122.i / include-91
                                                  :ARG2 (s122.c2 / collect-01
                                                                 :ARG1-of (s122.h2 / have-degree-91
                                                                                   :ARG2 (s122.l / large)
                                                                                   :ARG3 (s122.m / most)
                                                                                   :ARG5 (s122.w / world
                                                                                                 :same-as s49.g))))))
   :snt123 (s123.a2 / and
                    :op2 (s123.d / decide-01
                                 :ARG0 (s123.h / he
                                               :same-as s119.n)
                                 :ARG1 (s123.a3 / and
                                                :op1 (s123.t2 / treat-01
                                                              :ARG0 s123.h
                                                              :ARG1 (s123.t / they
                                                                            :same-as s121.p)
                                                              :ARG2 (s123.o2 / or
                                                                             :op1 (s123.o / Tony)
                                                                             :op2 (s123.s / snail)))
                                                :op2 (s123.d3 / do-02
                                                              :ARG0 s123.h
                                                              :ARG1 (s123.a / analyze-01
                                                                            :ARG0 s123.h
                                                                            :ARG1 (s123.g2 / geometry)))
                                                :op3 (s123.t3 / try-01
                                                              :ARG0 s123.h
                                                              :ARG1 (s123.d2 / derive-01
                                                                             :ARG0 s123.h
                                                                             :ARG1 (s123.h2 / history
                                                                                            :mod (s123.g / gene)
                                                                                            :poss s123.t)
                                                                             :mod (s123.o3 / over-time))))))
   :snt124 (s124.c / chart
                   :ARG1-of (s124.p / publish-01
                                    :degree (s124.q / quite)
                                    :time (s124.y / yet)
                                    :polarity "-")
                   :domain (s124.t / this)
                   :poss (s124.h / he
                                 :same-as s119.n))
   :snt125 (s125.c / contrast-01
                   :ARG2 (s125.a / aspect
                                 :ARG1-of (s125.h / have-degree-91
                                                  :ARG2 (s125.i2 / interest-01
                                                                 :ARG2 s125.a)
                                                  :ARG3 (s125.m2 / most))
                                 :domain (s125.i / indicate-01
                                                 :ARG1 (s125.h2 / have-rel-role-91
                                                                :ARG1 (s125.c2 / cornet
                                                                               :ARG1-of (s125.m / make-01
                                                                                                :time (s125.n / no-longer))
                                                                               :mod (s125.t2 / type))
                                                                :ARG2 (s125.p / parent))
                                                 :condition (s125.l2 / look-01
                                                                     :ARG0 (s125.y / you)
                                                                     :ARG1 (s125.l / line
                                                                                   :ARG1-of (s125.r / red-02)
                                                                                   :location (s125.b2 / bottom)))
                                                 :mod (s125.b / basic))
                                 :ARG0-of s125.i
                                 :topic (s125.t / this
                                                :same-as s124.t)))
   :snt126 (s126.b / be-located-at-91
                   :ARG1 (s126.t / that)
                   :ARG2 (s126.b2 / biology)
                   :polarity "-")
   :snt127 (s127.p2 / possible-01
                    :ARG1 (s127.h / have-03
                                  :ARG0 (s127.y / you
                                                :ARG0-of (s127.h2 / have-rel-role-91
                                                                  :ARG2 (s127.p / parent))
                                                :ARG1-of s127.h2)
                                  :ARG1 (s127.s / something))
                    :condition (s127.e / extinct
                                       :domain s127.s)
                    :polarity "-")
   :snt128 (s128.c / contrast-01
                   :ARG2 (s128.e / event
                                 :domain (s128.t2 / that
                                                  :same-as s126.t)
                                 :mod (s128.t / technology)))
   :snt129 (s129.a2 / and
                    :op2 (s129.t6 / turn-out-11
                                  :ARG1 (s129.h / have-degree-91
                                                :ARG1 (s129.t2 / that
                                                               :same-as s126.t)
                                                :ARG2 (s129.d2 / distinguish-01
                                                               :ARG1 s129.t2)
                                                :ARG3 (s129.s / so)
                                                :ARG6 (s129.p / possible-01
                                                              :ARG1 (s129.l / look-01
                                                                            :ARG0 (s129.y / you)
                                                                            :ARG1 (s129.t5 / tree
                                                                                           :mod (s129.t3 / this)
                                                                                           :same-as s124.t)
                                                                            :ARG1-of (s129.a / actual-02
                                                                                             :ARG1 (s129.u / use-01
                                                                                                           :ARG0 s129.y
                                                                                                           :ARG1 s129.t5
                                                                                                           :ARG2 (s129.d / determine-01
                                                                                                                         :ARG0 s129.y
                                                                                                                         :ARG1 (s129.c / contrast-01
                                                                                                                                       :ARG1 (s129.s2 / system
                                                                                                                                                      :domain (s129.t4 / this)
                                                                                                                                                      :mod (s129.t / technology))
                                                                                                                                       :ARG2 (s129.s3 / system
                                                                                                                                                      :mod (s129.b / biology))))))))))
                    :op2 (s129.p2 / possible-01
                                  :ARG1 s129.u))
   :snt130 (s130.h / have-degree-91
                   :ARG1 (s130.i2 / idea
                                  :mod (s130.t3 / this)
                                  :topic (s130.r / resurrect-01
                                                 :ARG1 (s130.i3 / idea
                                                                :mod (s130.w / whole))))
                   :ARG2 (s130.i4 / important-01
                                  :ARG1 s130.i2)
                   :ARG3 (s130.s / so)
                   :ARG6 (s130.b / begin-01
                                 :ARG0 (s130.i / i
                                               :same-as s2.i)
                                 :ARG1 (s130.t2 / think-01
                                                :ARG0 s130.i
                                                :ARG1 (s130.e / event
                                                              :topic (s130.t / technology
                                                                             :mod (s130.o / old)))))
                   :mod (s130.i5 / in-fact))
   :snt131 (s131.a / and
                   :op2 (s131.t2 / turn-out-11
                                 :ARG1 (s131.d / die-01
                                               :ARG1 (s131.t / technology)
                                               :polarity "-")
                                 :mod (s131.i / in-fact)))
   :snt132 (s132.a2 / and
                    :op1 (s132.s4 / suggest-01
                                  :ARG0 (s132.i / i
                                                :same-as s2.i)
                                  :ARG1 (s132.t / this)
                                  :ARG2 (s132.p / person
                                                :ARG0-of (s132.h / have-org-role-91
                                                                 :ARG2 (s132.h2 / historian
                                                                                :mod (s132.s2 / science)))))
                    :op2 (s132.s / say-01
                                 :ARG0 s132.p
                                 :ARG1 (s132.a / amr-unknown
                                               :ARG1-of (s132.c2 / come-on-25
                                                                 :ARG1-of (s132.k / know-01
                                                                                  :ARG0 (s132.y / you)))
                                               :topic (s132.c / car
                                                              :mod (s132.s3 / steam)))))
   :snt133 (s133.b / be-located-at-91
                   :ARG1 (s133.t / they
                                 :same-as s132.c)
                   :ARG2 (s133.a2 / around)
                   :time (s133.a / anymore)
                   :polarity "-")
   :snt134 (s134.t / they
                   :ARG1-of (s134.a / actual-02)
                   :mod (s134.w / well)
                   :same-as s132.c)
   :snt135 (s135.h / have-degree-91
                   :ARG1 (s135.t / they
                                 :same-as s132.c)
                   :ARG2 (s135.a / around)
                   :ARG3 (s135.s / so)
                   :ARG6 (s135.p2 / possible-01
                                  :ARG1 (s135.b / buy-01
                                                :ARG0 (s135.y / you)
                                                :ARG1 (s135.p / part
                                                              :purpose (s135.a2 / automobile
                                                                                :mod (s135.s2 / steam)
                                                                                :mod (s135.c / company
                                                                                             :name (s135.n / name
                                                                                                           :op1 "Stanley")))
                                                              :ARG1-of (s135.n2 / new-01))))
                   :mod (s135.i / in-fact))
   :snt136 (s136.a / and
                   :mod (s136.s2 / so)
                   :op1 (s136.b / begin-01
                                :ARG0 (s136.i / i
                                              :same-as s2.i)
                                :ARG1 (s136.t3 / think-01
                                               :ARG0 s136.i
                                               :ARG1 (s136.p / possible-01
                                                             :ARG1 (s136.t2 / thing
                                                                            :ARG2-of (s136.s / sample-01)
                                                                            :domain (s136.t / that)
                                                                            :mod (s136.r / random)
                                                                            :mod (s136.j / just))))))
   :snt137 (s137.p / possible-01
                   :ARG1 (s137.r / recommend-01
                                 :ARG1 (s137.d / do-02
                                               :ARG0 (s137.i / i
                                                             :same-as s2.i)
                                               :ARG1 (s137.t / this
                                                             :mod (s137.s / sort))
                                               :manner (s137.w / way
                                                               :ARG1-of (s137.h / have-degree-91
                                                                                :ARG2 (s137.c / conservative)
                                                                                :ARG3 (s137.m / more))))
                                 :ARG2 s137.i))
   :snt138 (s138.a / and
                   :op1 (s138.t / take-01
                                :ARG0 (s138.i / i
                                              :same-as s2.i)
                                :ARG1 (s138.c / catalog
                                              :mod (s138.b / big)
                                              :source (s138.c2 / company
                                                               :name (s138.n / name
                                                                             :op1 "Montgomery"
                                                                             :op2 "Ward"))
                                              :time (s138.d / date-entity
                                                            :year "1895")))
                   :op2 (s138.g / go-02
                                :ARG0 s138.c
                                :ARG1 (s138.g2 / go-through-20
                                               :ARG0 s138.i
                                               :ARG1 s138.c)
                                :manner (s138.r / random))
                   :rel (s138.g3 / great))
   :snt139 (s139.a / and
                   :op2 (s139.t / take-01
                                :ARG0 (s139.i / i
                                              :same-as s2.i)
                                :ARG1 (s139.p / page)))
   :snt140 (s140.p / page
                   :mod (s140.r / random
                                :degree (s140.q / quite)
                                :polarity "-"))
   :snt141 (s141.t / take-01
                   :ARG0 (s141.i / i
                                 :same-as s2.i)
                   :ARG1 (s141.p / page
                                 :ARG1-of (s141.h / have-degree-91
                                                  :ARG1-of (s141.c / cause-01
                                                                   :ARG0 (s141.f / fill-01
                                                                                 :ARG1 (s141.p2 / page
                                                                                                :quant (s141.l / lot))
                                                                                 :ARG2 (s141.t2 / thing
                                                                                                :ARG1-of (s141.m / make-01
                                                                                                                 :mod (s141.s / still)))))
                                                  :ARG2 (s141.d / difficult
                                                                :ARG1-of (s141.a / actual-02))
                                                  :ARG3 (s141.m2 / more)
                                                  :ARG4 (s141.o / other))))
   :snt142 (s142.c / contrast-01
                   :ARG2 (s142.a2 / and
                                  :op1 (s142.t / take-01
                                               :ARG0 (s142.i / i
                                                             :same-as s2.i)
                                               :ARG1 (s142.p / page
                                                             :mod (s142.t4 / this)
                                                             :same-as s141.p))
                                  :op2 (s142.s / say-01
                                               :ARG0 s142.i
                                               :ARG1 (s142.t2 / thing
                                                              :quant (s142.a / amr-unknown)
                                                              :ARG1-of (s142.i2 / include-91
                                                                                :ARG2 (s142.t3 / thing
                                                                                               :mod (s142.t5 / this)
                                                                                               :same-as s141.t2))
                                                              :ARG1-of (s142.m / make-01
                                                                               :mod (s142.s2 / still))))))
   :snt143 (s143.a / and
                   :op2 (s143.a2 / article
                                 :mod (s143.e / Jew)
                                 :polarity "-"))
   :snt144 (s144.w / want-01
                   :ARG0 (s144.i / i
                                 :same-as s2.i)
                   :ARG1 (s144.k / know-01
                                 :ARG0 s144.i
                                 :ARG1 (s144.t / thing
                                               :quant-of (s144.t2 / thing
                                                                  :ARG1-of (s144.i2 / include-91
                                                                                    :ARG2 (s144.t3 / thing
                                                                                                   :mod (s144.t4 / this)
                                                                                                   :same-as s141.t2))
                                                                  :ARG1-of (s144.p / produce-01
                                                                                   :mod (s144.s / still))))))
   :snt145 (s145.a2 / and
                    :op2 (s145.a3 / answer-01
                                  :ARG2 (s145.t / they
                                                :mod (s145.a / all))))
   :snt146 (s146.p / produce-01
                   :ARG1 (s146.t / they
                                 :mod (s146.a / all)
                                 :same-as s145.t)
                   :mod (s146.s / still))
   :snt147 (s147.i / infer-01
                   :ARG1 (s147.h / have-03
                                 :ARG0 (s147.y / you)
                                 :ARG1 (s147.s / shell
                                               :mod (s147.c / corn))))
   :snt148 (s148.k / know-01
                   :ARG0 (s148.i / i
                                 :same-as s2.i)
                   :ARG1 (s148.p / person
                                 :ARG0-of (s148.n / need-01
                                                  :ARG1 (s148.s / she
                                                                :purpose (s148.c / corn))))
                   :polarity "-")
   :snt149 (s149.p / possible-01
                   :ARG1 (s149.b2 / buy-01
                                  :ARG0 (s149.y2 / you)
                                  :ARG1 (s149.k / knife
                                                :ARG1-of (s149.m / make-01
                                                                 :ARG1-of (s149.s / same-01
                                                                                  :ARG2 (s149.m2 / make-01
                                                                                                 :ARG1 s149.k
                                                                                                 :time (s149.b / before
                                                                                                               :quant (s149.t / temporal-quantity
                                                                                                                              :unit (s149.y / year)
                                                                                                                              :quant "10000")
                                                                                                               :op1 (s149.n / now)))
                                                                                  :mod (s149.e / exact)))
                                                :mod (s149.a / age
                                                             :mod (s149.s2 / stone)))
                                  :ARG3 (s149.m3 / monetary-quantity
                                                 :unit (s149.d / dollar)
                                                 :quant "50"))
                   :mod (s149.i / in-fact))
   :snt150 (s150.s / short-07
                   :ARG1 (s150.i / it
                                 :mod (s150.h / handle
                                              :mod (s150.b / bone))
                                 :mod (s150.m / monetary-quantity
                                              :unit (s150.d / dollar)
                                              :quant "50")
                                 :same-as s149.k))
   :snt151 (s151.a2 / and
                    :op2 (s151.i / important-01
                                 :ARG1 (s151.d / die-out-03
                                               :ARG1 (s151.i3 / information
                                                              :mod (s151.t / this))
                                               :ARG1-of (s151.a / actual-02)
                                               :time (s151.e / ever)
                                               :polarity "-")
                                 :mod (s151.i2 / in-fact)))
   :snt152 (s152.r / resurrect-01
                   :ARG1 (s152.i / it
                                 :same-as s151.i3)
                   :mod (s152.j / just
                                :polarity "-"))
   :snt153 (s153.c / continue-01
                   :ARG1 (s153.i / it
                                 :same-as s151.i3)
                   :duration (s153.a / all-along))
   :snt154 (s154.a / and
                   :op2 (s154.m / make-01
                                :purpose (s154.c2 / course
                                                  :mod (s154.j / just)
                                                  :mod (s154.m2 / matter
                                                                :ARG1-of (s154.p / practical-02)))
                                :ARG0 (s154.t2 / they)
                                :ARG1 (s154.s / shovel
                                              :consist-of (s154.s2 / stone))
                                :location (s154.c / country
                                                  :name (s154.n / name
                                                                :op1 "Papua"
                                                                :op2 "New"
                                                                :op3 "Guinea"))
                                :time (s154.u / until
                                              :op1 (s154.b / before
                                                           :quant (s154.t / temporal-quantity
                                                                          :unit (s154.d / decade)
                                                                          :quant "2")
                                                           :op1 (s154.n2 / now)))))
   :snt155 (s155.h / hard-02
                   :ARG1 (s155.r / rid-01
                                 :ARG0 (s155.w / we)
                                 :ARG1 (s155.t / technology))
                   :ARG1-of (s155.a / actual-02)
                   :concession (s155.e / even-when
                                       :op1 (s155.t2 / try-01
                                                     :ARG0 s155.w
                                                     :ARG1 s155.r))
                   :degree (s155.v / very))
   :snt156 (s156.c2 / cause-01
                    :ARG1 (s156.h / hear-01
                                  :ARG0 (s156.w / we
                                                :mod (s156.a / all))
                                  :ARG1 (s156.g / give-up-07
                                                :ARG0 (s156.r / religious-group
                                                              :name (s156.n / name
                                                                            :op1 "Amish"))
                                                :ARG1 (s156.c / car))))
   :snt157 (s157.h / hear-01
                   :ARG0 (s157.w / we)
                   :ARG1 (s157.g / give-up-07
                                 :ARG0 (s157.p / person
                                               :mod (s157.c / country
                                                            :name (s157.n / name
                                                                          :op1 "Japan")))
                                 :ARG1 (s157.g2 / gun)))
   :snt158 (s158.a7 / and
                    :op1 (s158.h / hear-01
                                 :ARG0 (s158.w / we)
                                 :ARG1 (s158.a4 / and
                                                :op1 (s158.t8 / this)
                                                :op2 (s158.t4 / that)))
                    :op2 (s158.c6 / contrast-01
                                  :ARG2 (s158.a5 / and
                                                 :op1 (s158.g / go-back-19
                                                              :ARG1 (s158.i / i
                                                                            :same-as s2.i)
                                                              :ARG1-of (s158.a2 / actual-02))
                                                 :op2 (s158.t / take-01
                                                              :ARG0 s158.i
                                                              :ARG1 (s158.t7 / thing
                                                                             :ARG0-of (s158.e / exemplify-01
                                                                                              :ARG1 (s158.p4 / prohibit-01
                                                                                                             :ARG1 (s158.t2 / technology))
                                                                                              :time (s158.h2 / history))
                                                                             :ARG1-of (s158.f / find-01
                                                                                              :ARG0 s158.i
                                                                                              :ARG1-of (s158.p / possible-01)))))
                                  :ARG2 (s158.a6 / and
                                                 :op2 (s158.t12 / try-01
                                                                :ARG0 s158.i
                                                                :ARG1 (s158.f2 / find-out-03
                                                                               :ARG0 s158.i
                                                                               :ARG1 (s158.t10 / time
                                                                                               :time-of (s158.c4 / come-01
                                                                                                                 :ARG1 (s158.t6 / they
                                                                                                                                :same-as s158.p4)
                                                                                                                 :ARG1-of (s158.c / cause-01)
                                                                                                                 :ARG4 (s158.b / back))))
                                                                :time (s158.t5 / then)))
                                  :op1-of s158.a6)
                    :op3 (s158.t13 / turn-out-11
                                   :ARG1 (s158.d / decrease-01
                                                 :ARG1 (s158.t11 / time
                                                                 :ARG1-of (s158.m / mean-01
                                                                                  :ARG2 (s158.d3 / duration
                                                                                                 :poss (s158.a8 / and
                                                                                                                :op1 (s158.o / outlaw-01
                                                                                                                             :ARG1 s158.t6)
                                                                                                                :op2 (s158.p5 / prohibit-01
                                                                                                                              :ARG1 s158.t6)))))
                                                 :mod (s158.o2 / over-time)))
                    :op4 (s158.c7 / contrast-01
                                  :ARG1 (s158.p2 / possible-01
                                                 :ARG1 (s158.d2 / delay-01
                                                                :ARG0 (s158.y / you)
                                                                :ARG1 (s158.t3 / technology)))
                                  :ARG2 (s158.p3 / possible-01
                                                 :ARG1 (s158.k / kill-01
                                                               :ARG0 s158.y
                                                               :ARG1 s158.t3)
                                                 :polarity "-")
                                  :mod (s158.b3 / basic))
                    :op5 (s158.s2 / sense-02
                                  :ARG1 (s158.t9 / this)
                                  :ARG1-of (s158.c2 / cause-01
                                                    :ARG0 (s158.a / accumulate-01
                                                                  :ARG1 (s158.i2 / idea)
                                                                  :domain (s158.c8 / culture)
                                                                  :mod (s158.s / sense
                                                                               :mod (s158.c3 / certain)))))
                    :rel (s158.c5 / come-01
                                  :ARG1 s158.t6
                                  :ARG4 (s158.b2 / back)
                                  :time (s158.a3 / always)))
   :snt159 (s159.a4 / and
                    :op2 (s159.a5 / and
                                  :op1 (s159.t2 / take-01
                                                :ARG0 (s159.w2 / we)
                                                :ARG1 (s159.i / idea
                                                              :mod (s159.t6 / this)
                                                              :topic (s159.d / do-02
                                                                             :ARG0 (s159.c4 / culture))))
                                  :op2 (s159.a2 / add-02
                                                :ARG0 s159.w2
                                                :ARG1 s159.i
                                                :ARG2 (s159.t5 / thing
                                                               :domain (s159.t7 / trajectory
                                                                                :duration (s159.t3 / term
                                                                                                   :ARG1-of (s159.l2 / long-03)))))
                                  :time (s159.t / take-01
                                                :ARG0 s159.w2
                                                :ARG1 (s159.t4 / that)))
                    :op3 (s159.f / find-01
                                 :ARG0 s159.w2
                                 :ARG1 (s159.c3 / concern-02
                                                :ARG0 (s159.c / case-04
                                                              :ARG1-of (s159.m2 / mean-01
                                                                                :ARG2 (s159.t8 / transition-01
                                                                                               :ARG1-of (s159.m / major-02)
                                                                                               :ARG3 (s159.e3 / evolve-01
                                                                                                              :ARG1 (s159.l / life))
                                                                                               :mod (s159.e2 / each)))
                                                              :mod (s159.e / each))
                                                :ARG1 (s159.a6 / and
                                                               :op1 (s159.a / accelerate-01
                                                                            :ARG0 s159.c
                                                                            :ARG1 (s159.w / way
                                                                                          :manner-of (s159.e4 / evolve-01)))
                                                               :op2 (s159.c2 / change-01
                                                                             :ARG0 s159.c
                                                                             :ARG1 s159.w))
                                                :ARG1-of (s159.r / real-04))
                                 :mod (s159.a3 / again)
                                 :time s159.e3))
   :snt160 (s160.c / change-01
                   :ARG0 (s160.t / they)
                   :ARG1 (s160.w / way
                                 :manner-of (s160.g / generate-01
                                                    :ARG1 (s160.i / idea)))
                   :ARG1-of (s160.a / actual-02))
   :snt161 (s161.i2 / infer-01
                    :ARG1 (s161.i / increase-01
                                  :ARG1 (s161.s / step-01
                                                :mod (s161.t / this)
                                                :mod (s161.a / all)
                                                :part-of (s161.e2 / evolve-01))
                                  :ARG1-of (s161.m / mean-01
                                                   :ARG2 (s161.e3 / evolve-01
                                                                  :ARG2 (s161.p / possible-01
                                                                                :ARG1 (s161.e / evade-01))))
                                  :mod (s161.b / basic)))
   :snt162 (s162.i2 / increase-01
                    :ARG1 (s162.w / way
                                  :manner-of (s162.g / generate-01
                                                     :ARG0 (s162.y / you)
                                                     :ARG1 (s162.i / idea
                                                                   :ARG1-of (s162.n / new-01
                                                                                    :ARG1 (s162.h / hack
                                                                                                  :mod (s162.t / this)))
                                                                   :mod s162.t)))
                    :mod (s162.o / over-time)
                    :time (s162.l / life))
   :snt163 (s163.a / and
                   :op2 (s163.w / way
                                :domain (s163.t / trick-01
                                                :ARG1-of (s163.r / real-04))
                                :manner-of (s163.e / explore-01
                                                   :ARG0 (s163.y / you)
                                                   :ARG1 (s163.w2 / way
                                                                  :manner-of (s163.e2 / explore-01))
                                                   :degree (s163.k / kind-of))))
   :snt164 (s164.a2 / and
                    :op2 (s164.s / see-01
                                 :ARG0 (s164.w / we)
                                 :ARG1 (s164.s2 / singularity
                                                :ARG1-of (s164.p2 / predict-01
                                                                  :ARG0 (s164.a3 / and
                                                                                 :op1 (s164.p / person
                                                                                              :name (s164.n / name
                                                                                                            :op1 "Kurzweil"))
                                                                                 :op2 (s164.o / other))))
                                 :ARG1 (s164.i / idea
                                               :poss s164.p
                                               :topic (s164.a / accelerate-01
                                                              :ARG0 (s164.t / technology)
                                                              :ARG1 (s164.e / evolve-01))))
                    :time (s164.t2 / then))
   :snt165 (s165.a / accelerate-01
                   :ARG0 (s165.i2 / it
                                  :same-as s164.t)
                   :ARG1 (s165.w / way
                                 :manner-of (s165.s / search-01
                                                    :ARG0 (s165.w2 / we)
                                                    :ARG2 (s165.i / idea))))
   :snt166 (s166.i / infer-01
                   :ARG1 (s166.h4 / have-condition-91
                                  :ARG1 (s166.w / way
                                                :domain (s166.e / evolve-01)
                                                :manner-of (s166.e2 / extend-01
                                                                    :ARG1 (s166.g2 / game
                                                                                   :same-as s166.g)
                                                                    :manner (s166.c / change-01
                                                                                    :ARG1 (s166.r / rule
                                                                                                  :poss s166.g2))))
                                  :ARG2 (s166.h3 / have-03
                                                 :ARG0 (s166.y / you)
                                                 :ARG1 (s166.h / hack-04
                                                               :ARG0 (s166.l / life
                                                                             :ARG1-of (s166.m / mean-01
                                                                                              :ARG2 (s166.h2 / hack-04)))
                                                               :mod (s166.g / game
                                                                            :mod (s166.s / survive-01))))))
   :snt167 (s167.a / and
                   :op2 (s167.c / concern-02
                                :ARG0 (s167.t / technology)
                                :ARG1 (s167.w / way
                                              :ARG1-of (s167.h / have-degree-91
                                                               :ARG2 (s167.g / good-02
                                                                             :ARG1 s167.w)
                                                               :ARG3 (s167.m / more))
                                              :manner-of (s167.e / evolve-01))
                                :ARG1-of (s167.r / real-04)))
   :snt168 (s168.c / call-01
                   :ARG0 (s168.w / we)
                   :ARG1 (s168.t / that)
                   :ARG2 (s168.g / game
                                 :mod (s168.i / infinite)))
   :snt169 (s169.d / define-01
                   :ARG1 (s169.g / game
                                 :mod (s169.i / infinite))
                   :ARG2 (s169.t / that))
   :snt170 (s170.a / and
                   :op1 (s170.p / play-01
                                :purpose (s170.w / win-01)
                                :ARG1 (s170.g / game
                                              :mod (s170.f / finite)))
                   :op2 (s170.p2 / play-01
                                 :purpose (s170.k / keep-02
                                                  :ARG0 (s170.g2 / game
                                                                 :mod (s170.i / infinite))
                                                  :ARG1 (s170.p3 / play-01))
                                 :ARG1 s170.g2))
   :snt171 (s171.a2 / and
                    :op2 (s171.b / believe-01
                                 :ARG0 (s171.i / i
                                               :same-as s2.i)
                                 :ARG1 (s171.f / force
                                               :ARG1-of (s171.a / actual-02)
                                               :domain (s171.t / technology)
                                               :mod (s171.c / cosmic))))
   :snt172 (s172.a2 / and
                    :op1 (s172.c2 / contrast-01
                                  :ARG1 (s172.b / be-temporally-at-91
                                                :ARG1 (s172.o / originate-01
                                                              :ARG1 (s172.t / technology))
                                                :ARG2 (s172.d / date-entity
                                                              :year "1829"
                                                              :same-as s15.d)
                                                :polarity "-")
                                  :ARG2 (s172.b2 / begin-01
                                                 :ARG1 (s172.t2 / thing
                                                                :name (s172.n / name
                                                                              :op1 "Big"
                                                                              :op2 "Bang"))
                                                 :ARG1-of (s172.a / actual-02)))
                    :op2 (s172.c / compress-01
                                 :ARG1 (s172.s / star
                                               :quant (s172.m / multiple
                                                              :mod (s172.e / entire)
                                                              :op1 "1000000000")
                                               :location (s172.u / universe))
                                 :time s172.b2)
                    :rel (s172.h / huge))
   :snt173 (s173.a / and
                   :op1 (s173.c / compress-01
                                :ARG1 (s173.u / universe
                                              :mod (s173.e / entire)
                                              :same-as s172.u)
                                :ARG4 (s173.d2 / dot
                                               :mod (s173.q / quantum)
                                               :mod (s173.l / little)))
                   :op2 (s173.h / have-degree-91
                                :ARG1 (s173.i / it
                                              :same-as s172.u)
                                :ARG2 (s173.t / tight-05
                                              :ARG1 s173.i
                                              :location s173.i)
                                :ARG3 (s173.s / so)
                                :ARG6 (s173.r / room
                                              :location-of (s173.d / differ-02)
                                              :mod (s173.a2 / at-all)
                                              :polarity "-")))
   :snt174 (s174.t2 / thing
                    :ARG2-of (s174.d / define-01)
                    :domain (s174.t / that))
   :snt175 (s175.t / temperature
                   :polarity "-")
   :snt176 (s176.d / differ-02
                   :degree (s176.w / whatsoever)
                   :polarity "-")
   :snt177 (s177.a / and
                   :op2 (s177.e / expand-01
                                :ARG0 (s177.p / potential
                                              :prep-for (s177.d / differ-02))
                                :ARG1 (s177.t / thing
                                              :name (s177.n / name
                                                            :op1 "Big"
                                                            :op2 "Bang")
                                              :same-as s172.t2)))
   :snt178 (s178.h / have-03
                   :ARG0 (s178.w / we)
                   :ARG1 (s178.p2 / potential
                                  :prep-for (s178.a2 / and
                                                     :op1 (s178.d / differ-02)
                                                     :op2 (s178.d2 / diversity)
                                                     :op3 (s178.o2 / option)
                                                     :op4 (s178.c / choose-01)
                                                     :op5 (s178.o / opportunity)
                                                     :op6 (s178.p / possible-01)
                                                     :op7 (s178.f / free-04)))
                   :time (s178.a / and
                                 :op1 (s178.e / expand-01
                                              :ARG1 (s178.i / it
                                                            :same-as s172.u))
                                 :op2 (s178.e2 / expand-01
                                               :ARG1 (s178.t / thing))))
   :snt179 (s179.s / same-01
                   :ARG1 (s179.t / that
                                 :mod (s179.a / all)
                                 :same-as s178.a2)
                   :ARG2 (s179.t2 / thing)
                   :mod (s179.b / basic))
   :snt180 (s180.a / and
                   :op2 (s180.t3 / thing
                                 :ARG1-of (s180.b / bring-01
                                                  :ARG0 (s180.t / technology)
                                                  :ARG2 (s180.w / we))
                                 :domain (s180.t2 / that
                                                  :same-as s178.a2)))
   :snt181 (s181.b / bring-01
                   :ARG0 (s181.t / technology)
                   :ARG1 (s181.a / and
                                 :op1 (s181.t2 / thing
                                               :ARG1-of (s181.c / choose-01))
                                 :op2 (s181.t3 / thing
                                               :ARG1-of (s181.p / possible-01))
                                 :op3 (s181.f / free-04
                                              :ARG1 (s181.w / we))
                                 :same-as s178.a2)
                   :ARG2 s181.w)
   :snt182 (s182.c / concern-02
                   :ARG0 (s182.i / it
                                 :same-as s181.t)
                   :ARG1 (s182.t / that
                                 :same-as s178.a2))
   :snt183 (s183.e / expand-01
                   :purpose (s183.m / make-02
                                    :ARG1 (s183.d / differ-02))
                   :ARG0-of s183.m
                   :ARG1 (s183.r / room)
                   :mod (s183.t / this))
   :snt184 (s184.a / and
                   :op2 (s184.g2 / grab-01
                                 :ARG0 (s184.w / we)
                                 :ARG1 (s184.h / hammer)
                                 :time (s184.g / grab-01
                                               :ARG0 s184.w
                                               :ARG1 s184.h)))
   :snt185 (s185.a / and
                   :op2 (s185.c / cause-01
                                :ARG0 (s185.t2 / that)
                                :ARG1 (s185.c2 / continue-01
                                               :ARG0 (s185.w / we)
                                               :ARG1 (s185.g / grab-01
                                                             :ARG0 s185.w
                                                             :ARG1 (s185.t / technology)))))
   :snt186 (s186.c / cause-01
                   :ARG0 (s186.w / want-01
                                 :ARG0 (s186.w2 / we
                                                :same-as s185.w)
                                 :ARG1 (s186.t2 / thing
                                                :mod (s186.t / that)
                                                :same-as s178.a2)))
   :snt187 (s187.g / good-02
                   :ARG1 (s187.t2 / thing
                                  :mod (s187.t / that)
                                  :same-as s178.a2))
   :snt188 (s188.a / and
                   :op1 (s188.d / differ-02)
                   :op2 (s188.f / free-04)
                   :op3 (s188.c / choose-01)
                   :op4 (s188.p / possible-01))
   :snt189 (s189.a2 / and
                    :op2 (s189.a / allow-01
                                 :ARG0 (s189.w / we)
                                 :ARG1 (s189.m2 / make-01
                                                :ARG0 (s189.p3 / platform)
                                                :ARG1 (s189.p2 / place))
                                 :frequency (s189.m / make-01
                                                    :ARG0 s189.w
                                                    :ARG1 (s189.p / place
                                                                  :ARG1-of (s189.n / new-01
                                                                                   :ARG1 s189.p2)
                                                                  :mod (s189.o / opportunity))
                                                    :mod (s189.e / each))))
   :snt190 (s190.i / imagine-01
                   :ARG0 (s190.y / you)
                   :ARG1 (s190.b / bear-02
                                 :ARG1 (s190.p2 / person
                                                :name (s190.n / name
                                                              :op1 "Van"
                                                              :op2 "Gogh"))
                                 :time (s190.b2 / before
                                                :op1 (s190.t / technology
                                                             :poss (s190.p / paint
                                                                           :ARG1-of (s190.c / cheap-02)
                                                                           :source (s190.o / oil)))))
                   :mode "imperative")
   :snt191 (s191.i / imagine-01
                   :ARG0 (s191.y / you)
                   :ARG1 (s191.p / person
                                 :name (s191.n / name
                                               :op1 "Hitchcock"))
                   :time (s191.b / before
                                 :op1 (s191.t / technology
                                              :poss (s191.f / film)))
                   :mode "imperative")
   :snt192 (s192.b / bear-02
                   :ARG1 (s192.c / child
                                 :quant (s192.m / multiple
                                                :op1 "1000000")
                                 :mod (s192.y2 / young)
                                 :poss-of (s192.t / technology
                                                  :ARG1-of (s192.i / invent-01
                                                                   :time (s192.y / yet)
                                                                   :polarity "-")
                                                  :instrument-of (s192.e / express-01
                                                                         :ARG0 s192.c
                                                                         :ARG1 s192.c)))
                   :location (s192.s / somewhere)
                   :time (s192.t2 / today))
   :snt193 (s193.o / oblige-02
                   :ARG1 (s193.w / we)
                   :ARG1-of (s193.m / moral-02)
                   :ARG2 (s193.i / invent-01
                                 :purpose (s193.h / have-03
                                                  :ARG0 (s193.p / person
                                                                :quant (s193.e / every)
                                                                :location (s193.g / globe
                                                                                  :same-as s49.g))
                                                  :ARG1 (s193.p2 / potential
                                                                 :purpose (s193.r / realize-02
                                                                                  :ARG0 s193.p
                                                                                  :ARG1 (s193.d / differ-02
                                                                                                :ARG1 s193.p
                                                                                                :ARG1-of (s193.t2 / true-01)))))
                                 :ARG0 s193.w
                                 :ARG1 (s193.t / technology)))
   :snt194 (s194.w / want-01
                   :ARG0 (s194.w2 / we)
                   :ARG1 (s194.s / species
                                 :consist-of (s194.i / individual
                                                     :quant "1")
                                 :quant "1000000000000"))
   :snt195 (s195.w / want-01
                   :ARG0 (s195.t / technology)
                   :ARG1 (s195.t2 / that
                                  :same-as s194.s)
                   :ARG1-of (s195.r / real-04))
   :snt196 (s196.c / cause-01
                   :ARG0 (s196.h / have-03
                                 :ARG0 (s196.i / i
                                               :same-as s2.i)
                                 :ARG1 (s196.a / answer-01
                                               :ARG0 s196.i
                                               :ARG1 (s196.t / thing
                                                             :ARG0-of (s196.c2 / cause-01
                                                                               :ARG1 (s196.d / deforest-01))))
                                 :polarity "-")
                   :ARG1 (s196.s / skip-01
                                 :ARG0 s196.i
                                 :ARG1 (s196.t2 / through
                                                :op1 (s196.o / object-01
                                                             :quant (s196.s2 / some)))))
   :snt197 (s197.p / possible-01
                   :ARG1 (s197.f / fact
                                 :topic (s197.t2 / try-01
                                                 :ARG0 (s197.w2 / we)
                                                 :ARG1 (s197.d / do-02
                                                               :ARG0 s197.w2
                                                               :ARG1 (s197.f2 / find-01
                                                                              :ARG0 s197.w2
                                                                              :ARG1 (s197.h / home
                                                                                            :ARG1-of (s197.g / good-02))
                                                                              :domain (s197.t / technology))
                                                               :ARG3 s197.t)))
                   :manner (s197.w / way
                                   :quant (s197.s / some)))
   :snt198 (s198.c3 / contrast-01
                    :ARG1 (s198.t / terrible-01
                                  :ARG1 (s198.s3 / spray-01
                                                 :ARG1 (s198.s2 / small-molecule
                                                                :name (s198.n / name
                                                                              :op1 "DDT"))
                                                 :ARG2 (s198.f / field
                                                               :mod (s198.c4 / cotton))))
                    :ARG2 (s198.g / good-02
                                  :ARG1 s198.s2
                                  :ARG1-of (s198.u / use-01
                                                   :ARG2 (s198.e / eliminate-01
                                                                 :ARG0 s198.s2
                                                                 :ARG1 (s198.c / case-04
                                                                               :quant (s198.m / multiple
                                                                                              :op1 "1000000")
                                                                               :ARG1 (s198.d / die-01
                                                                                             :ARG1-of (s198.c2 / cause-01
                                                                                                               :ARG0 (s198.d2 / disease
                                                                                                                              :name (s198.n2 / name
                                                                                                                                             :op1 "Malaria")))))
                                                                 :location (s198.v / village
                                                                                   :mod (s198.s / small))))
                                  :degree (s198.r / really)))
   :snt199 (s199.d / define-01
                   :ARG0 (s199.t / technology)
                   :ARG1 (s199.h / humanity
                                 :poss (s199.w / we))
                   :ARG1-of (s199.a / actual-02))
   :snt200 (s200.d / drive-02
                   :ARG0 (s200.t / technology)
                   :ARG1 (s200.t2 / thing
                                  :ARG1-of (s200.l / like-01
                                                   :ARG0 (s200.w / we)
                                                   :ARG1-of (s200.r / real-04)
                                                   :ARG1-of (s200.t3 / think-01
                                                                     :ARG0 s200.w))
                                  :mod (s200.a / all)
                                  :topic (s200.h / humanity)))
   :snt201 (s201.g / game
                   :domain (s201.t / this)
                   :mod (s201.i / infinite))
   :snt202 (s202.t / talk-01
                   :ARG0 (s202.w / we)
                   :ARG1 (s202.t2 / that
                                  :same-as s201.i))
   :snt203 (s203.w / way
                   :domain (s203.t / technology)
                   :manner-of (s203.e / evolve-01)
                   :mod (s203.s / see-03
                                :ARG0 (s203.y / you)))
   :snt204 (s204.w / way
                   :domain (s204.i / it
                                   :same-as s203.t)
                   :manner-of (s204.a / and
                                      :op1 (s204.e / explore-01
                                                   :ARG1 (s204.a2 / and
                                                                  :op1 (s204.t / thing
                                                                               :ARG1-of (s204.p / possible-01))
                                                                  :op2 (s204.o / opportunity)))
                                      :op2 (s204.c / create-01
                                                   :ARG1 (s204.t2 / thing
                                                                  :quant (s204.m / more)))))
   :snt205 (s205.a3 / and
                    :op2 (s205.w / way
                                 :ARG1-of (s205.a / actual-02)
                                 :domain (s205.i / it
                                                 :same-as s203.t)
                                 :manner-of (s205.p / play-01
                                                    :ARG1 (s205.g / game))
                                 :mod (s205.p2 / play-01
                                               :ARG1 (s205.g2 / game
                                                              :mod (s205.a2 / all)))))
   :snt206 (s206.w / want-01
                   :ARG0 (s206.t / technology)
                   :ARG1 (s206.t2 / that))
   :snt207 (s207.a / and
                   :op2 (s207.c / cause-01
                                :ARG1 (s207.t4 / think-01
                                               :ARG0 (s207.i / i
                                                             :same-as s2.i)
                                               :ARG1 (s207.h / have-to-do-with-04
                                                             :ARG0 (s207.t2 / thing
                                                                            :ARG1-of (s207.w / want-01
                                                                                             :ARG0 (s207.t / technology)))
                                                             :ARG1 (s207.p / person
                                                                           :location (s207.h2 / here)
                                                                           :mod (s207.e / every)))
                                               :time (s207.t3 / think-01
                                                              :ARG0 s207.i
                                                              :ARG1 s207.t2))))
   :snt208 (s208.a / and
                   :op2 (s208.b / believe-01
                                :ARG0 (s208.i / i
                                              :same-as s2.i)
                                :ARG1 (s208.t / this)
                                :ARG1-of (s208.r / real-04)))
   :snt209 (s209.h / have-03
                   :ARG0 (s209.p / person
                                 :location (s209.h2 / here)
                                 :mod (s209.e / every)
                                 :same-as s207.p)
                   :ARG1 (s209.t / thing
                                 :ARG1-of (s209.a / assign-01
                                                  :ARG2 s209.p)))
   :snt210 (s210.a2 / and
                    :op2 (s210.a3 / assign-01
                                  :ARG1 (s210.s / spend-02
                                                :ARG0 (s210.y / you)
                                                :ARG1 (s210.l / life
                                                              :poss s210.y)
                                                :ARG2 (s210.d / discover-01
                                                              :ARG0 s210.y
                                                              :ARG1 (s210.a / amr-unknown
                                                                            :ARG1-of (s210.a4 / assign-01
                                                                                              :ARG2 s210.y))))
                                  :ARG2 s210.y))
   :snt211 (s211.g / game
                   :domain (s211.n / nature
                                   :mod (s211.r / recursive)
                                   :mod (s211.t / that))
                   :mod (s211.i / infinite
                                :same-as s201.i))
   :snt212 (s212.a / and
                   :op2 (s212.i / involve-01
                                :ARG0-of (s212.c / cause-01
                                                 :ARG1 (s212.a2 / and
                                                                :concession (s212.e / even-when
                                                                                    :op1 (s212.g2 / go-02
                                                                                                  :ARG0 (s212.y / you)))
                                                                :op1 (s212.e2 / extend-01
                                                                              :ARG1 (s212.g / game
                                                                                            :mod (s212.t / that)
                                                                                            :same-as s201.i))
                                                                :op2 (s212.c2 / continue-01
                                                                              :ARG1 s212.g)))
                                :ARG1 (s212.p / person
                                              :mod (s212.o / other))
                                :condition (s212.p2 / play-01
                                                    :ARG0 s212.y
                                                    :ARG1-of (s212.w / well-09
                                                                     :degree s212.t))))
   :snt213 (s213.g / game
                   :domain (s213.t / that
                                   :same-as s201.i)
                   :mod (s213.i / infinite
                                :same-as s201.i))
   :snt214 (s214.a / and
                   :op2 (s214.m / medium
                                :domain (s214.t / technology)
                                :instrument-of (s214.p / play-01
                                                       :ARG0 (s214.w / we)
                                                       :ARG1 (s214.g / game
                                                                     :mod (s214.i / infinite)
                                                                     :mod (s214.t2 / that)
                                                                     :same-as s201.i))))
   :snt215 (s215.a / and
                   :op2 (s215.c / cause-01
                                :ARG1 (s215.t2 / think-01
                                               :ARG0 (s215.i / i
                                                             :same-as s2.i)
                                               :ARG1 (s215.r / recommend-01
                                                             :ARG1 (s215.e / embrace-01
                                                                           :ARG0 (s215.w / we)
                                                                           :ARG1 (s215.t / technology))
                                                             :ARG1-of (s215.c2 / cause-01
                                                                               :ARG0 (s215.j / journey-01
                                                                                             :purpose (s215.f / find-out-03
                                                                                                              :ARG0 s215.w
                                                                                                              :ARG1 (s215.p / person
                                                                                                                            :domain s215.w))
                                                                                             :ARG0 s215.w
                                                                                             :mod (s215.e2 / essential)))))))
   :snt216 (s216.t / thank-01
                   :ARG1 (s216.y / you
                                 :same-as s2.i)))

