# ::id doc-934
# ::doc_file doc-934
# ::tok http : / / www . ted . com / talks / scott_fraser_the_problem_with_eyewitness_testimony< / url> <next_sent> The murder happened a little over 21 years ago , January the 18th , 1991 , in a small bedroom community of Lynwood , California , just a few miles southeast of Los Angeles . <next_sent> A father came out of his house to tell his teenage son and his five friends that it was time for them to stop horsing around on the front lawn and on the sidewalk , to get home , finish their schoolwork , and prepare themselves for bed . <next_sent> And as the father was administering these instructions , a car drove by , slowly , and just after it passed the father and the teenagers , a hand went out from the front passenger window , and -- " Bam , Bam ! " -- killing the father . <next_sent> And the car sped off . <next_sent> The police , investigating officers , were amazingly efficient . <next_sent> They considered all the usual culprits , and in less than 24 hours , they had selected their suspect : Francisco Carrillo , a 17 - year - old kid who lived about two or three blocks away from where the shooting occurred . <next_sent> They found photos of him . <next_sent> They prepared a photo array , and the day after the shooting , they showed it to one of the teenagers , and he said , " That 's the picture . <next_sent> That 's the shooter I saw that killed the father . " <next_sent> That was all a preliminary hearing judge had to listen to , to bind Mr. Carrillo over to stand trial for a first - degree murder . <next_sent> In the investigation that followed before the actual trial , each of the other five teenagers was shown photographs , the same photo array . <next_sent> The picture that we best can determine was probably the one that they were shown in the photo array is in your bottom left hand corner of these mug shots . <next_sent> The reason we 're not sure absolutely is because of the nature of evidence preservation in our judicial system , but that 's another whole TEDx talk for later . <next_sent> So at the actual trial , all six of the teenagers testified , and indicated the identifications they had made in the photo array . <next_sent> He was convicted . <next_sent> He was sentenced to life imprisonment , and transported to Folsom Prison . <next_sent> So what 's wrong ? <next_sent> Straightforward , fair trial , full investigation . <next_sent> Oh yes , no gun was ever found . <next_sent> No vehicle was ever identified as being the one in which the shooter had extended his arm , and no person was ever charged with being the driver of the shooter 's vehicle . <next_sent> And Mr. Carrillo 's alibi ? <next_sent> Which of those parents here in the room might not lie concerning the whereabouts of your son or daughter in an investigation of a killing ? <next_sent> Sent to prison , adamantly insisting on his innocence , which he has consistently for 21 years . <next_sent> So what 's the problem ? <next_sent> The problems , actually , for this kind of case come manyfold from decades of scientific research involving human memory . <next_sent> First of all , we have all the statistical analyses from the Innocence Project work , where we know that we have , what , 250 , 280 documented cases now where people have been wrongfully convicted and subsequently exonerated , some from death row , on the basis of later DNA analysis , and you know that over three quarters of all of those cases of exoneration involved only eyewitness identification testimony during the trial that convicted them . <next_sent> We know that eyewitness identifications are fallible . <next_sent> The other comes from an interesting aspect of human memory that 's related to various brain functions but I can sum up for the sake of brevity here in a simple line : The brain abhors a vacuum . <next_sent> Under the best of observation conditions , the absolute best , we only detect , encode and store in our brains bits and pieces of the entire experience in front of us , and they 're stored in different parts of the brain . <next_sent> So now , when it 's important for us to be able to recall what it was that we experienced , we have an incomplete , we have a partial store , and what happens ? <next_sent> Below awareness , with no requirement for any kind of motivated processing , the brain fills in information that was not there , not originally stored , from inference , from speculation , from sources of information that came to you , as the observer , after the observation . <next_sent> But it happens without awareness such that you do n't , are n't even cognizant of it occurring . <next_sent> It 's called reconstructed memories . <next_sent> It happens to us in all the aspects of our life , all the time . <next_sent> It was those two considerations , among others -- reconstructed memory , the fact about the eyewitness fallibility -- that was part of the instigation for a group of appeal attorneys led by an amazing lawyer named Ellen Eggers to pool their experience and their talents together and petition a superior court for a retrial for Francisco Carrillo . <next_sent> They retained me , as a forensic neurophysiologist , because I had expertise in eyewitness memory identification , which obviously makes sense for this case , right ? <next_sent> But also because I have expertise and testify about the nature of human night vision . <next_sent> Well , what 's that got to do with this ? <next_sent> Well , when you read through the case materials in this Carrillo case , one of the things that suddenly strikes you is that the investigating officers said the lighting was good at the crime scene , at the shooting . <next_sent> All the teenagers testified during the trial that they could see very well . <next_sent> But this occurred in mid - January , in the Northern Hemisphere , at 7 p . m. at night . <next_sent> So when I did the calculations for the lunar data and the solar data at that location on Earth at the time of the incident of the shooting , all right , it was well past the end of civil twilight and there was no moon up that night . <next_sent> So all the light in this area from the sun and the moon is what you see on the screen right here . <next_sent> The only lighting in that area had to come from artificial sources , and that 's where I go out and I do the actual reconstruction of the scene with photometers , with various measures of illumination and various other measures of color perception , along with special cameras and high - speed film , right ? <next_sent> Take all the measurements and record them , right ? <next_sent> And then take photographs , and this is what the scene looked like at the time of the shooting from the position of the teenagers looking at the car going by and shooting . <next_sent> This is looking directly across the street from where they were standing . <next_sent> Remember , the investigating officers ' report said the lighting was good . <next_sent> The teenagers said they could see very well . <next_sent> This is looking down to the east , where the shooting vehicle sped off , and this is the lighting directly behind the father and the teenagers . <next_sent> As you can see , it is at best poor . <next_sent> No one 's going to call this well - lit , good lighting , and in fact , as nice as these pictures are , and the reason we take them is I knew I was going to have to testify in court , and a picture is worth more than a thousand words when you 're trying to communicate numbers , abstract concepts like lux , the international measurement of illumination , the Ishihara color perception test values . <next_sent> When you present those to people who are not well - versed in those aspects of science and that , they become salamanders in the noonday sun . <next_sent> It 's like talking about the tangent of the visual angle , all right ? <next_sent> Their eyes just glaze over , all right ? <next_sent> A good forensic expert also has to be a good educator , a good communicator , and that 's part of the reason why we take the pictures , to show not only where the light sources are , and what we call the spill , the distribution , but also so that it 's easier for the trier of fact to understand the circumstances . <next_sent> I testified to that to the court , and while the judge was very attentive , it had been a very , very long hearing for this petition for a retrial , and as a result , I noticed out of the corner of my eye that I thought that maybe the judge was going to need a little more of a nudge than just more numbers . <next_sent> And here I became a bit audacious , and I turned and I asked the judge , I said , " Your Honor , I think you should go out and look at the scene yourself . " <next_sent> Now I may have used a tone which was more like a dare than a request — — but nonetheless , it 's to this man 's credit and his courage that he said , " Yes , I will . " <next_sent> A shocker in American jurisprudence . <next_sent> So in fact , we found the same identical conditions , we reconstructed the entire thing again , he came out with an entire brigade of sheriff 's officers to protect him in this community , all right ? <next_sent> We had him stand actually slightly in the street , so closer to the suspect vehicle , the shooter vehicle , than the actual teenagers were , so he stood a few feet from the curb toward the middle of the street . <next_sent> We had a car that came by , same identical car as described by the teenagers , right ? <next_sent> It had a driver and a passenger , and after the car had passed the judge by , the passenger extended his hand , pointed it back to the judge as the car continued on , just as the teenagers had described it , right ? <next_sent> Now , he did n't use a real gun in his hand , so he had a black object in his hand that was similar to the gun that was described . <next_sent> He pointed by , and this is what the judge saw . <next_sent> This is the car 30 feet away from the judge . <next_sent> There 's an arm sticking out of the passenger side and pointed back at you . <next_sent> That 's 30 feet away . <next_sent> Some of the teenagers said that in fact the car was 15 feet away when it shot . <next_sent> Okay . <next_sent> There 's 15 feet . <next_sent> At this point , I became a little concerned . <next_sent> This judge is someone you 'd never want to play poker with . <next_sent> He was totally stoic . <next_sent> I could n't see a twitch of his eyebrow . <next_sent> I could n't see the slightest bend of his head . <next_sent> I had no sense of how he was reacting to this , and after he looked at this reenactment , he turned to me and he says , " Is there anything else you want me to look at ? " <next_sent> I said , " Your honor , " and I do n't know whether I was emboldened by the scientific measurements that I had in my pocket and my knowledge that they are accurate , or whether it was just sheer stupidity , which is what the defense lawyers thought — — when they heard me say , " Yes , Your Honor , I want you stand right there and I want the car to go around the block again and I want it to come and I want it to stop right in front of you , three to four feet away , and I want the passenger to extend his hand with a black object and point it right at you , and you can look at it as long as you want . " <next_sent> And that 's what he saw . <next_sent> You 'll notice , which was also in my test report , all the dominant lighting is coming from the north side , which means that the shooter 's face would have been photo - occluded . <next_sent> It would have been backlit . <next_sent> Furthermore , the roof of the car is causing what we call a shadow cloud inside the car which is making it darker . <next_sent> And this is three to four feet away . <next_sent> Why did I take the risk ? <next_sent> I knew that the depth of field was 18 inches or less . <next_sent> Three to four feet , it might as well have been a football field away . <next_sent> This is what he saw . <next_sent> He went back , there was a few more days of evidence that was heard . <next_sent> At the end of it , he made the judgment that he was going to grant the petition for a retrial . <next_sent> And furthermore , he released Mr. Carrillo so that he could aid in the preparation of his own defense if the prosecution decided to retry him . <next_sent> Which they decided not to . <next_sent> He is now a freed man . <next_sent> This is him embracing his grandmother - in - law . <next_sent> He and his son are both attending Cal State , Long Beach right now taking classes . <next_sent> And what does this example -- what 's important to keep in mind for ourselves ? <next_sent> First of all , there 's a long history of antipathy between science and the law in American jurisprudence . <next_sent> I could regale you with horror stories of ignorance over decades of experience as a forensic expert of just trying to get science into the courtroom . <next_sent> The opposing council always fight it and oppose it . <next_sent> One suggestion is that all of us become much more attuned to the necessity , through policy , through procedures , to get more science in the courtroom , and I think one large step toward that is more requirements , with all due respect to the law schools , of science , technology , engineering , mathematics for anyone going into the law , because they become the judges . <next_sent> Think about how we select our judges in this country . <next_sent> It 's very different than most other cultures . <next_sent> All right ? <next_sent> The other one that I want to suggest , the caution that all of us have to have , I constantly have to remind myself , about just how accurate are the memories that we know are true , that we believe in ? <next_sent> There is decades of research , examples and examples of cases like this , where individuals really , really believe . <next_sent> None of those teenagers who identified him thought that they were picking the wrong person . <next_sent> None of them thought they could n't see the person 's face . <next_sent> We all have to be very careful . <next_sent> All our memories are reconstructed memories . <next_sent> They are the product of what we originally experienced and everything that 's happened afterwards . <next_sent> They 're dynamic . <next_sent> They 're malleable . <next_sent> They 're volatile , and as a result , we all need to remember to be cautious , that the accuracy of our memories is not measured in how vivid they are nor how certain you are that they 're correct . <next_sent> Thank you .
(d / document
   :snt1 (s1.u / url-entity
               :topic (s1.t / talk-01
                            :ARG0 (s1.p / person
                                        :name (s1.n / name
                                                    :op1 "David"))))
   :snt2 (s2.m2 / murder-01
                :location (s2.c3 / community
                                 :location (s2.c / city
                                                 :name (s2.n / name
                                                             :op1 "Lynwood")
                                                 :location (s2.s3 / state
                                                                  :name (s2.n2 / name
                                                                               :op1 "California"))
                                                 :location (s2.r / relative-position
                                                                 :quant (s2.f / few
                                                                              :mod (s2.j / just)
                                                                              :op1 (s2.d2 / distance-quantity
                                                                                          :unit (s2.m / mile)
                                                                                          :quant "1"))
                                                                 :direction (s2.s2 / southeast)
                                                                 :op1 (s2.c2 / city
                                                                             :name (s2.n3 / name
                                                                                          :op1 "Los"
                                                                                          :op2 "Angeles"))))
                                 :mod (s2.b / bedroom
                                            :mod (s2.s / small)))
                :time (s2.b2 / before
                             :quant (s2.o / over
                                          :quant (s2.l / little)
                                          :op1 (s2.t / temporal-quantity
                                                     :unit (s2.y / year)
                                                     :quant "21"))
                             :op1 (s2.n4 / now))
                :time (s2.d / date-entity
                            :day "18"
                            :month "1"
                            :year "1991"))
   :snt3 (s3.c / come-01
               :purpose (s3.t2 / tell-01
                               :ARG0 (s3.p / person
                                           :ARG0-of (s3.h / have-rel-role-91
                                                          :ARG2 (s3.f / father)))
                               :ARG1 (s3.t3 / time
                                            :time-of (s3.a3 / and
                                                            :op1 (s3.s4 / stop-01
                                                                        :ARG0 (s3.a / and
                                                                                    :op1 (s3.p2 / person
                                                                                                :ARG0-of (s3.h2 / have-rel-role-91
                                                                                                                :ARG1 s3.p
                                                                                                                :ARG2 (s3.s3 / son
                                                                                                                             :mod (s3.t / teenage))))
                                                                                    :op2 (s3.p3 / person
                                                                                                :ARG0-of (s3.h3 / have-rel-role-91
                                                                                                                :ARG1 s3.p2
                                                                                                                :ARG2 (s3.f3 / friend))
                                                                                                :quant "5"))
                                                                        :ARG1 (s3.h5 / horse-around-00
                                                                                     :ARG0 s3.a
                                                                                     :location (s3.a2 / and
                                                                                                      :op1 (s3.l / lawn
                                                                                                                 :mod (s3.f4 / front))
                                                                                                      :op2 (s3.s2 / sidewalk))))
                                                            :op2 (s3.f2 / finish-01
                                                                        :ARG0 s3.a
                                                                        :ARG1 (s3.s / schoolwork
                                                                                    :poss s3.a))
                                                            :op3 (s3.p4 / prepare-02
                                                                        :ARG0 s3.a
                                                                        :ARG1 s3.a
                                                                        :ARG2 (s3.b / bed))))
                               :ARG2 s3.a)
               :ARG1 s3.p
               :ARG3 (s3.h6 / house
                            :poss s3.p)
               :rel (s3.g / get-05
                          :ARG1 s3.a
                          :ARG2 (s3.h4 / home)))
   :snt4 (s4.a3 / and
                :op2 (s4.d / drive-01
                           :ARG0 (s4.c / car)
                           :ARG1-of (s4.s / slow-05)
                           :time (s4.a / administer-01
                                       :ARG0 (s4.p3 / person
                                                    :ARG0-of (s4.h2 / have-rel-role-91
                                                                    :ARG2 (s4.f / father))
                                                    :same-as s3.p)
                                       :ARG1 (s4.i / instruct-01
                                                   :mod (s4.t2 / this))))
                :op3 (s4.a5 / and
                            :mod (s4.b / bam
                                       :mode "expressive")
                            :op1 (s4.g / go-01
                                       :ARG1 (s4.h / hand)
                                       :direction (s4.o / out)
                                       :source (s4.w / window
                                                     :mod (s4.p2 / passenger)
                                                     :mod (s4.f2 / front)))
                            :op2 (s4.k / kill-01
                                       :ARG1 s4.p3)
                            :time (s4.a2 / after
                                         :mod (s4.j / just)
                                         :op1 (s4.p / pass-03
                                                    :ARG1 s4.c
                                                    :ARG1 (s4.a4 / and
                                                                 :op1 s4.p3
                                                                 :op2 (s4.t / teenager
                                                                            :same-as s3.a))))))
   :snt5 (s5.a / and
               :op2 (s5.s / speed-01
                          :ARG1 (s5.c / car
                                      :same-as s4.c)
                          :direction (s5.o / off)))
   :snt6 (s6.e / efficient-01
               :ARG0-of (s6.a / amaze-01)
               :ARG1 (s6.p2 / police
                            :mod (s6.p / person
                                       :ARG0-of (s6.i / investigate-01)
                                       :ARG0-of (s6.h / have-org-role-91
                                                      :ARG2 (s6.o / officer)))))
   :snt7 (s7.a4 / and
                :op1 (s7.c / consider-02
                           :ARG0 (s7.t3 / they
                                        :same-as s6.p2)
                           :ARG1 (s7.p2 / person
                                        :ARG0-of (s7.p / perpetrate-01)
                                        :mod (s7.u / usual)
                                        :mod (s7.a3 / all)))
                :op2 (s7.s / select-01
                           :ARG0 s7.t3
                           :ARG1 (s7.p3 / person
                                        :name (s7.n / name
                                                    :op1 "Francisco"
                                                    :op2 "Carrillo")
                                        :ARG2-of (s7.s3 / suspect-01
                                                        :ARG0 s7.t3)
                                        :mod (s7.k / kid
                                                   :ARG0-of (s7.l2 / live-01
                                                                   :location (s7.r / relative-position
                                                                                   :quant (s7.a / about
                                                                                                :op1 (s7.o / or
                                                                                                           :op1 (s7.d / distance-quantity
                                                                                                                      :unit (s7.b / block)
                                                                                                                      :quant "3")))
                                                                                   :direction (s7.a5 / away)
                                                                                   :op1 (s7.r2 / relative-position
                                                                                               :op1 (s7.s2 / shoot-02
                                                                                                           :same-as s2.m2))))
                                                   :age (s7.t2 / temporal-quantity
                                                               :unit (s7.y / year)
                                                               :quant "17")))
                           :time (s7.a2 / after
                                        :quant (s7.l / less-than
                                                     :op1 (s7.t / temporal-quantity
                                                                :unit (s7.h / hour)
                                                                :quant "24"))))
                :rel "2")
   :snt8 (s8.f / find-01
               :ARG0 (s8.t / they
                           :same-as s6.p2)
               :ARG1 (s8.p / photograph-01
                           :ARG1 (s8.h / he)))
   :snt9 (s9.a2 / and
                :op1 (s9.p4 / prepare-01
                            :ARG0 (s9.t3 / they
                                         :same-as s6.p2)
                            :ARG1 (s9.a3 / array
                                         :mod (s9.p2 / photo)))
                :op2 (s9.s3 / show-01
                            :ARG0 s9.t3
                            :ARG1 s9.a3
                            :ARG2 (s9.p / person
                                        :ARG0-of (s9.s / say-01
                                                       :ARG1 (s9.p3 / picture
                                                                    :domain s9.a3))
                                        :ARG1-of (s9.i / include-91
                                                       :ARG2 (s9.t / teenager
                                                                   :same-as s3.a)
                                                       :ARG3 "1"))
                            :time (s9.a / after
                                        :quant (s9.t2 / temporal-quantity
                                                      :unit (s9.d / day)
                                                      :quant "1")
                                        :op1 (s9.s2 / shoot-02
                                                    :same-as s2.m2))))
   :snt10 (s10.p / person
                 :ARG0-of (s10.s2 / shoot-02)
                 :ARG0-of (s10.k / kill-01
                                 :ARG1 (s10.p2 / person
                                               :ARG0-of (s10.h / have-rel-role-91
                                                               :ARG2 (s10.f / father))
                                               :same-as s3.p))
                 :ARG1-of (s10.s / see-01
                                 :ARG0 (s10.i / i
                                              :same-as s9.i))
                 :domain (s10.t / that
                                :same-as s9.a3))
   :snt11 (s11.o / obligate-01
                 :ARG1 (s11.p / person
                              :ARG0-of (s11.j / judge-01))
                 :ARG2 (s11.l / listen-01
                              :purpose (s11.b / bind-01
                                              :purpose (s11.s / stand-11
                                                              :ARG0 (s11.p2 / person
                                                                            :name (s11.n / name
                                                                                         :op1 "Mr."
                                                                                         :op2 "Carrillo"))
                                                              :ARG1 (s11.t2 / try-02
                                                                            :ARG1 s11.p2
                                                                            :ARG2 (s11.m / murder-01
                                                                                         :ARG0 s11.p2
                                                                                         :mod (s11.d / degree
                                                                                                     :ord (s11.o2 / ordinal-entity
                                                                                                                  :value "1"))
                                                                                         :same-as s2.m2)))
                                              :ARG0 s11.p
                                              :ARG1 s11.p2
                                              :mod (s11.o3 / over))
                              :ARG0 s11.p
                              :ARG1 (s11.h / hearing-02
                                           :ARG2 (s11.p3 / preliminary)))
                 :rel (s11.t / that
                             :mod (s11.a / all)))
   :snt12 (s12.s2 / show-01
                  :ARG1 (s12.p2 / photograph-01
                                :mod (s12.a2 / array
                                             :ARG1-of (s12.s / same-01)
                                             :mod (s12.p / photo)))
                  :ARG2 (s12.t / teenager
                               :ARG1-of (s12.i / include-91
                                               :ARG2 (s12.t2 / teenager
                                                             :mod (s12.o / other)
                                                             :quant "5"
                                                             :same-as s3.p3))
                               :mod (s12.e / each))
                  :subevent-of (s12.i2 / investigate-01
                                       :ARG1-of (s12.f / follow-01
                                                       :time (s12.b / before
                                                                    :op1 (s12.t3 / try-02
                                                                                 :ARG1-of (s12.a / actual-02)
                                                                                 :same-as s11.t2)))))
   :snt13 (s13.p5 / probable
                  :domain (s13.p2 / picture
                                  :ARG1-of (s13.d / determine-01
                                                  :ARG0 (s13.w / we)
                                                  :ARG1-of (s13.p4 / possible-01))
                                  :ARG1-of (s13.b / be-located-at-91
                                                  :ARG2 (s13.c / corner
                                                               :ARG1-of (s13.l / left-20)
                                                               :mod (s13.b2 / bottom)
                                                               :part-of (s13.s / shoot-03
                                                                               :ARG1 (s13.m / mug)
                                                                               :mod (s13.t2 / this))
                                                               :poss (s13.y / you))))
                  :rel (s13.p3 / picture
                               :ARG1-of (s13.s2 / show-01
                                                :ARG2 (s13.t / they
                                                             :same-as s3.a)
                                                :location (s13.a / array
                                                                 :mod (s13.p / photo)
                                                                 :same-as s9.a3))))
   :snt14 (s14.c2 / contrast-01
                  :ARG1 (s14.c / cause-01
                               :ARG0 (s14.n2 / nature
                                             :location (s14.s2 / system
                                                               :mod (s14.j / judiciary)
                                                               :poss (s14.w / we))
                                             :mod (s14.p / preserve-01
                                                         :ARG1 (s14.e / evidence-01)))
                               :ARG1 (s14.s / sure-02
                                            :ARG0 s14.w
                                            :mod (s14.a / absolute)
                                            :polarity "-"))
                  :ARG2 (s14.t / talk-01
                               :ARG1 s14.s
                               :mod (s14.p2 / publication
                                            :name (s14.n / name
                                                         :op1 "TEDx"))
                               :mod (s14.w2 / whole)
                               :mod (s14.a3 / another)
                               :time (s14.a2 / after
                                             :op1 (s14.n3 / now))))
   :snt15 (s15.a3 / and
                  :location (s15.t3 / try-02
                                    :ARG1-of (s15.a / actual-02)
                                    :same-as s11.t2)
                  :op1 (s15.t2 / testify-01
                               :ARG0 (s15.t / teenager
                                            :mod (s15.a2 / all)
                                            :quant "6"
                                            :same-as s3.a))
                  :op2 (s15.i2 / indicate-01
                               :ARG0 s15.t
                               :ARG1 (s15.i / identify-01
                                            :ARG0 s15.t
                                            :location (s15.a4 / array
                                                              :mod (s15.p / photo)
                                                              :same-as s9.a3))))
   :snt16 (s16.c / convict-01
                 :ARG1 (s16.h / he))
   :snt17 (s17.a / and
                 :op1 (s17.s / sentence-01
                             :ARG1 (s17.h / he)
                             :ARG2 (s17.i / imprison-01
                                          :ARG2 (s17.l / life)))
                 :op2 (s17.t / transport-01
                             :ARG1 s17.h
                             :ARG3 (s17.f / facility
                                          :name (s17.n / name
                                                       :op1 "Folsom"
                                                       :op2 "Prison"))))
   :snt18 (s18.i / infer-01
                 :ARG1 (s18.w / wrong-02
                              :ARG1 (s18.a / amr-unknown)))
   :snt19 (s19.a / and
                 :ARG1-of (s19.s / straight-04)
                 :op1 s19.s
                 :op2 (s19.t / try-02
                             :ARG1-of (s19.f / fair-01))
                 :op3 (s19.i / investigate-01
                             :ARG1-of (s19.f2 / full-09)))
   :snt20 (s20.f / find-01
                 :ARG1 (s20.g / gun)
                 :mod (s20.y / yes
                             :mode "expressive")
                 :time (s20.e / ever)
                 :polarity "-")
   :snt21 (s21.a / and
                 :op1 (s21.i / identify-01
                             :ARG1 (s21.v / vehicle)
                             :ARG2 (s21.v2 / vehicle
                                           :location-of (s21.e3 / extend-01
                                                                :ARG0 (s21.p / person
                                                                             :ARG0-of (s21.s / shoot-02)
                                                                             :part (s21.a2 / arm)
                                                                             :same-as s10.k)
                                                                :ARG1 s21.a2))
                             :time (s21.e / ever)
                             :polarity "-")
                 :op2 (s21.c / charge-05
                             :ARG1 (s21.p2 / person)
                             :ARG2 (s21.d / drive-01
                                          :ARG0 s21.p2
                                          :ARG1 s21.v2
                                          :ARG2 (s21.p3 / person
                                                        :ARG0-of (s21.d2 / drive-01)))
                             :time (s21.e2 / ever)
                             :polarity "-"))
   :snt22 (s22.a3 / and
                  :op2 (s22.a / alibi
                              :polarity (s22.a2 / amr-unknown)
                              :poss (s22.p / person
                                           :name (s22.n / name
                                                        :op1 "Mr."
                                                        :op2 "Carrillo"))))
   :snt23 (s23.p5 / possible-01
                  :ARG1 (s23.l / lie-08
                               :ARG0 (s23.a / amr-unknown
                                            :ARG1-of (s23.i / include-91
                                                            :ARG2 (s23.p2 / person
                                                                          :ARG0-of (s23.h / have-rel-role-91
                                                                                          :ARG2 (s23.p / parent))
                                                                          :location (s23.h4 / here
                                                                                            :op1 (s23.r / room))
                                                                          :mod (s23.t / that))))
                               :ARG3 (s23.l2 / location
                                             :location-of (s23.o / or
                                                                 :op1 (s23.p3 / person
                                                                              :ARG0-of (s23.h2 / have-rel-role-91
                                                                                               :ARG1 (s23.y / you)
                                                                                               :ARG2 (s23.s / son)))
                                                                 :op2 (s23.p4 / person
                                                                              :ARG0-of (s23.h3 / have-rel-role-91
                                                                                               :ARG1 s23.y
                                                                                               :ARG2 (s23.d / daughter)))))
                               :subevent-of (s23.i2 / investigate-01
                                                    :ARG1 (s23.k / kill-01))
                               :polarity "-"))
   :snt24 (s24.c / cause-01
                 :ARG0 (s24.i2 / insist-01
                               :ARG0 (s24.h / he)
                               :ARG1 (s24.i / innocent-01
                                            :ARG1 s24.h)
                               :ARG1-of (s24.c2 / consistent-02
                                                :duration (s24.t / temporal-quantity
                                                                 :unit (s24.y / year)
                                                                 :quant "21"))
                               :manner (s24.a / adamant))
                 :ARG1 (s24.s / send-01
                              :ARG1 s24.h
                              :ARG2 (s24.p / prison)))
   :snt25 (s25.p / problem
                 :domain (s25.a / amr-unknown))
   :snt26 (s26.c2 / come-01
                  :ARG1 (s26.p / problem
                               :ARG1-of (s26.a / actual-02)
                               :topic (s26.c / case-04
                                             :mod (s26.k / kind
                                                         :mod (s26.t2 / this)))
                               :same-as s25.p)
                  :ARG2 (s26.m / manyfold)
                  :ARG3 (s26.r / research-01
                               :ARG2-of (s26.i / involve-01
                                               :ARG1 (s26.m2 / memory
                                                             :poss (s26.h / human)))
                               :duration (s26.m3 / multiple
                                                 :op1 (s26.t / temporal-quantity
                                                             :unit (s26.d / decade)
                                                             :quant "1"))
                               :mod (s26.s / science)))
   :snt27 (s27.a7 / and
                  :op1 (s27.h / have-03
                              :ARG0 (s27.w / we)
                              :ARG1 (s27.a4 / analyze-01
                                            :ARG1 (s27.s2 / statistic)
                                            :location-of (s27.k / know-01
                                                                :ARG0 s27.w
                                                                :ARG1 (s27.h2 / have-03
                                                                              :ARG0 s27.w
                                                                              :ARG1 (s27.c2 / case-04
                                                                                            :ARG1 (s27.a6 / and
                                                                                                          :ARG1-of (s27.b / base-02
                                                                                                                          :ARG2 (s27.a5 / analyze-01
                                                                                                                                        :ARG1 (s27.n4 / nucleic-acid
                                                                                                                                                      :name (s27.n2 / name
                                                                                                                                                                    :op1 "DNA"))
                                                                                                                                        :time (s27.a / after)))
                                                                                                          :op1 (s27.c4 / convict-01
                                                                                                                       :ARG1 (s27.p / person
                                                                                                                                    :ARG2-of (s27.i2 / include-91
                                                                                                                                                     :ARG1 (s27.s / some
                                                                                                                                                                  :location (s27.r / row
                                                                                                                                                                                   :mod (s27.d / die-01)))))
                                                                                                                       :ARG1-of (s27.w3 / wrong-02))
                                                                                                          :op2 (s27.e / exonerate-01
                                                                                                                      :ARG1 s27.p
                                                                                                                      :time (s27.s3 / subsequent)))
                                                                                            :ARG1-of (s27.d2 / document-01)
                                                                                            :quant "250")
                                                                              :time (s27.n3 / now)))
                                            :mod (s27.a2 / all)
                                            :source (s27.w2 / work-01
                                                            :ARG0 (s27.o2 / organization
                                                                          :name (s27.n / name
                                                                                       :op1 "Innocence"
                                                                                       :op2 "Project"))))
                              :mod (s27.f / first-of-all))
                  :op2 (s27.k2 / know-01
                               :ARG0 (s27.y / you)
                               :ARG1 (s27.i4 / involve-01
                                             :ARG1 (s27.t / testify-01
                                                          :ARG1 (s27.i / identify-01
                                                                       :ARG0 (s27.e3 / eyewitness))
                                                          :mod (s27.o / only))
                                             :ARG2 (s27.c / case-03
                                                          :ARG1-of (s27.i3 / include-91
                                                                           :ARG2 (s27.c3 / case-04
                                                                                         :ARG1 (s27.e2 / exonerate-01
                                                                                                       :same-as s27.c3)
                                                                                         :mod (s27.a3 / all))
                                                                           :ARG3 "3/4"))
                                             :time (s27.t2 / try-02
                                                           :ARG0-of (s27.c5 / convict-01
                                                                            :ARG1 s27.p))))
                  :rel "280")
   :snt28 (s28.k / know-01
                 :ARG0 (s28.w / we)
                 :ARG1 (s28.p / possible-01
                              :ARG1 (s28.f / fallible
                                           :domain (s28.i / identify-01
                                                          :ARG0 (s28.e / eyewitness)))
                              :polarity "-"))
   :snt29 (s29.c2 / contrast-01
                  :ARG1 (s29.c / come-01
                               :ARG1 (s29.o / other)
                               :ARG3 (s29.a / aspect
                                            :ARG1-of (s29.r / relate-01
                                                            :ARG2 (s29.f / function-01
                                                                         :ARG0 (s29.b / brain)
                                                                         :mod (s29.v2 / various)))
                                            :ARG2-of (s29.i2 / interest-01)
                                            :topic (s29.m / memory
                                                          :poss (s29.h3 / human))))
                  :ARG2 (s29.p / possible-01
                               :ARG1 (s29.s2 / sum-up-01
                                             :purpose (s29.b2 / brevity)
                                             :ARG0 (s29.i / i)
                                             :ARG1 s29.a
                                             :location (s29.h2 / here)
                                             :manner (s29.l / line
                                                            :ARG1-of (s29.s / simple-02)
                                                            :mod (s29.h / hate-01
                                                                        :ARG0 s29.b
                                                                        :ARG1 (s29.v / vacuum))))))
   :snt30 (s30.a4 / and
                  :condition (s30.c / condition
                                    :ARG1-of (s30.h / have-degree-91
                                                    :ARG2 (s30.g / good-02
                                                                 :ARG1 s30.c)
                                                    :ARG3 (s30.m / most))
                                    :mod (s30.o / observe-01
                                                :ARG5 (s30.c2 / condition
                                                              :ARG1-of (s30.h2 / have-degree-91
                                                                               :ARG2 (s30.g2 / good-02
                                                                                             :ARG1 s30.c2)
                                                                               :ARG3 (s30.m2 / most
                                                                                             :mod (s30.a / absolute)))
                                                              :mod s30.a)))
                  :op1 (s30.a2 / and
                               :mod (s30.o2 / only)
                               :op1 (s30.d / detect-01
                                           :ARG0 (s30.w / we
                                                        :part (s30.b2 / brain
                                                                      :part (s30.p / part
                                                                                   :ARG1-of (s30.d2 / differ-02))))
                                           :ARG1 (s30.a3 / and
                                                         :op1 (s30.b / bit
                                                                     :part-of (s30.e3 / experience-01
                                                                                      :location (s30.i / in-front-of
                                                                                                       :op1 s30.w)
                                                                                      :mod (s30.e2 / entire)
                                                                                      :part s30.p2))
                                                         :op2 (s30.p2 / piece)))
                               :op2 (s30.e / encode-01
                                           :ARG0 s30.w
                                           :ARG1 s30.a3)
                               :op3 (s30.s / store-01
                                           :ARG0 s30.w
                                           :ARG1 s30.a3
                                           :ARG2 s30.b2))
                  :op2 (s30.s2 / store-01
                               :ARG1 s30.a3
                               :ARG2 s30.p))
   :snt31 (s31.i2 / infer-01
                  :ARG1 (s31.a2 / and
                                :op1 (s31.h / have-03
                                            :ARG0 (s31.w / we)
                                            :ARG1 s31.s)
                                :op2 (s31.s / store
                                            :degree (s31.p / part))
                                :op3 (s31.e / event
                                            :mod (s31.a / amr-unknown))
                                :time (s31.i / important-01
                                             :ARG1 (s31.p2 / possible-01
                                                           :ARG1 (s31.r / recall-02
                                                                        :ARG0 s31.w
                                                                        :ARG1 (s31.t / thing
                                                                                     :ARG1-of (s31.e2 / experience-01
                                                                                                      :ARG0 s31.w))))
                                             :time (s31.n / now)))
                  :rel (s31.c / complete-02
                              :polarity "-"))
   :snt32 (s32.f / fill-01
                 :ARG0 (s32.b2 / brain)
                 :ARG1 (s32.i2 / information
                               :ARG1-of (s32.s3 / store-01
                                                :time (s32.o3 / original)
                                                :polarity "-")
                               :location (s32.t / there
                                                :polarity "-"))
                 :manner (s32.b / below
                                :op1 (s32.r / realize-01))
                 :rel (s32.r2 / require-01
                              :ARG1 (s32.p / process-01
                                           :ARG2-of (s32.m / motivate-01)
                                           :mod (s32.k / kind
                                                       :mod (s32.a3 / any)))
                              :polarity "-")
                 :rel (s32.s / source
                             :ARG2-of (s32.s2 / speculate-01)
                             :source (s32.i4 / information
                                             :ARG1-of (s32.c / come-01
                                                             :ARG4 (s32.y / you
                                                                          :ARG0-of (s32.o / observe-01))
                                                             :time (s32.a / after
                                                                          :op1 (s32.o2 / observe-01))))
                             :source-of (s32.i3 / information))
                 :source (s32.a2 / and
                                 :op1 (s32.i / infer-01)
                                 :op2 s32.s2
                                 :op3 s32.i4))
   :snt33 (s33.c2 / contrast-01
                  :rel (s33.c / cause-01
                              :ARG0 (s33.r / realize-01
                                           :ARG0 (s33.i / it
                                                        :same-as s32.f)
                                           :polarity "-")
                              :ARG1 (s33.a / and
                                           :op2 (s33.r2 / realize-01
                                                        :ARG0 (s33.y / you)
                                                        :ARG1 s33.i
                                                        :mod (s33.e / even)
                                                        :polarity "-"))
                              :op1-of s33.a))
   :snt34 (s34.c / call-01
                 :ARG1 (s34.i / it
                              :same-as s32.f)
                 :ARG2 (s34.m / memory
                              :ARG1-of (s34.r / reconstruct-01)))
   :snt35 (s35.i / it
                 :beneficiary (s35.w / we)
                 :frequency (s35.t / time
                                   :mod (s35.a2 / all))
                 :manner (s35.a3 / aspect
                                 :mod (s35.a / all)
                                 :part-of (s35.l / life
                                                 :poss s35.w))
                 :same-as s32.f)
   :snt36 (s36.h / have-part-91
                 :ARG1 (s36.i2 / instigate-01
                               :ARG1 (s36.g / group
                                            :ARG1-of (s36.l2 / lead-02
                                                             :ARG0 (s36.l / lawyer
                                                                          :name (s36.n / name
                                                                                       :op1 "Ellen"
                                                                                       :op2 "Eggers")
                                                                          :ARG0-of (s36.a / amaze-01)))
                                            :consist-of (s36.a6 / attorney
                                                                :mod (s36.a5 / appeal-01)))
                               :ARG2 (s36.a4 / and
                                             :op1 (s36.p3 / pool-01
                                                          :ARG0 s36.g
                                                          :ARG1 (s36.a3 / and
                                                                        :op1 (s36.e / experience-01
                                                                                    :ARG0 s36.g)
                                                                        :op2 (s36.t / talent
                                                                                    :poss s36.a6))
                                                          :mod (s36.t3 / together))
                                             :op2 (s36.p2 / petition-01
                                                          :ARG0 s36.g
                                                          :ARG1 (s36.r2 / retry-01
                                                                        :ARG1 (s36.p / person
                                                                                     :name (s36.n2 / name
                                                                                                   :op1 "Francisco"
                                                                                                   :op2 "Carrillo")))
                                                          :ARG2 (s36.c2 / court
                                                                        :ARG1-of (s36.s / superior-01)))))
                 :ARG2 (s36.c / consider-01
                              :ARG1-of (s36.i / include-91
                                              :ARG2 (s36.o / other
                                                           :ARG1-of (s36.m / mean-01
                                                                           :ARG2 (s36.a2 / and
                                                                                         :op1 (s36.m2 / memory
                                                                                                      :ARG1-of (s36.r / reconstruct-01))
                                                                                         :op2 (s36.f / fact
                                                                                                     :topic (s36.f2 / fall-01
                                                                                                                    :ARG1 (s36.e2 / eyewitness)))))))
                              :mod (s36.t2 / that)
                              :quant "2"))
   :snt37 (s37.r2 / retain-01
                  :ARG0 (s37.t / they
                               :same-as s36.g)
                  :ARG1 (s37.i / i
                               :same-as s29.i)
                  :ARG1-of (s37.c2 / cause-01
                                   :ARG0 (s37.h / have-03
                                                :ARG0 s37.i
                                                :ARG1 (s37.e / expert-01
                                                             :ARG1 s37.i
                                                             :ARG2 (s37.i2 / identify-01
                                                                           :ARG1 (s37.m / memory
                                                                                        :mod (s37.e2 / eyewitness))))
                                                :ARG1-of (s37.s / sense-02
                                                                :ARG1-of (s37.o / obvious-01)
                                                                :ARG1-of (s37.r / request-confirmation-91)
                                                                :ARG2 (s37.c / case-03
                                                                             :mod (s37.t2 / this)))))
                  :ARG3 (s37.n / neurophysiologist
                               :mod (s37.f / forensic)))
   :snt38 (s38.c2 / contrast-01
                  :ARG2 (s38.c / cause-01
                               :ARG0 (s38.a2 / and
                                             :op1 (s38.h / have-03
                                                         :ARG0 (s38.i / i
                                                                      :same-as s29.i)
                                                         :ARG1 (s38.e / expert-01
                                                                      :ARG1 s38.i))
                                             :op2 (s38.t / testify-01
                                                         :ARG0 s38.i
                                                         :ARG1 (s38.n / nature
                                                                      :poss (s38.s / see-01
                                                                                   :ARG0 (s38.h2 / human)
                                                                                   :time (s38.d / date-entity
                                                                                                :dayperiod (s38.n2 / night))))))
                               :mod (s38.a / also)))
   :snt39 (s39.h / have-to-do-with-04
                 :ARG0 (s39.t / that)
                 :ARG1 (s39.t2 / this
                               :same-as s37.c)
                 :ARG2 (s39.a / amr-unknown)
                 :mod (s39.w / well))
   :snt40 (s40.i / include-91
                 :ARG1 (s40.t / thing
                              :ARG2-of (s40.s4 / strike-01
                                               :ARG1 (s40.y / you)
                                               :manner (s40.s5 / sudden)))
                 :ARG1 (s40.s / say-01
                              :ARG0 (s40.p2 / person
                                            :ARG0-of (s40.i2 / investigate-01)
                                            :ARG0-of (s40.h / have-org-role-91
                                                            :ARG2 (s40.o / officer)))
                              :ARG1 (s40.g / good-02
                                           :ARG1 (s40.l / light-04)
                                           :location (s40.s2 / scene
                                                             :location (s40.s3 / shoot-02
                                                                               :same-as s2.m2)
                                                             :location-of (s40.c2 / crime-02))))
                 :mod (s40.w / well)
                 :time (s40.r / read-01
                              :ARG0 s40.y
                              :ARG1 (s40.m / material
                                           :part-of (s40.c / case-03
                                                           :ARG2 (s40.p / person
                                                                        :name (s40.n / name
                                                                                     :op1 "Carrillo"))
                                                           :mod (s40.t2 / this)
                                                           :same-as s37.c))))
   :snt41 (s41.t2 / testify-01
                  :ARG0 (s41.t / teenager
                               :mod (s41.a / all)
                               :same-as s3.a)
                  :ARG1 (s41.p / possible-01
                               :ARG1 (s41.s / see-01
                                            :ARG0 s41.t
                                            :manner (s41.w / well
                                                           :degree (s41.v / very))))
                  :time (s41.t3 / try-02))
   :snt42 (s42.c / contrast-01
                 :ARG2 (s42.b / be-temporally-at-91
                              :ARG1 (s42.t / this
                                           :same-as s2.m2)
                              :ARG2 (s42.d / date-entity
                                           :mod (s42.m / mid)
                                           :month "1")
                              :location (s42.w / world-region
                                               :name (s42.n / name
                                                            :op1 "Northern"
                                                            :op2 "Hemisphere"))
                              :time (s42.d2 / date-entity
                                            :dayperiod (s42.n2 / night)
                                            :time "19:00")))
   :snt43 (s43.a2 / and
                  :ARG1-of (s43.r / right-06)
                  :op1 (s43.p / past
                              :degree (s43.w / well)
                              :op1 (s43.e / end-01
                                          :ARG1 (s43.t3 / twilight
                                                        :mod (s43.c2 / civil))))
                  :op2 (s43.m2 / moon
                               :ARG1-of (s43.u / up-03)
                               :time (s43.d3 / date-entity
                                             :dayperiod (s43.n2 / night)
                                             :mod (s43.t2 / that))
                               :polarity "-")
                  :time (s43.c / calculate-01
                               :ARG0 (s43.i / i
                                            :same-as s29.i)
                               :ARG1 (s43.a / and
                                            :op1 (s43.d / data
                                                        :source (s43.m / moon))
                                            :op2 (s43.d2 / data
                                                         :location (s43.l / location
                                                                          :location (s43.p2 / planet
                                                                                            :name (s43.n / name
                                                                                                         :op1 "Earth"))
                                                                          :mod (s43.t / that)
                                                                          :same-as s40.c2)
                                                         :mod (s43.s2 / sun)
                                                         :time (s43.i2 / incident
                                                                       :location-of (s43.s / shoot-02
                                                                                           :same-as s2.m2)
                                                                       :same-as s2.m2)))))
   :snt44 (s44.i / infer-01
                 :ARG1 (s44.s2 / see-01
                               :ARG0 (s44.y / you)
                               :ARG1 (s44.l / light
                                            :location (s44.a3 / area
                                                              :mod (s44.t / this)
                                                              :same-as s40.c2)
                                            :mod (s44.a / all)
                                            :source (s44.a2 / and
                                                            :op1 (s44.s3 / sun)
                                                            :op2 (s44.m / moon)))
                               :location (s44.s / screen
                                                :location (s44.h / here
                                                                 :mod (s44.r / right)))))
   :snt45 (s45.a2 / and
                  :ARG1-of (s45.r2 / request-confirmation-91)
                  :op1 (s45.o / obligate-01
                              :ARG1 (s45.c3 / come-01
                                            :ARG1 (s45.t2 / thing
                                                          :ARG0-of (s45.l / light-04)
                                                          :location (s45.a6 / area
                                                                            :mod (s45.t / that)
                                                                            :same-as s40.c2)
                                                          :mod (s45.o2 / only))
                                            :ARG3 (s45.s2 / source
                                                          :mod (s45.a7 / artificial))))
                  :op2 (s45.a3 / and
                               :op1 (s45.g / go-out-17
                                           :ARG0 (s45.i / i
                                                        :same-as s29.i)
                                           :location s45.a6)
                               :op2 (s45.d / do-02
                                           :ARG0 s45.i
                                           :ARG1 (s45.r / reconstruct-01
                                                        :ARG0 s45.i
                                                        :ARG1 (s45.s / scene
                                                                     :same-as s40.c2)
                                                        :ARG1-of (s45.a / actual-02)
                                                        :accompanier (s45.a4 / and
                                                                             :op1 (s45.m / measure-01
                                                                                         :ARG1 (s45.i2 / illuminate-01)
                                                                                         :mod (s45.v / various))
                                                                             :op2 (s45.c / camera
                                                                                         :ARG1-of (s45.s3 / special-02))
                                                                             :op3 (s45.a5 / and
                                                                                          :op1 s45.c
                                                                                          :op2 (s45.f / film
                                                                                                      :mod (s45.s4 / speed
                                                                                                                   :ARG1-of (s45.h / high-02)))))
                                                        :instrument (s45.p2 / photovoltaic))))
                  :rel (s45.m2 / measure-02
                               :ARG1 (s45.p / perceive-01
                                            :ARG1 (s45.c2 / color))
                               :mod (s45.o3 / other)
                               :mod (s45.v2 / various)))
   :snt46 (s46.a2 / and
                  :ARG1-of (s46.r2 / request-confirmation-91)
                  :op1 (s46.m / measure-01
                              :mod (s46.a / all))
                  :op2 (s46.r / record-01
                              :ARG0 (s46.y / you)
                              :ARG1 s46.m
                              :mode "imperative")
                  :rel (s46.i / imperative))
   :snt47 (s47.a / and
                 :op2 (s47.a2 / and
                              :op1 (s47.t / take-01
                                          :ARG1 (s47.p / photograph-01)
                                          :time (s47.t3 / then))
                              :op2 (s47.l2 / look-02
                                           :ARG0 (s47.s / scene
                                                        :same-as s40.c2)
                                           :ARG1 (s47.t4 / this)
                                           :source (s47.p2 / position-01
                                                           :ARG1 (s47.t2 / teenager
                                                                         :ARG0-of (s47.l / look-01
                                                                                         :ARG1 (s47.a3 / and
                                                                                                       :op1 (s47.g / go-01
                                                                                                                   :ARG1 (s47.c / car)
                                                                                                                   :ARG4 (s47.b / by))
                                                                                                       :op2 (s47.s3 / shoot-02
                                                                                                                    :ARG0 s47.c
                                                                                                                    :same-as s2.m2)))))
                                           :time (s47.s2 / shoot-02
                                                         :same-as s2.m2))))
   :snt48 (s48.l / look-01
                 :ARG1 (s48.a / across
                              :op1 (s48.s2 / street)
                              :op1 (s48.t2 / thing
                                           :ARG2-of (s48.s / stand-01
                                                           :ARG1 (s48.t / they
                                                                        :same-as s3.a))))
                 :ARG1-of (s48.d / direct-02)
                 :domain (s48.t3 / this
                                 :same-as s47.t4))
   :snt49 (s49.r / remember-01
                 :ARG0 (s49.y / you)
                 :ARG1 (s49.s / say-01
                              :ARG0 (s49.r2 / report-01
                                            :ARG0 (s49.o / officer
                                                         :ARG0-of (s49.i / investigate-01)
                                                         :same-as s40.p2))
                              :ARG1 (s49.g / good-02
                                           :ARG1 (s49.l / light-04
                                                        :same-as s40.l)))
                 :mode "imperative")
   :snt50 (s50.s / say-01
                 :ARG0 (s50.t / teenager
                              :same-as s3.a)
                 :ARG1 (s50.p / possible-01
                              :ARG1 (s50.s2 / see-01
                                            :ARG0 s50.t
                                            :ARG1-of (s50.w / well-09
                                                            :degree (s50.v / very)))))
   :snt51 (s51.a / and
                 :op1 (s51.l2 / look-01
                              :ARG0 (s51.t3 / this
                                            :same-as s47.t4)
                              :ARG2 (s51.e / east
                                           :location-of (s51.s2 / speed-01
                                                                :ARG1 (s51.v / vehicle
                                                                             :ARG0-of (s51.s / shoot-02))
                                                                :direction (s51.o / off)))
                              :direction (s51.d2 / down))
                 :op2 (s51.t2 / thing
                              :ARG0-of (s51.l / light-04
                                              :ARG1-of (s51.d / direct-02)
                                              :location (s51.b / behind
                                                               :op1 (s51.a2 / and
                                                                            :op1 (s51.p / person
                                                                                        :ARG0-of (s51.h / have-rel-role-91
                                                                                                        :ARG2 (s51.f / father))
                                                                                        :same-as s3.p)
                                                                            :op2 (s51.t / teenager
                                                                                        :same-as s3.a)
                                                                            :same-as s4.a4)))
                              :domain s51.t3))
   :snt52 (s52.p2 / possible-01
                  :ARG1 (s52.s / see-01
                               :ARG0 (s52.y / you)
                               :ARG1 (s52.p / poor
                                            :domain (s52.i / it)
                                            :mod (s52.a / at-best))))
   :snt53 (s53.a2 / and
                  :op1 (s53.c / call-01
                              :ARG0 (s53.n3 / no-one)
                              :ARG1 (s53.t4 / this
                                            :ARG0-of (s53.l2 / light-04
                                                             :ARG1-of (s53.g / good-02))
                                            :ARG1-of (s53.l / light-04
                                                            :ARG1-of (s53.w2 / well-09))
                                            :same-as s40.c2))
                  :op2 s53.c
                  :op3 (s53.c2 / cause-01
                               :ARG0 (s53.a3 / and
                                             :mod (s53.i3 / in-fact)
                                             :op1 (s53.k / know-01
                                                         :ARG0 (s53.i / i
                                                                      :same-as s29.i)
                                                         :ARG1 (s53.o / obligate-01
                                                                      :ARG1 s53.i
                                                                      :ARG2 (s53.t3 / testify-01
                                                                                    :ARG0 s53.i
                                                                                    :location (s53.c6 / court))))
                                             :op2 (s53.w4 / worth-01
                                                          :ARG1 (s53.p3 / picture)
                                                          :ARG2 (s53.m2 / more-than
                                                                        :op1 (s53.w3 / word
                                                                                     :quant "1000"))
                                                          :time (s53.t6 / try-01
                                                                        :ARG0 (s53.y / you)
                                                                        :ARG1 (s53.c4 / communicate-01
                                                                                      :ARG0 s53.y
                                                                                      :ARG1 (s53.a4 / and
                                                                                                    :op1 (s53.n4 / number)
                                                                                                    :op2 (s53.c5 / concept
                                                                                                                 :example (s53.l3 / luxury)
                                                                                                                 :mod (s53.a / abstract))
                                                                                                    :op3 (s53.m / measure-01
                                                                                                                :ARG1 (s53.i2 / illuminate-01)
                                                                                                                :mod (s53.i4 / international))
                                                                                                    :op4 (s53.v / value
                                                                                                                :name (s53.n / name
                                                                                                                             :op1 "Ishihara")
                                                                                                                :ARG2-of (s53.t2 / test-01
                                                                                                                                 :ARG1 (s53.p / perceive-01
                                                                                                                                              :ARG1 (s53.c3 / color)))))))))
                               :ARG1 (s53.t / take-01
                                            :ARG0 (s53.w / we)
                                            :ARG1 (s53.p2 / picture
                                                          :mod (s53.t5 / this)
                                                          :same-as s47.p)))
                  :rel (s53.n2 / nice-01
                               :ARG1 s53.p2))
   :snt54 (s54.a / and
                 :op1 (s54.p2 / present-01
                              :ARG0 (s54.y / you)
                              :ARG1 (s54.t / that
                                           :same-as s53.a4)
                              :ARG2 (s54.p / person
                                           :ARG0-of (s54.v / verse-01
                                                           :ARG1 (s54.a2 / aspect
                                                                         :mod s54.t
                                                                         :mod (s54.s / science))
                                                           :degree (s54.w / well)
                                                           :polarity "-")))
                 :op2 (s54.b / become-01
                             :ARG1 s54.p
                             :ARG2 (s54.v2 / vulture
                                           :condition (s54.s2 / sun
                                                              :time (s54.d / date-entity
                                                                           :dayperiod (s54.n / noonday))
                                                              :same-as s44.s3))))
   :snt55 (s55.r2 / resemble-01
                  :ARG1 (s55.i / it)
                  :ARG1-of (s55.r / request-confirmation-91)
                  :ARG2 (s55.t / talk-01
                               :ARG1 (s55.t2 / tangent
                                             :poss (s55.a / angle
                                                          :mod (s55.v / visual)))))
   :snt56 (s56.r / request-confirmation-91
                 :ARG1 (s56.o / over
                              :ARG1 (s56.e / eye
                                           :part-of (s56.t / they))
                              :mod (s56.j / just)))
   :snt57 (s57.a3 / and
                  :op1 (s57.o / obligate-01
                              :ARG1 (s57.p2 / person
                                            :ARG1-of (s57.e3 / expert-01
                                                             :ARG2 (s57.f2 / forensics)))
                              :ARG2 (s57.a2 / and
                                            :op1 (s57.p3 / person
                                                         :ARG0-of (s57.e2 / educate-01)
                                                         :ARG1-of (s57.g2 / good-03))
                                            :op2 (s57.p4 / person
                                                         :ARG0-of (s57.c4 / communicate-01)
                                                         :ARG1-of (s57.g3 / good-03)))
                              :mod (s57.a / also))
                  :op2 (s57.c2 / cause-01
                               :ARG0 s57.o
                               :ARG1 (s57.t / take-01
                                            :purpose (s57.s / show-01
                                                            :purpose (s57.u / understand-01
                                                                            :ARG0 (s57.p5 / person
                                                                                          :mod (s57.f / fact)
                                                                                          :quant "3")
                                                                            :ARG1 (s57.c3 / circumstance)
                                                                            :ARG1-of (s57.h / have-degree-91
                                                                                            :ARG2 (s57.e / easy-05)
                                                                                            :ARG3 (s57.m / more)))
                                                            :ARG0 (s57.w / we)
                                                            :ARG1 (s57.a4 / and
                                                                          :op1 (s57.l2 / location
                                                                                       :location-of (s57.s2 / source
                                                                                                            :ARG0-of (s57.l / light-04)))
                                                                          :op2 (s57.t2 / thing
                                                                                       :ARG1-of (s57.c / call-01
                                                                                                       :ARG0 s57.w
                                                                                                       :ARG2 (s57.a5 / and
                                                                                                                     :op1 (s57.s3 / spill-01)
                                                                                                                     :op2 (s57.d / distribute-01))))))
                                            :ARG0 s57.w
                                            :ARG1 (s57.p6 / picture))
                               :mod (s57.p / part))
                  :rel (s57.g / good-03))
   :snt58 (s58.a / and
                 :op1 (s58.t / testify-01
                             :ARG0 (s58.i / i
                                          :part (s58.e / eye
                                                       :part (s58.c / corner))
                                          :same-as s29.i)
                             :ARG1 (s58.t2 / that)
                             :ARG2 (s58.c2 / court
                                           :same-as s53.c6))
                 :op2 (s58.h / have-concession-91
                             :ARG1 (s58.h4 / hearing-02
                                           :ARG1-of (s58.l2 / long-03
                                                            :degree (s58.v2 / very))
                                           :ARG1-of (s58.r / result-01
                                                           :ARG2 (s58.n2 / notice-01
                                                                         :ARG0 s58.i
                                                                         :ARG1 (s58.t3 / think-01
                                                                                       :ARG0 s58.i
                                                                                       :ARG1 (s58.p3 / possible-01
                                                                                                     :ARG1 (s58.n / need-01
                                                                                                                  :ARG0 (s58.p / person
                                                                                                                               :ARG0-of (s58.j / judge-01))
                                                                                                                  :ARG1 (s58.n3 / nudge-02
                                                                                                                                :ARG1-of (s58.h2 / have-quant-91
                                                                                                                                                 :ARG2 (s58.l / little)
                                                                                                                                                 :ARG3 (s58.m / more)
                                                                                                                                                 :ARG4 (s58.n4 / number
                                                                                                                                                               :ARG1-of (s58.h3 / have-quant-91
                                                                                                                                                                                :ARG3 (s58.m2 / more))
                                                                                                                                                               :mod (s58.j2 / just)))))))
                                                                         :location (s58.o / out
                                                                                          :op1 s58.c)))
                                           :ARG2 (s58.p2 / petition-01
                                                         :ARG1 (s58.r2 / retry-01)
                                                         :mod (s58.t4 / this)
                                                         :same-as s36.p2))
                             :ARG2 (s58.a2 / attend-02
                                           :ARG0 s58.p
                                           :degree (s58.v / very))))
   :snt59 (s59.a / and
                 :op1 (s59.b / become-01
                             :ARG1 (s59.i / i
                                          :same-as s29.i)
                             :ARG2 (s59.a4 / audacious
                                           :degree (s59.b2 / bit)
                                           :domain s59.i)
                             :location (s59.h / here))
                 :op2 (s59.t2 / turn-01
                              :ARG0 s59.i)
                 :op3 (s59.a3 / ask-01
                              :ARG0 s59.i
                              :ARG2 (s59.p / person
                                           :ARG0-of (s59.j / judge-01)
                                           :same-as s58.p))
                 :op4 (s59.s / say-01
                             :ARG0 s59.i
                             :ARG1 (s59.t / think-01
                                          :ARG0 s59.i
                                          :ARG1 (s59.r / recommend-01
                                                       :ARG1 (s59.a2 / and
                                                                     :op1 (s59.g / go-02
                                                                                 :ARG0 s59.p
                                                                                 :ARG0 (s59.y / you
                                                                                              :ARG0-of (s59.h2 / honor-01
                                                                                                               :ARG1 s59.p
                                                                                                               :same-as s58.p)
                                                                                              :same-as s58.p)
                                                                                 :ARG1 (s59.o / out))
                                                                     :op2 (s59.l / look-01
                                                                                 :ARG0 s59.p
                                                                                 :ARG1 (s59.s2 / scene
                                                                                               :same-as s40.c2)
                                                                                 :ARG1 s59.y))))
                             :ARG2 s59.p))
   :snt60 (s60.h / have-concession-91
                 :ARG1 (s60.s / say-01
                              :ARG0 (s60.a / and
                                           :op1 (s60.c2 / credit-01
                                                        :ARG1 (s60.m / man
                                                                     :mod (s60.t / this)
                                                                     :same-as s58.p))
                                           :op2 (s60.c / courage
                                                       :poss s60.m))
                              :ARG1 (s60.y / yes
                                           :domain (s60.w / will-02
                                                          :ARG0 s60.m)))
                 :ARG2 (s60.p / possible-01
                              :ARG1 (s60.u / use-01
                                           :ARG0 (s60.i / i
                                                        :same-as s29.i)
                                           :ARG1 (s60.t2 / tone
                                                         :ARG1-of (s60.h2 / have-degree-of-resemblance-91
                                                                          :ARG2 (s60.d / dare-01)
                                                                          :ARG3 (s60.m2 / more)
                                                                          :ARG4 (s60.r / request-01))))
                              :time (s60.n / now)))
   :snt61 (s61.t / thing
                 :ARG0-of (s61.s / shock-01
                                 :location (s61.j / jurisprudence
                                                  :mod (s61.c / country
                                                              :name (s61.n / name
                                                                           :op1 "America")))))
   :snt62 (s62.a2 / and
                  :ARG1-of (s62.r2 / request-confirmation-91)
                  :op1 (s62.f / find-01
                              :ARG0 (s62.w / we)
                              :ARG1 (s62.c3 / condition
                                            :ARG1-of (s62.i / identical-01)
                                            :ARG1-of (s62.s / same-01))
                              :mod (s62.i2 / in-fact))
                  :op2 (s62.r / reconstruct-01
                              :ARG0 s62.w
                              :ARG1 (s62.t / thing
                                           :mod (s62.e / entire))
                              :mod (s62.a / again))
                  :op3 (s62.c / come-out-09
                              :ARG0 (s62.h2 / he
                                            :same-as s58.p)
                              :accompanier (s62.b / brigade
                                                  :ARG0-of (s62.p2 / protect-01
                                                                   :ARG1 s62.h2
                                                                   :location (s62.c2 / community
                                                                                     :mod (s62.t2 / this)
                                                                                     :same-as s2.c3))
                                                  :consist-of (s62.p / person
                                                                     :ARG0-of (s62.h / have-org-role-91
                                                                                     :ARG1 (s62.s2 / sheriff)
                                                                                     :ARG2 (s62.o / officer)))
                                                  :mod (s62.e2 / entire))))
   :snt63 (s63.c / cause-01
                 :ARG0 (s63.h / have-04
                              :ARG0 (s63.w / we
                                           :same-as s62.w)
                              :ARG1 (s63.s4 / stand-01
                                            :ARG1 (s63.h4 / he
                                                          :same-as s58.p)
                                            :ARG1-of (s63.a / actual-02)
                                            :ARG1-of (s63.h2 / have-degree-91
                                                             :ARG2 (s63.c2 / close-10
                                                                           :ARG1 s63.s4
                                                                           :ARG2 (s63.v / vehicle
                                                                                        :ARG1-of (s63.m / mean-01
                                                                                                        :ARG2 (s63.v2 / vehicle
                                                                                                                      :ARG0-of (s63.s / shoot-02)))
                                                                                        :ARG2-of (s63.s8 / suspect-01)
                                                                                        :same-as s51.v)
                                                                           :ARG2-of (s63.h3 / have-degree-91
                                                                                            :ARG1 s63.h4
                                                                                            :ARG3 (s63.m3 / more)
                                                                                            :ARG4 (s63.t / teenager
                                                                                                         :ARG1-of (s63.a2 / actual-02)
                                                                                                         :same-as s3.a)))
                                                             :ARG3 (s63.s3 / so))
                                            :ARG2 (s63.s6 / street)
                                            :degree (s63.s2 / slight)))
                 :ARG1 (s63.s5 / stand-01
                               :ARG1 s63.h4
                               :ARG2 (s63.r / relative-position
                                            :quant (s63.f / few
                                                          :op1 (s63.d / distance-quantity
                                                                      :unit (s63.f2 / foot)
                                                                      :quant "1"))
                                            :op1 (s63.c3 / curb)
                                            :op2 (s63.m2 / middle
                                                         :part-of (s63.s7 / street
                                                                          :same-as s63.s6)))))
   :snt64 (s64.h / have-03
                 :ARG0 (s64.w / we
                              :same-as s62.w)
                 :ARG1 (s64.c / car
                              :ARG1-of (s64.c3 / come-01
                                               :ARG4 (s64.b / by))
                              :ARG1-of (s64.s / same-01
                                              :ARG2 (s64.c2 / car
                                                            :ARG1-of (s64.i / identical-01
                                                                            :ARG2 (s64.d / describe-01
                                                                                         :ARG0 (s64.t / teenager
                                                                                                      :same-as s3.a))))))
                 :ARG1-of (s64.r / request-confirmation-91))
   :snt65 (s65.a3 / and
                  :ARG1-of (s65.r / request-confirmation-91)
                  :op1 (s65.h2 / have-03
                               :ARG0 (s65.i / it
                                            :same-as s64.c3)
                               :ARG1 (s65.a2 / and
                                             :op1 (s65.p3 / person
                                                          :ARG0-of (s65.d2 / drive-01))
                                             :op2 (s65.p2 / passenger)))
                  :op2 (s65.a4 / and
                               :ARG1-of (s65.r2 / resemble-01
                                                :ARG2 (s65.d / describe-01
                                                             :ARG0 (s65.t / teenager
                                                                          :same-as s3.a)
                                                             :ARG1 s65.i)
                                                :mod (s65.j2 / just))
                               :op1 (s65.e / extend-01
                                           :ARG0 s65.p2
                                           :ARG1 (s65.h / hand))
                               :op2 (s65.p5 / point-01
                                            :ARG0 s65.a2
                                            :ARG2 (s65.p4 / person
                                                          :ARG0-of (s65.j / judge-01)
                                                          :part s65.h
                                                          :same-as s58.p)
                                            :direction (s65.b / back))
                               :time (s65.a / after
                                            :op1 (s65.p / pass-by-17
                                                        :ARG1 s65.p4))
                               :time (s65.c / continue-01
                                            :ARG0 s65.i)))
   :snt66 (s66.c / cause-01
                 :ARG0 (s66.u / use-01
                              :ARG0 (s66.h3 / he
                                            :part (s66.h / hand
                                                         :same-as s65.h)
                                            :same-as s65.p2)
                              :ARG1 (s66.g / gun
                                           :ARG1-of (s66.r / real-04))
                              :location s66.h
                              :polarity "-")
                 :ARG1 (s66.h2 / have-03
                               :ARG0 s66.h3
                               :ARG1 (s66.o / object
                                            :ARG1-of (s66.b / black-04)
                                            :ARG1-of (s66.r2 / resemble-01
                                                             :ARG2 (s66.g2 / gun
                                                                           :ARG1-of (s66.d / describe-01))))))
   :snt67 (s67.a / and
                 :op1 (s67.p2 / point-01
                              :ARG0 (s67.h / he
                                           :same-as s65.p2)
                              :direction (s67.b / by))
                 :op2 (s67.s / see-01
                             :ARG0 (s67.p / person
                                          :ARG0-of (s67.j / judge-01)
                                          :same-as s58.p)
                             :ARG1 (s67.t / this)))
   :snt68 (s68.c / car
                 :domain (s68.t / this)
                 :location (s68.r / relative-position
                                  :quant (s68.d / distance-quantity
                                                :unit (s68.f / foot)
                                                :quant "30")
                                  :op1 (s68.p / person
                                              :ARG0-of (s68.j / judge-01)
                                              :same-as s58.p)
                                  :same-as s51.v))
   :snt69 (s69.a / and
                 :op1 (s69.s2 / stick-out-02
                              :ARG1 (s69.a2 / arm)
                              :ARG2 (s69.s / side
                                           :mod (s69.p / passenger)))
                 :op2 (s69.p2 / point-01
                              :ARG0 s69.a2
                              :ARG2 (s69.y / you)
                              :direction (s69.b / back)))
   :snt70 (s70.b / be-located-at-91
                 :ARG2 (s70.t / that
                              :location (s70.r / relative-position
                                               :quant (s70.d / distance-quantity
                                                             :unit (s70.f / foot)
                                                             :quant "30")
                                               :direction (s70.a / away))))
   :snt71 (s71.s / say-01
                 :ARG0 (s71.t / teenager
                              :quant (s71.s3 / some)
                              :ARG1-of (s71.i2 / include-91
                                               :ARG2 (s71.t2 / teenager)))
                 :ARG1 (s71.r / relative-position
                              :quant (s71.d / distance-quantity
                                            :unit (s71.f / foot)
                                            :quant "15")
                              :direction (s71.a / away)
                              :mod (s71.i / in-fact)
                              :op1 (s71.c / car
                                          :same-as s64.c3)
                              :time (s71.s2 / shoot-02
                                            :ARG0 s71.c
                                            :same-as s2.m2)))
   :snt72 (s72.o / okay-01)
   :snt73 (s73.d / distance-quantity
                 :unit (s73.f / foot)
                 :quant "15")
   :snt74 (s74.b / become-01
                 :ARG1 (s74.i / i
                              :same-as s29.i)
                 :ARG2 (s74.c / concern-01
                              :ARG1 s74.i
                              :degree (s74.l / little))
                 :time (s74.p / point
                              :mod (s74.t / this)))
   :snt75 (s75.s / someone
                 :ARG2-of (s75.p2 / play-01
                                  :ARG0 (s75.y / you)
                                  :ARG1 (s75.p3 / poker)
                                  :ARG1-of (s75.w / want-01
                                                  :ARG0 s75.y
                                                  :time (s75.e / ever)
                                                  :polarity "-"))
                 :domain (s75.p / person
                                :ARG0-of (s75.j / judge-01)
                                :mod (s75.t / this)
                                :same-as s58.p))
   :snt76 (s76.s / stoic
                 :degree (s76.t / total)
                 :domain (s76.h / he
                                :same-as s58.p))
   :snt77 (s77.p / possible-01
                 :ARG1 (s77.s / see-01
                              :ARG0 (s77.i / i
                                           :same-as s29.i)
                              :ARG1 (s77.d / drop-01
                                           :ARG1 (s77.e / eyebrow
                                                        :part-of (s77.h / he
                                                                        :same-as s58.p))))
                 :polarity "-")
   :snt78 (s78.p / possible-01
                 :ARG1 (s78.s / see-01
                              :ARG0 (s78.i / i
                                           :same-as s29.i)
                              :ARG1 (s78.b / bend-01
                                           :ARG1 (s78.h3 / head
                                                         :part-of (s78.h2 / he
                                                                          :same-as s58.p))
                                           :ARG1-of (s78.h / have-degree-91
                                                           :ARG2 (s78.s2 / slight)
                                                           :ARG3 (s78.m / most))))
                 :polarity "-")
   :snt79 (s79.a3 / and
                  :op1 (s79.s2 / sense-01
                               :ARG0 (s79.i / i
                                            :same-as s29.i)
                               :ARG1 (s79.t / thing
                                            :ARG2-of (s79.r / react-01
                                                            :ARG0 (s79.h / he
                                                                         :same-as s58.p)
                                                            :ARG1 (s79.t3 / this)))
                               :polarity "-")
                  :op2 (s79.a4 / and
                               :op1 (s79.t5 / turn-01
                                            :ARG1 s79.h
                                            :direction s79.i)
                               :op2 (s79.s / say-01
                                           :ARG0 s79.h
                                           :ARG1 (s79.w / want-01
                                                        :ARG0 s79.i
                                                        :ARG1 (s79.l2 / look-01
                                                                      :ARG0 s79.h
                                                                      :ARG1 (s79.a5 / anything
                                                                                    :mod (s79.e / else)))
                                                        :polarity (s79.a2 / amr-unknown))))
                  :rel (s79.a / after
                              :op1 (s79.l / look-01
                                          :ARG0 s79.h
                                          :ARG1 (s79.t2 / thing
                                                        :ARG1-of (s79.r2 / reenact-01)
                                                        :mod (s79.t4 / this)))))
   :snt80 (s80.a3 / and
                  :op1 (s80.s / say-01
                              :ARG0 (s80.i / i
                                           :same-as s29.i)
                              :ARG1 (s80.h4 / honor-01
                                            :ARG1 (s80.y / you
                                                         :same-as s58.p)))
                  :op2 (s80.k / know-01
                              :ARG0 s80.i
                              :ARG1 (s80.t3 / truth-value
                                            :polarity-of (s80.o2 / or
                                                                 :op1 (s80.e / embolden-01
                                                                             :ARG0 (s80.a4 / and
                                                                                           :op2 (s80.k2 / know-01
                                                                                                        :ARG0 s80.i
                                                                                                        :ARG1 (s80.a / accurate
                                                                                                                     :domain (s80.m / measure-01
                                                                                                                                    :ARG1-of (s80.h2 / have-03
                                                                                                                                                     :ARG0 s80.i
                                                                                                                                                     :location (s80.p2 / pocket
                                                                                                                                                                       :poss s80.i))
                                                                                                                                    :mod (s80.s3 / science)))))
                                                                             :op1-of s80.a4
                                                                             :ARG1 s80.t3)
                                                                 :op2 (s80.s7 / stupidity
                                                                              :ARG1-of (s80.t2 / think-01
                                                                                               :ARG0 (s80.l / lawyer
                                                                                                            :ARG0-of (s80.d / defend-01))
                                                                                               :time (s80.h3 / hear-01
                                                                                                             :ARG0 s80.l
                                                                                                             :ARG1 (s80.s2 / say-01
                                                                                                                           :ARG0 s80.i
                                                                                                                           :ARG1 (s80.a5 / and
                                                                                                                                         :op1 (s80.w / want-01
                                                                                                                                                     :ARG0 s80.i
                                                                                                                                                     :ARG1 (s80.s5 / stand-01
                                                                                                                                                                   :ARG1 s80.y
                                                                                                                                                                   :ARG2 (s80.t / there
                                                                                                                                                                                :mod (s80.r / right))))
                                                                                                                                         :op2 (s80.w2 / want-01
                                                                                                                                                      :ARG0 s80.i
                                                                                                                                                      :ARG1 (s80.g / go-01
                                                                                                                                                                   :ARG1 (s80.c / car
                                                                                                                                                                                :same-as s64.c3)
                                                                                                                                                                   :ARG4 (s80.a7 / around
                                                                                                                                                                                 :op1 (s80.b3 / block))
                                                                                                                                                                   :mod (s80.a2 / again)))
                                                                                                                                         :op3 (s80.w3 / want-01
                                                                                                                                                      :ARG0 s80.i
                                                                                                                                                      :ARG1 (s80.c2 / come-01
                                                                                                                                                                    :ARG1 (s80.i3 / it
                                                                                                                                                                                  :op4 (s80.s6 / stop-01
                                                                                                                                                                                               :ARG1 s80.c
                                                                                                                                                                                               :location (s80.i2 / in-front-of
                                                                                                                                                                                                                 :location (s80.a9 / away
                                                                                                                                                                                                                                   :op1 (s80.b / between
                                                                                                                                                                                                                                               :op1 (s80.d2 / distance-quantity
                                                                                                                                                                                                                                                            :unit (s80.f / foot)
                                                                                                                                                                                                                                                            :quant "3")
                                                                                                                                                                                                                                               :op2 (s80.d3 / distance-quantity
                                                                                                                                                                                                                                                            :unit (s80.f2 / foot)
                                                                                                                                                                                                                                                            :quant "4")))
                                                                                                                                                                                                                 :op1 s80.y))
                                                                                                                                                                                  :same-as s64.c3)))
                                                                                                                                         :op5 (s80.w4 / want-01
                                                                                                                                                      :ARG0 s80.i
                                                                                                                                                      :ARG1 (s80.a6 / and
                                                                                                                                                                    :op1 (s80.e2 / extend-01
                                                                                                                                                                                 :ARG0 (s80.p / passenger
                                                                                                                                                                                              :part (s80.h / hand)
                                                                                                                                                                                              :same-as s65.p2)
                                                                                                                                                                                 :ARG1 s80.h
                                                                                                                                                                                 :instrument (s80.o / object
                                                                                                                                                                                                    :ARG1-of (s80.b2 / black-04)))
                                                                                                                                                                    :op2 (s80.p3 / point-01
                                                                                                                                                                                 :ARG0 s80.p
                                                                                                                                                                                 :ARG1 s80.o
                                                                                                                                                                                 :direction (s80.r2 / right))))
                                                                                                                                         :op6 (s80.w5 / want-01
                                                                                                                                                      :ARG0 s80.i)
                                                                                                                                         :op7 (s80.p4 / possible-01
                                                                                                                                                      :ARG1 (s80.l2 / look-01
                                                                                                                                                                    :ARG0 s80.y
                                                                                                                                                                    :ARG1 s80.o
                                                                                                                                                                    :condition (s80.a8 / as-long-as
                                                                                                                                                                                       :op1 (s80.w6 / want-01
                                                                                                                                                                                                    :ARG0 s80.y))))))))
                                                                              :domain s80.m
                                                                              :mod (s80.s4 / sheer)
                                                                              :mod (s80.j / just))))
                              :polarity "-")
                  :rel (s80.h5 / honor-01
                               :ARG1 s80.y
                               :same-as s58.p))
   :snt81 (s81.a / and
                 :op2 (s81.s / see-01
                             :ARG0 (s81.h / he
                                          :same-as s58.p)
                             :ARG1 (s81.t / that)))
   :snt82 (s82.n2 / notice-01
                  :ARG0 (s82.y / you)
                  :ARG1 (s82.c / come-03
                               :ARG1 (s82.l / light-04
                                            :ARG0-of (s82.d / dominate-01)
                                            :mod (s82.a / all))
                               :ARG1-of (s82.m / mean-01
                                               :ARG2 (s82.s / secretary
                                                            :domain (s82.f / face
                                                                           :part-of (s82.p / person
                                                                                           :ARG0-of (s82.s2 / shoot-02)
                                                                                           :same-as s10.k))
                                                            :mod (s82.p2 / photograph-01)))
                               :ARG2 (s82.s3 / side
                                             :mod (s82.n / north)))
                  :medium (s82.t2 / thing
                                  :ARG1-of (s82.r / report-01
                                                  :ARG0 (s82.i / i
                                                               :same-as s29.i)
                                                  :mod (s82.t / test-01)
                                                  :same-as s49.r2)
                                  :mod (s82.a2 / also)))
   :snt83 (s83.s / shadow
                 :domain (s83.i / it
                                :same-as s82.f))
   :snt84 (s84.a / and
                 :op2 (s84.c3 / cause-01
                              :ARG0 (s84.r / roof)
                              :ARG1 (s84.t / thing
                                           :ARG0-of (s84.m / make-02
                                                           :ARG1 (s84.d / dark-02
                                                                        :ARG1 (s84.c2 / car
                                                                                      :part s84.r
                                                                                      :same-as s64.c3)
                                                                        :ARG2-of (s84.h / have-degree-91
                                                                                        :ARG1 s84.c2
                                                                                        :ARG3 (s84.m2 / more))))
                                           :ARG1-of (s84.c / call-01
                                                           :ARG0 (s84.w / we)
                                                           :ARG2 (s84.c4 / cloud
                                                                         :location (s84.i / inside
                                                                                          :op1 s84.c2)
                                                                         :mod (s84.s / shadow))))))
   :snt85 (s85.a / and
                 :op2 (s85.b / be-located-at-91
                             :ARG1 (s85.b2 / between
                                           :op1 (s85.d / distance-quantity
                                                       :unit (s85.f / foot)
                                                       :quant "3")
                                           :op2 (s85.d2 / distance-quantity
                                                        :unit (s85.f2 / foot)
                                                        :quant "4"))
                             :ARG2 (s85.a2 / away))
                 :rel (s85.t / this))
   :snt86 (s86.r / risk-01
                 :ARG0 (s86.i / i
                              :same-as s29.i)
                 :ARG1-of (s86.c / cause-01
                                 :ARG0 (s86.a / amr-unknown)))
   :snt87 (s87.k / know-01
                 :ARG0 (s87.i / i
                              :same-as s29.i)
                 :ARG1 (s87.t / thing
                              :quant (s87.a / at-least
                                            :op1 (s87.d2 / distance-quantity
                                                         :unit (s87.i2 / inch)
                                                         :quant "18"))
                              :ARG1-of (s87.d / deep-02
                                              :ARG1 (s87.f / field))))
   :snt88 (s88.p / possible-01
                 :ARG1 (s88.b / be-located-at-91
                              :ARG1 (s88.i / it
                                           :same-as s85.t)
                              :ARG2 (s88.a2 / away
                                            :op1 (s88.f / field
                                                        :mod (s88.f4 / football))))
                 :mod (s88.a / as-well)
                 :rel (s88.b2 / between
                              :op2 (s88.d / distance-quantity
                                          :unit (s88.f2 / foot)
                                          :quant "3")
                              :op2 (s88.d2 / distance-quantity
                                           :unit (s88.f3 / foot)
                                           :quant "4")
                              :op1 "3"))
   :snt89 (s89.s / see-01
                 :ARG0 (s89.h / he
                              :same-as s58.p)
                 :ARG1 (s89.t / this))
   :snt90 (s90.a / and
                 :op1 (s90.g / go-02
                             :ARG0 (s90.h / he
                                          :same-as s58.p)
                             :ARG4 (s90.b / back))
                 :op2 (s90.h2 / hear-01
                              :ARG1 (s90.e / evidence-01
                                           :duration (s90.f / few
                                                            :mod (s90.m / more)
                                                            :op1 (s90.t / temporal-quantity
                                                                        :unit (s90.d / day)
                                                                        :quant "1")))))
   :snt91 (s91.j / judge-01
                 :ARG0 (s91.h / he
                              :same-as s58.p)
                 :ARG2 (s91.g / grant-01
                              :ARG0 s91.h
                              :ARG1 (s91.p / petition-01
                                           :ARG1 (s91.r / retry-01)
                                           :same-as s36.p2))
                 :time (s91.e / end-01
                              :ARG1 (s91.i / it
                                           :same-as s90.h2)))
   :snt92 (s92.a2 / and
                  :op2 (s92.r / release-01
                              :purpose (s92.p3 / possible-01
                                               :ARG1 (s92.a / aid-01
                                                            :ARG0 (s92.h / he
                                                                         :same-as s58.p)
                                                            :ARG1 (s92.p4 / prepare-02
                                                                          :ARG1 (s92.d2 / defend-01
                                                                                        :ARG0 s92.h
                                                                                        :ARG1 s92.h))
                                                            :condition (s92.d / decide-01
                                                                              :ARG0 (s92.p2 / person
                                                                                            :ARG0-of (s92.p5 / prosecute-01))
                                                                              :ARG1 (s92.r2 / retry-01
                                                                                            :ARG0 s92.p2
                                                                                            :ARG1 s92.h))))
                              :ARG0 s92.h
                              :ARG1 (s92.p / person
                                           :name (s92.n / name
                                                        :op1 "Mr."
                                                        :op2 "Carrillo"))))
   :snt93 (s93.d / decide-01
                 :ARG0 (s93.t / they
                              :same-as s92.p2)
                 :ARG1 (s93.e / event
                              :polarity "-"))
   :snt94 (s94.m / man
                 :ARG1-of (s94.f / free-01)
                 :domain (s94.h / he)
                 :time (s94.n / now))
   :snt95 (s95.e / embrace-01
                 :ARG0 (s95.h2 / he)
                 :ARG1 (s95.p / person
                              :ARG0-of (s95.h / have-rel-role-91
                                              :ARG1 s95.h2
                                              :ARG2 (s95.s / sister-in-law)))
                 :domain (s95.t / this))
   :snt96 (s96.a2 / attend-01
                  :ARG0 (s96.a / and
                               :ARG0-of (s96.t / take-01
                                               :ARG1 (s96.c2 / class))
                               :op1 (s96.h2 / he)
                               :op2 (s96.p / person
                                           :ARG0-of (s96.h / have-rel-role-91
                                                           :ARG1 s96.h2
                                                           :ARG2 (s96.s / son))
                                           :same-as s3.p2))
                  :ARG1 (s96.u / university
                               :name (s96.n / name
                                            :op1 "Cal"
                                            :op2 "State")
                               :location (s96.c / city
                                                :name (s96.n2 / name
                                                              :op1 "Long"
                                                              :op2 "Beach")))
                  :time (s96.n3 / now
                                :mod (s96.r / right)))
   :snt97 (s97.a3 / and
                  :op2 (s97.d / do-02
                              :ARG0 (s97.a / amr-unknown
                                           :ARG1-of (s97.m / mean-01
                                                           :ARG2 (s97.i / important-01
                                                                        :ARG0 (s97.w / we)
                                                                        :ARG1 (s97.k / keep-in-mind-08
                                                                                     :ARG1 s97.w
                                                                                     :ARG2 (s97.a2 / amr-unknown)))))
                              :ARG1 (s97.e / example
                                           :mod (s97.t / this))))
   :snt98 (s98.h / history
                 :ARG1-of (s98.l2 / long-03)
                 :consist-of (s98.a / antipathy
                                    :location (s98.j / jurisprudence
                                                     :mod (s98.c / country
                                                                 :name (s98.n / name
                                                                              :op1 "America")))
                                    :mod (s98.b / between
                                                :op1 (s98.s / science)
                                                :op2 (s98.l / law)))
                 :mod (s98.f / first-of-all))
   :snt99 (s99.p / possible-01
                 :ARG1 (s99.t / tell-01
                              :ARG0 (s99.i / i
                                           :same-as s29.i)
                              :ARG1 (s99.s2 / story
                                            :mod (s99.h / horror)
                                            :topic (s99.i2 / ignorance
                                                           :ARG1-of (s99.c / cause-01
                                                                           :ARG0 (s99.e / experience-01
                                                                                        :ARG0 s99.i
                                                                                        :ARG1 (s99.e2 / expert-01
                                                                                                      :ARG1 s99.i
                                                                                                      :ARG2 (s99.f / forensic)
                                                                                                      :ARG2 (s99.t3 / try-01
                                                                                                                    :ARG0 s99.i
                                                                                                                    :ARG1 (s99.g / get-05
                                                                                                                                 :ARG0 s99.i
                                                                                                                                 :ARG1 (s99.s / science)
                                                                                                                                 :ARG2 (s99.c2 / courtroom))
                                                                                                                    :mod (s99.j / just)))
                                                                                        :duration (s99.m / multiple
                                                                                                         :op1 (s99.t2 / temporal-quantity
                                                                                                                      :unit (s99.d / decade)
                                                                                                                      :quant "1"))))))
                              :ARG2 (s99.y / you)))
   :snt100 (s100.a2 / and
                    :op1 (s100.f / fight-01
                                 :ARG0 (s100.c / council
                                               :ARG0-of (s100.o / oppose-01))
                                 :ARG1 (s100.i / it
                                               :same-as s99.g))
                    :op2 (s100.o2 / oppose-01
                                  :ARG0 s100.c
                                  :ARG1 s100.i)
                    :time (s100.a / always))
   :snt101 (s101.a3 / and
                    :op1 (s101.s5 / suggest-01
                                  :ARG1 (s101.b / become-01
                                                :ARG1 (s101.w / we
                                                              :mod (s101.a / all))
                                                :ARG2 (s101.a6 / attune-01
                                                               :ARG1 s101.w
                                                               :ARG1 (s101.g / get-01
                                                                             :ARG1 (s101.s2 / science
                                                                                            :ARG1-of (s101.h2 / have-quant-91
                                                                                                              :ARG3 (s101.m3 / more)))
                                                                             :location (s101.c2 / courtroom))
                                                               :ARG2 (s101.n / need-01
                                                                             :manner (s101.a4 / and
                                                                                              :op1 (s101.p2 / policy-01)
                                                                                              :op2 s101.p2
                                                                                              :op3 (s101.p3 / procedure)
                                                                                              :op4 (s101.t / technology)
                                                                                              :op5 (s101.e / engineer-01)
                                                                                              :op6 (s101.m / mathematics)))
                                                               :ARG2-of (s101.h / have-degree-91
                                                                                :ARG1 s101.w
                                                                                :ARG3 (s101.m2 / more
                                                                                               :quant (s101.m4 / much)))))
                                  :quant "1")
                    :op2 (s101.t2 / think-01
                                  :ARG0 (s101.i / i
                                                :same-as s29.i)
                                  :ARG1 (s101.s4 / step-01
                                                 :ARG1 (s101.r / require-01
                                                               :ARG1-of (s101.c / cause-01
                                                                                :ARG0 (s101.b2 / become-01
                                                                                               :ARG1 (s101.a5 / anyone
                                                                                                              :ARG0-of (s101.g2 / go-02
                                                                                                                                :ARG4 (s101.l2 / law)))
                                                                                               :ARG2 (s101.p / person
                                                                                                             :ARG0-of (s101.j / judge-01))))
                                                               :ARG2 s101.a5
                                                               :manner (s101.r2 / respect-01
                                                                                :ARG1 (s101.s / school
                                                                                              :mod s101.l2)
                                                                                :mod (s101.d / due)
                                                                                :mod (s101.a2 / all)))
                                                 :ARG2 s101.g
                                                 :mod (s101.l / large)
                                                 :quant "1"))
                    :rel (s101.s3 / science))
   :snt102 (s102.t2 / think-01
                    :ARG0 (s102.y / you)
                    :ARG1 (s102.t / thing
                                  :manner-of (s102.s / select-01
                                                     :ARG0 (s102.w / we)
                                                     :ARG1 (s102.p / person
                                                                   :ARG0-of (s102.j / judge-01)
                                                                   :poss s102.w)
                                                     :location (s102.c / country
                                                                       :mod (s102.t3 / this))))
                    :mode "imperative")
   :snt103 (s103.d / differ-02
                   :ARG1 (s103.i / it
                                 :same-as s102.c)
                   :ARG2 (s103.c / culture
                                 :quant (s103.m / most)
                                 :mod (s103.o / other))
                   :degree (s103.v / very))
   :snt104 (s104.r / right-06
                   :ARG2 (s104.a / all)
                   :polarity (s104.a2 / amr-unknown))
   :snt105 (s105.a4 / and
                    :domain (s105.o3 / one
                                     :ARG1-of (s105.s / suggest-01
                                                      :ARG0 (s105.i / i
                                                                    :same-as s29.i)
                                                      :ARG1-of (s105.w / want-01
                                                                       :ARG0 s105.i))
                                     :mod (s105.o4 / other))
                    :op1 s105.w
                    :op2 (s105.o2 / obligate-01
                                  :ARG1 (s105.c2 / constant)
                                  :ARG2 (s105.r / remind-01
                                                :ARG0 s105.i
                                                :ARG1 s105.o3
                                                :ARG1 (s105.a / accurate
                                                              :degree (s105.a3 / amr-unknown)
                                                              :domain (s105.m / memory
                                                                              :ARG1-of (s105.t / true-01
                                                                                               :ARG1-of (s105.k / know-01
                                                                                                                :ARG0 (s105.w2 / we
                                                                                                                               :mod (s105.a2 / all)
                                                                                                                               :same-as s101.w)))
                                                                              :ARG1-of (s105.b / believe-01
                                                                                               :ARG0 s105.w2))
                                                              :mod (s105.j / just))
                                                :ARG2 s105.c2))
                    :rel (s105.o / obligate-01
                                 :ARG1 s105.i
                                 :ARG2 (s105.h / have-03
                                               :ARG0 s105.w2
                                               :ARG1 (s105.c / caution-01))))
   :snt106 (s106.a / and
                   :duration (s106.m / multiple
                                     :op1 (s106.t / temporal-quantity
                                                  :unit (s106.d / decade)
                                                  :quant "1"))
                   :op1 (s106.r2 / research-01
                                 :ARG1 (s106.c / case-04
                                               :ARG1-of (s106.r3 / resemble-01
                                                                 :ARG2 (s106.t2 / this))
                                               :location-of (s106.b / believe-01
                                                                    :ARG0 (s106.i / individual)
                                                                    :ARG1-of (s106.r / real-04))))
                   :op2 (s106.e / exemplify-01
                                :ARG1 s106.c))
   :snt107 (s107.t3 / think-01
                    :ARG0 (s107.t / teenager
                                  :ARG0-of (s107.i / identify-01
                                                   :ARG1 (s107.h / he))
                                  :mod (s107.t2 / that))
                    :ARG1 (s107.p2 / pick-01
                                   :ARG0 s107.t
                                   :ARG1 (s107.p / person
                                                 :ARG1-of (s107.w / wrong-03)))
                    :polarity "-")
   :snt108 (s108.t2 / think-01
                    :ARG0 (s108.t / they
                                  :quant (s108.n / none)
                                  :same-as s107.t)
                    :ARG1 (s108.p2 / possible-01
                                   :ARG1 (s108.s / see-01
                                                 :ARG0 s108.t
                                                 :ARG1 (s108.f / face
                                                               :part-of (s108.p / person)))
                                   :polarity "-"))
   :snt109 (s109.o / obligate-01
                   :ARG1 (s109.w / we
                                 :mod (s109.a / all))
                   :ARG2 (s109.c / care-04
                                 :ARG0 s109.w
                                 :degree (s109.v / very)))
   :snt110 (s110.r / reconstruct-01
                   :ARG1 (s110.m / memory
                                 :mod (s110.a / all)
                                 :poss (s110.w / we)))
   :snt111 (s111.p / produce-01
                   :ARG1 (s111.t / they
                                 :same-as s110.m)
                   :ARG2 (s111.a2 / and
                                  :op1 (s111.t2 / thing
                                                :ARG1-of (s111.e2 / experience-01
                                                                  :ARG0 (s111.w / we)
                                                                  :time (s111.o / original)))
                                  :op2 (s111.e / everything
                                               :time (s111.a / afterwards))))
   :snt112 (s112.d / dynamic
                   :domain (s112.t / they
                                   :same-as s110.m))
   :snt113 (s113.p / possible-01
                   :ARG1 (s113.d / dismiss-02
                                 :ARG1 (s113.t / they
                                               :same-as s110.m)))
   :snt114 (s114.c / cause-01
                   :ARG0 (s114.v2 / volatile
                                  :domain (s114.t / they
                                                  :same-as s110.m))
                   :ARG1 (s114.n / need-01
                                 :ARG0 (s114.w / we
                                               :mod (s114.a2 / all)
                                               :same-as s109.w)
                                 :ARG1 (s114.r / remember-01
                                               :ARG0 s114.w
                                               :ARG1 (s114.c2 / cautious-02
                                                              :ARG0 s114.w)
                                               :ARG1 (s114.m / measure-01
                                                             :ARG1 (s114.a / accurate
                                                                           :domain (s114.m2 / memory
                                                                                            :poss s114.w))
                                                             :ARG2 (s114.o / or
                                                                           :op1 (s114.t2 / thing
                                                                                         :degree-of (s114.v / vivid
                                                                                                            :domain s114.m2))
                                                                           :op2 (s114.t3 / thing
                                                                                         :degree-of (s114.k / know-01
                                                                                                            :ARG0 s114.w
                                                                                                            :ARG0 (s114.y / you)
                                                                                                            :ARG1 (s114.c3 / correct-02
                                                                                                                           :ARG1 s114.m2))))
                                                             :polarity "-"))))
   :snt115 (s115.t / thank-01
                   :ARG1 (s115.y / you
                                 :same-as s29.i)))

