# ::id doc-940
# ::doc_file doc-940
# ::tok http : / / www . ted . com / talks / wadah_khanfar_a_historic_moment_in_the_arab_world< / url> <next_sent> Ten years ago exactly , I was in Afghanistan . <next_sent> I was covering the war in Afghanistan , and I witnessed , as a reporter for Al Jazeera , the amount of suffering and destruction that emerged out of a war like that . <next_sent> Then , two years later , I covered another war -- the war in Iraq . <next_sent> I was placed at the center of that war because I was covering the war from the northern part of Iraq . <next_sent> And the war ended with a regime change , like the one in Afghanistan . <next_sent> And that regime that we got rid of was actually a dictatorship , an authoritarian regime , that for decades created a great sense of paralysis within the nation , within the people themselves . <next_sent> However , the change that came through foreign intervention created even worse circumstances for the people and deepened the sense of paralysis and inferiority in that part of the world . <next_sent> For decades , we have lived under authoritarian regimes -- in the Arab world , in the Middle East . <next_sent> These regimes created something within us during this period . <next_sent> I 'm 43 years old right now . <next_sent> For the last 40 years , I have seen almost the same faces for kings and presidents ruling us -- old , aged , authoritarian , corrupt situations -- regimes that we have seen around us . <next_sent> And for a moment I was wondering , are we going to live in order to see real change happening on the ground , a change that does not come through foreign intervention , through the misery of occupation , through nations invading our land and deepening the sense of inferiority sometimes ? <next_sent> The Iraqis : yes , they got rid of Saddam Hussein , but when they saw their land occupied by foreign forces they felt very sad , they felt that their dignity had suffered . <next_sent> And this is why they revolted . <next_sent> This is why they did not accept . <next_sent> And actually other regimes , they told their citizens , " Would you like to see the situation of Iraq ? <next_sent> Would you like to see civil war , sectarian killing ? <next_sent> Would you like to see destruction ? <next_sent> Would you like to see foreign troops on your land ? " <next_sent> And the people thought for themselves , " Maybe we should live with this kind of authoritarian situation that we find ourselves in , instead of having the second scenario . " <next_sent> That was one of the worst nightmares that we have seen . <next_sent> For 10 years , unfortunately we have found ourselves reporting images of destruction , images of killing , of sectarian conflicts , images of violence , emerging from a magnificent piece of land , a region that one day was the source of civilizations and art and culture for thousands of years . <next_sent> Now I am here to tell you that the future that we were dreaming for has eventually arrived . <next_sent> A new generation , well - educated , connected , inspired by universal values and a global understanding , has created a new reality for us . <next_sent> We have found a new way to express our feelings and to express our dreams : these young people who have restored self - confidence in our nations in that part of the world , who have given us new meaning for freedom and empowered us to go down to the streets . <next_sent> Nothing happened . <next_sent> No violence . <next_sent> Nothing . <next_sent> Just step out of your house , raise your voice and say , " We would like to see the end of the regime . " <next_sent> This is what happened in Tunisia . <next_sent> Over a few days , the Tunisian regime that invested billions of dollars in the security agencies , billions of dollars in maintaining , trying to maintain , its prisons , collapsed , disappeared , because of the voices of the public . <next_sent> People who were inspired to go down to the streets and to raise their voices , they tried to kill . <next_sent> The intelligence agencies wanted to arrest people . <next_sent> They found something called Facebook . <next_sent> They found something called Twitter . <next_sent> They were surprised by all of these kinds of issues . <next_sent> And they said , " These kids are misled . " <next_sent> Therefore , they asked their parents to go down to the streets and collect them , bring them back home . <next_sent> This is what they were telling . <next_sent> This is their propaganda . <next_sent> " Bring these kids home because they are misled . " <next_sent> But yes , these youth who have been inspired by universal values , who are idealistic enough to imagine a magnificent future and , at the same time , realistic enough to balance this kind of imagination and the process leading to it -- not using violence , not trying to create chaos -- these young people , they did not go home . <next_sent> Parents actually went to the streets and they supported them . <next_sent> And this is how the revolution was born in Tunisia . <next_sent> We in Al Jazeera were banned from Tunisia for years , and the government did not allow any Al Jazeera reporter to be there . <next_sent> But we found that these people in the street , all of them are our reporters , feeding our newsroom with pictures , with videos and with news . <next_sent> And suddenly that newsroom in Doha became a center that received all this kind of input from ordinary people -- people who are connected and people who have ambition and who have liberated themselves from the feeling of inferiority . <next_sent> And then we took that decision : We are unrolling the news . <next_sent> We are going to be the voice for these voiceless people . <next_sent> We are going to spread the message . <next_sent> Yes , some of these young people are connected to the Internet , but the connectivity in the Arab world is very little , is very small , because of many problems that we are suffering from . <next_sent> But Al Jazeera took the voice from these people and we amplified [ it ] . <next_sent> We put it in every sitting room in the Arab world -- and internationally , globally , through our English channel . <next_sent> And then people started to feel that there 's something new happening . <next_sent> And then Zine al-Abidine Ben Ali decided to leave . <next_sent> And then Egypt started , and Hosni Mubarak decided to leave . <next_sent> And now Libya as you see it . <next_sent> And then you have Yemen . <next_sent> And you have many other countries trying to see and to rediscover that feeling of , " How do we imagine a future which is magnificent and peaceful and tolerant ? " <next_sent> I want to tell you something , that the Internet and connectivity has created [ a ] new mindset . <next_sent> But this mindset has continued to be faithful to the soil and to the land that it emerged from . <next_sent> And while this was the major difference between many initiatives before to create change , before we thought , and governments told us -- and even sometimes it was true -- that change was imposed on us , and people rejected that , because they thought that it is alien to their culture . <next_sent> Always , we believed that change will spring from within , that change should be a reconciliation with culture , cultural diversity , with our faith in our tradition and in our history , but at the same time , open to universal values , connected with the world , tolerant to the outside . <next_sent> And this is the moment that is happening right now in the Arab world . <next_sent> This is the right moment , and this is the actual moment that we see all of these meanings meet together and then create the beginning of this magnificent era that will emerge from the region . <next_sent> How did the elite deal with that -- the so - called political elite ? <next_sent> In front of Facebook , they brought the camels in Tahrir Square . <next_sent> In front of Al Jazeera , they started creating tribalism . <next_sent> And then when they failed , they started speaking about conspiracies that emerged from Tel Aviv and Washington in order to divide the Arab world . <next_sent> They started telling the West , " Be aware of Al-Qaeda . <next_sent> Al-Qaeda is taking over our territories . <next_sent> These are Islamists trying to create new Imaras . <next_sent> Be aware of these people who [ are ] coming to you in order to ruin your great civilization . " <next_sent> Fortunately , people right now cannot be deceived . <next_sent> Because this corrupt elite in that region has lost even the power of deception . <next_sent> They could not , and they cannot , imagine how they could really deal with this reality . <next_sent> They have lost . <next_sent> They have been detached from their people , from the masses , and now we are seeing them collapsing one after the other . <next_sent> Al Jazeera is not a tool of revolution . <next_sent> We do not create revolutions . <next_sent> However , when something of that magnitude happens , we are at the center of the coverage . <next_sent> We were banned from Egypt , and our correspondents , some of them were arrested . <next_sent> But most of our camera people and our journalists , they went underground in Egypt -- voluntarily -- to report what happened in Tahrir Square . <next_sent> For 18 days , our cameras were broadcasting , live , the voices of the people in Tahrir Square . <next_sent> I remember one night when someone phoned me on my cellphone -- ordinary person who I do n't know -- from Tahrir Square . <next_sent> He told me , " We appeal to you not to switch off the cameras . <next_sent> If you switch off the cameras tonight , there will be a genocide . <next_sent> You are protecting us by showing what is happening at Tahrir Square . " <next_sent> I felt the responsibility to phone our correspondents there and to phone our newsroom and to tell them , " Make your best not to switch off the cameras at night , because the guys there really feel confident when someone is reporting their story -- and they feel protected as well . " <next_sent> So we have a chance to create a new future in that part of the world . <next_sent> We have a chance to go and to think of the future as something which is open to the world . <next_sent> Let us not repeat the mistake of Iran , of [ the ] Mosaddeq revolution . <next_sent> Let us free ourselves -- especially in the West -- from thinking about that part of the world based on oil interest , or based on interests of the illusion of stability and security . <next_sent> The stability and security of authoritarian regimes cannot create but terrorism and violence and destruction . <next_sent> Let us accept the choice of the people . <next_sent> Let us not pick and choose who we would like to rule their future . <next_sent> The future should be ruled by people themselves , even sometimes if they are voices that might now scare us . <next_sent> But the values of democracy and the freedom of choice that is sweeping the Middle East at this moment in time is the best opportunity for the world , for the West and the East , to see stability and to see security and to see friendship and to see tolerance emerging from the Arab world , rather than the images of violence and terrorism . <next_sent> Let us support these people . <next_sent> Let us stand for them . <next_sent> And let us give up our narrow selfishness in order to embrace change , and in order to celebrate with the people of that region a great future and hope and tolerance . <next_sent> The future has arrived , and the future is now . <next_sent> I thank you very much . <next_sent> Thank you very much . <next_sent> I just have a couple of questions for you . <next_sent> Thank you for coming here . <next_sent> How would you characterize the historical significance of what 's happened ? <next_sent> Is this a story - of - the - year , a story - of - the - decade or something more ? <next_sent> Wadah Khanfar : Actually , this may be the biggest story that we have ever covered . <next_sent> We have covered many wars . <next_sent> We have covered a lot of tragedies , a lot of problems , a lot of conflict zones , a lot of hot spots in the region , because we were centered at the middle of it . <next_sent> But this is a story -- it is a great story ; it is beautiful . <next_sent> It is not something that you only cover because you have to cover a great incident . <next_sent> You are witnessing change in history . <next_sent> You are witnessing the birth of a new era . <next_sent> And this is what the story 's all about . <next_sent> There are a lot of people in the West who are still skeptical , or think this may just be an intermediate stage before much more alarming chaos . <next_sent> You really believe that if there are democratic elections in Egypt now , that a government could emerge that espouses some of the values you 've spoken about so inspiringly ? <next_sent> WK : And people actually , after the collapse of the Hosni Mubarak regime , the youth who have organized themselves in certain groups and councils , they are guarding the transformation and they are trying to put it on a track in order to satisfy the values of democracy , but at the same time also to make it reasonable and to make it rational , not to go out of order . <next_sent> In my opinion , these people are much more wiser than , not only the political elite , even the intellectual elite , even opposition leaders including political parties . <next_sent> At this moment in time , the youth in the Arab world are much more wiser and capable of creating the change than the old -- including the political and cultural and ideological old regimes . <next_sent> We are not to get involved politically and interfere in that way . <next_sent> What should people here at TED , here in the West , do if they want to connect or make a difference and they believe in what 's happening here ? <next_sent> WK : I think we have discovered a very important issue in the Arab world -- that people care , people care about this great transformation . <next_sent> Mohamed Nanabhay who 's sitting with us , the head of Aljazeera . net , he told me that a 2,500 percent increase of accessing our website from various parts of the world . <next_sent> Fifty percent of it is coming from America . <next_sent> Because we discovered that people care , and people would like to know -- they are receiving the stream through our Internet . <next_sent> Unfortunately in the United States , we are not covering but Washington D.C. at this moment in time for Al Jazeera English . <next_sent> But I can tell you , this is the moment to celebrate through connecting ourselves with those people in the street and expressing our support to them and expressing this kind of feeling , universal feeling , of supporting the weak and the oppressed to create a much better future for all of us . <next_sent> Well Wadah , a group of members of the TED community , TEDxCairo , are meeting as we speak . <next_sent> They 've had some speakers there . <next_sent> I believe they 've heard your talk . <next_sent> Thank you for inspiring them and for inspiring all of us . <next_sent> Thank you so much .
(d / document
   :snt1 (s1.u / url-entity
               :value (s1.t / talk-01
                            :ARG0 (s1.p / person
                                        :name (s1.n / name
                                                    :op1 "America"))))
   :snt2 (s2.b / be-located-at-91
               :ARG1 (s2.i / i)
               :ARG2 (s2.c / country
                           :name (s2.n / name
                                       :op1 "Afghanistan"))
               :time (s2.b2 / before
                            :quant (s2.t / temporal-quantity
                                         :unit (s2.y / year)
                                         :quant "10")
                            :mod (s2.e / exact)
                            :op1 (s2.n2 / now)))
   :snt3 (s3.a2 / and
                :op1 (s3.c2 / cover-03
                            :ARG0 (s3.i / i
                                        :ARG0-of (s3.h / have-org-role-91
                                                       :ARG1 (s3.p2 / publication
                                                                    :name (s3.n2 / name
                                                                                 :op1 "Al"
                                                                                 :op2 "Jazeera"))
                                                       :ARG2 (s3.p / person
                                                                   :ARG0-of (s3.r / report-01)))
                                        :same-as s2.i)
                            :ARG1 (s3.w / war
                                        :location (s3.c / country
                                                        :name (s3.n / name
                                                                    :op1 "Afghanistan")
                                                        :same-as s2.c)))
                :op2 (s3.w3 / witness-01
                            :ARG0 s3.i
                            :ARG1 (s3.a / amount-01
                                        :ARG1 (s3.a3 / and
                                                     :ARG0-of (s3.e / emerge-02
                                                                    :source (s3.w2 / war
                                                                                   :ARG1-of (s3.r2 / resemble-01
                                                                                                   :ARG2 (s3.t / that
                                                                                                               :same-as s3.w))))
                                                     :op1 (s3.s / suffer-01)
                                                     :op2 (s3.d / destroy-01)))))
   :snt4 (s4.c2 / cover-03
                :ARG0 (s4.i / i
                            :same-as s2.i)
                :ARG1 (s4.w / war
                            :mod (s4.a2 / another)
                            :mod (s4.w2 / war
                                        :location (s4.c / country
                                                        :name (s4.n / name
                                                                    :op1 "Iraq"))))
                :time (s4.a / after
                            :quant (s4.t / temporal-quantity
                                         :unit (s4.y / year)
                                         :quant "2"))
                :time (s4.t2 / then))
   :snt5 (s5.c / cause-01
               :ARG0 (s5.c4 / cover-03
                            :ARG0 (s5.i / i
                                        :same-as s2.i)
                            :ARG1 (s5.w / war
                                        :mod (s5.t / that
                                                   :same-as s4.w)
                                        :same-as s4.w)
                            :source (s5.p / part
                                          :mod (s5.n2 / north)
                                          :part-of (s5.c3 / country
                                                          :name (s5.n / name
                                                                      :op1 "Iraq")
                                                          :same-as s4.c)))
               :ARG1 (s5.p2 / place-01
                            :ARG1 s5.i
                            :ARG2 (s5.c2 / center)))
   :snt6 (s6.a / and
               :op2 (s6.e / end-01
                          :ARG1 (s6.w / war-01
                                      :same-as s4.w)
                          :ARG2 (s6.c / change-01
                                      :ARG1 (s6.r / regime)
                                      :ARG1-of (s6.r2 / resemble-01
                                                      :ARG2 (s6.c2 / change-01
                                                                   :location (s6.c3 / country
                                                                                    :name (s6.n / name
                                                                                                :op1 "Afghanistan")
                                                                                    :same-as s2.c
                                                                                    :same-as s3.w))))))
   :snt7 (s7.a2 / and
                :op2 (s7.d2 / dictatorship
                            :ARG1-of (s7.a / actual-02)
                            :ARG1-of (s7.r2 / rid-01
                                            :ARG0 (s7.w / we))
                            :domain (s7.r / regime
                                          :ARG0-of (s7.c / create-01
                                                         :ARG1 (s7.s / sense-01
                                                                     :ARG1 (s7.p / paralyze-01
                                                                                 :location (s7.a3 / and
                                                                                                  :op1 (s7.n / nation
                                                                                                             :same-as s4.c)
                                                                                                  :op2 (s7.p2 / person)))
                                                                     :degree (s7.g / great))
                                                         :duration (s7.m / multiple
                                                                         :op1 (s7.t / temporal-quantity
                                                                                    :unit (s7.d / decade)
                                                                                    :quant "1")))
                                          :mod (s7.a4 / authoritarian))))
   :snt8 (s8.c4 / contrast-01
                :ARG2 (s8.a / and
                            :op1 (s8.c5 / create-01
                                        :ARG0 (s8.c / change-01
                                                    :ARG1-of (s8.c3 / come-03
                                                                    :ARG2 (s8.i2 / intervene-01
                                                                                 :mod (s8.f / foreign))))
                                        :ARG1 (s8.c2 / circumstance
                                                     :ARG1-of (s8.h / have-degree-91
                                                                    :ARG2 (s8.b / bad-07
                                                                                :ARG1 s8.c2
                                                                                :ARG2 (s8.p3 / person
                                                                                             :same-as s7.p2)
                                                                                :mod (s8.e / even))
                                                                    :ARG3 (s8.m / more))))
                            :op2 (s8.d / deep-02
                                       :ARG0 s8.c
                                       :ARG1 (s8.s / sense-01
                                                   :ARG1 (s8.a2 / and
                                                                :location (s8.p2 / part
                                                                                 :mod (s8.t / that)
                                                                                 :part-of (s8.w / world))
                                                                :op1 (s8.p / paralyze-01
                                                                           :ARG1 s8.p3)
                                                                :op2 (s8.i / inferior-01
                                                                           :ARG1 s8.p3))))))
   :snt9 (s9.l / live-01
               :ARG0 (s9.w / we)
               :duration (s9.m / multiple
                               :op1 (s9.t / temporal-quantity
                                          :unit (s9.d / decade)
                                          :quant "1"))
               :manner (s9.r / regime
                             :location (s9.a / and
                                             :op1 (s9.w2 / world
                                                         :mod (s9.e / ethnic-group
                                                                    :name (s9.n / name
                                                                                :op1 "Arab"))
                                                         :same-as s8.w)
                                             :op2 (s9.w3 / world-region
                                                         :name (s9.n2 / name
                                                                      :op1 "Middle"
                                                                      :op2 "East")))
                             :mod (s9.a2 / authoritarian)))
   :snt10 (s10.c / create-01
                 :ARG0 (s10.r / regime
                              :mod (s10.t / this)
                              :same-as s9.a2)
                 :ARG1 (s10.s / something
                              :location (s10.w2 / within
                                                :op1 (s10.w / we
                                                            :same-as s9.w)))
                 :time (s10.p / period
                              :mod (s10.t2 / this)
                              :same-as s9.m))
   :snt11 (s11.a / age-01
                 :ARG1 (s11.i / i
                              :same-as s2.i)
                 :ARG2 (s11.t / temporal-quantity
                              :unit (s11.y / year)
                              :quant "43")
                 :time (s11.n / now
                              :mod (s11.r / right)))
   :snt12 (s12.s2 / see-01
                  :ARG0 (s12.i / i
                               :same-as s2.i)
                  :ARG1 (s12.f / face
                               :ARG1-of (s12.s / same-01
                                               :mod (s12.a2 / almost))
                               :beneficiary (s12.a3 / and
                                                    :ARG0-of (s12.r2 / rule-03
                                                                     :ARG1 (s12.w / we))
                                                    :op1 (s12.k / king)
                                                    :op2 (s12.p / president))
                               :consist-of (s12.r / regime
                                                  :ARG1-of (s12.s3 / see-01
                                                                   :ARG0 s12.w
                                                                   :location (s12.a5 / around
                                                                                     :op1 s12.w))
                                                  :example (s12.a4 / and
                                                                   :op1 (s12.s4 / situation
                                                                                :ARG1-of (s12.a / age-01)
                                                                                :mod (s12.o / old))
                                                                   :op2 (s12.s5 / situation
                                                                                :ARG1-of (s12.c / corrupt-01))
                                                                   :op3 (s12.a6 / authoritarian))))
                  :time (s12.b / before
                               :duration (s12.t / temporal-quantity
                                                :unit (s12.y / year)
                                                :quant "40")
                               :op1 (s12.n / now)))
   :snt13 (s13.a2 / and
                  :op2 (s13.w2 / wonder-01
                               :ARG0 (s13.i / i
                                            :same-as s2.i)
                               :ARG1 (s13.l2 / live-01
                                             :purpose (s13.s / see-01
                                                             :ARG0 (s13.w / we)
                                                             :ARG1 (s13.c / change-01
                                                                          :ARG1-of (s13.r / real-04)
                                                                          :ARG1-of (s13.c2 / come-03
                                                                                           :ARG2 (s13.a3 / and
                                                                                                         :op1 (s13.i3 / intervene-01
                                                                                                                      :ARG0 (s13.f / foreign))
                                                                                                         :op2 (s13.m / misery
                                                                                                                     :poss (s13.o / occupy-01))
                                                                                                         :op3 (s13.i4 / invade-01
                                                                                                                      :ARG0 (s13.n / nation)
                                                                                                                      :ARG1 (s13.l / land
                                                                                                                                   :poss s13.w))
                                                                                                         :op4 (s13.d / deep-02
                                                                                                                     :ARG1 (s13.s2 / sense-01
                                                                                                                                   :ARG1 (s13.i2 / inferior-01
                                                                                                                                                 :polarity "-")
                                                                                                                                   :frequency (s13.s3 / sometimes))))
                                                                                           :polarity "-")
                                                                          :location (s13.g / ground)))
                                             :ARG0 s13.w
                                             :polarity (s13.a / amr-unknown))
                               :duration (s13.m2 / moment)))
   :snt14 (s14.s2 / say-01
                  :ARG0 (s14.p / person
                               :ARG1 (s14.l / land
                                            :ARG1-of (s14.o / occupy-01
                                                            :ARG0 (s14.f3 / force
                                                                          :mod (s14.f4 / foreign)))
                                            :poss s14.p)
                               :mod (s14.c2 / country
                                            :name (s14.n / name
                                                         :op1 "Iraq")))
                  :ARG1 (s14.c / contrast-01
                               :ARG1 (s14.r / rid-01
                                            :ARG0 s14.p
                                            :ARG1 (s14.p2 / person
                                                          :name (s14.n2 / name
                                                                        :op1 "Saddam"
                                                                        :op2 "Hussein")))
                               :ARG2 (s14.a / and
                                            :op1 (s14.f / feel-01
                                                        :ARG0 s14.p
                                                        :ARG1 (s14.s / sad-02
                                                                     :ARG1 s14.p
                                                                     :degree (s14.v / very))
                                                        :time (s14.s3 / see-01
                                                                      :ARG0 s14.p))
                                            :op2 (s14.f2 / feel-01
                                                         :ARG0 s14.p
                                                         :ARG1 (s14.s4 / suffer-01
                                                                       :ARG0 (s14.d / dignity
                                                                                    :poss s14.p))))))
   :snt15 (s15.a / and
                 :op1 (s15.t2 / this
                              :ARG0-of (s15.c / cause-01
                                              :ARG1 (s15.r / revolt-01
                                                           :ARG0 (s15.t / they
                                                                        :same-as s14.c2)))
                              :same-as s14.s4))
   :snt16 (s16.c / cause-01
                 :ARG0 (s16.t2 / this)
                 :ARG1 (s16.a / accept-01
                              :ARG0 (s16.t / they
                                           :same-as s14.c2)
                              :polarity "-"))
   :snt17 (s17.a3 / and
                  :op2 (s17.t / tell-01
                              :ARG0 (s17.r / regime
                                           :mod (s17.o / other))
                              :ARG1 (s17.l / like-02
                                           :ARG0 (s17.c / citizen
                                                        :poss s17.r)
                                           :ARG1 (s17.s / see-01
                                                        :ARG0 s17.c
                                                        :ARG1 (s17.s2 / situation
                                                                      :mod (s17.c2 / country
                                                                                   :name (s17.n / name
                                                                                                :op1 "Iraq")
                                                                                   :same-as s4.c)))
                                           :polarity (s17.a2 / amr-unknown))
                              :ARG1-of (s17.a / actual-02)
                              :ARG2 s17.c))
   :snt18 (s18.l / like-02
                 :ARG0 (s18.y / you
                              :same-as s17.c)
                 :ARG1 (s18.s2 / see-01
                               :ARG0 s18.y
                               :ARG1 (s18.a2 / and
                                             :op1 (s18.w / war-01
                                                         :mod (s18.c / civil))
                                             :op2 (s18.k / kill-01
                                                         :mod (s18.s / sectarian))))
                 :polarity (s18.a / amr-unknown))
   :snt19 (s19.l / like-02
                 :ARG0 (s19.y / you
                              :same-as s17.c)
                 :ARG1 (s19.s / see-01
                              :ARG0 s19.y
                              :ARG1 (s19.d / destroy-01))
                 :polarity (s19.a / amr-unknown))
   :snt20 (s20.l2 / like-02
                  :ARG0 (s20.y / you
                               :same-as s17.c)
                  :ARG1 (s20.s / see-01
                               :ARG0 s20.y
                               :ARG1 (s20.t / troop
                                            :location (s20.l / land
                                                             :poss s20.y)
                                            :mod (s20.f / foreign)))
                  :polarity (s20.a / amr-unknown))
   :snt21 (s21.a / and
                 :op2 (s21.t / think-01
                             :ARG0 (s21.p / person)
                             :ARG1 (s21.p2 / possible-01
                                           :ARG1 (s21.r / recommend-01
                                                        :ARG1 (s21.l / live-01
                                                                     :ARG0 (s21.w / we
                                                                                  :same-as s21.p)
                                                                     :ARG1-of (s21.i / instead-of-91
                                                                                     :ARG2 (s21.h / have-03
                                                                                                  :ARG0 s21.w
                                                                                                  :ARG1 (s21.s / scenario
                                                                                                               :ord (s21.o / ordinal-entity
                                                                                                                           :value "2"))))
                                                                     :manner (s21.s2 / situation
                                                                                     :location-of (s21.f / find-01
                                                                                                         :ARG0 s21.w
                                                                                                         :ARG1 s21.w)
                                                                                     :mod (s21.a2 / authoritarian)
                                                                                     :mod (s21.k / kind
                                                                                                 :mod (s21.t2 / this))))
                                                        :ARG2 s21.w))
                             :mod (s21.b / by-oneself
                                         :same-as s21.p)))
   :snt22 (s22.h / have-degree-91
                 :ARG1 (s22.t / that)
                 :ARG2 (s22.b / bad-07)
                 :ARG3 (s22.m / most)
                 :ARG5 (s22.n / nightmare
                              :ARG1-of (s22.s / see-01
                                              :ARG0 (s22.w / we))))
   :snt23 (s23.f / find-01
                 :ARG0 (s23.w / we)
                 :ARG1 (s23.r2 / report-01
                               :ARG0 s23.w
                               :ARG1 (s23.a / and
                                            :op1 (s23.i / image
                                                        :mod (s23.d2 / destroy-01))
                                            :op2 (s23.i2 / image
                                                         :op3 (s23.c2 / conflict-01
                                                                      :ARG0 (s23.s / sectarian))
                                                         :topic (s23.k / kill-01))
                                            :op4 (s23.i3 / image
                                                         :mod (s23.v / violence))
                                            :op5 (s23.e / emerge-01
                                                        :source (s23.p / piece
                                                                       :domain (s23.r / region
                                                                                      :ARG0-of (s23.s2 / source-02
                                                                                                       :ARG1 (s23.a2 / and
                                                                                                                     :op1 (s23.c / civilization)
                                                                                                                     :op2 (s23.a3 / art)
                                                                                                                     :op3 (s23.c3 / culture))
                                                                                                       :duration (s23.m2 / multiple
                                                                                                                         :op1 (s23.t2 / temporal-quantity
                                                                                                                                      :unit (s23.y2 / year)
                                                                                                                                      :quant "1000"))
                                                                                                       :time (s23.d / day
                                                                                                                    :mod (s23.o / one))))
                                                                       :mod (s23.m / magnificent)
                                                                       :mod (s23.l / land)))))
                 :ARG2-of (s23.f2 / fortunate-01
                                  :ARG1 s23.w
                                  :polarity "-")
                 :duration (s23.t / temporal-quantity
                                  :unit (s23.y / year)
                                  :quant "10"))
   :snt24 (s24.b / be-located-at-91
                 :purpose (s24.t / tell-01
                                 :ARG0 (s24.i / i
                                              :same-as s2.i)
                                 :ARG1 (s24.a / arrive-01
                                              :ARG1 (s24.f / future
                                                           :ARG1-of (s24.d / dream-01
                                                                           :ARG0 (s24.w / we)))
                                              :time (s24.e / eventual))
                                 :ARG2 (s24.y / you))
                 :ARG1 s24.i
                 :ARG2 (s24.h / here)
                 :time (s24.n / now))
   :snt25 (s25.c2 / create-01
                  :ARG0 (s25.g / generation
                               :ARG1-of (s25.n / new-01
                                               :ARG1 (s25.r / reality))
                               :ARG1-of (s25.e / educate-01
                                               :ARG1-of (s25.w2 / well-09))
                               :ARG1-of (s25.c / connect-01)
                               :ARG1-of (s25.i / inspire-01
                                               :ARG0 (s25.a / and
                                                            :op1 (s25.v / value
                                                                        :mod (s25.u2 / universal))
                                                            :op2 (s25.u / understand-01
                                                                        :mod (s25.g2 / globe)))))
                  :ARG1 s25.r
                  :ARG3 (s25.w / we))
   :snt26 (s26.f2 / find-01
                  :ARG0 (s26.w2 / we)
                  :ARG1 (s26.w / way
                               :ARG1-of (s26.n2 / new-01)
                               :example (s26.a2 / and
                                                :op1 (s26.g / give-01
                                                            :ARG0 (s26.p2 / person
                                                                          :mod (s26.y / young)
                                                                          :mod (s26.t3 / this))
                                                            :ARG1 (s26.m / mean-01
                                                                         :ARG1 (s26.f3 / free-04)
                                                                         :ARG1-of (s26.n3 / new-01))
                                                            :ARG2 s26.w2)
                                                :op2 (s26.e / empower-01
                                                            :ARG0 s26.p2
                                                            :ARG1 s26.w2
                                                            :ARG2 (s26.g2 / go-02
                                                                          :ARG0 s26.w2
                                                                          :direction (s26.d / down)
                                                                          :direction (s26.s / street))))
                               :instrument-of (s26.a / and
                                                     :op1 (s26.e2 / express-01
                                                                  :ARG0 s26.w2
                                                                  :ARG1 (s26.f / feel-01
                                                                               :ARG0 s26.w2))
                                                     :op2 (s26.e3 / express-01
                                                                  :ARG0 s26.w2
                                                                  :ARG1 (s26.t2 / thing
                                                                                :ARG1-of (s26.d2 / dream-01
                                                                                                 :ARG0 s26.w2)
                                                                                :same-as s26.w2))))
                  :rel (s26.r / restore-01
                              :ARG0 s26.p2
                              :ARG1 (s26.c / confident-01
                                           :ARG1 s26.p2
                                           :location (s26.n / nation
                                                            :location (s26.p / part
                                                                             :mod (s26.t / that)
                                                                             :part-of (s26.w3 / world
                                                                                              :same-as s8.w)
                                                                             :same-as s8.p2)
                                                            :poss s26.w2))))
   :snt27 (s27.n / nothing)
   :snt28 (s28.v / violence
                 :polarity "-")
   :snt29 (s29.n / nothing)
   :snt30 (s30.a / and
                 :mod (s30.j / just)
                 :op1 (s30.s3 / step-01
                              :ARG0 (s30.y / you)
                              :ARG2 (s30.o / out-06
                                           :ARG1 s30.y
                                           :ARG2 (s30.h / house
                                                        :poss s30.y))
                              :mode "imperative")
                 :op2 (s30.r / raise-01
                             :ARG0 s30.y
                             :ARG1 (s30.v / voice
                                          :poss s30.y))
                 :op3 (s30.s / say-01
                             :ARG0 s30.y
                             :ARG1 (s30.l / like-02
                                          :ARG0 (s30.w / we)
                                          :ARG1 (s30.s2 / see-01
                                                        :ARG0 s30.w
                                                        :ARG1 (s30.e / end-01
                                                                     :ARG1 (s30.r2 / regime))))))
   :snt31 (s31.e / event
                 :location (s31.c / country
                                  :name (s31.n / name
                                               :op1 "Tunisia"))
                 :mod (s31.t / this))
   :snt32 (s32.a3 / and
                  :ARG1-of (s32.c / cause-01
                                  :ARG0 (s32.v / voice-01
                                               :ARG0 (s32.p2 / public)))
                  :op1 (s32.c2 / collapse-01
                               :ARG1 (s32.r / regime
                                            :ARG0-of (s32.i / invest-01
                                                            :ARG1 (s32.m4 / multiple
                                                                          :op1 (s32.m2 / monetary-quantity
                                                                                       :unit (s32.d3 / dollar)
                                                                                       :quant "1000000000"))
                                                            :ARG2 (s32.a / agency
                                                                         :purpose (s32.s / security))
                                                            :ARG2 (s32.m5 / multiple
                                                                          :op1 (s32.m3 / monetary-quantity
                                                                                       :unit (s32.d4 / dollar)
                                                                                       :quant "1000000000"))
                                                            :ARG2 (s32.a2 / and
                                                                          :op1 (s32.m / maintain-01
                                                                                      :ARG0 s32.r
                                                                                      :ARG1 (s32.p / prison
                                                                                                   :poss s32.r))
                                                                          :op2 (s32.t2 / try-01
                                                                                       :ARG0 s32.r
                                                                                       :ARG1 s32.m)))
                                            :mod (s32.c3 / country
                                                         :name (s32.n / name
                                                                      :op1 "Libya"))
                                            :same-as s30.r2))
                  :op2 (s32.d2 / disappear-01
                               :ARG1 s32.r)
                  :time (s32.o / over
                               :op1 (s32.f / few
                                           :op1 (s32.t / temporal-quantity
                                                       :unit (s32.d / day)
                                                       :quant "1"))))
   :snt33 (s33.t / try-01
                 :ARG0 (s33.p / person
                              :ARG1-of (s33.i / inspire-01
                                              :ARG2 (s33.a / and
                                                           :op1 (s33.g / go-02
                                                                       :ARG0 s33.p
                                                                       :ARG4 (s33.s / street)
                                                                       :direction (s33.d / down))
                                                           :op2 (s33.r / raise-01
                                                                       :ARG0 s33.p
                                                                       :ARG1 (s33.v / voice-01
                                                                                    :ARG0 s33.p)))))
                 :ARG1 (s33.k / kill-01
                              :ARG0 s33.p))
   :snt34 (s34.w / want-01
                 :ARG0 (s34.a / agency
                              :mod (s34.i / intelligence))
                 :ARG1 (s34.a2 / arrest-01
                               :ARG0 s34.a
                               :ARG1 (s34.p / person)))
   :snt35 (s35.f / find-01
                 :ARG0 (s35.t / they
                              :same-as s34.a)
                 :ARG1 (s35.s / something
                              :name (s35.n / name
                                           :op1 "Facebook")))
   :snt36 (s36.f / find-01
                 :ARG0 (s36.t / they
                              :same-as s34.a)
                 :ARG1 (s36.s / something
                              :name (s36.n / name
                                           :op1 "Twitter")))
   :snt37 (s37.s / surprise-01
                 :ARG0 (s37.i / issue-02
                              :mod (s37.k / kind
                                          :mod (s37.t2 / this))
                              :mod (s37.a / all))
                 :ARG1 (s37.t / they
                              :same-as s34.a))
   :snt38 (s38.a / and
                 :op2 (s38.s / say-01
                             :ARG0 (s38.t / they
                                          :same-as s34.a)
                             :ARG1 (s38.m / mislead-01
                                          :ARG1 (s38.k / kid
                                                       :mod (s38.t2 / this)))))
   :snt39 (s39.c / cause-01
                 :ARG1 (s39.a2 / ask-02
                               :ARG0 (s39.t / they
                                            :same-as s34.a)
                               :ARG1 (s39.a / and
                                            :op1 (s39.g / go-02
                                                        :ARG0 (s39.p2 / person
                                                                      :ARG0-of (s39.h / have-rel-role-91
                                                                                      :ARG1 s39.t
                                                                                      :ARG2 (s39.p / parent)))
                                                        :ARG4 (s39.s / street)
                                                        :direction (s39.d / down))
                                            :op2 (s39.c2 / collect-01
                                                         :ARG0 s39.p2
                                                         :ARG1 s39.t)
                                            :op3 (s39.b2 / bring-01
                                                         :ARG0 s39.p2
                                                         :ARG1 s39.t
                                                         :ARG2 (s39.h2 / home)
                                                         :direction (s39.b / back)))
                               :ARG2 s39.p2))
   :snt40 (s40.t / tell-01
                 :ARG0 (s40.t2 / they
                               :same-as s34.a)
                 :ARG1 (s40.t3 / this))
   :snt41 (s41.p / propaganda
                 :domain (s41.t2 / this
                                 :same-as s40.t3)
                 :poss (s41.t / they
                              :same-as s34.a))
   :snt42 (s42.b / bring-01
                 :ARG0 (s42.y / you)
                 :ARG1 (s42.k / kid
                              :mod (s42.t / this)
                              :same-as s38.k)
                 :ARG1-of (s42.c / cause-01
                                 :ARG0 (s42.m / mislead-01
                                              :ARG1 s42.k))
                 :ARG2 (s42.h / home)
                 :mode "imperative")
   :snt43 (s43.g / go-02
                 :ARG0 (s43.p / person
                              :mod (s43.y / young)
                              :mod (s43.t3 / this)
                              :same-as s38.k)
                 :ARG2-of (s43.c2 / contrast-01)
                 :ARG4 (s43.h4 / home)
                 :rel (s43.u2 / use-01
                              :ARG0 (s43.y2 / youth
                                            :ARG1-of (s43.i4 / inspire-01
                                                             :ARG0 (s43.v / value
                                                                          :mod (s43.u / universal)))
                                            :ARG1-of (s43.h / have-degree-91
                                                            :ARG2 (s43.i / idealistic)
                                                            :ARG3 (s43.e / enough)
                                                            :ARG6 (s43.i2 / imagine-01
                                                                          :ARG0 s43.y2
                                                                          :ARG1 (s43.f / future
                                                                                       :mod (s43.m / magnificent))))
                                            :ARG1-of (s43.h2 / have-degree-91
                                                             :ARG2 (s43.r / realistic-03
                                                                          :ARG1 s43.y2
                                                                          :ARG2-of (s43.h3 / have-degree-91
                                                                                           :ARG1 s43.y2
                                                                                           :ARG3 (s43.e3 / enough)
                                                                                           :ARG6 (s43.b / balance-01
                                                                                                        :ARG0 s43.y2
                                                                                                        :ARG1 (s43.a / and
                                                                                                                     :op1 (s43.i3 / imagine-01
                                                                                                                                  :mod (s43.k / kind
                                                                                                                                              :mod (s43.t2 / this)))
                                                                                                                     :op2 (s43.p2 / process-02
                                                                                                                                  :ARG0-of (s43.l / lead-03
                                                                                                                                                  :ARG1 s43.i3)))))
                                                                          :time (s43.t4 / time
                                                                                        :ARG1-of (s43.s / same-01)))
                                                             :ARG3 (s43.e2 / enough))
                                            :mod (s43.t / this))
                              :ARG1 (s43.v2 / violence)
                              :polarity "-")
                 :rel (s43.t5 / try-01
                              :ARG0 s43.y2
                              :ARG1 (s43.c3 / create-01
                                            :ARG0 s43.y2
                                            :ARG1 (s43.c / chaos))
                              :polarity "-")
                 :polarity "-")
   :snt44 (s44.a2 / and
                  :op1 (s44.g / go-02
                              :ARG0 (s44.p2 / person
                                            :ARG0-of (s44.h / have-rel-role-91
                                                            :ARG2 (s44.p / parent)))
                              :ARG1-of (s44.a / actual-02)
                              :ARG4 (s44.s / street))
                  :op2 (s44.s2 / support-01
                               :ARG0 s44.p2
                               :ARG1 s44.p2))
   :snt45 (s45.a / and
                 :op2 (s45.h / have-manner-91
                             :ARG1 (s45.b / bear-02
                                          :ARG1 (s45.r / revolution-03)
                                          :location (s45.c / country
                                                           :name (s45.n / name
                                                                        :op1 "Tunisia")
                                                           :same-as s31.c))
                             :ARG2 (s45.t / this)))
   :snt46 (s46.a2 / and
                  :op1 (s46.b / ban-01
                              :ARG1 (s46.c / country
                                           :name (s46.n / name
                                                        :op1 "Tunisia")
                                           :same-as s31.c)
                              :ARG2 (s46.w / we
                                           :location (s46.p2 / publication
                                                             :name (s46.n2 / name
                                                                           :op1 "Jazeera")
                                                             :same-as s3.p2))
                              :duration (s46.m / multiple
                                               :op1 (s46.t / temporal-quantity
                                                           :unit (s46.y / year)
                                                           :quant "1")))
                  :op2 (s46.a / allow-01
                              :ARG0 (s46.g2 / government-organization
                                            :ARG0-of (s46.g / govern-01))
                              :ARG1 (s46.b2 / be-located-at-91
                                            :ARG1 (s46.p / person
                                                         :ARG0-of (s46.h / have-org-role-91
                                                                         :ARG1 s46.p2
                                                                         :ARG3 (s46.r / report-01))
                                                         :mod (s46.a3 / any))
                                            :ARG2 s46.c)
                              :polarity "-"))
   :snt47 (s47.c / contrast-01
                 :ARG2 (s47.f2 / find-01
                               :ARG0 (s47.w / we)
                               :ARG1 (s47.p2 / person
                                             :ARG0-of (s47.r / report-01)
                                             :domain (s47.p / person
                                                            :ARG0-of (s47.f / feed-01
                                                                            :ARG1 (s47.a2 / and
                                                                                          :op1 (s47.p3 / picture)
                                                                                          :op2 (s47.v / video)
                                                                                          :op3 (s47.n / news))
                                                                            :ARG2 (s47.n2 / newsroom
                                                                                          :poss s47.w))
                                                            :location (s47.s / street
                                                                             :same-as s38.k)
                                                            :mod (s47.t / this)
                                                            :mod (s47.a / all
                                                                        :same-as s38.k)))))
   :snt48 (s48.a3 / and
                  :op2 (s48.b / become-01
                              :ARG1 (s48.n2 / newsroom
                                            :location (s48.c2 / city
                                                              :name (s48.n / name
                                                                           :op1 "Doha"))
                                            :mod (s48.t / that)
                                            :same-as s47.n2)
                              :ARG2 (s48.c / center
                                           :ARG0-of (s48.r / receive-01
                                                           :ARG1 (s48.i2 / input
                                                                         :mod (s48.k / kind
                                                                                     :mod (s48.t2 / this)
                                                                                     :mod (s48.a / all)))
                                                           :ARG2 (s48.p / person
                                                                        :example (s48.a4 / and
                                                                                         :op1 (s48.p2 / person
                                                                                                      :ARG0-of (s48.h / have-03
                                                                                                                      :ARG1 (s48.a2 / ambition))
                                                                                                      :ARG1-of (s48.c3 / connect-01))
                                                                                         :op2 (s48.l / liberate-01
                                                                                                     :ARG0 s48.p
                                                                                                     :ARG1 s48.p
                                                                                                     :ARG2 (s48.f / feel-01
                                                                                                                  :ARG0 s48.p
                                                                                                                  :ARG1 (s48.i / inferiority))))
                                                                        :mod (s48.o / ordinary))))
                              :manner (s48.s / sudden)))
   :snt49 (s49.a / and
                 :op2 (s49.d / decide-01
                             :ARG0 (s49.w / we
                                          :same-as s47.w)
                             :ARG1 (s49.r / roll-01
                                          :ARG0 s49.w
                                          :ARG1 (s49.n / news))
                             :mod (s49.t / that)
                             :time (s49.t2 / then)))
   :snt50 (s50.v / voice-01
                 :ARG0 (s50.w / we
                              :same-as s47.w)
                 :ARG1 (s50.p / person
                              :mod (s50.v2 / voiceless)
                              :mod (s50.t / this)))
   :snt51 (s51.s / spread-03
                 :ARG0 (s51.w / we
                              :same-as s47.w)
                 :ARG1 (s51.m / message))
   :snt52 (s52.c4 / contrast-01
                  :ARG1 (s52.c2 / connect-01
                                :ARG1 (s52.p / person
                                             :quant (s52.s2 / some)
                                             :ARG1-of (s52.i / include-91
                                                             :ARG2 (s52.p2 / person
                                                                           :mod (s52.y / young)
                                                                           :mod (s52.t / this)
                                                                           :same-as s38.k)))
                                :ARG2 (s52.i2 / internet))
                  :ARG2 (s52.a / and
                               :ARG1-of (s52.c / cause-01
                                               :ARG0 (s52.p3 / problem
                                                             :quant (s52.m / many)
                                                             :ARG1-of (s52.s3 / suffer-01
                                                                              :ARG0 (s52.w / we))))
                               :domain (s52.c3 / connect-01
                                               :ARG1 s52.c4
                                               :location (s52.w2 / world
                                                                 :mod (s52.e / ethnic-group
                                                                             :name (s52.n / name
                                                                                          :op1 "Arab"))
                                                                 :same-as s8.w))
                               :op1 (s52.l / little
                                           :degree (s52.v / very))
                               :op2 (s52.s / small
                                           :degree (s52.v2 / very))))
   :snt53 (s53.c / contrast-01
                 :ARG2 (s53.a2 / and
                               :op1 (s53.t / take-01
                                           :ARG0 (s53.p2 / publication
                                                         :name (s53.n / name
                                                                      :op1 "Al"
                                                                      :op2 "Jazeera")
                                                         :same-as s3.p2)
                                           :ARG1 (s53.v / voice)
                                           :ARG2 (s53.p / person
                                                        :mod (s53.t2 / this)
                                                        :same-as s52.p))
                               :op2 (s53.a / amplify-01
                                           :ARG0 (s53.w / we
                                                        :same-as s3.p2)
                                           :ARG1 s53.v)))
   :snt54 (s54.p / put-01
                 :ARG0 (s54.w / we
                              :same-as s3.p2)
                 :ARG1 (s54.i2 / it
                               :same-as s53.v)
                 :ARG2 (s54.a / and
                              :op1 (s54.r / room
                                          :ARG2-of (s54.s / sit-01)
                                          :location (s54.w2 / world
                                                            :mod (s54.e / ethnic-group
                                                                        :name (s54.n / name
                                                                                     :op1 "Arab"))
                                                            :same-as s8.w)
                                          :mod (s54.e2 / every))
                              :op2 (s54.r2 / room
                                           :mod (s54.i / international)
                                           :mod (s54.g / globe)))
                 :medium (s54.c / channel
                                :mod (s54.l / language
                                            :name (s54.n2 / name
                                                          :op1 "English"))
                                :poss s54.w))
   :snt55 (s55.a / and
                 :op2 (s55.s2 / start-01
                              :ARG0 (s55.p / person)
                              :ARG1 (s55.f / feel-02
                                           :ARG0 s55.p
                                           :ARG1 (s55.e / event
                                                        :ARG1-of (s55.n / new-01)
                                                        :mod (s55.s / something)))
                              :time (s55.t / then)))
   :snt56 (s56.a / and
                 :op2 (s56.d / decide-01
                             :ARG0 (s56.p / person
                                          :name (s56.n / name
                                                       :op1 "Zine"
                                                       :op2 "al-Abidine"
                                                       :op3 "Ben"
                                                       :op4 "Ali"))
                             :ARG1 (s56.l / leave-11
                                          :ARG0 s56.p)
                             :time (s56.t / then)))
   :snt57 (s57.a / and
                 :op1 (s57.s / start-01
                             :ARG0 (s57.c / country
                                          :name (s57.n / name
                                                       :op1 "Egypt"))
                             :time (s57.t / then))
                 :op2 (s57.d / decide-01
                             :ARG0 (s57.p / person
                                          :name (s57.n2 / name
                                                        :op1 "Hosni"
                                                        :op2 "Mubarak"))
                             :ARG1 (s57.l / leave-11
                                          :ARG0 s57.p)))
   :snt58 (s58.a / and
                 :op2 (s58.c / country
                             :name (s58.n / name
                                          :op1 "Libya")
                             :ARG1-of (s58.s / see-01
                                             :ARG0 (s58.y / you))
                             :time (s58.n2 / now)))
   :snt59 (s59.a / and
                 :op2 (s59.h / have-03
                             :ARG0 (s59.y / you)
                             :ARG1 (s59.c / country
                                          :name (s59.n / name
                                                       :op1 "Yemen"))
                             :time (s59.t / then)))
   :snt60 (s60.a2 / and
                  :op1 (s60.h / have-03
                              :ARG0 (s60.y / you)
                              :ARG1 (s60.c / country
                                           :quant (s60.m2 / many)
                                           :ARG0-of (s60.t3 / try-01
                                                            :ARG1 (s60.a3 / and
                                                                          :op1 (s60.s / see-01
                                                                                      :ARG0 s60.c)
                                                                          :op2 (s60.d / discover-01
                                                                                      :ARG0 s60.c
                                                                                      :ARG1 (s60.f / feel-01
                                                                                                   :ARG0 s60.c
                                                                                                   :ARG1 (s60.i / imagine-01
                                                                                                                :ARG0 (s60.w / we)
                                                                                                                :ARG1 (s60.f2 / future
                                                                                                                              :ARG0-of (s60.t2 / tolerate-01)
                                                                                                                              :mod (s60.m / magnificent)
                                                                                                                              :mod (s60.p / peaceful))
                                                                                                                :manner (s60.a / amr-unknown))
                                                                                                   :mod (s60.t / that)))))
                                           :mod (s60.o / other))))
   :snt61 (s61.w / want-01
                 :ARG0 (s61.i / i
                              :same-as s2.i)
                 :ARG1 (s61.t / tell-01
                              :ARG0 s61.i
                              :ARG1 (s61.s / something
                                           :domain (s61.c2 / create-01
                                                           :ARG0 (s61.a / and
                                                                        :op1 (s61.i2 / internet
                                                                                     :same-as s52.i2)
                                                                        :op2 (s61.c / connectivity))
                                                           :ARG1 (s61.m / mindset
                                                                        :ARG1-of (s61.n / new-01))))
                              :ARG2 (s61.y / you)))
   :snt62 (s62.c2 / contrast-01
                  :ARG2 (s62.c / continue-01
                               :ARG0 (s62.m / mindset
                                            :mod (s62.t / this)
                                            :same-as s61.m)
                               :ARG1 (s62.f / faithful
                                            :beneficiary (s62.a / and
                                                                :op1 (s62.s / soil)
                                                                :op2 (s62.l / land
                                                                            :ARG1-of (s62.e / emerge-01
                                                                                            :ARG0 s62.m)))
                                            :domain s62.m)))
   :snt63 (s63.a2 / and
                  :op2 (s63.c3 / contrast-01
                               :ARG1 (s63.a3 / and
                                             :op1 (s63.i / impose-01
                                                         :ARG1 (s63.c2 / change-01)
                                                         :ARG2 (s63.w / we))
                                             :op2 (s63.a4 / and
                                                          :op1 (s63.t / tell-01
                                                                      :ARG0 (s63.g2 / government-organization
                                                                                    :ARG0-of (s63.g / govern-01))
                                                                      :concession (s63.t5 / true-01
                                                                                          :frequency (s63.s / sometimes
                                                                                                            :mod (s63.e / even))))
                                                          :op2 s63.t
                                                          :op3 (s63.r / reject-01
                                                                      :ARG0 (s63.p / person)
                                                                      :ARG1 s63.c2
                                                                      :ARG1-of (s63.c / cause-01
                                                                                      :ARG0 (s63.t3 / think-01
                                                                                                    :ARG0 s63.p
                                                                                                    :ARG1 (s63.a / alien-01
                                                                                                                 :ARG1 s63.c2
                                                                                                                 :ARG2 (s63.c5 / culture
                                                                                                                               :poss s63.p)))))))
                               :ARG2 (s63.d / differ-02
                                            :ARG1 (s63.t4 / this)
                                            :ARG1-of (s63.m / major-02)
                                            :ARG2 (s63.i2 / initiative
                                                          :quant (s63.m2 / many)
                                                          :time (s63.b / before
                                                                       :op1 (s63.c4 / create-01
                                                                                    :ARG1 s63.c2)))
                                            :time (s63.b2 / before
                                                          :op1 (s63.t2 / think-01
                                                                       :ARG0 s63.w
                                                                       :ARG2 s63.w)))))
   :snt64 (s64.c3 / contrast-01
                  :ARG1 (s64.b / believe-01
                               :ARG0 (s64.w / we)
                               :time (s64.a / always))
                  :ARG2 (s64.a4 / and
                                :op1 (s64.o / open-05
                                            :ARG1 s64.w
                                            :ARG2 (s64.v / value
                                                         :mod (s64.u / universal)))
                                :op2 (s64.c2 / connect-01
                                             :ARG1 s64.w
                                             :ARG2 (s64.w3 / world))
                                :op3 (s64.t2 / tolerate-01
                                             :ARG0 s64.w
                                             :ARG1 (s64.o2 / outside))
                                :time (s64.t / time
                                             :ARG1-of (s64.s / same-01)))
                  :rel (s64.s2 / spring-01
                               :ARG1 (s64.c / change-01)
                               :ARG2 (s64.w2 / within))
                  :rel (s64.r / recommend-01
                              :ARG1 (s64.r2 / reconcile-01
                                            :ARG1 s64.c
                                            :ARG2 (s64.a2 / and
                                                          :op1 (s64.c4 / culture)
                                                          :op2 (s64.d / diversity)
                                                          :op3 (s64.f / faith
                                                                      :poss s64.w
                                                                      :topic (s64.a3 / and
                                                                                     :op1 (s64.t3 / tradition
                                                                                                  :poss s64.w)
                                                                                     :op2 (s64.h / history
                                                                                                 :poss s64.w)))))))
   :snt65 (s65.a / and
                 :op2 (s65.m / moment
                             :domain (s65.t / this)
                             :location (s65.w / world
                                              :mod (s65.e / ethnic-group
                                                          :name (s65.n / name
                                                                       :op1 "Arab"))
                                              :same-as s8.w)
                             :time (s65.n2 / now
                                           :mod (s65.r / right))))
   :snt66 (s66.a3 / and
                  :op1 (s66.m4 / moment
                               :ARG1-of (s66.r2 / right-03)
                               :domain (s66.t3 / this
                                               :same-as s65.t))
                  :op2 (s66.m5 / moment
                               :ARG1-of (s66.a / actual-02)
                               :domain s66.t3
                               :time-of (s66.s / see-01
                                               :ARG0 (s66.w / we)
                                               :ARG1 (s66.a4 / and
                                                             :op1 (s66.m3 / meet-03
                                                                          :ARG0 (s66.t2 / thing
                                                                                        :ARG2-of (s66.m2 / mean-01)
                                                                                        :mod (s66.t4 / this)
                                                                                        :mod (s66.a2 / all))
                                                                          :manner (s66.t6 / together))
                                                             :op2 (s66.c / create-01
                                                                         :ARG0 s66.t2
                                                                         :ARG1 (s66.b / begin-01
                                                                                      :ARG1 (s66.e2 / era
                                                                                                    :ARG0-of (s66.e / emerge-01
                                                                                                                    :ARG1 (s66.r / region))
                                                                                                    :mod (s66.m / magnificent)
                                                                                                    :mod (s66.t5 / this)))
                                                                         :time (s66.t / then))))))
   :snt67 (s67.d / deal-01
                 :ARG2 (s67.t / that
                              :domain (s67.e / elite
                                             :mod (s67.p / politics)
                                             :mod (s67.s / so-called)))
                 :manner (s67.a / amr-unknown))
   :snt68 (s68.b2 / bring-01
                  :ARG0 (s68.t / they
                               :same-as s67.e)
                  :ARG1 (s68.t2 / troop)
                  :location (s68.s / square
                                   :name (s68.n2 / name
                                                 :op1 "Tahrir"
                                                 :op2 "Square"))
                  :time (s68.b / be-located-at-91
                               :ARG2 (s68.i / in-front-of
                                            :op1 (s68.p / publication
                                                        :name (s68.n / name
                                                                     :op1 "Facebook")
                                                        :same-as s35.n))))
   :snt69 (s69.s / start-01
                 :ARG0 (s69.t / they
                              :same-as s67.e)
                 :ARG1 (s69.c / create-01
                              :ARG0 s69.t
                              :ARG1 (s69.t2 / tribalism))
                 :location (s69.i / in-front-of
                                  :op1 (s69.p / publication
                                              :name (s69.n / name
                                                           :op1 "Al"
                                                           :op2 "Jazeera")
                                              :same-as s3.p2)))
   :snt70 (s70.a / and
                 :op2 (s70.s2 / start-01
                              :ARG0 (s70.t / they
                                           :same-as s67.e)
                              :ARG1 (s70.s / speak-01
                                           :ARG0 s70.t
                                           :ARG1 (s70.c3 / conspire-01
                                                         :purpose (s70.d / divide-02
                                                                         :ARG1 (s70.w / world
                                                                                      :mod (s70.e2 / ethnic-group
                                                                                                   :name (s70.n3 / name
                                                                                                                 :op1 "Arab"))))
                                                         :ARG0-of s70.d
                                                         :ARG0-of (s70.e / emerge-02
                                                                         :source (s70.a2 / and
                                                                                         :op1 (s70.c / city
                                                                                                     :name (s70.n / name
                                                                                                                  :op1 "Tel"
                                                                                                                  :op2 "Aviv"))
                                                                                         :op2 (s70.c2 / city
                                                                                                      :name (s70.n2 / name
                                                                                                                    :op1 "Washington"))))))
                              :time (s70.f / fail-01
                                           :ARG1 s70.t)))
   :snt71 (s71.s / start-01
                 :ARG0 (s71.t2 / they
                               :same-as s67.e)
                 :ARG1 (s71.t / tell-01
                              :ARG0 s71.t2
                              :ARG1 (s71.r / realize-01
                                           :ARG0 (s71.w / world-region
                                                        :name (s71.n / name
                                                                     :op1 "West"))
                                           :ARG1 (s71.c / criminal-organization
                                                        :name (s71.n2 / name
                                                                      :op1 "Al-Qaeda")))
                              :ARG2 s71.w))
   :snt72 (s72.t / take-over-12
                 :ARG0 (s72.c / criminal-organization
                              :name (s72.n / name
                                           :op1 "Al-Qaeda")
                              :same-as s71.c)
                 :ARG1 (s72.t2 / territory
                               :poss (s72.w / we)))
   :snt73 (s73.p / person
                 :ARG0-of (s73.t2 / try-01
                                  :ARG1 (s73.c / create-01
                                               :ARG1 (s73.r / religion
                                                            :name (s73.n2 / name
                                                                          :op1 "Islam")
                                                            :ARG1-of (s73.n3 / new-01))
                                               :ARG0 s73.p))
                 :domain (s73.t / this)
                 :mod (s73.r2 / religious-group
                              :name (s73.n / name
                                           :op1 "Islam")))
   :snt74 (s74.r / realize-01
                 :ARG0 (s74.y / you)
                 :ARG1 (s74.p / person
                              :ARG1-of (s74.c2 / come-01
                                               :purpose (s74.r2 / ruin-01
                                                                :ARG0 s74.p
                                                                :ARG1 (s74.c / civilization
                                                                             :mod (s74.g / great)
                                                                             :poss s74.y))
                                               :ARG4 s74.y)
                              :mod (s74.t / this)
                              :same-as s73.t)
                 :mode "imperative")
   :snt75 (s75.p2 / possible-01
                  :ARG1 (s75.d / deceive-01
                               :ARG1 (s75.p / person)
                               :time (s75.n / now
                                            :mod (s75.r / right)))
                  :ARG2-of (s75.f / fortunate-01)
                  :polarity "-")
   :snt76 (s76.c / cause-01
                 :ARG0 (s76.l / lose-02
                              :ARG0 (s76.e / elite
                                           :ARG1-of (s76.c2 / corrupt-01)
                                           :location (s76.r / region
                                                            :mod (s76.t / that))
                                           :mod (s76.t2 / this)
                                           :same-as s67.e)
                              :ARG1 (s76.p / power
                                           :mod (s76.e2 / even)
                                           :mod (s76.d / deceive-01
                                                       :ARG0 s76.e))))
   :snt77 (s77.a / and
                 :op1 (s77.p / possible-01
                             :ARG1 (s77.i / imagine-01
                                          :ARG0 (s77.t / they
                                                       :same-as s67.e)
                                          :ARG1 (s77.t2 / thing
                                                        :manner-of (s77.d / deal-01
                                                                          :ARG0 s77.t
                                                                          :ARG1-of (s77.r / real-04)
                                                                          :ARG1-of (s77.p3 / possible-01)
                                                                          :ARG2 (s77.r2 / reality
                                                                                        :mod (s77.t3 / this)))))
                             :polarity "-")
                 :op2 (s77.p2 / possible-01
                              :ARG1 s77.i
                              :polarity "-"))
   :snt78 (s78.l / lose-03
                 :ARG0 (s78.t / they
                              :same-as s67.e))
   :snt79 (s79.a2 / and
                  :op1 (s79.s2 / separate-01
                               :ARG1 (s79.t / they
                                            :same-as s67.e)
                               :ARG2 (s79.a / and
                                            :op1 (s79.p / person
                                                        :poss s79.t)
                                            :op2 (s79.m / mass)))
                  :op2 (s79.s / see-01
                              :ARG0 (s79.w / we)
                              :ARG1 (s79.c / collapse-01
                                           :ARG1 s79.t
                                           :manner (s79.o / one-after-another))
                              :time (s79.n / now)))
   :snt80 (s80.t / tool
                 :purpose (s80.r / revolution-03)
                 :domain (s80.p / publication
                                :name (s80.n / name
                                             :op1 "Al"
                                             :op2 "Jazeera")
                                :same-as s3.p2)
                 :polarity "-")
   :snt81 (s81.c / create-01
                 :ARG0 (s81.w / we
                              :same-as s3.p2)
                 :ARG1 (s81.r / revolution-03)
                 :polarity "-")
   :snt82 (s82.c2 / contrast-01
                  :ARG2 (s82.b / be-located-at-91
                               :ARG1 (s82.w / we
                                            :same-as s3.p2)
                               :ARG2 (s82.c / center
                                            :part-of (s82.c3 / cover-03))
                               :time (s82.s / something
                                            :mod (s82.m / magnitude
                                                        :mod (s82.t / that)))))
   :snt83 (s83.a / and
                 :op1 (s83.b / ban-01
                             :ARG1 (s83.c2 / country
                                           :name (s83.n / name
                                                        :op1 "Egypt")
                                           :same-as s57.c)
                             :ARG2 (s83.w / we
                                          :same-as s3.p2))
                 :op2 (s83.a2 / arrest-01
                              :ARG1 (s83.p / person
                                           :ARG0-of (s83.c / correspond-01
                                                           :ARG1 s83.w)
                                           :ARG2-of (s83.i / include-91
                                                           :ARG1 (s83.p2 / person
                                                                         :quant (s83.s / some))))))
   :snt84 (s84.c2 / contrast-01
                  :ARG2 (s84.g / go-02
                               :purpose (s84.r / report-01
                                               :ARG0 (s84.a / and
                                                            :op1 (s84.p / person
                                                                        :ARG1-of (s84.i / include-91
                                                                                        :ARG3 (s84.m / most))
                                                                        :mod (s84.c / cameraman)
                                                                        :poss (s84.w / we
                                                                                     :same-as s3.p2))
                                                            :op2 (s84.j / journalist
                                                                        :poss s84.w))
                                               :ARG1 (s84.e / event
                                                            :location (s84.s / square
                                                                             :name (s84.n2 / name
                                                                                           :op1 "Tahrir"
                                                                                           :op2 "Square")
                                                                             :same-as s68.s)))
                               :ARG0 s84.a
                               :ARG1-of (s84.v / voluntary-02
                                               :ARG0 s84.a)
                               :ARG4 (s84.u / underground)
                               :location (s84.c3 / country
                                                 :name (s84.n / name
                                                              :op1 "Egypt")
                                                 :same-as s57.c)))
   :snt85 (s85.b / broadcast-01
                 :ARG0 (s85.c / camera
                              :poss (s85.w / we
                                           :same-as s3.p2))
                 :ARG1 (s85.v / voice
                              :poss (s85.p / person
                                           :location (s85.s / square
                                                            :name (s85.n / name
                                                                         :op1 "Tahrir"
                                                                         :op2 "Square")
                                                            :same-as s68.s)))
                 :duration (s85.t / temporal-quantity
                                  :unit (s85.d / day)
                                  :quant "18")
                 :manner (s85.l / live))
   :snt86 (s86.r / remember-01
                 :ARG0 (s86.i / i
                              :same-as s2.i)
                 :ARG1 (s86.p2 / phone-01
                               :ARG0 (s86.s / someone
                                            :mod (s86.p / person
                                                        :ARG1-of (s86.k / know-02
                                                                        :ARG0 s86.i
                                                                        :polarity "-")
                                                        :mod (s86.o2 / ordinary)
                                                        :same-as s86.s))
                               :ARG1 s86.i
                               :medium (s86.c / cellphone
                                              :poss s86.i)
                               :source (s86.s2 / square
                                               :name (s86.n / name
                                                            :op1 "Tahrir"
                                                            :op2 "Square")
                                               :same-as s68.s)
                               :time (s86.d / date-entity
                                            :dayperiod (s86.n2 / night)
                                            :mod (s86.o / one))))
   :snt87 (s87.t / tell-01
                 :ARG0 (s87.h / he
                              :same-as s86.s)
                 :ARG1 (s87.a / appeal-02
                              :ARG0 (s87.w / we)
                              :ARG1 (s87.y / you
                                           :same-as s2.i)
                              :ARG2 (s87.t2 / turn-off-07
                                            :ARG0 s87.y
                                            :ARG1 (s87.c / camera)
                                            :polarity "-"))
                 :ARG2 (s87.i / i
                              :same-as s2.i))
   :snt88 (s88.g / genocide-01
                 :condition (s88.t2 / turn-off-07
                                    :ARG0 (s88.y / you
                                                 :same-as s2.i)
                                    :ARG1 (s88.c / camera
                                                 :same-as s87.c)
                                    :time (s88.d / date-entity
                                                 :dayperiod (s88.n / night)
                                                 :mod (s88.t / today))))
   :snt89 (s89.p / protect-01
                 :ARG0 (s89.y / you
                              :same-as s2.i)
                 :ARG1 (s89.w / we
                              :same-as s87.w)
                 :manner (s89.s / show-01
                                :ARG0 s89.y
                                :ARG1 (s89.e / event
                                             :location (s89.s2 / square
                                                               :name (s89.n / name
                                                                            :op1 "Tahrir"
                                                                            :op2 "Square")
                                                               :same-as s68.s))))
   :snt90 (s90.f / feel-01
                 :ARG0 (s90.i / i
                              :same-as s2.i)
                 :ARG1 (s90.r3 / responsible-03
                               :ARG0 s90.i
                               :ARG1 (s90.a / and
                                            :op1 (s90.p2 / phone-01
                                                         :ARG0 s90.i
                                                         :ARG1 (s90.p / person
                                                                      :ARG0-of (s90.h2 / have-rel-role-91
                                                                                       :ARG1 (s90.w / we
                                                                                                    :same-as s3.p2)
                                                                                       :ARG2 (s90.c4 / correspondent))
                                                                      :location (s90.t2 / there)))
                                            :op2 (s90.p3 / phone-01
                                                         :ARG0 s90.p
                                                         :ARG1 (s90.n / newsroom
                                                                      :poss s90.w))
                                            :op3 (s90.t / tell-01
                                                        :ARG0 s90.i
                                                        :ARG1 (s90.a2 / and
                                                                      :ARG1-of (s90.c2 / cause-01
                                                                                       :ARG0 (s90.a3 / and
                                                                                                     :op1 (s90.f2 / feel-01
                                                                                                                  :ARG0 (s90.g2 / guy
                                                                                                                                :location s90.t2)
                                                                                                                  :ARG1 (s90.c3 / confident-01
                                                                                                                                :ARG1 s90.g2)
                                                                                                                  :ARG1-of (s90.r / real-04)
                                                                                                                  :time (s90.r2 / report-01
                                                                                                                                :ARG0 (s90.s / someone)
                                                                                                                                :ARG1 (s90.s2 / story
                                                                                                                                              :poss s90.g2)))
                                                                                                     :op2 (s90.f3 / feel-01
                                                                                                                  :ARG0 s90.g2
                                                                                                                  :ARG1 (s90.p4 / protect-01
                                                                                                                                :ARG1 s90.g2)
                                                                                                                  :mod (s90.a4 / as-well))))
                                                                      :op1 (s90.m / make-02
                                                                                  :ARG0 s90.p
                                                                                  :ARG1 (s90.g / good-02
                                                                                               :ARG1 (s90.t3 / turn-off-07
                                                                                                             :ARG0 s90.p
                                                                                                             :ARG1 (s90.c / camera)
                                                                                                             :time (s90.d / date-entity
                                                                                                                          :dayperiod (s90.n2 / night))
                                                                                                             :polarity "-")
                                                                                               :ARG2-of (s90.h / have-degree-91
                                                                                                               :ARG1 s90.p
                                                                                                               :ARG3 (s90.m2 / most)))))
                                                        :ARG2 s90.p))))
   :snt91 (s91.c / cause-01
                 :ARG1 (s91.c2 / chance-02
                               :ARG0 (s91.w / we)
                               :ARG1 (s91.c3 / create-01
                                             :ARG0 s91.w
                                             :ARG1 (s91.f / future
                                                          :ARG1-of (s91.n / new-01))
                                             :location (s91.p / part
                                                              :mod (s91.t / that)
                                                              :part-of (s91.w2 / world
                                                                               :same-as s8.w)
                                                              :same-as s8.p2))))
   :snt92 (s92.h / have-03
                 :ARG0 (s92.w / we
                              :same-as s91.w)
                 :ARG1 (s92.c / chance-02
                              :ARG0 s92.w
                              :ARG1 (s92.a / and
                                           :op1 (s92.g / go-02
                                                       :ARG0 s92.w)
                                           :op2 (s92.t / think-01
                                                       :ARG0 s92.w
                                                       :ARG1 (s92.f / future)
                                                       :ARG2 (s92.s / something
                                                                    :ARG1-of (s92.o / open-01
                                                                                    :ARG3 (s92.w2 / world
                                                                                                  :same-as s8.w)))))))
   :snt93 (s93.r / repeat-01
                 :ARG0 (s93.w / we)
                 :ARG1 (s93.m / mistake-02
                              :ARG0 s93.w
                              :ARG1 (s93.r2 / revolution
                                            :name (s93.n2 / name
                                                          :op1 "Mosaddeq")
                                            :mod (s93.c / country
                                                        :name (s93.n / name
                                                                     :op1 "Iran"))))
                 :mode "imperative"
                 :polarity "-")
   :snt94 (s94.l / let-01
                 :ARG1 (s94.f / free-01
                              :ARG0 (s94.w / we)
                              :ARG1 s94.w
                              :ARG2 (s94.t2 / think-01
                                            :ARG0 s94.w
                                            :ARG1 (s94.p / part
                                                         :mod (s94.t / that)
                                                         :part-of (s94.w2 / world
                                                                          :same-as s8.w)
                                                         :same-as s8.p2)
                                            :ARG1-of (s94.b / base-02
                                                            :ARG2 (s94.o2 / or
                                                                          :op1 (s94.i2 / interest-01
                                                                                       :ARG2 (s94.o / oil))
                                                                          :op2 (s94.i3 / interest-01
                                                                                       :ARG0 (s94.i / illusion
                                                                                                    :mod (s94.a / and
                                                                                                                :op1 (s94.s2 / stable-03)
                                                                                                                :op2 (s94.s / security)))))))
                              :location (s94.w3 / world-region
                                                :name (s94.n / name
                                                             :op1 "West")
                                                :mod (s94.e / especially))))
   :snt95 (s95.p / possible-01
                 :ARG1 (s95.c / create-01
                              :ARG1 (s95.a / and
                                           :ARG2-of (s95.e / except-01
                                                           :ARG1 (s95.a2 / and
                                                                         :op1 (s95.t / terrorism)
                                                                         :op2 (s95.v / violence)
                                                                         :op3 (s95.d / destroy-01)))
                                           :op1 (s95.s2 / stability
                                                        :poss (s95.r / regime
                                                                     :mod (s95.a3 / authoritarian)))
                                           :op2 (s95.s / security
                                                       :poss s95.r)))
                 :polarity "-")
   :snt96 (s96.l / let-01
                 :ARG0 (s96.w / we)
                 :ARG1 (s96.a / accept-01
                              :ARG0 s96.w
                              :ARG1 (s96.c / choose-01
                                           :ARG0 (s96.p / person)))
                 :mode "imperative")
   :snt97 (s97.l / let-01
                 :ARG0 (s97.w / we)
                 :ARG1 (s97.a / and
                              :op1 (s97.p2 / pick-01
                                           :ARG0 s97.w
                                           :ARG1 (s97.p / person
                                                        :ARG3-of (s97.r / rule-03
                                                                        :ARG0 s97.w
                                                                        :ARG1 (s97.f / future
                                                                                     :poss (s97.t / they
                                                                                                  :same-as s96.p))
                                                                        :ARG1-of (s97.l2 / like-02
                                                                                         :ARG0 s97.w)))
                                           :polarity "-")
                              :op2 (s97.c / choose-01
                                          :ARG0 s97.w
                                          :ARG1 s97.p
                                          :polarity "-"))
                 :mode "imperative")
   :snt98 (s98.r / recommend-01
                 :ARG1 (s98.r2 / rule-03
                               :ARG0 (s98.p / person)
                               :ARG1 (s98.f / future)
                               :ARG1-of (s98.h / have-condition-91
                                               :ARG2 (s98.v / voice
                                                            :ARG0-of (s98.s / scare-01
                                                                            :ARG1 (s98.w / we)
                                                                            :ARG1-of (s98.p2 / possible-01)
                                                                            :time (s98.n / now)))
                                               :frequency (s98.s2 / sometimes
                                                                  :mod (s98.e / even)))))
   :snt99 (s99.c2 / contrast-01
                  :ARG2 (s99.o / opportunity
                               :ARG1-of (s99.h / have-degree-91
                                               :ARG2 (s99.g / good-02
                                                            :ARG1 s99.o)
                                               :ARG3 (s99.m2 / most))
                               :beneficiary (s99.a2 / and
                                                    :op1 (s99.w / world)
                                                    :op2 (s99.w4 / world-region
                                                                 :name (s99.n2 / name
                                                                               :op1 "West")
                                                                 :same-as s94.n)
                                                    :op3 (s99.s2 / see-01)
                                                    :op4 (s99.s5 / see-01
                                                                 :ARG1 (s99.f2 / friendship))
                                                    :op5 (s99.s6 / see-01
                                                                 :ARG1 (s99.e / emerge-01
                                                                              :ARG0 (s99.t3 / tolerate-01)
                                                                              :source (s99.w2 / world
                                                                                              :mod (s99.e2 / ethnic-group
                                                                                                           :name (s99.n3 / name
                                                                                                                         :op1 "Arab"))
                                                                                              :same-as s8.w))
                                                                 :ARG1-of (s99.i2 / instead-of-91
                                                                                  :ARG2 (s99.i / image
                                                                                               :topic (s99.a3 / and
                                                                                                              :op1 (s99.v2 / violence)
                                                                                                              :op2 (s99.t / terrorism))))))
                               :domain (s99.a / and
                                              :ARG1-of (s99.s8 / sweep-02
                                                               :ARG2 (s99.w3 / world-region
                                                                             :name (s99.n / name
                                                                                          :op1 "Middle"
                                                                                          :op2 "East")
                                                                             :same-as s9.w3)
                                                               :time (s99.m / moment
                                                                            :mod (s99.t2 / this)))
                                              :op1 (s99.v / value
                                                          :mod (s99.d / democracy))
                                              :op2 (s99.f / free-04
                                                          :ARG3 (s99.c / choose-01))))
                  :rel (s99.s3 / see-01
                               :ARG1 (s99.s / security))
                  :rel (s99.s4 / see-01
                               :ARG1 s99.f2)
                  :rel (s99.s7 / stability))
   :snt100 (s100.l / let-01
                   :ARG0 (s100.w / we)
                   :ARG1 (s100.s / support-01
                                 :ARG0 s100.w
                                 :ARG1 (s100.p / person
                                               :mod (s100.t / this)))
                   :mode "imperative")
   :snt101 (s101.l / let-01
                   :ARG0 (s101.w / we)
                   :ARG1 (s101.s / stand-08
                                 :ARG0 s101.w
                                 :ARG1 (s101.t / they
                                               :same-as s100.p))
                   :mode "imperative")
   :snt102 (s102.a / and
                   :op2 (s102.l / let-01
                                :ARG0 (s102.y / you)
                                :ARG1 (s102.g / give-up-07
                                              :purpose (s102.a2 / and
                                                                :op1 (s102.e / embrace-01
                                                                             :ARG0 (s102.w / we)
                                                                             :ARG1 (s102.c2 / change-01))
                                                                :op2 (s102.c / celebrate-01
                                                                             :ARG0 s102.w
                                                                             :ARG1 (s102.a3 / and
                                                                                            :op1 (s102.f / future
                                                                                                         :mod (s102.g2 / great))
                                                                                            :op2 (s102.h / hopeful-03)
                                                                                            :op3 (s102.t2 / tolerate-01))
                                                                             :accompanier (s102.p / person
                                                                                                  :location (s102.r / region
                                                                                                                    :mod (s102.t / that)
                                                                                                                    :same-as s9.w3))))
                                              :ARG0 s102.w
                                              :ARG1 (s102.s / selfishness
                                                            :ARG1-of (s102.n / narrow-02)
                                                            :poss s102.w))
                                :mode "imperative"))
   :snt103 (s103.a / and
                   :op1 (s103.a2 / arrive-01
                                 :ARG1 (s103.f / future))
                   :op2 (s103.n / now
                                :domain s103.f))
   :snt104 (s104.t / thank-01
                   :ARG0 (s104.i / i
                                 :same-as s2.i)
                   :ARG1 (s104.y / you
                                 :same-as s2.i)
                   :mod (s104.m / much
                                :degree (s104.v / very)))
   :snt105 (s105.t / thank-01
                   :ARG0 (s105.i / i)
                   :ARG1 (s105.y / you
                                 :same-as s2.i)
                   :mod (s105.m / much
                                :degree (s105.v / very)))
   :snt106 (s106.h / have-03
                   :ARG0 (s106.i / i
                                 :same-as s2.i)
                   :ARG1 (s106.q / question-01
                                 :quant (s106.c / couple)
                                 :ARG0 s106.i
                                 :ARG2 (s106.y / you
                                               :same-as s2.i))
                   :mod (s106.j / just))
   :snt107 (s107.t / thank-01
                   :ARG1 (s107.y / you
                                 :same-as s2.i)
                   :ARG2 (s107.c / come-01
                                 :ARG1 s107.y
                                 :ARG4 (s107.h / here)))
   :snt108 (s108.c / characterize-01
                   :ARG0 (s108.y / you
                                 :same-as s2.i)
                   :ARG1 (s108.s / significant-02
                                 :ARG1 (s108.e / event)
                                 :mod (s108.h / history))
                   :ARG2 (s108.a / amr-unknown))
   :snt109 (s109.a / amr-choice
                   :op1 (s109.s2 / story
                                 :mod (s109.t / this)
                                 :time (s109.y / year))
                   :op2 (s109.s3 / story
                                 :mod s109.t
                                 :time (s109.d / decade))
                   :op3 (s109.s / something
                                :mod (s109.m / more)))
   :snt110 (s110.s / say-01
                   :ARG0 (s110.p / person
                                 :name (s110.n / name
                                               :op1 "Wadah"
                                               :op2 "Khanfar")
                                 :same-as s2.i)
                   :ARG1 (s110.p2 / possible-01
                                  :ARG1 (s110.h / have-degree-91
                                                :ARG1 (s110.s2 / story
                                                               :mod (s110.t / this
                                                                            :same-as s109.t))
                                                :ARG1-of (s110.c / cover-03
                                                                 :ARG0 (s110.w / we)
                                                                 :time (s110.e / ever))
                                                :ARG2 (s110.b / big)
                                                :ARG3 (s110.m / most))
                                  :ARG1-of (s110.a / actual-02)))
   :snt111 (s111.c / cover-03
                   :ARG0 (s111.w2 / we
                                  :same-as s110.w)
                   :ARG1 (s111.w / war
                                 :quant (s111.m / many)))
   :snt112 (s112.c4 / cover-03
                    :ARG0 (s112.w / we
                                  :same-as s110.w)
                    :ARG1 (s112.a / and
                                  :op1 (s112.t / tragedy
                                               :quant (s112.l / lot))
                                  :op2 (s112.p / problem
                                               :quant (s112.l2 / lot))
                                  :op3 (s112.z / zone
                                               :quant (s112.l3 / lot)
                                               :location-of (s112.c3 / conflict-01))
                                  :op4 (s112.s / spot
                                               :ARG1-of (s112.h / hot-05)
                                               :location (s112.r / region
                                                                 :same-as s9.w3)))
                    :ARG1-of (s112.c / cause-01
                                     :ARG0 (s112.c2 / center-01
                                                    :ARG1 s112.w
                                                    :ARG2 (s112.m / middle
                                                                  :part-of (s112.i / it)))))
   :snt113 (s113.c / contrast-01
                   :ARG2 (s113.a / and
                                 :op1 (s113.s / story
                                              :domain (s113.t / this
                                                              :same-as s109.t)
                                              :mod (s113.g / great))
                                 :op2 (s113.b / beautiful-02
                                              :ARG1 s113.t)))
   :snt114 (s114.s / something
                   :ARG1-of (s114.c2 / cover-01
                                     :ARG0 (s114.y / you)
                                     :ARG1-of (s114.c / cause-01
                                                      :ARG0 (s114.o / obligate-01
                                                                    :ARG1 s114.y
                                                                    :ARG2 (s114.c3 / cover-01
                                                                                   :ARG0 s114.y
                                                                                   :ARG1 (s114.i / incident
                                                                                                 :mod (s114.g / great)))))
                                     :mod (s114.o2 / only)
                                     :polarity "-"))
   :snt115 (s115.w / witness-01
                   :ARG0 (s115.y / you)
                   :ARG1 (s115.c / change-01
                                 :ARG1 (s115.h / history)))
   :snt116 (s116.w / witness-01
                   :ARG0 (s116.y / you)
                   :ARG1 (s116.b / bear-02
                                 :ARG1 (s116.e / era
                                               :ARG1-of (s116.n / new-01))))
   :snt117 (s117.a2 / and
                    :op2 (s117.c / concern-02
                                 :ARG0 (s117.s / story
                                               :mod (s117.a / all)
                                               :same-as s109.t)
                                 :ARG1 (s117.t / this)))
   :snt118 (s118.o / or
                   :op1 (s118.s / skeptical
                                :domain (s118.p / person
                                                :quant (s118.l / lot)
                                                :location (s118.w / world-region
                                                                  :name (s118.n / name
                                                                                :op1 "West")
                                                                  :same-as s94.n))
                                :mod (s118.s3 / still))
                   :op2 (s118.t / think-01
                                :ARG0 s118.p
                                :ARG1 (s118.p2 / possible-01
                                               :ARG1 (s118.s2 / stage
                                                              :domain (s118.t2 / this)
                                                              :mod (s118.i / intermediate)
                                                              :mod (s118.j / just)
                                                              :time (s118.b / before
                                                                            :op1 (s118.c / chaos
                                                                                         :ARG1-of (s118.h / have-degree-91
                                                                                                          :ARG2 (s118.a / alarm-01)
                                                                                                          :ARG3 (s118.m / more
                                                                                                                        :quant (s118.m2 / much)))))))))
   :snt119 (s119.b / believe-01
                   :ARG0 (s119.y / you
                                 :same-as s2.i)
                   :ARG1 (s119.p / possible-01
                                 :ARG1 (s119.e2 / emerge-01
                                                :ARG0 (s119.g2 / government-organization
                                                               :ARG0-of (s119.g / govern-01
                                                                                :ARG1 (s119.c / country
                                                                                              :name (s119.n / name
                                                                                                            :op1 "Egypt")
                                                                                              :same-as s57.c))
                                                               :ARG0-of (s119.e3 / espouse-01
                                                                                 :ARG1 (s119.s2 / some
                                                                                                :ARG1-of (s119.i / include-91
                                                                                                                 :ARG2 (s119.v / value
                                                                                                                               :ARG1-of (s119.s3 / speak-01
                                                                                                                                                 :ARG0 s119.y
                                                                                                                                                 :ARG0-of (s119.i2 / inspire-01
                                                                                                                                                                   :degree (s119.s / so)))))))))
                                 :condition (s119.e / elect-01
                                                    :location s119.c
                                                    :manner (s119.d / democratic)
                                                    :time (s119.n2 / now)))
                   :ARG1-of (s119.r / real-04)
                   :polarity (s119.a / amr-unknown))
   :snt120 (s120.s3 / say-01
                    :ARG0 (s120.p / person
                                  :name (s120.n / name
                                                :op1 "WK"))
                    :ARG1 (s120.a4 / and
                                   :op2 (s120.p2 / person
                                                 :ARG1-of (s120.a / actual-02)
                                                 :mod (s120.y / youth
                                                              :ARG1-of (s120.o2 / organize-01
                                                                                :ARG0 s120.p2
                                                                                :location (s120.a5 / and
                                                                                                   :op1 (s120.g2 / group
                                                                                                                 :mod (s120.c / certain))
                                                                                                   :op2 (s120.c4 / council
                                                                                                                 :mod (s120.c2 / certain)))))
                                                 :op2 (s120.a6 / and
                                                               :op1 (s120.g3 / guard-01
                                                                             :ARG0 s120.p2
                                                                             :ARG1 (s120.t3 / transform-01))
                                                               :op2 (s120.t4 / try-01
                                                                             :ARG0 s120.p2
                                                                             :ARG1 (s120.p4 / put-01
                                                                                            :purpose (s120.s2 / satisfy-01
                                                                                                              :ARG0 s120.p2
                                                                                                              :ARG1 (s120.v / value
                                                                                                                            :poss (s120.d / democracy))
                                                                                                              :ARG1 (s120.r2 / reasonable-02
                                                                                                                             :ARG1 s120.t3)
                                                                                                              :ARG1 (s120.a7 / and
                                                                                                                             :purpose (s120.g / go-out-17
                                                                                                                                              :ARG1 (s120.o / order)
                                                                                                                                              :polarity "-")
                                                                                                                             :op1 (s120.m / make-02
                                                                                                                                          :ARG0 s120.p2
                                                                                                                                          :mod (s120.a3 / also)
                                                                                                                                          :time (s120.t / time
                                                                                                                                                        :ARG1-of (s120.s / same-01)))
                                                                                                                             :op2 (s120.m2 / make-02
                                                                                                                                           :ARG1 (s120.r / rational-02
                                                                                                                                                         :ARG1 (s120.i / it
                                                                                                                                                                       :same-as s120.d)))))
                                                                                            :purpose s120.m
                                                                                            :ARG0 s120.p2
                                                                                            :ARG1 s120.t3
                                                                                            :ARG2 (s120.t2 / track)))
                                                               :time (s120.a2 / after
                                                                              :op1 (s120.c3 / collapse-01
                                                                                            :ARG1 (s120.r3 / regime
                                                                                                           :mod (s120.p3 / person
                                                                                                                         :name (s120.n2 / name
                                                                                                                                        :op1 "Hosni"
                                                                                                                                        :op2 "Mubarak")
                                                                                                                         :same-as s57.p))))))))
   :snt121 (s121.o / opine-01
                   :ARG0 (s121.i / i
                                 :same-as s2.i)
                   :ARG1 (s121.h / have-degree-91
                                 :ARG1 (s121.p / person
                                               :mod (s121.t / this)
                                               :same-as s120.y)
                                 :ARG2 (s121.w / wise)
                                 :ARG3 (s121.m / more
                                               :quant (s121.m3 / much))
                                 :ARG3 (s121.m2 / more)
                                 :ARG4 (s121.a / and
                                               :op1 (s121.e / elite
                                                            :mod (s121.p4 / politics))
                                               :op2 (s121.e2 / elite
                                                             :mod (s121.i3 / intellectual)
                                                             :mod (s121.e3 / even))
                                               :op3 (s121.p2 / person
                                                             :ARG0-of (s121.l / lead-02
                                                                              :ARG2 (s121.o2 / oppose-01))
                                                             :ARG2-of (s121.i2 / include-91
                                                                               :ARG1 (s121.p3 / political-party))
                                                             :mod (s121.e4 / even)))))
   :snt122 (s122.a / and
                   :op1 (s122.w / wise
                                :ARG2-of (s122.y / youth
                                                 :location (s122.w2 / world
                                                                    :mod (s122.e / ethnic-group
                                                                                 :name (s122.n / name
                                                                                               :op1 "Arab"))
                                                                    :same-as s8.w))
                                :domain s122.y)
                   :op2 (s122.c / capable-01
                                :ARG1 s122.y
                                :ARG2 (s122.c3 / create-01
                                               :ARG0 s122.y
                                               :ARG1 (s122.c2 / change-01)))
                   :rel (s122.h / have-degree-91
                                :ARG1 s122.y
                                :ARG3 (s122.m2 / more
                                               :quant (s122.m3 / much))
                                :ARG4 (s122.o / old
                                              :ARG2-of (s122.i2 / include-01
                                                                :ARG1 (s122.r / regime
                                                                              :mod (s122.o2 / old)
                                                                              :mod (s122.c4 / culture)
                                                                              :mod (s122.p / politics)))))
                   :rel (s122.i / ideology)
                   :time (s122.m / moment
                                 :mod (s122.t / this)))
   :snt123 (s123.a / and
                   :op1 (s123.i2 / involve-01
                                 :ARG1 (s123.w2 / we)
                                 :ARG2 (s123.p / politics)
                                 :polarity "-")
                   :op2 (s123.i / interfere-01
                                :ARG0 s123.w2
                                :manner (s123.w / way
                                                :mod (s123.t / that))
                                :polarity "-")
                   :rel "-")
   :snt124 (s124.r / recommend-01
                   :ARG1 (s124.d2 / do-02
                                  :ARG0 (s124.p / person
                                                :location (s124.p2 / publication
                                                                   :name (s124.n / name
                                                                                 :op1 "TED"))
                                                :location (s124.w2 / world-region
                                                                   :name (s124.n2 / name
                                                                                  :op1 "West")
                                                                   :same-as s94.n))
                                  :ARG1 (s124.a / amr-unknown)
                                  :condition (s124.a2 / and
                                                      :op1 (s124.w / want-01
                                                                   :ARG0 s124.p
                                                                   :ARG1 (s124.o / or
                                                                                 :op1 (s124.c / connect-01
                                                                                              :ARG0 s124.p)
                                                                                 :op2 (s124.m / make-02
                                                                                              :ARG0 s124.p
                                                                                              :ARG1 (s124.d / differ-02
                                                                                                            :ARG1 s124.p))))
                                                      :op2 (s124.b / believe-01
                                                                   :ARG0 s124.p
                                                                   :ARG1 (s124.e / event
                                                                                 :location s124.w2)))))
   :snt125 (s125.s / say-01
                   :ARG0 (s125.p / person
                                 :name (s125.n / name
                                               :op1 "WK"))
                   :ARG1 (s125.t / think-01
                                 :ARG0 (s125.i / i
                                               :same-as s2.i)
                                 :ARG1 (s125.d / discover-01
                                               :ARG0 (s125.w / we)
                                               :ARG1 (s125.i3 / issue-02
                                                              :ARG0 (s125.c / care-01
                                                                            :ARG0 (s125.p2 / person)
                                                                            :ARG1 (s125.t3 / transform-01
                                                                                           :mod (s125.g / great)
                                                                                           :mod (s125.t2 / this)
                                                                                           :same-as s120.t3))
                                                              :ARG1-of (s125.i2 / important-01
                                                                                :degree (s125.v / very)))
                                               :location (s125.w2 / world
                                                                  :mod (s125.e / ethnic-group
                                                                               :name (s125.n2 / name
                                                                                              :op1 "Arab"))
                                                                  :same-as s8.w))))
   :snt126 (s126.t / tell-01
                   :ARG0 (s126.p3 / person
                                  :name (s126.n / name
                                                :op1 "Mohamed"
                                                :op2 "Nanabhay")
                                  :ARG0-of (s126.h / head-01
                                                   :ARG1 (s126.p4 / publication
                                                                  :name (s126.n2 / name
                                                                                 :op1 "al-Qaida")))
                                  :ARG1-of (s126.s / sit-01
                                                   :accompanier (s126.w / we)))
                   :ARG1 (s126.i2 / increase-01
                                  :ARG1 (s126.a / access-01
                                                :ARG1 (s126.w2 / website
                                                               :poss s126.w)
                                                :source (s126.p / part
                                                                :mod (s126.v / various)
                                                                :part-of (s126.w3 / world
                                                                                  :same-as s8.w)))
                                  :ARG2 (s126.p2 / percentage-entity
                                                 :value "2500"))
                   :ARG2 (s126.i / i
                                 :same-as s2.i))
   :snt127 (s127.c / come-01
                   :ARG1 (s127.i / it
                                 :quant (s127.p / percentage-entity
                                                :value "50")
                                 :same-as s126.i2)
                   :ARG3 (s127.c2 / country
                                  :name (s127.n / name
                                                :op1 "America")))
   :snt128 (s128.c2 / cause-01
                    :ARG0 (s128.a / and
                                  :op1 (s128.d / discover-01
                                               :ARG0 (s128.w / we)
                                               :ARG1 (s128.c / care-01
                                                             :ARG0 (s128.p / person)))
                                  :op2 (s128.l / like-02
                                               :ARG0 s128.p
                                               :ARG1 (s128.k / know-01
                                                             :ARG0 s128.p
                                                             :ARG1 (s128.r / receive-01
                                                                           :ARG0 s128.p
                                                                           :ARG1 (s128.s / stream-01)
                                                                           :path (s128.i / internet
                                                                                         :poss s128.w
                                                                                         :same-as s52.i2))))))
   :snt129 (s129.c2 / contrast-01
                    :ARG1 (s129.c4 / cover-03
                                   :ARG0 (s129.w / we
                                                 :same-as s128.w)
                                   :location (s129.c3 / country
                                                      :name (s129.n / name
                                                                    :op1 "United"
                                                                    :op2 "States")
                                                      :same-as s127.c2)
                                   :polarity "-")
                    :ARG2 (s129.c5 / cover-03
                                   :ARG0 s129.w
                                   :ARG1 (s129.c / city
                                                 :name (s129.n2 / name
                                                                :op1 "Washington"
                                                                :op2 "D.C.")
                                                 :same-as s70.c2)
                                   :prep-for (s129.b / broadcast-program
                                                     :name (s129.n3 / name
                                                                    :op1 "Al"
                                                                    :op2 "Jazeera"
                                                                    :op3 "English")
                                                     :same-as s3.p2)
                                   :time (s129.m / moment
                                                 :mod (s129.t / this)))
                    :rel (s129.f / fortunate-01
                                 :polarity "-"))
   :snt130 (s130.c3 / contrast-01
                    :ARG2 (s130.p4 / possible-01
                                   :ARG1 (s130.t / tell-01
                                                 :ARG0 (s130.i / i)
                                                 :ARG1 (s130.m / moment
                                                               :purpose (s130.c / celebrate-02
                                                                                :ARG0 (s130.w / we)
                                                                                :manner (s130.a2 / and
                                                                                                 :op1 (s130.c2 / connect-01
                                                                                                               :ARG1 s130.w
                                                                                                               :ARG2 (s130.p / person
                                                                                                                             :location (s130.s / street)
                                                                                                                             :mod (s130.t2 / that)))
                                                                                                 :op2 (s130.e / express-01
                                                                                                              :ARG0 s130.w
                                                                                                              :ARG1 (s130.s2 / support-01
                                                                                                                             :ARG0 s130.w
                                                                                                                             :ARG1 s130.p))
                                                                                                 :op3 (s130.e2 / express-01
                                                                                                               :ARG0 s130.w
                                                                                                               :ARG1 (s130.f / feel-01
                                                                                                                             :ARG1 (s130.s3 / support-01
                                                                                                                                            :ARG1 (s130.a3 / and
                                                                                                                                                           :purpose (s130.c4 / create-01
                                                                                                                                                                             :ARG0 s130.w
                                                                                                                                                                             :ARG1 (s130.f2 / future
                                                                                                                                                                                            :ARG1-of (s130.h / have-degree-91
                                                                                                                                                                                                             :ARG2 (s130.g / good-02
                                                                                                                                                                                                                           :ARG1 s130.f2)
                                                                                                                                                                                                             :ARG3 (s130.m2 / more
                                                                                                                                                                                                                            :quant (s130.m3 / much))))
                                                                                                                                                                             :ARG2 (s130.w2 / we
                                                                                                                                                                                            :mod (s130.a / all)))
                                                                                                                                                           :op1 (s130.p2 / person
                                                                                                                                                                         :ARG1-of (s130.w3 / weak-02))
                                                                                                                                                           :op2 (s130.p3 / person
                                                                                                                                                                         :ARG1-of (s130.o / oppress-01))))
                                                                                                                             :mod (s130.k / kind
                                                                                                                                          :mod (s130.t4 / this)))
                                                                                                               :mod (s130.u / universal))))
                                                               :domain (s130.t3 / this
                                                                                :same-as s65.t))
                                                 :ARG2 (s130.y / you))))
   :snt131 (s131.m / meet-03
                   :ARG0 (s131.g / group
                                 :name (s131.n / name
                                               :op1 "Wadah")
                                 :consist-of (s131.m2 / member
                                                      :part-of (s131.c / community
                                                                       :name (s131.n2 / name
                                                                                      :op1 "TED"
                                                                                      :same-as s124.n))))
                   :mod (s131.w2 / well)
                   :time (s131.s / speak-01
                                 :ARG0 (s131.w / we)))
   :snt132 (s132.h / have-03
                   :ARG0 (s132.t2 / they
                                  :same-as s131.m2)
                   :ARG1 (s132.p / person
                                 :quant (s132.s / some)
                                 :ARG0-of (s132.s2 / speak-01))
                   :location (s132.t / there))
   :snt133 (s133.b / believe-01
                   :ARG0 (s133.i / i
                                 :same-as s2.i)
                   :ARG1 (s133.h / hear-01
                                 :ARG0 (s133.t2 / they
                                                :same-as s131.m2)
                                 :ARG1 (s133.t / talk-01
                                               :ARG0 (s133.y / you
                                                             :same-as s2.i))))
   :snt134 (s134.t / thank-01
                   :ARG1 (s134.y / you
                                 :same-as s2.i)
                   :ARG2 (s134.i / inspire-01
                                 :ARG0 s134.y
                                 :ARG1 (s134.t2 / they
                                                :same-as s131.m2))
                   :op3 (s134.i2 / inspire-01
                                 :ARG0 s134.y
                                 :ARG1 (s134.w / we
                                               :mod (s134.a / all)
                                               :same-as s130.w2)))
   :snt135 (s135.t / thank-01
                   :ARG0 (s135.i / i)
                   :ARG1 (s135.y / you
                                 :same-as s2.i)
                   :degree (s135.m / much
                                   :degree (s135.s / so))))

