# ::id doc-86
# ::doc_file doc-86
# ::tok http : / / www . ted . com / talks / majora_carter_s_tale_of_urban_renewal< / url> <next_sent> If you 're here today -- <next_sent> and I 'm very happy that you are -- <next_sent> you 've all heard about how sustainable development will save us from ourselves . <next_sent> However , when we 're not at TED , we are often told that a real sustainability policy agenda is just not feasible , especially in large , urban areas like New York City . <next_sent> And that 's because most people with decision - making powers , in both the public and the private sector , really do n't feel as though they 're in danger . <next_sent> The reason why I 'm here today , in part , is because of a dog : an abandoned puppy I found back in the rain , back in 1998 . <next_sent> She turned out to be a much bigger dog than I 'd anticipated . <next_sent> When she came into my life , we were fighting against a huge waste facility planned for the East River waterfront , despite the fact that our small part of New York City already handled more than 40 percent of the entire city 's commercial waste : a sewage treatment pelletizing plant , a sewage sludge plant , four power plants , the world 's largest food distribution center , as well as other industries that bring more than 60,000 diesel truck trips to the area each week . <next_sent> The area also has one of the lowest ratios of parks to people in the city . <next_sent> So when I was contacted by the Parks Department about a $ 10,000 seed grant initiative seed grant initiative to help develop waterfront projects , I thought they were really well - meaning , but a bit naive . <next_sent> I 'd lived in this area all my life , and you could not get to the river because of all the lovely facilities that I 'd mentioned earlier . <next_sent> Then , while jogging with my dog one morning , she pulled me into what I thought was just another illegal dump . <next_sent> There were weeds and piles of garbage and other stuff that I wo n't mention here , but she kept dragging me -- and lo and behold , at the end of that lot was the river . <next_sent> I knew that this forgotten little street - end , abandoned like the dog that brought me there , was worth saving . <next_sent> And I knew it would grow to become the proud beginnings of the community - led revitalization of the new South Bronx . <next_sent> And just like my new dog , it was an idea that got bigger than I 'd imagined . <next_sent> We garnered much support along the way . <next_sent> And the Hunts Point Riverside Park became the first waterfront park that the South Bronx had had in more than 60 years . <next_sent> We leveraged that $ 10,000 seed grant more than 300 times into a $3 million park . <next_sent> And , in the fall , I 'm actually going to -- <next_sent> I exchange marriage vows with my beloved . <next_sent> Thank you very much . <next_sent> That 's him pressing my buttons back there , which he does all the time . <next_sent> Environmental justice , for those of you who may not be familiar with the term , goes something like this : no community should be saddled with more environmental burdens and less environmental benefits than any other . <next_sent> Unfortunately , race and class are extremely reliable indicators as to where one might find the good stuff , like parks and trees , and where one might find the bad stuff , like power plants and waste facilities . <next_sent> As a black person in America , I am twice as likely as a white person to live in an area where air pollution poses the greatest risk to my health . <next_sent> I am five times more likely to live within walking distance of a power plant or chemical facility -- which I do . <next_sent> These land - use decisions created the hostile conditions that lead to problems like obesity , diabetes and asthma . <next_sent> Why would someone leave their home to go for a brisk walk in a toxic neighborhood ? <next_sent> Our 27 percent obesity rate is high , even for this country , and diabetes comes with it . <next_sent> One out of four South Bronx children has asthma . <next_sent> Our asthma hospitalization rate is seven times higher than the national average . <next_sent> These impacts are coming everyone 's way . <next_sent> And we all pay dearly for solid waste costs , health problems associated with pollution and more odiously , the cost of imprisoning our young black and Latino men , who possess untold amounts of untapped potential . <next_sent> 50 percent of our residents live at or below the poverty line . <next_sent> 25 percent of us are unemployed . <next_sent> Low - income citizens often use emergency room visits as primary care . <next_sent> This comes at a high cost to taxpayers and produces no proportional benefits . <next_sent> Poor people are not only still poor ; they are still unhealthy . <next_sent> Fortunately , there are many people like me who are striving for solutions that wo n't compromise the lives of low - income communities of color in the short term , and wo n't destroy us all in the long term . <next_sent> None of us want that , and we all have that in common . <next_sent> So what else do we have in common ? <next_sent> Good . <next_sent> But , besides being a black woman , I am different from most of you in some other ways . <next_sent> I watched nearly half of the buildings in my neighborhood burn down . <next_sent> My big brother Lenny fought in Vietnam , only to be gunned down a few blocks from our home . <next_sent> Jesus . <next_sent> I grew up with a crack house across the street . <next_sent> Yeah , I 'm a poor black child from the ghetto . <next_sent> These things make me different from you . <next_sent> But the things we have in common set me apart from most of the people in my community , and I am in between these two worlds , with enough of my heart to fight for justice in the other . <next_sent> So how did things get so different for us ? <next_sent> In the late ' 40s , my dad -- a Pullman porter , son of a slave -- bought a house in the Hunts Point section of the South Bronx , and a few years later he married my mom . <next_sent> At the time , the community was a mostly white , working - class neighborhood . <next_sent> My dad was not alone . <next_sent> And as others like him pursued their own version of the American dream , white flight became common in the South Bronx and in many cities around the country . <next_sent> Red - lining was used by banks , wherein certain sections of the city , including ours , were deemed off - limits to any sort of investment . <next_sent> Many landlords believed it was more profitable to torch their buildings and collect insurance money rather than to sell under those conditions -- dead or injured former tenants notwithstanding . <next_sent> Hunts Point was formerly a walk - to - work community , but now residents had neither work nor home to walk to . <next_sent> A national highway construction boom was added to our problems . <next_sent> In New York State , Robert Moses spearheaded an aggressive highway expansion campaign . <next_sent> One of its primary goals was to make it easier for residents of wealthy communities in Westchester County to go to Manhattan . <next_sent> The South Bronx , which lies in between , did not stand a chance . <next_sent> Residents were often given less than a month 's notice before their buildings were razed . <next_sent> 600,000 people were displaced . <next_sent> The common perception was that only pimps and pushers and prostitutes were from the South Bronx . <next_sent> And if you are told from your earliest days that nothing good is going to come from your community , that is bad and ugly , how could it not reflect on you ? <next_sent> So now , my family 's property was worthless , save for that it was our home and all we had . <next_sent> And luckily for me , that home and the love inside of it , along with help from teachers , mentors and friends along the way , was enough . <next_sent> Now , why is this story important ? <next_sent> Because from a planning perspective , economic degradation begets environmental degradation , which begets social degradation . <next_sent> The disinvestment that began in the 1960 s set the stage for all the environmental injustices that were to come . <next_sent> Antiquated zoning and land - use regulations are still used to this day to continue putting polluting facilities in my neighborhood . <next_sent> Are these factors taken into consideration when land - use policy is decided ? <next_sent> What costs are associated with these decisions ? <next_sent> And who pays ? <next_sent> Who profits ? <next_sent> Does anything justify what the local community goes through ? <next_sent> This was " planning " -- in quotes -- that did not have our best interests in mind . <next_sent> Once we realized that , we decided it was time to do our own planning . <next_sent> That small park I told you about earlier was the first stage of building a greenway movement in the South Bronx . <next_sent> I wrote a one - and - a - quarter - million dollar federal transportation grant to design the plan for a waterfront esplanade with dedicated on - street bike paths . <next_sent> Physical improvements help inform public policy regarding traffic safety , the placement of the waste and other facilities , which , if done properly , do n't compromise a community 's quality of life . <next_sent> They provide opportunities to be more physically active , as well as local economic development . <next_sent> Think bike shops , juice stands . <next_sent> We secured 20 million dollars to build first - phase projects . <next_sent> This is Lafayette Avenue -- and as redesigned by Matthews - Nielsen landscape architects . <next_sent> And once this path is constructed , it 'll connect the South Bronx with more than 400 acres of Randall 's Island Park . <next_sent> Right now we 're separated by about 25 feet of water , but this link will change that . <next_sent> As we nurture the natural environment , its abundance will give us back even more . <next_sent> We run a project called the Bronx Ecological Stewardship Training , which provides job training in the fields of ecological restorations , so that folks from our community have the skills to compete for these well - paying jobs . <next_sent> Little by little , we 're seeding the area with green collar jobs -- then the people that have both a financial and personal stake in their environment . <next_sent> The Sheridan Expressway is an underutilized relic of the Robert Moses era , built with no regard for the neighborhoods that were divided by it . <next_sent> Even during rush hour , it goes virtually unused . <next_sent> The community created an alternative transportation plan that allows for the removal of the highway . <next_sent> We have the opportunity now to bring together all the stakeholders to re - envision how this 28 acres can be better utilized for parkland , affordable housing and local economic development . <next_sent> We also built the city 's -- New York City 's first green and cool roof demonstration project on top of our offices . <next_sent> Cool roofs are highly reflective surfaces that do n't absorb solar heat and pass it on to the building or atmosphere . <next_sent> Green roofs are soil and living plants . <next_sent> Both can be used instead of petroleum - based roofing materials that absorb heat , contribute to urban " heat island " effect and degrade under the sun , which we in turn breathe . <next_sent> Green roofs also retain up to 75 percent of rainfall , so they reduce a city 's need to fund costly end - of - pipe solutions -- <next_sent> which , incidentally , are often located in environmental justice communities like mine . <next_sent> And they provide habitats for our little friends ! <next_sent> So -- -- so cool ! <next_sent> Anyway , the demonstration project is a springboard for our own green roof installation business , bringing jobs and sustainable economic activity to the South Bronx . <next_sent> I like that , too . <next_sent> Anyway , I know Chris told us not to do pitches up here , but since I have all of your attention : we need investors . <next_sent> End of pitch . <next_sent> It 's better to ask for forgiveness than permission . <next_sent> Both are waterfront communities that host both industries and residents in close proximity of one another . <next_sent> In the post - Katrina era , we have still more in common . <next_sent> We 're at best ignored and maligned and abused , at worst , by negligent regulatory agencies , pernicious zoning and lax governmental accountability . <next_sent> Neither the destruction of the Ninth Ward nor the South Bronx was inevitable . <next_sent> But we have emerged with valuable lessons about how to dig ourselves out . <next_sent> We are more than simply national symbols of urban blight . <next_sent> Or problems to be solved by empty campaign promises of presidents come and gone . <next_sent> Now will we let the Gulf Coast languish for a decade or two like the South Bronx did ? <next_sent> Or will we take proactive steps and learn from the homegrown resource of grassroots activists that have been born of desperation in communities like mine ? <next_sent> Now listen , I do not expect individuals , corporations or government to make the world a better place because it is right or moral . <next_sent> This presentation today only represents some of what I 've been through , like a tiny little bit . <next_sent> You 've no clue . <next_sent> But I 'll tell you later if you want to know . <next_sent> But -- I know it 's the bottom line , or one 's perception of it , that motivates people in the end . <next_sent> I 'm interested in what I like to call the " triple bottom line " that sustainable development can produce . <next_sent> Developments that have the potential to create positive returns for all concerned : the developers , government and the community where these projects go up . <next_sent> At present , that 's not happening in New York City . <next_sent> And we are operating with a comprehensive urban planning deficit . <next_sent> A parade of government subsidies is going to proposed big - box and stadium developments in the South Bronx , but there is scant coordination between city agencies on how to deal with the cumulative effects of increased traffic , pollution , solid waste and the impacts on open space . <next_sent> And their approaches to local economic and job development are so lame it 's not even funny . <next_sent> Because on top of that , the world 's richest sports team is replacing the House That Ruth Built by destroying two well - loved community parks . <next_sent> Now , we 'll have even less than that stat I told you about earlier . <next_sent> And although less than 25 percent of South Bronx residents own cars , these projects include thousands of new parking spaces , yet zip in terms of mass public transit . <next_sent> Now , what 's missing from the larger debate is a comprehensive cost - benefit analysis between not fixing an unhealthy , environmentally challenged community , versus incorporating structural , sustainable changes . <next_sent> My agency is working closely with Columbia University and others to shine a light on these issues . <next_sent> Ours is a city , not a wilderness preserve . <next_sent> And I 've embraced my inner capitalist . <next_sent> You probably all have it , and if you have n't , you need to . <next_sent> So I do n't have a problem with developers making money . <next_sent> There 's enough precedent out there to show that a sustainable , community - friendly development can still make a fortune . <next_sent> Fellow TEDsters Bill McDonough and Amory Lovins -- both heroes of mine by the way -- have shown that you can actually do that . <next_sent> I do have a problem with developments that hyper - exploit politically vulnerable communities for profit . <next_sent> That it continues is a shame upon us all , because we are all responsible for the future that we create . <next_sent> But one of the things I do to remind myself of greater possibilities is to learn from visionaries in other cities . <next_sent> This is my version of globalization . <next_sent> Let 's take Bogota . <next_sent> Poor , Latino , surrounded by runaway gun violence and drug trafficking : a reputation not unlike that of the South Bronx . <next_sent> However , this city was blessed in the late 1990 s with a highly influential mayor named Enrique Penalosa . <next_sent> He looked at the demographics . <next_sent> Few Bogatanos own cars , yet a huge portion of the city 's resources was dedicated to serving them . <next_sent> If you 're a mayor , you can do something about that . <next_sent> His administration narrowed key municipal thoroughfares from five lanes to three , outlawed parking on those streets , expanded pedestrian walkways and bike lanes , created public plazas , created one of the most efficient bus mass - transit systems in the entire world . <next_sent> For his brilliant efforts , he was nearly impeached . <next_sent> But as people began to see that they were being put first on issues reflecting their day - to - day lives , incredible things happened . <next_sent> People stopped littering ; crime rates dropped -- because the streets were alive with people . <next_sent> His administration attacked several typical urban problems at one time , and on a third - world budget at that . <next_sent> We have no excuse in this country . <next_sent> I 'm sorry . <next_sent> But the bottom line is : their people - first agenda was not meant to penalize those who could actually afford cars , but rather to provide opportunities for all Bogatanos to participate in the city 's resurgence . <next_sent> That development should not come at the expense of the majority of the population is still considered a radical idea here in the US . <next_sent> But Bogota 's example has the power to change that . <next_sent> You , however , are blessed with the gift of influence . <next_sent> That 's why you 're here and why you value the information we exchange . <next_sent> Use your influence in support of comprehensive sustainable change everywhere . <next_sent> Do n't just talk about it at TED . <next_sent> This is a nationwide policy agenda I 'm trying to build , and as you all know , politics are personal . <next_sent> Help me make green the new black . <next_sent> Help me make sustainability sexy . <next_sent> Make it a part of your dinner and cocktail conversations . <next_sent> Help me fight for environmental and economic justice . <next_sent> Support investments with a triple - bottom - line return . <next_sent> Help me democratize sustainability by bringing everyone to the table and insisting that comprehensive planning can be addressed everywhere . <next_sent> Oh good , glad I have a little more time ! <next_sent> Listen -- when I spoke to Mr. Gore the other day after breakfast , I asked him how environmental justice activists were going to be included in his new marketing strategy . <next_sent> His response was a grant program . <next_sent> I do n't think he understood that I was n't asking for funding . <next_sent> I was making him an offer . <next_sent> What troubled me was that this top - down approach is still around . <next_sent> Now , do n't get me wrong , we need money . <next_sent> But grassroots groups are needed at the table during the decision - making process . <next_sent> Of the 90 percent of the energy that Mr. Gore reminded us that we waste every day , do n't add wasting our energy , intelligence and hard - earned experience to that count . <next_sent> I have come from so far to meet you like this . <next_sent> Please do n't waste me . <next_sent> By working together , we can become one of those small , rapidly growing groups of individuals who actually have the audacity and courage to believe that we actually can change the world . <next_sent> We might have come to this conference from very , very different stations in life , but believe me , we all share one incredibly powerful thing : we have nothing to lose and everything to gain . <next_sent> Ciao bellos !
(d / document
   :snt1 (s1.u / url-entity
               :topic (s1.t / talk-01
                            :location (s1.c / city
                                            :name (s1.n / name
                                                        :op1 "America"))))
   :snt2 (s2.h / have-condition-91
               :ARG2 (s2.b / be-located-at-91
                           :ARG1 (s2.y / you)
                           :ARG2 (s2.h2 / here)
                           :time (s2.t / today)))
   :snt3 (s3.a / and
               :op2 (s3.h / happy-01
                          :ARG0 (s3.y / you
                                      :same-as s2.y)
                          :ARG1 (s3.i / i)
                          :degree (s3.v / very)))
   :snt4 (s4.h / hear-01
               :ARG0 (s4.y / you
                           :mod (s4.a / all)
                           :same-as s2.y)
               :ARG1 (s4.s / save-02
                           :ARG0 (s4.d / develop-02
                                       :ARG1-of (s4.s2 / sustain-01
                                                       :ARG1 (s4.w / we)
                                                       :ARG1-of (s4.p / possible-01)))
                           :ARG2 s4.w))
   :snt5 (s5.c3 / contrast-01
                :ARG2 (s5.t / tell-01
                            :ARG1 (s5.f / feasible
                                        :domain (s5.a / agenda
                                                      :ARG1-of (s5.r / real-04)
                                                      :mod (s5.p / policy-01
                                                                 :ARG2 (s5.s / sustain-01
                                                                             :ARG1-of (s5.p2 / possible-01))))
                                        :location (s5.a2 / area
                                                         :example (s5.c / city
                                                                        :name (s5.n2 / name
                                                                                     :op1 "New"
                                                                                     :op2 "York"
                                                                                     :op3 "City"))
                                                         :mod (s5.l / large)
                                                         :mod (s5.e / especially))
                                        :mod (s5.j / just)
                                        :polarity "-")
                            :ARG2 (s5.w / we)
                            :frequency (s5.o / often)
                            :time (s5.b / be-located-at-91
                                        :ARG1 s5.w
                                        :ARG2 (s5.c2 / conference
                                                     :name (s5.n / name
                                                                 :op1 "TED"))
                                        :polarity "-")))
   :snt6 (s6.a / and
               :op2 (s6.c / cause-01
                          :ARG0 (s6.f / feel-01
                                      :ARG0 (s6.p / person
                                                  :quant (s6.m2 / most)
                                                  :ARG0-of (s6.h / have-03
                                                                 :ARG1 (s6.p2 / power
                                                                              :mod (s6.m / make-18
                                                                                         :ARG0 s6.p
                                                                                         :ARG1 (s6.d / decide-01))))
                                                  :location (s6.a2 / and
                                                                   :mod (s6.b / both)
                                                                   :op1 (s6.s / sector
                                                                              :ARG1-of (s6.p4 / public-02))
                                                                   :op2 (s6.s2 / sector
                                                                               :ARG1-of (s6.p3 / private-03))))
                                      :ARG1 (s6.e / endanger-01
                                                  :ARG1 s6.p)
                                      :ARG1-of (s6.r / real-04)
                                      :polarity "-")
                          :ARG1 (s6.t / that
                                      :same-as s5.t)))
   :snt7 (s7.d2 / dog
                :ARG0-of (s7.c / cause-01
                               :ARG1 (s7.b2 / be-located-at-91
                                            :ARG1 (s7.i / i
                                                        :same-as s3.i)
                                            :ARG2 (s7.h / here)
                                            :time (s7.t / today
                                                        :same-as s2.t))
                               :degree (s7.p / part))
                :mod (s7.p2 / puppy
                            :ARG1-of (s7.a / abandon-01)
                            :ARG1-of (s7.f / find-01
                                           :ARG0 s7.i
                                           :location (s7.r / rain-01)
                                           :time (s7.d / date-entity
                                                       :mod (s7.b / back)
                                                       :year "1998"))))
   :snt8 (s8.t / turn-out-11
               :ARG1 (s8.s / she
                           :same-as s7.p2)
               :ARG2 (s8.h / have-degree-91
                           :ARG1 (s8.d / dog
                                       :domain s8.s)
                           :ARG2 (s8.b / big)
                           :ARG3 (s8.m / more
                                       :quant (s8.m2 / much))
                           :ARG4 (s8.a / anticipate-01
                                       :ARG0 (s8.i / i
                                                   :same-as s3.i))))
   :snt9 (s9.f2 / fight-01
                :ARG0 (s9.w5 / we)
                :ARG1 (s9.f / facility
                            :ARG1-of (s9.p3 / plan-01
                                            :ARG3 (s9.w4 / waterfront
                                                         :part-of (s9.r2 / river
                                                                         :name (s9.n / name
                                                                                     :op1 "East"
                                                                                     :op2 "River"))))
                            :mod (s9.w / waste)
                            :mod (s9.h3 / huge))
                :concession (s9.h / handle-01
                                  :ARG0 (s9.p / part
                                              :mod (s9.s5 / small)
                                              :part-of (s9.c2 / city
                                                              :name (s9.n2 / name
                                                                           :op1 "New"
                                                                           :op2 "York"
                                                                           :op3 "City")
                                                              :same-as s5.c)
                                              :poss s9.w5)
                                  :ARG1 (s9.w2 / waste
                                               :ARG1-of (s9.i2 / include-91
                                                               :ARG2 (s9.w3 / waste
                                                                            :mod (s9.c4 / commerce)
                                                                            :mod (s9.e / entire
                                                                                       :same-as s5.c)
                                                                            :poss s9.c2)
                                                               :ARG3 (s9.m / more-than
                                                                           :op1 (s9.p2 / percentage-entity
                                                                                       :value "40")))
                                               :example (s9.a2 / and
                                                               :op1 (s9.p4 / plant
                                                                           :ARG0-of (s9.t3 / treat-04
                                                                                           :ARG1 (s9.t2 / treat-04
                                                                                                        :ARG1 (s9.s / sewage))))
                                                               :op2 (s9.p5 / plant
                                                                           :mod (s9.s4 / sludge
                                                                                       :mod (s9.s2 / sewage)))
                                                               :op3 (s9.p6 / plant
                                                                           :ARG0-of (s9.p7 / power-01)
                                                                           :quant "4")
                                                               :op4 (s9.c / center
                                                                          :purpose (s9.d2 / distribute-01
                                                                                          :ARG1 (s9.f3 / food))
                                                                          :ARG1-of (s9.h2 / have-degree-91
                                                                                          :ARG2 (s9.l / large)
                                                                                          :ARG3 (s9.m3 / most)
                                                                                          :ARG5 (s9.w7 / world)))
                                                               :op5 (s9.i3 / industry
                                                                           :ARG0-of (s9.b / bring-01
                                                                                          :ARG1 (s9.t4 / trip-03
                                                                                                       :quant (s9.m2 / more-than
                                                                                                                     :op1 "60")
                                                                                                       :ARG0 (s9.t5 / truck
                                                                                                                    :mod (s9.d / diesel))
                                                                                                       :ARG2 (s9.a3 / area
                                                                                                                    :same-as s9.p)
                                                                                                       :frequency (s9.r / rate-entity-91
                                                                                                                        :ARG2 (s9.t / temporal-quantity
                                                                                                                                    :unit (s9.w6 / week)
                                                                                                                                    :quant "1"))))
                                                                           :mod (s9.o / other))))
                                  :time (s9.a / already))
                :time (s9.c3 / come-01
                             :ARG1 (s9.s3 / she
                                          :same-as s7.p2)
                             :ARG4 (s9.l2 / live-01
                                          :ARG1 (s9.i / i
                                                      :same-as s3.i))))
   :snt10 (s10.h / have-03
                 :ARG0 (s10.a2 / area
                               :same-as s9.p)
                 :ARG1 (s10.r / ratio-of
                              :ARG1-of (s10.h2 / have-degree-91
                                               :ARG2 (s10.l / low-04
                                                            :ARG1 s10.r)
                                               :ARG3 (s10.m / most))
                              :beneficiary (s10.p2 / person
                                                   :location (s10.c / city
                                                                    :same-as s5.c))
                              :mod (s10.p / park))
                 :mod (s10.a / also))
   :snt11 (s11.i2 / infer-01
                  :ARG1 (s11.t / think-01
                               :ARG0 (s11.i / i
                                            :same-as s3.i)
                               :ARG1 (s11.c2 / contrast-01
                                             :ARG1 (s11.m / mean-02
                                                          :ARG0 (s11.g / government-organization
                                                                       :name (s11.n2 / name
                                                                                     :op1 "Parks"
                                                                                     :op2 "Department"))
                                                          :ARG1-of (s11.w2 / well-09)
                                                          :degree (s11.r / really))
                                             :ARG2 (s11.n / naive
                                                          :degree (s11.b / bit)
                                                          :domain s11.g))
                               :time (s11.c / contact-01
                                            :ARG0 s11.g
                                            :ARG1 s11.i
                                            :ARG3 (s11.i3 / initiative
                                                          :purpose (s11.h / help-01
                                                                          :ARG1 (s11.d / develop-02
                                                                                       :ARG1 (s11.p / project
                                                                                                    :mod (s11.w / waterfront))))
                                                          :ARG1-of (s11.g2 / grant-01
                                                                           :ARG2 (s11.m2 / monetary-quantity
                                                                                         :unit (s11.d2 / dollar)
                                                                                         :quant "10000")
                                                                           :mod (s11.s / seed)
                                                                           :mod-of s11.i3)))))
   :snt12 (s12.a3 / and
                  :op1 (s12.l2 / live-01
                               :ARG0 (s12.i / i
                                            :same-as s3.i)
                               :duration (s12.l / life
                                                :mod (s12.a / all)
                                                :poss s12.i
                                                :same-as s9.l2)
                               :location (s12.a4 / area
                                                 :mod (s12.t / this)
                                                 :same-as s9.p))
                  :op2 (s12.p / possible-01
                              :ARG1 (s12.g / get-05
                                           :ARG1 (s12.y / you)
                                           :ARG2 (s12.r / river
                                                        :same-as s9.r2))
                              :ARG1-of (s12.c / cause-01
                                              :ARG0 (s12.f / facility
                                                           :ARG1-of (s12.m / mention-01
                                                                           :ARG0 s12.i
                                                                           :time (s12.b / before
                                                                                        :op1 (s12.n / now)))
                                                           :mod (s12.l3 / lovely)
                                                           :mod (s12.a2 / all)))
                              :polarity "-"))
   :snt13 (s13.p / pull-01
                 :ARG0 (s13.s / she
                              :same-as s7.p2)
                 :ARG1 (s13.i / i
                              :same-as s3.i)
                 :ARG2 (s13.t2 / thing
                               :ARG1-of (s13.t3 / think-01
                                                :ARG0 s13.i)
                               :ARG1-of (s13.l / legal-02
                                               :polarity "-")
                               :ARG1-of (s13.d3 / dump-01)
                               :mod (s13.j2 / just)
                               :mod (s13.a / another))
                 :time (s13.j / jog-01
                              :ARG0 s13.i
                              :accompanier (s13.d2 / dog
                                                   :poss s13.i
                                                   :same-as s7.p2)
                              :time (s13.d / date-entity
                                           :dayperiod (s13.m / morning)
                                           :mod (s13.o / one)))
                 :time (s13.t / then))
   :snt14 (s14.a2 / and
                  :op1 (s14.c / contrast-01
                              :ARG1 (s14.a / and
                                           :ARG1-of (s14.m / mention-01
                                                           :ARG0 (s14.i / i
                                                                        :same-as s3.i)
                                                           :location (s14.h / here)
                                                           :polarity "-")
                                           :op1 (s14.w / weed)
                                           :op2 (s14.p / pile-01
                                                       :ARG1 (s14.g / garbage))
                                           :op3 (s14.s2 / stuff
                                                        :mod (s14.o / other)))
                              :ARG2 (s14.k / keep-02
                                           :ARG0 (s14.s / she
                                                        :same-as s7.p2)
                                           :ARG1 (s14.d / drag-01
                                                        :ARG0 s14.s
                                                        :ARG1 s14.i)))
                  :op2 (s14.b / be-located-at-91
                              :ARG1 (s14.r / river
                                           :ARG1-of (s14.e / end-01
                                                           :ARG1 (s14.l / lot
                                                                        :mod (s14.t / that)))
                                           :same-as s9.r2)
                              :ARG1-of (s14.b2 / behold-01)))
   :snt15 (s15.k / know-01
                 :ARG0 (s15.i / i
                              :same-as s3.i)
                 :ARG1 (s15.w / worth-02
                              :ARG2 (s15.s / save-02
                                           :ARG0 s15.i
                                           :ARG1 (s15.e / end-01
                                                        :ARG1-of (s15.f / forget-01)
                                                        :ARG1-of (s15.a / abandon-01
                                                                        :ARG1-of (s15.r / resemble-01
                                                                                        :ARG2 (s15.d / dog
                                                                                                     :ARG0-of (s15.b / bring-01
                                                                                                                     :ARG1 s15.i
                                                                                                                     :ARG2 (s15.t / there))
                                                                                                     :same-as s7.p2)))
                                                        :ARG2 (s15.s2 / street)
                                                        :mod (s15.l / little)
                                                        :mod (s15.t2 / this)
                                                        :same-as s7.p2))))
   :snt16 (s16.a / and
                 :op2 (s16.k / know-01
                             :ARG0 (s16.i / i
                                          :same-as s3.i)
                             :ARG1 (s16.g / grow-01
                                          :ARG1 (s16.i2 / it
                                                        :same-as s7.p2)
                                          :ARG4 (s16.b / become-01
                                                       :ARG1 s16.i2
                                                       :ARG2 (s16.b2 / begin-01
                                                                     :ARG1 (s16.r / revitalize-01
                                                                                  :ARG1 (s16.c / city-district
                                                                                               :name (s16.n / name
                                                                                                            :op1 "South"
                                                                                                            :op2 "Bronx")
                                                                                               :ARG1-of (s16.n2 / new-01))
                                                                                  :ARG1-of (s16.l / lead-02
                                                                                                  :ARG0 (s16.c2 / community)))
                                                                     :ARG2-of (s16.p / pride-01))))))
   :snt17 (s17.a / and
                 :op2 (s17.g / get-03
                             :ARG1 (s17.i2 / idea
                                           :ARG1-of (s17.r / resemble-01
                                                           :ARG2 (s17.d / dog
                                                                        :ARG1-of (s17.n / new-01)
                                                                        :poss (s17.i / i
                                                                                     :same-as s3.i)
                                                                        :same-as s7.p2)
                                                           :mod (s17.j / just))
                                           :domain (s17.i4 / it))
                             :ARG2 (s17.h / have-degree-91
                                          :ARG1 s17.i2
                                          :ARG2 (s17.b / big)
                                          :ARG3 (s17.m / more)
                                          :ARG4 (s17.i3 / imagine-01
                                                        :ARG0 s17.i))))
   :snt18 (s18.g / garner-01
                 :ARG0 (s18.w2 / we)
                 :ARG1 (s18.s / support-01
                              :ARG1 s18.w2
                              :mod (s18.m / much))
                 :time (s18.a / along
                              :op1 (s18.w / way)))
   :snt19 (s19.a2 / and
                  :op2 (s19.b / become-01
                              :ARG1 (s19.p / park
                                           :name (s19.n / name
                                                        :op1 "Hunts"
                                                        :op2 "Point"
                                                        :op3 "Riverside"
                                                        :op4 "Park"))
                              :ARG2 (s19.p2 / park
                                            :ARG1-of (s19.h / have-03
                                                            :ARG0 (s19.c / city-district
                                                                         :name (s19.n2 / name
                                                                                       :op1 "South"
                                                                                       :op2 "Bronx")
                                                                         :same-as s16.c)
                                                            :time (s19.a / after
                                                                         :duration (s19.m / more-than
                                                                                          :op1 (s19.t / temporal-quantity
                                                                                                      :unit (s19.y / year)
                                                                                                      :quant "60"))
                                                                         :op1 (s19.n3 / now)))
                                            :mod (s19.w / waterfront)
                                            :ord (s19.o / ordinal-entity
                                                        :value "1"))))
   :snt20 (s20.l / leverage-01
                 :ARG0 (s20.w / we
                              :same-as s18.w2)
                 :ARG1 (s20.g / grant-01
                              :ARG1 (s20.m / monetary-quantity
                                           :unit (s20.d / dollar)
                                           :quant "10000")
                              :ARG2 s20.w
                              :mod (s20.s / seed))
                 :ARG2 (s20.p / park
                              :mod (s20.m2 / monetary-quantity
                                           :unit (s20.d2 / dollar)
                                           :quant "3000000"))
                 :frequency (s20.m3 / more-than
                                    :op1 "300"))
   :snt21 (s21.a2 / and
                  :op2 (s21.g / go-02
                              :ARG0 (s21.i / i
                                           :same-as s3.i)
                              :ARG1-of (s21.a / actual-02)
                              :time (s21.d / date-entity
                                           :season (s21.f / fall))))
   :snt22 (s22.e / exchange-01
                 :ARG0 (s22.i / i
                              :same-as s3.i)
                 :ARG1 (s22.v / vow-01
                              :ARG0 s22.i
                              :mod (s22.m / marry-01
                                          :ARG1 s22.i))
                 :ARG2 (s22.p / person
                              :ARG1-of (s22.l / love-01
                                              :ARG0 s22.i)))
   :snt23 (s23.t / thank-01
                 :ARG0 (s23.i / i)
                 :ARG1 (s23.y / you)
                 :mod (s23.m / much
                             :degree (s23.v / very)))
   :snt24 (s24.p / press-01
                 :ARG0 (s24.h / he
                              :same-as s22.p)
                 :ARG1 (s24.b2 / button
                               :poss (s24.i / i
                                            :same-as s3.i))
                 :ARG1-of (s24.d / do-02
                                 :ARG0 s24.h
                                 :frequency (s24.t3 / time
                                                    :mod (s24.a / all)))
                 :domain (s24.t / that)
                 :location (s24.t2 / there
                                   :mod (s24.b / back)))
   :snt25 (s25.g / go-08
                 :ARG1 (s25.j / justice
                              :mod (s25.e / environment))
                 :ARG2 (s25.s2 / something
                               :ARG1-of (s25.r2 / resemble-01
                                                :ARG2 (s25.t3 / this
                                                              :consist-of (s25.r / recommend-01
                                                                                 :ARG1 (s25.s / saddle-01
                                                                                              :ARG1 (s25.c / community)
                                                                                              :ARG2 (s25.a / and
                                                                                                           :op1 (s25.b2 / burden-01
                                                                                                                        :ARG1-of (s25.h / have-quant-91
                                                                                                                                        :ARG3 (s25.m / more))
                                                                                                                        :ARG2 s25.e)
                                                                                                           :op2 (s25.b / benefit-01
                                                                                                                       :ARG1 s25.e
                                                                                                                       :ARG1-of (s25.h2 / have-quant-91
                                                                                                                                        :ARG3 (s25.l / less)
                                                                                                                                        :ARG4 (s25.o / other
                                                                                                                                                     :mod (s25.a2 / any)))))
                                                                                              :polarity "-")))))
                 :rel (s25.t2 / that
                              :ARG1-of (s25.i / include-91
                                              :ARG2 (s25.y / you))
                              :ARG1-of (s25.f / familiarize-01
                                              :ARG1-of (s25.p / possible-01)
                                              :ARG2 (s25.t / term-01
                                                           :ARG1 s25.j
                                                           :same-as s25.j)
                                              :polarity "-")))
   :snt26 (s26.i / indicate-01
                 :ARG0 (s26.a / and
                              :op1 (s26.r / race)
                              :op2 (s26.c / class))
                 :ARG1 (s26.a3 / and
                               :op1 (s26.l / location
                                           :location-of (s26.f2 / find-01
                                                                :ARG0 (s26.o / one)
                                                                :ARG1 (s26.s / stuff
                                                                             :ARG1-of (s26.g / good-02)
                                                                             :example (s26.a2 / and
                                                                                              :op1 (s26.p / park)
                                                                                              :op2 (s26.t / tree)))
                                                                :ARG1-of (s26.p4 / possible-01)))
                               :op2 (s26.l2 / location
                                            :location-of (s26.f3 / find-01
                                                                 :ARG0 s26.o
                                                                 :ARG1 (s26.s2 / stuff
                                                                               :ARG1-of (s26.b / bad-07)
                                                                               :example (s26.a4 / and
                                                                                                :op1 (s26.p2 / plant
                                                                                                             :mod (s26.p6 / power-01))
                                                                                                :op2 (s26.f / facility
                                                                                                            :purpose (s26.w / waste-01))))
                                                                 :ARG1-of (s26.p5 / possible-01))))
                 :ARG1-of (s26.r2 / rely-01
                                  :ARG1-of (s26.p3 / possible-01)
                                  :degree (s26.e / extreme))
                 :ARG2-of (s26.f4 / fortunate-01))
   :snt27 (s27.h / have-degree-91
                 :ARG1 (s27.i / i
                              :mod (s27.p / person
                                          :ARG1-of (s27.b / black-05)
                                          :location (s27.c / country
                                                           :name (s27.n / name
                                                                        :op1 "America")))
                              :same-as s3.i)
                 :ARG2 (s27.l / likely-01
                              :ARG1 (s27.l2 / live-01
                                            :ARG0 s27.i
                                            :location (s27.a2 / area
                                                              :location-of (s27.p4 / pose-02
                                                                                   :ARG0 (s27.p3 / pollute-01
                                                                                                 :ARG1 (s27.a / air))
                                                                                   :ARG1 (s27.r / risk-01
                                                                                                :ARG0 s27.i
                                                                                                :ARG1-of (s27.h2 / have-degree-91
                                                                                                                 :ARG2 (s27.g / great)
                                                                                                                 :ARG3 (s27.m / most))
                                                                                                :ARG2 (s27.h3 / healthy
                                                                                                              :domain s27.i))))))
                 :ARG3 (s27.p5 / product-of
                               :op1 "2")
                 :ARG4 (s27.p2 / person
                               :ARG1-of (s27.w / white-02))
                 :ARG4 (s27.l3 / live-01))
   :snt28 (s28.l / likely-01
                 :ARG1 (s28.l2 / live-01
                               :ARG0 (s28.i / i
                                            :same-as s3.i)
                               :location (s28.c2 / close-10
                                                 :ARG1 (s28.o / or
                                                              :op1 (s28.p / plant
                                                                          :mod (s28.p2 / power-01))
                                                              :op2 (s28.f / facility
                                                                          :mod (s28.c / chemical)))
                                                 :ARG2 (s28.w / walk-01
                                                              :ARG2 s28.o)))
                 :ARG2-of (s28.h / have-degree-91
                                 :ARG1 s28.l2
                                 :ARG3 (s28.m / more
                                              :quant (s28.t / times
                                                            :quant "5"))
                                 :ARG4 (s28.l3 / live-01
                                               :ARG0 s28.i)))
   :snt29 (s29.c2 / create-01
                  :ARG0 (s29.t / thing
                               :ARG1-of (s29.d / decide-01
                                               :ARG3 (s29.u / use-01
                                                            :ARG1 (s29.l / land)))
                               :mod (s29.t2 / this))
                  :ARG1 (s29.c / condition
                               :ARG0-of (s29.l2 / lead-03
                                                :ARG2 (s29.p / problem
                                                             :example (s29.a / and
                                                                             :op1 (s29.o / obesity)
                                                                             :op2 (s29.d2 / diabetes)
                                                                             :op3 (s29.a2 / asthma))))
                               :mod (s29.h / hostile)))
   :snt30 (s30.l / leave-11
                 :purpose (s30.g / go-02
                                 :ARG0 (s30.s / someone)
                                 :ARG1 (s30.w / walk-01
                                              :ARG0 s30.s
                                              :ARG2 (s30.n / neighborhood
                                                           :mod (s30.t / toxic))
                                              :manner (s30.b / brisk)))
                 :ARG0 s30.s
                 :ARG1 (s30.h / home
                              :poss s30.s)
                 :ARG1-of (s30.c / cause-01
                                 :ARG0 (s30.a / amr-unknown)))
   :snt31 (s31.a / and
                 :op1 (s31.h / high-02
                             :ARG1 (s31.r / rate
                                          :mod (s31.o / obesity)
                                          :mod (s31.p / percentage-entity
                                                      :value "27")
                                          :poss (s31.w / we))
                             :prep-for (s31.c2 / country
                                               :mod (s31.t / this
                                                           :same-as s27.c)
                                               :mod (s31.e / even)))
                 :op2 (s31.c / come-01
                             :ARG1 (s31.d / diabetes)
                             :ARG2 s31.r))
   :snt32 (s32.h / have-03
                 :ARG0 (s32.c / child
                              :ARG1-of (s32.i / include-91
                                              :ARG2 (s32.c2 / child
                                                            :ARG0-of (s32.h2 / have-03
                                                                             :ARG1 (s32.a / asthma))
                                                            :location (s32.c3 / city-district
                                                                              :name (s32.n / name
                                                                                           :op1 "South"
                                                                                           :op2 "Bronx")
                                                                              :same-as s16.c)
                                                            :quant "4"))
                              :quant "1")
                 :ARG1 s32.a)
   :snt33 (s33.h / have-degree-91
                 :ARG1 (s33.r / rate
                              :mod (s33.h3 / hospitalize-01
                                           :ARG1 (s33.d / disease
                                                        :name (s33.n / name
                                                                     :op1 "asthma")))
                              :poss (s33.w / we
                                           :same-as s16.c))
                 :ARG2 (s33.h2 / high-02
                               :ARG1 s33.r)
                 :ARG3 (s33.t / times
                              :quant "7")
                 :ARG4 (s33.a / average-01
                              :ARG1 s33.r
                              :mod (s33.n2 / nation)))
   :snt34 (s34.c / come-01
                 :ARG1 (s34.i / impact-01
                              :mod (s34.t / this))
                 :direction (s34.w / way
                                   :poss (s34.e / everyone)))
   :snt35 (s35.a3 / and
                  :op2 (s35.p / pay-01
                              :ARG0 (s35.w2 / we
                                            :mod (s35.a / all))
                              :ARG3 (s35.a4 / and
                                            :op1 (s35.c / cost-01
                                                        :ARG1 (s35.w / waste-01
                                                                     :ARG1-of (s35.s / solid-02)))
                                            :op2 (s35.p5 / problem
                                                         :ARG1-of (s35.a6 / associate-01
                                                                          :ARG2 (s35.p2 / pollute-01))
                                                         :mod (s35.h2 / healthy))
                                            :op3 (s35.c2 / cost-01
                                                         :ARG1 (s35.i / imprison-01)
                                                         :ARG1-of (s35.h / have-degree-91
                                                                         :ARG2 (s35.o / odd)
                                                                         :ARG3 (s35.m3 / more))))
                              :degree (s35.d / dear))
                  :rel (s35.a5 / and
                               :ARG0-of (s35.p3 / possess-01
                                                :ARG1 (s35.p4 / potential
                                                              :quant (s35.a2 / amount
                                                                             :ARG1-of (s35.t2 / tell-01))
                                                              :ARG1-of (s35.t / tap-02
                                                                              :polarity "-")))
                               :op1 (s35.m / man
                                           :ARG1-of (s35.b / black-05)
                                           :mod (s35.y / young
                                                       :ARG1 s35.a5)
                                           :poss s35.w2)
                               :op2 (s35.m2 / man
                                            :mod (s35.e / ethnic-group
                                                        :name (s35.n / name
                                                                     :op1 "Latino"))
                                            :poss s35.w2)))
   :snt36 (s36.l2 / live-01
                  :ARG0 (s36.p2 / person
                                :ARG1-of (s36.i / include-91
                                                :ARG2 (s36.p3 / person
                                                              :ARG0-of (s36.r / reside-01
                                                                              :ARG1 (s36.w / we
                                                                                           :same-as s31.w)))
                                                :ARG3 (s36.p / percentage-entity
                                                             :value "50")))
                  :manner (s36.o / or
                                 :op1 (s36.l / line-01
                                             :ARG1 (s36.p4 / poor))
                                 :op2 (s36.b / below
                                             :op1 s36.l)))
   :snt37 (s37.e / employ-01
                 :ARG1 (s37.i / include-91
                              :ARG2 (s37.w / we)
                              :ARG3 (s37.p / percentage-entity
                                           :value "25"))
                 :polarity "-")
   :snt38 (s38.u / use-01
                 :ARG0 (s38.c2 / citizen
                               :mod (s38.i / income
                                           :ARG1-of (s38.l / low-04)))
                 :ARG1 (s38.v / visit-01
                              :ARG0 s38.c2
                              :ARG1 (s38.r / room
                                           :mod (s38.e / emergency)))
                 :ARG2 (s38.c / care-03
                              :mod (s38.p / primary))
                 :frequency (s38.o / often))
   :snt39 (s39.a / and
                 :op1 (s39.c / come-04
                             :ARG1 (s39.t2 / this
                                           :same-as s38.u)
                             :ARG2 (s39.c2 / cost-01
                                           :ARG1-of (s39.h / high-02)
                                           :ARG3 (s39.p2 / person
                                                         :ARG0-of (s39.p / pay-01
                                                                         :ARG1 (s39.t / tax)))))
                 :op2 (s39.p3 / produce-01
                              :ARG0 s39.t2
                              :ARG1 (s39.b / benefit-01
                                           :mod (s39.p4 / proportional))
                              :polarity "-"))
   :snt40 (s40.a / and
                 :op1 (s40.p3 / poor
                              :domain (s40.p / person
                                             :mod (s40.p2 / poor))
                              :mod (s40.o / only
                                          :polarity "-")
                              :time (s40.s / still))
                 :op2 (s40.h / healthy
                             :domain s40.p
                             :mod (s40.s2 / still)
                             :polarity "-"))
   :snt41 (s41.s3 / strive-01
                  :ARG0 (s41.p / person
                               :quant (s41.m / many)
                               :ARG1-of (s41.r / resemble-01
                                               :ARG2 (s41.i / i
                                                            :same-as s3.i)))
                  :ARG1 (s41.t3 / thing
                                :ARG0-of (s41.c3 / compromise-02
                                                 :ARG1 (s41.l / life
                                                              :poss (s41.c2 / community
                                                                            :ARG1-of (s41.c / color-01)
                                                                            :mod (s41.i2 / income
                                                                                         :ARG1-of (s41.l3 / low-04))))
                                                 :duration (s41.t / term
                                                                  :ARG1-of (s41.s / short-07))
                                                 :polarity "-")
                                :ARG0-of (s41.d / destroy-01
                                                :ARG1 (s41.w / we
                                                             :mod (s41.a / all))
                                                :duration (s41.t2 / term
                                                                  :ARG1-of (s41.l2 / long-03))
                                                :polarity "-")
                                :ARG2-of (s41.s2 / solve-01))
                  :ARG2-of (s41.f / fortunate-01))
   :snt42 (s42.a / and
                 :op1 (s42.w / want-01
                             :ARG0 (s42.w2 / we
                                           :quant (s42.n / none))
                             :ARG1 (s42.t / that))
                 :op2 (s42.s / share-01
                             :ARG0 s42.w2
                             :ARG1 s42.t))
   :snt43 (s43.s / share-01
                 :ARG0 (s43.w / we
                              :same-as s41.w)
                 :ARG1 (s43.a / amr-unknown
                              :mod (s43.e / else)))
   :snt44 (s44.g / good-02)
   :snt45 (s45.c / contrast-01
                 :ARG2 (s45.d / differ-02
                              :ARG1 (s45.i / i
                                           :same-as s3.i)
                              :ARG1-of (s45.e / except-01
                                              :ARG2 (s45.w2 / woman
                                                            :ARG1-of (s45.b / black-05)
                                                            :domain s45.i))
                              :ARG2 (s45.m / most
                                           :ARG1-of (s45.i2 / include-91
                                                            :ARG2 (s45.y / you
                                                                         :same-as s2.y)))
                              :ARG3 (s45.w / way
                                           :quant (s45.s / some)
                                           :mod (s45.o / other))))
   :snt46 (s46.w / watch-01
                 :ARG0 (s46.i / i
                              :same-as s3.i)
                 :ARG1 (s46.b3 / burn-01
                               :ARG1 (s46.b / building
                                            :ARG1-of (s46.i2 / include-91
                                                             :ARG2 (s46.b2 / building
                                                                           :location (s46.n2 / neighborhood
                                                                                             :poss s46.i))
                                                             :ARG3 (s46.n / nearly
                                                                          :op1 "1/2")))
                               :mod (s46.d / down)))
   :snt47 (s47.a / and
                 :op1 (s47.f2 / fight-01
                              :ARG0 (s47.p / person
                                           :name (s47.n / name
                                                        :op1 "Lenny")
                                           :ARG0-of (s47.h / have-rel-role-91
                                                           :ARG1 (s47.i / i
                                                                        :same-as s3.i)
                                                           :ARG2 (s47.b3 / brother
                                                                         :mod (s47.b / big))))
                              :location (s47.c / country
                                               :name (s47.n2 / name
                                                             :op1 "Vietnam")))
                 :op2 (s47.s / shoot-02
                             :ARG1 s47.p
                             :location (s47.r / relative-position
                                              :quant (s47.f / few
                                                            :op1 (s47.d / distance-quantity
                                                                        :unit (s47.b2 / block)
                                                                        :quant "1"))
                                              :op1 (s47.h2 / home
                                                           :poss (s47.w / we)))))
   :snt48 (s48.p / person
                 :name (s48.n / name
                              :op1 "Jesus")
                 :mode "expressive")
   :snt49 (s49.g / grow-up-04
                 :ARG1 (s49.i / i
                              :same-as s48.p)
                 :location (s49.h / house
                                  :location (s49.a / across
                                                   :op1 (s49.s / street))
                                  :mod (s49.c / crack)))
   :snt50 (s50.c / child
                 :ARG1-of (s50.b / black-05)
                 :domain (s50.i / i
                                :same-as s48.p)
                 :mod (s50.p / poor)
                 :source (s50.g / ghetto))
   :snt51 (s51.m / make-02
                 :ARG0 (s51.t / thing
                              :mod (s51.t2 / this))
                 :ARG1 (s51.d / differ-02
                              :ARG1 (s51.i / i
                                           :same-as s48.p)
                              :ARG2 (s51.y / you
                                           :same-as s2.y)))
   :snt52 (s52.c2 / contrast-01
                  :ARG2 (s52.a / and
                               :op1 (s52.s / set-01
                                           :ARG0 (s52.t / thing
                                                        :ARG1-of (s52.s2 / share-01
                                                                         :ARG0 (s52.w / we
                                                                                      :same-as s41.w)))
                                           :ARG1 (s52.i / i
                                                        :part (s52.h3 / heart
                                                                      :ARG1-of (s52.h2 / have-quant-91
                                                                                       :ARG3 (s52.e / enough)
                                                                                       :ARG6 (s52.f / fight-01
                                                                                                    :ARG0 s52.i
                                                                                                    :ARG2 (s52.j / justice
                                                                                                                 :location (s52.w3 / world))
                                                                                                    :location s52.w3)))
                                                        :same-as s48.p)
                                           :ARG2 (s52.a2 / apart
                                                         :op1 (s52.p / person
                                                                     :ARG1-of (s52.i2 / include-91
                                                                                      :ARG2 (s52.p2 / person
                                                                                                    :location (s52.c / community
                                                                                                                     :poss s52.i))
                                                                                      :ARG3 (s52.m / most)))))
                               :op2 (s52.b / be-located-at-91
                                           :ARG1 s52.i
                                           :ARG2 (s52.b2 / between
                                                         :op1 (s52.w2 / world
                                                                      :mod (s52.t2 / this)
                                                                      :quant "2"))
                                           :manner (s52.h / have-03
                                                          :ARG0 s52.i
                                                          :ARG1 s52.h3))))
   :snt53 (s53.g / get-03
                 :ARG1 (s53.t / thing)
                 :ARG2 (s53.d / differ-02
                              :ARG1 s53.t
                              :beneficiary (s53.w / we
                                                  :same-as s41.w)
                              :degree (s53.s / so))
                 :manner (s53.a / amr-unknown))
   :snt54 (s54.a2 / and
                  :op1 (s54.b / buy-01
                              :ARG0 (s54.p / person
                                           :ARG0-of (s54.h / have-rel-role-91
                                                           :ARG1 (s54.i / i
                                                                        :same-as s3.i)
                                                           :ARG2 (s54.d / dad))
                                           :ARG0-of (s54.h2 / have-rel-role-91
                                                            :ARG1 (s54.s2 / slave)
                                                            :ARG2 (s54.s3 / son))
                                           :mod (s54.p3 / porter
                                                        :name (s54.n / name
                                                                     :op1 "Pullman")))
                              :ARG1 (s54.h4 / house
                                            :location (s54.s / section
                                                             :name (s54.n2 / name
                                                                           :op1 "Hunts"
                                                                           :op2 "Point")
                                                             :part-of (s54.c / city-district
                                                                             :name (s54.n3 / name
                                                                                           :op1 "South"
                                                                                           :op2 "Bronx")
                                                                             :same-as s16.c)))
                              :time (s54.l / late
                                           :op1 (s54.d2 / date-entity
                                                        :decade "40")))
                  :op2 (s54.m / marry-01
                              :ARG1 s54.p
                              :ARG2 (s54.p2 / person
                                            :ARG0-of (s54.h3 / have-rel-role-91
                                                             :ARG1 s54.i
                                                             :ARG2 (s54.m2 / mom)))
                              :time (s54.a / after
                                           :quant (s54.f / few
                                                         :op1 (s54.t / temporal-quantity
                                                                     :unit (s54.y / year)
                                                                     :quant "1"))
                                           :op1 s54.b)))
   :snt55 (s55.n / neighborhood
                 :ARG1-of (s55.w / white-02
                                 :mod (s55.m / most))
                 :domain (s55.c2 / community
                                 :same-as s54.s)
                 :mod (s55.c / class
                             :ARG0-of (s55.w2 / work-01))
                 :time (s55.t / time))
   :snt56 (s56.a / alone
                 :domain (s56.p / person
                                :ARG0-of (s56.h / have-rel-role-91
                                                :ARG1 (s56.i / i
                                                             :same-as s3.i)
                                                :ARG2 (s56.d / dad))
                                :same-as s54.p)
                 :polarity "-")
   :snt57 (s57.a / and
                 :op2 (s57.b / become-01
                             :ARG1 (s57.f / flee-05
                                          :ARG0 (s57.p2 / person
                                                        :ARG1-of (s57.w / white-02)))
                             :ARG2 (s57.c3 / common)
                             :location (s57.a2 / and
                                               :op1 (s57.c2 / city-district
                                                            :name (s57.n2 / name
                                                                          :op1 "South"
                                                                          :op2 "Bronx")
                                                            :same-as s16.c)
                                               :op2 (s57.c / city
                                                           :quant (s57.m / many)
                                                           :location (s57.a3 / around
                                                                             :op1 (s57.c5 / country
                                                                                          :same-as s27.c))))
                             :time (s57.p3 / pursue-01
                                           :ARG0 (s57.p / person
                                                        :ARG1-of (s57.r / resemble-01
                                                                        :ARG2 (s57.h / he
                                                                                     :same-as s54.p))
                                                        :mod (s57.o / other))
                                           :ARG1 (s57.v / version
                                                        :mod (s57.d / dream-01
                                                                    :mod (s57.c4 / country
                                                                                 :name (s57.n / name
                                                                                              :op1 "America")))
                                                        :poss s57.p))))
   :snt58 (s58.u / use-01
                 :ARG0 (s58.b / bank
                              :location-of (s58.d / deem-01
                                                  :ARG1 (s58.l / limit-01
                                                               :ARG1 (s58.s / section
                                                                            :ARG2-of (s58.i / include-91
                                                                                            :ARG1 (s58.c3 / city
                                                                                                          :poss (s58.w / we
                                                                                                                       :same-as s9.w5)))
                                                                            :mod (s58.c / certain)
                                                                            :part-of (s58.c2 / city
                                                                                             :same-as s5.c))
                                                               :ARG2 (s58.i2 / invest-01
                                                                             :mod (s58.s2 / sort
                                                                                          :mod (s58.a / any))))))
                 :ARG1 (s58.l2 / line-01
                               :ARG1-of (s58.r / red-02)))
   :snt59 (s59.b / believe-01
                 :ARG0 (s59.p / person
                              :quant (s59.m / many)
                              :ARG0-of (s59.r / rent-01))
                 :ARG1 (s59.h2 / have-degree-91
                               :ARG1 (s59.a / and
                                            :op1 (s59.t2 / torch
                                                         :domain (s59.b2 / building
                                                                         :poss s59.p))
                                            :op2 (s59.c / collect-01
                                                        :ARG0 s59.p
                                                        :ARG1 (s59.m2 / money
                                                                      :ARG1-of (s59.i2 / insure-02))))
                               :ARG2 (s59.p3 / profitable-02
                                             :ARG1 s59.a)
                               :ARG3 (s59.m3 / more)
                               :ARG4 (s59.s / sell-01
                                            :ARG0 s59.p
                                            :ARG2-of (s59.h / have-concession-91
                                                            :ARG1 (s59.o / or
                                                                         :op1 (s59.d / die-01
                                                                                     :ARG1 s59.p2)
                                                                         :op2 (s59.i / injure-01
                                                                                     :ARG1 (s59.p2 / person
                                                                                                   :ARG0-of (s59.r2 / rent-01
                                                                                                                    :time (s59.f / former))))))))
                 :rel (s59.t / that))
   :snt60 (s60.c2 / contrast-01
                  :ARG1 (s60.c / community
                               :domain (s60.l / location
                                              :name (s60.n / name
                                                           :op1 "Hunts"
                                                           :op2 "Point")
                                              :same-as s54.s)
                               :mod (s60.w / walk-01
                                           :ARG2 (s60.w3 / work-01))
                               :time (s60.f / former))
                  :ARG2 (s60.h / have-03
                               :ARG0 (s60.p / person
                                            :ARG0-of (s60.r / reside-01
                                                            :ARG1 s60.l))
                               :ARG1 (s60.o / or
                                            :purpose (s60.w2 / walk-01
                                                             :ARG0 s60.p)
                                            :op1 (s60.w4 / work-01
                                                         :ARG0 s60.p)
                                            :op2 (s60.h2 / home))
                               :time (s60.n2 / now)
                               :polarity "-"))
   :snt61 (s61.a / add-02
                 :ARG1 (s61.b / boom-02
                              :ARG0 (s61.c / construct-01
                                           :ARG1 (s61.h / highway
                                                        :mod (s61.n / nation))))
                 :ARG2 (s61.p / problem
                              :poss (s61.w / we
                                           :same-as s41.w)))
   :snt62 (s62.s / spearhead-01
                 :ARG0 (s62.p / person
                              :name (s62.n2 / name
                                            :op1 "Robert"
                                            :op2 "Moses"))
                 :ARG1 (s62.c / campaign-01
                              :ARG1 (s62.e / expand-01
                                           :ARG1 (s62.h / highway))
                              :mod (s62.a / aggressive))
                 :location (s62.s2 / state
                                   :name (s62.n / name
                                                :op1 "New"
                                                :op2 "York")
                                   :same-as s5.c))
   :snt63 (s63.i / include-91
                 :ARG1 (s63.m / make-02
                              :ARG0 (s63.i2 / it
                                            :same-as s62.c)
                              :ARG1 (s63.e / easy-05
                                           :ARG1 (s63.g / go-02
                                                        :ARG0 (s63.p / person
                                                                     :ARG0-of (s63.r / reside-01
                                                                                     :ARG1 (s63.c2 / community
                                                                                                   :location (s63.c3 / county
                                                                                                                     :name (s63.n / name
                                                                                                                                  :op1 "Westchester"
                                                                                                                                  :op2 "County"))
                                                                                                   :mod (s63.w / wealth))))
                                                        :ARG4 (s63.c / city-district
                                                                     :name (s63.n2 / name
                                                                                   :op1 "Manhattan")))
                                           :ARG2-of (s63.h / have-degree-91
                                                           :ARG1 s63.g
                                                           :ARG3 (s63.m2 / more))))
                 :ARG2 (s63.g2 / goal
                               :mod (s63.p2 / primary)
                               :poss s63.i2))
   :snt64 (s64.s / stand-04
                 :ARG1 (s64.c2 / city-district
                               :name (s64.n / name
                                            :op1 "South"
                                            :op2 "Bronx")
                               :ARG1-of (s64.l / lie-07
                                               :ARG2 (s64.b / between))
                               :same-as s16.c)
                 :ARG2 (s64.c / chance-02
                              :ARG0 s64.c2)
                 :polarity "-")
   :snt65 (s65.g / give-01
                 :ARG1 (s65.n / notice-03
                              :ARG2 (s65.l / less-than
                                           :op1 (s65.t / temporal-quantity
                                                       :unit (s65.m / month)
                                                       :quant "1")))
                 :ARG2 (s65.p / person
                              :ARG0-of (s65.r2 / reside-01))
                 :frequency (s65.o / often)
                 :time (s65.b / before
                              :op1 (s65.r / raze-01
                                          :ARG1 (s65.b2 / building
                                                        :poss s65.p))))
   :snt66 (s66.d / displace-01
                 :ARG1 (s66.p / person
                              :quant "6"))
   :snt67 (s67.p / perceive-01
                 :ARG1 (s67.b / be-from-91
                              :ARG1 (s67.a / and
                                           :mod (s67.o / only)
                                           :op1 (s67.p2 / person
                                                        :ARG0-of (s67.p5 / prostitute-01))
                                           :op2 (s67.p3 / person
                                                        :ARG0-of (s67.m / market-01))
                                           :op3 (s67.p4 / person
                                                        :ARG0-of (s67.p6 / prostitute-01)))
                              :ARG2 (s67.c / city-district
                                           :name (s67.n / name
                                                        :op1 "South"
                                                        :op2 "Bronx")
                                           :same-as s16.c))
                 :mod (s67.c2 / common))
   :snt68 (s68.a2 / and
                  :op2 (s68.p / possible-01
                              :ARG1 (s68.r / reflect-01
                                           :ARG1 (s68.c2 / community
                                                         :ARG1-of (s68.b / bad-07)
                                                         :poss (s68.y / you
                                                                      :same-as s3.i))
                                           :ARG2 s68.y
                                           :polarity "-")
                              :condition (s68.t / tell-01
                                                :ARG1 (s68.c / come-01
                                                             :ARG1 (s68.t2 / thing
                                                                           :ARG1-of (s68.g / good-02)
                                                                           :polarity "-")
                                                             :ARG2 s68.c2
                                                             :mod (s68.u / ugly))
                                                :ARG2 s68.y
                                                :time (s68.e / early
                                                             :degree (s68.v / very)
                                                             :op1 (s68.d / day
                                                                         :poss s68.y)))
                              :manner (s68.a / amr-unknown)))
   :snt69 (s69.i2 / infer-01
                  :ARG1 (s69.w / worth-01
                               :ARG1 (s69.p / property
                                            :poss (s69.f / family
                                                         :poss (s69.i / i
                                                                      :same-as s3.i))
                                            :same-as s68.t)
                               :ARG2-of (s69.e / except-01
                                               :ARG1 (s69.a2 / and
                                                             :op1 (s69.h2 / home
                                                                          :poss s69.f)
                                                             :op2 (s69.h / have-03
                                                                         :ARG0 s69.f
                                                                         :mod (s69.a / all))))
                               :time (s69.n / now)
                               :polarity "-"))
   :snt70 (s70.a2 / and
                  :op2 (s70.h / have-quant-91
                              :ARG1 (s70.a3 / and
                                            :op1 (s70.h4 / home
                                                         :mod (s70.t2 / that)
                                                         :same-as s68.t)
                                            :op2 (s70.l / love-01
                                                        :location s70.h4)
                                            :op3 (s70.h3 / help-01
                                                         :ARG0 (s70.a4 / and
                                                                       :op1 (s70.p / person
                                                                                   :ARG0-of (s70.t / teach-01))
                                                                       :op2 (s70.p2 / person
                                                                                    :ARG0-of (s70.m / mentor-01
                                                                                                    :ARG1 (s70.i / i
                                                                                                                 :same-as s3.i)))
                                                                       :op3 (s70.p3 / person
                                                                                    :ARG0-of (s70.h2 / have-rel-role-91
                                                                                                     :ARG1 s70.i
                                                                                                     :ARG2 (s70.f / friend))))
                                                         :ARG2 s70.i
                                                         :time (s70.a / along
                                                                      :op1 (s70.w / way))))
                              :ARG3 (s70.e / enough)
                              :mod (s70.l2 / lucky)))
   :snt71 (s71.i / important-01
                 :ARG1 (s71.s / story
                              :mod (s71.t / this))
                 :ARG1-of (s71.c / cause-01
                                 :ARG0 (s71.a / amr-unknown))
                 :time (s71.n / now))
   :snt72 (s72.c / cause-01
                 :ARG0 (s72.b / beg-01
                              :ARG0 (s72.d / degrade-01
                                           :ARG1 (s72.e / economy))
                              :ARG2 (s72.d2 / degrade-01
                                            :ARG0-of (s72.b2 / beg-01
                                                             :ARG2 (s72.d3 / degrade-01
                                                                           :ARG1 (s72.s / society)))
                                            :ARG1 (s72.e2 / environment))
                              :manner (s72.p / perspective
                                             :mod (s72.p2 / plan-01))))
   :snt73 (s73.s / set-02
                 :ARG0 (s73.i2 / invest-01
                               :ARG1-of (s73.b / begin-01
                                               :time (s73.d / date-entity
                                                            :decade "1960")))
                 :ARG1 (s73.s2 / stage)
                 :ARG2 (s73.i / injustice
                              :mod (s73.e / environment)
                              :mod (s73.a2 / all)
                              :time (s73.a / after
                                           :op1 (s73.n / now))))
   :snt74 (s74.u2 / use-01
                  :ARG1 (s74.a / and
                               :mod (s74.e / essential)
                               :op1 (s74.z / zone-01)
                               :op2 (s74.r / regulate-01
                                           :ARG1 (s74.u / use-01
                                                        :ARG1 (s74.l / land))))
                  :ARG2 (s74.c / continue-01
                               :ARG0 s74.a
                               :ARG1 (s74.p2 / put-01
                                             :ARG1 (s74.f / facility
                                                          :ARG0-of (s74.p / pollute-01))
                                             :ARG2 (s74.n / neighborhood
                                                          :poss (s74.i / i
                                                                       :same-as s3.i)
                                                          :same-as s9.p)))
                  :mod (s74.s / still)
                  :time (s74.d / day
                               :mod (s74.t / this)))
   :snt75 (s75.c / consider-02
                 :ARG1 (s75.f / factor
                              :mod (s75.t / this))
                 :polarity (s75.a / amr-unknown)
                 :time (s75.d / decide-01
                              :ARG3 (s75.p / policy-01
                                           :ARG2 (s75.u / use-01
                                                        :ARG1 (s75.l / land)))))
   :snt76 (s76.a2 / associate-01
                  :ARG1 (s76.c / cost-01
                               :ARG2 (s76.a / amr-unknown))
                  :ARG2 (s76.d / decide-01
                               :mod (s76.t / this)
                               :same-as s75.d))
   :snt77 (s77.a2 / and
                  :op2 (s77.p / pay-01
                              :ARG0 (s77.a / amr-unknown)))
   :snt78 (s78.p / profit-01
                 :ARG0 (s78.a / amr-unknown))
   :snt79 (s79.j / justify-01
                 :ARG0 (s79.a2 / anything)
                 :ARG1 (s79.t / thing
                              :ARG2-of (s79.g / go-12
                                              :ARG1 (s79.c / community
                                                           :ARG1-of (s79.l / local-02))))
                 :polarity (s79.a / amr-unknown))
   :snt80 (s80.p / plan-01
                 :ARG0-of (s80.i / interest-01
                                 :ARG1 (s80.w / we)
                                 :ARG1-of (s80.h / have-degree-91
                                                 :ARG2 (s80.g / good-02
                                                              :ARG1 s80.i)
                                                 :ARG3 (s80.m / most))
                                 :polarity "-")
                 :ARG1-of (s80.q / quote-01)
                 :domain (s80.t / this))
   :snt81 (s81.d / decide-01
                 :ARG0 (s81.w / we)
                 :ARG1 (s81.t2 / time
                               :time-of (s81.p / plan-01
                                               :ARG0 s81.w))
                 :time (s81.r / realize-01
                              :ARG0 s81.w
                              :ARG1 (s81.t / that)))
   :snt82 (s82.s2 / stage
                  :domain (s82.p / park
                                 :ARG1-of (s82.t / tell-01
                                                 :ARG0 (s82.i / i
                                                              :same-as s3.i)
                                                 :ARG2 (s82.y / you
                                                              :same-as s2.y)
                                                 :time (s82.b / before))
                                 :mod (s82.s / small)
                                 :mod (s82.t2 / that)
                                 :same-as s7.p2)
                  :ord (s82.o / ordinal-entity
                              :value "1")
                  :subevent-of (s82.b2 / build-01
                                       :ARG1 (s82.m / movement-07
                                                    :ARG1 (s82.g / greenway))
                                       :location (s82.c / city-district
                                                        :name (s82.n / name
                                                                     :op1 "South"
                                                                     :op2 "Bronx")
                                                        :same-as s16.c)))
   :snt83 (s83.w2 / write-01
                  :purpose (s83.d2 / design-01
                                   :ARG0 (s83.i / i
                                                :same-as s3.i)
                                   :ARG1 (s83.p / plan-01
                                                :ARG1 (s83.e / esplanade
                                                             :mod (s83.w / waterfront)
                                                             :part (s83.l / lane
                                                                          :purpose (s83.b / bike)
                                                                          :ARG1-of (s83.d / dedicate-01)
                                                                          :location (s83.s / street)))))
                  :ARG0 s83.i
                  :ARG1 (s83.g / grant-01
                               :ARG1 (s83.m / monetary-quantity
                                            :unit (s83.d3 / dollar)
                                            :quant "250000")
                               :ARG2 s83.i
                               :mod (s83.t / transport-01)
                               :mod (s83.f / federal)))
   :snt84 (s84.h / help-01
                 :ARG0 (s84.i / improve-01
                              :mod (s84.p / physical))
                 :ARG1 (s84.i2 / inform-01
                               :ARG0 s84.i
                               :ARG1 (s84.p3 / policy-01
                                             :ARG2 (s84.p5 / public)
                                             :ARG2 (s84.a / and
                                                          :op1 (s84.s / safe-01
                                                                      :ARG1 (s84.t / traffic))
                                                          :op2 (s84.p2 / place-01
                                                                       :ARG1 (s84.a2 / and
                                                                                     :ARG0-of (s84.c2 / compromise-02
                                                                                                      :ARG1 (s84.q / quality
                                                                                                                   :mod (s84.l / live-01)
                                                                                                                   :poss (s84.c / community))
                                                                                                      :condition (s84.d / do-02
                                                                                                                        :ARG1 s84.a
                                                                                                                        :manner (s84.p4 / proper))
                                                                                                      :polarity "-")
                                                                                     :op1 (s84.w / waste)
                                                                                     :op2 (s84.f / facility
                                                                                                 :mod (s84.o / other))))))))
   :snt85 (s85.p2 / provide-01
                  :ARG0 (s85.t / they
                               :same-as s84.i)
                  :ARG1 (s85.a2 / and
                                :op1 (s85.o / opportunity
                                            :mod (s85.a / activity-06
                                                        :ARG2-of (s85.h / have-degree-91
                                                                        :ARG3 (s85.m / more))
                                                        :manner (s85.p / physical)))
                                :op2 (s85.o2 / opportunity
                                             :mod (s85.d / develop-02
                                                         :ARG1 (s85.e / economy)
                                                         :ARG1-of (s85.l / local-02)))))
   :snt86 (s86.t / think-01
                 :ARG0 (s86.y / you)
                 :ARG1 (s86.a / and
                              :op1 (s86.s / shop
                                          :mod (s86.b / bike))
                              :op2 (s86.s2 / stand
                                           :mod (s86.j / juice))))
   :snt87 (s87.s / secure-01
                 :purpose (s87.b / build-01
                                 :ARG0 (s87.w / we)
                                 :ARG1 (s87.p2 / project
                                               :mod (s87.p / phase
                                                           :ord (s87.o / ordinal-entity
                                                                       :value "1"))))
                 :ARG0 s87.w
                 :ARG1 (s87.m / monetary-quantity
                              :unit (s87.d / dollar)
                              :quant "20000000"))
   :snt88 (s88.a / and
                 :op1 (s88.r / road
                             :name (s88.n / name
                                          :op1 "Lafayette"
                                          :op2 "Avenue")
                             :domain (s88.t / this))
                 :op2 (s88.d / design-01
                             :ARG0 (s88.p / person
                                          :ARG0-of (s88.d2 / design-01
                                                           :mod (s88.l / landscape))
                                          :mod (s88.c / company
                                                      :name (s88.n2 / name
                                                                    :op1 "wow")))
                             :ARG1 s88.t))
   :snt89 (s89.a2 / and
                  :op2 (s89.c2 / connect-01
                               :ARG0 (s89.p2 / path
                                             :mod (s89.t / this)
                                             :same-as s83.e)
                               :ARG1 (s89.c / city-district
                                            :name (s89.n / name
                                                         :op1 "South"
                                                         :op2 "Bronx")
                                            :same-as s16.c)
                               :ARG2 (s89.p / park
                                            :name (s89.n2 / name
                                                          :op1 "Taiwan"
                                                          :op2 "Island"
                                                          :op3 "Park")
                                            :quant (s89.m / more-than
                                                          :op1 (s89.a3 / area-quantity
                                                                       :unit (s89.a / acre)
                                                                       :quant "400"))))
                  :time (s89.c3 / construct-01
                                :ARG1 s89.p2))
   :snt90 (s90.c2 / contrast-01
                  :ARG1 (s90.s / separate-01
                               :ARG0 (s90.w / water
                                            :quant (s90.a / about
                                                          :op1 (s90.d / distance-quantity
                                                                      :unit (s90.f / foot)
                                                                      :quant "25")))
                               :ARG1 (s90.w2 / we)
                               :time (s90.n / now
                                            :mod (s90.r / right)))
                  :ARG2 (s90.c / change-01
                               :ARG0 (s90.l / link
                                            :mod (s90.t / this)
                                            :same-as s83.e)
                               :ARG1 s90.s))
   :snt91 (s91.g / give-back-03
                 :ARG0 (s91.a / abundance
                              :poss (s91.e / environment
                                           :ARG1-of (s91.n / natural-03)))
                 :ARG1 (s91.m / more
                              :mod (s91.e2 / even))
                 :ARG2 (s91.w / we)
                 :time (s91.n2 / nurture-01
                               :ARG0 s91.w
                               :ARG1 s91.e))
   :snt92 (s92.r2 / run-01
                  :ARG0 (s92.w / we)
                  :ARG1 (s92.p2 / project
                                :name (s92.n / name
                                             :op1 "Bronx"
                                             :op2 "Ecological"
                                             :op3 "Stewardship"
                                             :op4 "Training")
                                :ARG0-of (s92.p3 / provide-01
                                                 :purpose (s92.h / have-03
                                                                 :ARG0 (s92.f2 / folk
                                                                               :source (s92.c / community
                                                                                              :poss s92.w
                                                                                              :same-as s52.c))
                                                                 :ARG1 (s92.s / skill
                                                                              :purpose (s92.c2 / compete-01
                                                                                               :ARG0 s92.f2
                                                                                               :ARG2 (s92.j2 / job
                                                                                                             :ARG3-of (s92.p / pay-01
                                                                                                                             :ARG1-of (s92.w2 / well-09))
                                                                                                             :mod (s92.t / this)))))
                                                 :ARG1 (s92.t2 / train-01
                                                               :ARG1 (s92.j / job)
                                                               :ARG2 (s92.f / field
                                                                            :mod (s92.r / restore-02
                                                                                        :ARG1 (s92.e / ecology)))))))
   :snt93 (s93.s / seed
                 :ARG0 (s93.w / we
                              :same-as s92.w)
                 :ARG1-of (s93.m / mean-01
                                 :ARG2 (s93.p / person
                                              :ARG0-of (s93.h / have-03
                                                              :ARG1 (s93.s2 / stake-01
                                                                            :ARG1 s93.p
                                                                            :ARG2 (s93.e / environment
                                                                                         :poss s93.p)
                                                                            :mod (s93.a / and
                                                                                        :op1 (s93.f / finance)
                                                                                        :op2 (s93.p2 / personal-02))
                                                                            :mod (s93.b2 / both)))
                                              :time (s93.t / then)))
                 :ARG2 (s93.j / job
                              :mod (s93.b / blue-collar))
                 :domain (s93.a2 / area
                                 :same-as s16.c)
                 :manner (s93.l / little))
   :snt94 (s94.r2 / relic
                  :ARG1-of (s94.u / utilize-01)
                  :domain (s94.r3 / road
                                  :name (s94.n / name
                                               :op1 "Sheridan"
                                               :op2 "Expressway"
                                               :same-as s83.e)
                                  :ARG1-of (s94.b / build-01
                                                  :manner (s94.r / regard-01
                                                                 :ARG1 (s94.n3 / neighborhood
                                                                               :ARG1-of (s94.d / divide-02
                                                                                               :ARG0 s94.r3))
                                                                 :polarity "-")))
                  :time (s94.e / era
                               :mod (s94.p / person
                                           :name (s94.n2 / name
                                                         :op1 "Robert"
                                                         :op2 "Moses")
                                           :same-as s62.p)))
   :snt95 (s95.g / go-05
                 :ARG0 (s95.i / it
                              :same-as s83.e)
                 :ARG1 (s95.u / use-01
                              :ARG1 s95.i
                              :mod (s95.v / virtual)
                              :polarity "-")
                 :time (s95.h / hour
                              :mod (s95.e / even)
                              :time-of (s95.r / rush-01)))
   :snt96 (s96.c2 / create-01
                  :ARG0 (s96.c / community
                               :same-as s52.c)
                  :ARG1 (s96.p / plan-01
                               :ARG0-of (s96.a / allow-01
                                               :ARG1 (s96.r / remove-01
                                                            :ARG1 (s96.h / highway
                                                                         :same-as s83.e)))
                               :ARG1 (s96.t / transport-01)
                               :mod (s96.a2 / alternative)))
   :snt97 (s97.h / have-03
                 :ARG0 (s97.w / we
                              :same-as s92.w)
                 :ARG1 (s97.o / opportunity
                              :mod (s97.b / bring-01
                                          :purpose (s97.e2 / envision-01
                                                           :ARG0 s97.w
                                                           :ARG1 (s97.t / thing
                                                                        :manner-of (s97.p2 / possible-01
                                                                                           :ARG1 (s97.u / utilize-01
                                                                                                        :ARG1 (s97.a5 / area-quantity
                                                                                                                      :mod (s97.t2 / this)
                                                                                                                      :unit (s97.a / acre)
                                                                                                                      :quant "28")
                                                                                                        :ARG1-of (s97.h2 / have-degree-91
                                                                                                                         :ARG2 (s97.g / good-02
                                                                                                                                      :ARG1 s97.u)
                                                                                                                         :ARG3 (s97.m / more))
                                                                                                        :ARG2 (s97.a4 / and
                                                                                                                      :op1 (s97.p / parkland)
                                                                                                                      :op2 (s97.h3 / house-01
                                                                                                                                   :ARG1-of (s97.a2 / afford-01
                                                                                                                                                    :ARG1-of (s97.p3 / possible-01)))
                                                                                                                      :op3 (s97.d / develop-02
                                                                                                                                  :ARG1-of (s97.l / local-02)
                                                                                                                                  :mod (s97.e / economy)))))))
                                          :ARG0 s97.w
                                          :ARG1 (s97.p4 / proponent
                                                        :mod (s97.a3 / all))
                                          :ARG2 (s97.t3 / together)))
                 :time (s97.n / now))
   :snt98 (s98.b / build-01
                 :ARG0 (s98.w / we
                              :same-as s92.w)
                 :ARG1 (s98.p / project
                              :ARG0-of (s98.d / demonstrate-01)
                              :mod (s98.r / roof
                                          :ARG1-of (s98.c2 / cool-04)
                                          :ARG1-of (s98.g / green-02))
                              :ord (s98.o2 / ordinal-entity
                                           :value "1")
                              :poss (s98.c / city
                                           :name (s98.n / name
                                                        :op1 "New"
                                                        :op2 "York"
                                                        :op3 "City")
                                           :same-as s5.c))
                 :location (s98.t / top
                                  :op1 (s98.o / office
                                              :poss s98.w))
                 :mod (s98.a / also))
   :snt99 (s99.s2 / surface
                  :ARG0-of (s99.a / absorb-01
                                  :ARG1 (s99.h / heat
                                               :source (s99.s / sun))
                                  :polarity "-")
                  :ARG0-of (s99.p / pass-05
                                  :ARG1 s99.h
                                  :ARG2 (s99.o / or
                                               :op1 (s99.b / building)
                                               :op2 (s99.a2 / atmosphere)))
                  :ARG1-of (s99.r / reflect-01
                                  :degree (s99.h2 / high-02))
                  :domain (s99.r2 / roof
                                  :ARG1-of (s99.c / cool-01)))
   :snt100 (s100.a / and
                   :domain (s100.r / roof
                                   :ARG1-of (s100.g / green-02))
                   :op1 (s100.s / soil)
                   :op2 (s100.p / plant
                                :ARG0-of (s100.l / live-01)))
   :snt101 (s101.p2 / possible-01
                    :ARG1 (s101.u3 / use-01
                                   :ARG1 (s101.b2 / both
                                                  :ARG1-of (s101.i2 / instead-of-91
                                                                    :ARG2 (s101.m / material
                                                                                  :ARG0-of (s101.a / absorb-01
                                                                                                   :ARG1 (s101.h / heat))
                                                                                  :ARG0-of (s101.c / contribute-01
                                                                                                   :ARG2 (s101.e / effect-03
                                                                                                                 :ARG1 (s101.i3 / island
                                                                                                                                :mod (s101.h2 / heat))
                                                                                                                 :mod (s101.u2 / urban)))
                                                                                  :ARG1-of (s101.b / base-02
                                                                                                   :ARG2 (s101.p / petroleum))
                                                                                  :ARG1-of (s101.d / degrade-01
                                                                                                   :location (s101.u / under
                                                                                                                     :op1 (s101.s / sun)))
                                                                                  :ARG1-of (s101.b3 / breathe-01
                                                                                                    :ARG0 (s101.w / we)
                                                                                                    :mod (s101.i / in-turn))
                                                                                  :ARG2-of (s101.r / roof-01)))
                                                  :same-as s100.p)))
   :snt102 (s102.r3 / retain-01
                    :ARG0 (s102.r4 / roof
                                   :ARG1-of (s102.g / green-02))
                    :ARG0-of (s102.c / cause-01
                                     :ARG1 (s102.r2 / reduce-01
                                                    :ARG0 s102.r4
                                                    :ARG1 (s102.n / need-01
                                                                  :ARG0 (s102.c2 / city)
                                                                  :ARG1 (s102.f / fund-01
                                                                                :ARG0 s102.c2
                                                                                :ARG1 (s102.t / thing
                                                                                              :ARG2-of (s102.s / solve-01)
                                                                                              :mod (s102.p2 / pipe
                                                                                                            :mod (s102.e / end))
                                                                                              :mod (s102.c3 / costly))))))
                    :ARG1 (s102.r / rainfall
                                  :quant (s102.u / up-to
                                                 :op1 (s102.p / percentage-entity
                                                              :value "75")))
                    :mod (s102.a / also))
   :snt103 (s103.l / locate-01
                   :ARG2 (s103.c / community
                                 :ARG1-of (s103.r / resemble-01
                                                  :ARG2 (s103.t / thing
                                                                :poss (s103.i / i)
                                                                :same-as s3.i))
                                 :mod (s103.j / justice
                                              :mod (s103.e / environment)))
                   :frequency (s103.o / often)
                   :manner (s103.i2 / incidental))
   :snt104 (s104.a / and
                   :op2 (s104.p / provide-01
                                :ARG0 (s104.t / they
                                              :same-as s102.r4)
                                :ARG1 (s104.e / ecosystem)
                                :ARG2 (s104.f / friend
                                              :mod (s104.l / little)
                                              :poss (s104.w / we))))
   :snt105 (s105.c / cool-04
                   :degree (s105.s / so))
   :snt106 (s106.s / springboard
                   :beneficiary (s106.b2 / business
                                         :ARG0-of (s106.b / bring-01
                                                          :ARG1 (s106.a2 / and
                                                                         :op1 (s106.j / job)
                                                                         :op2 (s106.a / activity-06
                                                                                      :ARG1 (s106.e / economy)
                                                                                      :ARG1-of (s106.s2 / sustain-01
                                                                                                        :ARG1-of (s106.p / possible-01))))
                                                          :ARG2 (s106.c / city-district
                                                                        :name (s106.n / name
                                                                                      :op1 "South"
                                                                                      :op2 "Bronx")
                                                                        :same-as s16.c))
                                         :mod (s106.i / install-01
                                                      :ARG1 (s106.r / roof
                                                                    :ARG1-of (s106.g / green-03)))
                                         :poss (s106.w / we
                                                       :same-as s92.w))
                   :domain (s106.p2 / project
                                    :mod (s106.d / demonstrate-01)
                                    :same-as s98.p)
                   :mod (s106.a3 / anyway))
   :snt107 (s107.l / like-01
                   :ARG0 (s107.i / i
                                 :same-as s3.i)
                   :ARG1 (s107.t / that)
                   :mod (s107.t2 / too))
   :snt108 (s108.c2 / contrast-01
                    :ARG1 (s108.k / know-01
                                  :ARG0 (s108.i / i
                                                :same-as s3.i)
                                  :ARG1 (s108.t / tell-01
                                                :ARG0 (s108.p / person
                                                              :name (s108.n / name
                                                                            :op1 "Chris")
                                                              :same-as s3.i)
                                                :ARG1 (s108.d / do-02
                                                              :ARG0 (s108.w / we)
                                                              :ARG1 (s108.p3 / pitch-04)
                                                              :location (s108.h / here
                                                                                :mod (s108.u / up))
                                                              :polarity "-")
                                                :ARG2 s108.w)
                                  :mod (s108.a2 / anyway))
                    :ARG2 (s108.n2 / need-01
                                   :ARG0 s108.w
                                   :ARG1 (s108.p2 / person
                                                  :ARG0-of (s108.i2 / invest-01))
                                   :ARG1-of (s108.c / cause-01
                                                    :ARG0 (s108.a3 / attend-02
                                                                   :ARG0 (s108.y / you
                                                                                 :same-as s2.y)
                                                                   :ARG1 s108.i
                                                                   :mod (s108.a / all)))))
   :snt109 (s109.e / end-01
                   :ARG1 (s109.p / pitch-04))
   :snt110 (s110.h / have-degree-91
                   :ARG1 (s110.a / ask-02
                                 :ARG1 (s110.f / forgive-01))
                   :ARG2 (s110.g / good-02
                                 :ARG1 s110.a)
                   :ARG3 (s110.m / more)
                   :ARG4 (s110.p / permit-01))
   :snt111 (s111.c3 / community
                    :ARG0-of (s111.h / host-01
                                     :ARG1 (s111.a / and
                                                   :ARG1-of (s111.c2 / close-10
                                                                     :ARG1-of (s111.c / close-10))
                                                   :mod (s111.b2 / both)
                                                   :op1 (s111.i / industry)
                                                   :op2 (s111.p / person
                                                                :ARG0-of (s111.r / reside-01))))
                    :domain (s111.b / both)
                    :mod (s111.w / waterfront))
   :snt112 (s112.s / share-01
                   :quant (s112.m / more)
                   :ARG0 (s112.w / we)
                   :mod (s112.s2 / still)
                   :time (s112.e / era
                                 :mod (s112.a / after
                                              :op1 (s112.n2 / natural-disaster
                                                            :name (s112.n / name
                                                                          :op1 "Katrina")))))
   :snt113 (s113.a4 / and
                    :mod (s113.a6 / at-best)
                    :mod (s113.a7 / at-worst)
                    :op1 (s113.i / ignore-01
                                 :ARG0 (s113.a5 / and
                                                :op1 (s113.a3 / agency
                                                              :ARG0-of (s113.r / regulate-01)
                                                              :ARG0-of (s113.n / neglect-01))
                                                :op2 (s113.z / zone-01
                                                             :mod (s113.p / pernicious))
                                                :op3 (s113.a2 / accountable-02
                                                              :ARG0 (s113.g2 / government-organization
                                                                             :ARG0-of (s113.g / govern-01))
                                                              :ARG1-of (s113.l / lax-01)))
                                 :ARG1 (s113.w / we))
                    :op2 (s113.m / malign-01
                                 :ARG0 s113.a5
                                 :ARG1 s113.w)
                    :op3 (s113.a / abuse-01
                                 :ARG0 s113.a5
                                 :ARG1 s113.w))
   :snt114 (s114.p / possible-01
                   :ARG1 (s114.a2 / avoid-01
                                  :ARG1 (s114.d / destroy-01
                                                :ARG1 (s114.a / and
                                                              :op1 (s114.c / city-district
                                                                           :name (s114.n / name
                                                                                         :op1 "Ninth"
                                                                                         :op2 "Ward"))
                                                              :op2 (s114.c2 / city-district
                                                                            :name (s114.n2 / name
                                                                                           :op1 "South"
                                                                                           :op2 "Bronx")
                                                                            :same-as s16.c))))
                   :polarity "-")
   :snt115 (s115.c / contrast-01
                   :ARG2 (s115.e / emerge-02
                                 :ARG0 (s115.w / we
                                               :same-as s113.w)
                                 :accompanier (s115.l / lesson
                                                      :ARG1-of (s115.v / value-01)
                                                      :topic (s115.t / thing
                                                                     :manner-of (s115.d / dig-01
                                                                                        :ARG0 s115.w
                                                                                        :ARG1 s115.w
                                                                                        :ARG2 (s115.o / out))))))
   :snt116 (s116.t / thing
                   :ARG1-of (s116.s / simple-02)
                   :ARG1-of (s116.s2 / symbolize-01
                                     :ARG2 (s116.b / blight-01
                                                   :ARG1 (s116.c / city)))
                   :domain (s116.w / we
                                   :same-as s113.w)
                   :mod (s116.n / nation)
                   :mod (s116.m / more-than))
   :snt117 (s117.o / or
                   :op2 (s117.s / solve-01
                                :ARG1 (s117.p3 / problem)
                                :ARG2 (s117.p4 / promise-01
                                               :ARG0 (s117.p / person
                                                             :ARG0-of (s117.h / have-org-role-91
                                                                              :ARG2 (s117.p2 / president))
                                                             :ARG1-of (s117.c2 / come-01))
                                               :ARG0-of (s117.g / go-02)
                                               :ARG1-of (s117.e / empty-02)
                                               :time (s117.c / campaign-01))))
   :snt118 (s118.l2 / let-01
                    :ARG0 (s118.w / we)
                    :ARG1 (s118.l / languish-01
                                  :ARG1 (s118.c2 / country-region
                                                 :name (s118.n / name
                                                               :op1 "Gulf"
                                                               :op2 "Coast"))
                                  :ARG1-of (s118.r / resemble-01
                                                   :ARG2 (s118.d3 / do-02
                                                                  :ARG0 (s118.c / city-district
                                                                                :name (s118.n2 / name
                                                                                               :op1 "South"
                                                                                               :op2 "Bronx")
                                                                                :same-as s16.c)))
                                  :duration (s118.o / or
                                                    :op1 (s118.t / temporal-quantity
                                                                 :unit (s118.d / decade)
                                                                 :quant "1")
                                                    :op2 (s118.t2 / temporal-quantity
                                                                  :unit (s118.d2 / decade)
                                                                  :quant "2")))
                    :polarity (s118.a / amr-unknown)
                    :time (s118.n3 / now))
   :snt119 (s119.o / or
                   :op2 (s119.a3 / and
                                 :op1 (s119.s / step-01
                                              :ARG1 (s119.w / we)
                                              :mod (s119.p / proactive))
                                 :op2 (s119.l / learn-01
                                              :ARG0 s119.w
                                              :ARG2 (s119.r / resource
                                                            :mod (s119.g / grass-roots)
                                                            :poss (s119.a / activist
                                                                          :ARG1-of (s119.b / bear-02
                                                                                           :ARG0 (s119.d / despair-01
                                                                                                         :ARG0 s119.a)
                                                                                           :location (s119.c / community
                                                                                                             :example (s119.c2 / community
                                                                                                                               :poss s119.w
                                                                                                                               :poss (s119.i / i
                                                                                                                                             :same-as s3.i))))))))
                   :polarity (s119.a2 / amr-unknown))
   :snt120 (s120.l / listen-01
                   :ARG0 (s120.y / you)
                   :ARG1 (s120.e / expect-01
                                 :ARG0 (s120.i / i
                                               :same-as s3.i)
                                 :ARG1 (s120.m / make-01
                                               :ARG0 (s120.o / or
                                                             :op1 (s120.i2 / individual)
                                                             :op2 (s120.c2 / corporation)
                                                             :op3 (s120.g3 / government-organization
                                                                           :ARG0-of (s120.g2 / govern-01)))
                                               :ARG1 (s120.w / world)
                                               :ARG1-of (s120.c / cause-01
                                                                :ARG0 (s120.o2 / or
                                                                               :op1 (s120.r / right-02
                                                                                            :ARG1 (s120.p / place
                                                                                                          :ARG1-of (s120.h / have-degree-91
                                                                                                                           :ARG2 (s120.g / good-02
                                                                                                                                         :ARG1 s120.p)
                                                                                                                           :ARG3 (s120.m3 / more))))
                                                                               :op2 (s120.m2 / moral-02
                                                                                             :ARG1 s120.p)))
                                               :ARG2 s120.p)
                                 :polarity "-")
                   :time (s120.n / now)
                   :mode "imperative")
   :snt121 (s121.r / represent-01
                   :ARG0 (s121.p / presentation
                                 :mod (s121.t2 / this)
                                 :time (s121.t4 / today))
                   :ARG1 (s121.s / some
                                 :ARG1-of (s121.i2 / include-91
                                                   :ARG2 (s121.t / thing
                                                                 :ARG1-of (s121.g / go-through-20
                                                                                  :ARG0 (s121.i / i
                                                                                                :same-as s3.i))))
                                 :ARG1-of (s121.r2 / resemble-01
                                                   :ARG2 (s121.b / bit
                                                                 :mod (s121.l / little)
                                                                 :mod (s121.t3 / tiny))))
                   :mod (s121.o / only))
   :snt122 (s122.c / clue
                   :domain (s122.y / you
                                   :same-as s2.y)
                   :polarity "-")
   :snt123 (s123.c / contrast-01
                   :ARG2 (s123.t / tell-01
                                 :ARG0 (s123.i / i
                                               :same-as s3.i)
                                 :ARG2 (s123.y / you
                                               :same-as s2.y)
                                 :condition (s123.w / want-01
                                                    :ARG0 s123.y
                                                    :ARG1 (s123.k / know-01
                                                                  :ARG0 s123.y))
                                 :time (s123.a / after
                                               :op1 (s123.n / now))))
   :snt124 (s124.c / contrast-01
                   :ARG2 (s124.k / know-01
                                 :ARG0 (s124.i / i
                                               :same-as s3.i)
                                 :ARG1 (s124.m / motivate-01
                                               :ARG0 (s124.o2 / or
                                                              :op1 (s124.l / line
                                                                           :mod (s124.b / bottom))
                                                              :op2 (s124.p / perceive-01
                                                                           :ARG0 (s124.o / one)
                                                                           :ARG1 s124.l))
                                               :ARG1 (s124.p2 / person)
                                               :time (s124.e / end-01))))
   :snt125 (s125.i2 / interest-01
                    :ARG1 (s125.i / i
                                  :same-as s3.i)
                    :ARG2 (s125.t / thing
                                  :ARG1-of (s125.c / call-01
                                                   :ARG0 s125.i
                                                   :ARG1-of (s125.l / like-01
                                                                    :ARG0 s125.i)
                                                   :ARG2 (s125.l2 / line
                                                                  :ARG1-of (s125.t2 / triple-01)
                                                                  :ARG1-of (s125.p3 / produce-01
                                                                                    :ARG0 (s125.d / develop-02
                                                                                                  :ARG1-of (s125.s / sustain-01
                                                                                                                   :ARG1-of (s125.p / possible-01)))
                                                                                    :ARG1-of (s125.p2 / possible-01))
                                                                  :mod (s125.b / bottom)))))
   :snt126 (s126.d / develop-02
                   :mod (s126.p3 / potential
                                 :domain (s126.c3 / create-01
                                                  :ARG0 s126.d
                                                  :ARG1 (s126.r / return-02
                                                                :ARG3 (s126.a / all
                                                                              :ARG1-of (s126.c2 / concern-02)
                                                                              :ARG1-of (s126.m / mean-01
                                                                                               :ARG2 (s126.a2 / and
                                                                                                              :op1 (s126.p / person
                                                                                                                           :ARG0-of (s126.d2 / develop-02))
                                                                                                              :op2 (s126.g3 / government-organization
                                                                                                                            :ARG0-of (s126.g2 / govern-01))
                                                                                                              :op3 (s126.c / community
                                                                                                                           :location-of (s126.g / go-01
                                                                                                                                                :ARG1 (s126.p4 / project
                                                                                                                                                               :mod (s126.t / this)
                                                                                                                                                               :same-as s126.d)
                                                                                                                                                :direction (s126.u / up))))))
                                                                :mod (s126.p2 / positive)))))
   :snt127 (s127.b / be-located-at-91
                   :ARG1 (s127.t / that
                                 :same-as s126.g)
                   :ARG2 (s127.c / city
                                 :name (s127.n / name
                                               :op1 "New"
                                               :op2 "York"
                                               :op3 "City")
                                 :same-as s5.c)
                   :time (s127.p / present)
                   :polarity "-")
   :snt128 (s128.a / and
                   :op2 (s128.o / operate-01
                                :ARG0 (s128.w / we)
                                :manner (s128.d / deficit
                                                :mod (s128.p / plan-01
                                                             :ARG1 (s128.c / city))
                                                :mod (s128.c2 / comprehensive))))
   :snt129 (s129.c3 / contrast-01
                    :ARG1 (s129.p / parade-02
                                  :ARG1 (s129.s5 / subsidize-01
                                                 :ARG0 (s129.g2 / government-organization
                                                                :ARG0-of (s129.g / govern-01)))
                                  :ARG2 (s129.d2 / develop-02
                                                 :ARG1 (s129.a3 / and
                                                                :op1 (s129.b2 / box
                                                                              :mod (s129.b / big))
                                                                :op2 (s129.s4 / stadium))
                                                 :ARG1-of (s129.p3 / propose-01)
                                                 :location (s129.c2 / city-district
                                                                    :name (s129.n / name
                                                                                  :op1 "South"
                                                                                  :op2 "Bronx")
                                                                    :same-as s16.c)))
                    :ARG2 (s129.c4 / coordinate-01
                                   :ARG0 (s129.a2 / agency
                                                  :mod (s129.c / city))
                                   :ARG1 (s129.t / thing
                                                 :manner-of (s129.d / deal-01
                                                                    :ARG0 s129.a2
                                                                    :ARG2 (s129.a / affect-01
                                                                                  :ARG0 (s129.a4 / and
                                                                                                 :op1 (s129.t2 / traffic
                                                                                                               :ARG1-of (s129.i2 / increase-01))
                                                                                                 :op2 (s129.p2 / pollute-01)
                                                                                                 :op3 (s129.w / waste-01
                                                                                                              :ARG1-of (s129.s2 / solid-02))
                                                                                                 :op4 (s129.i / impact-01
                                                                                                              :ARG1 (s129.s3 / space
                                                                                                                             :ARG1-of (s129.o / open-06))))
                                                                                  :mod (s129.c5 / cumulative))))
                                   :ARG1-of (s129.s / scant-02)))
   :snt130 (s130.a / and
                   :op2 (s130.h / have-degree-91
                                :ARG1 (s130.a3 / approach-02
                                               :ARG0 (s130.t / they
                                                             :same-as s129.a2)
                                               :ARG1 (s130.d / develop-02
                                                             :ARG1 (s130.a2 / and
                                                                            :op1 (s130.e / economy)
                                                                            :op2 (s130.j / job))
                                                             :ARG1-of (s130.l2 / local-02)))
                                :ARG2 (s130.l / lame)
                                :ARG3 (s130.s / so)
                                :ARG6 (s130.f / funny-02
                                              :ARG1 s130.a3
                                              :mod (s130.e2 / even)
                                              :polarity "-")))
   :snt131 (s131.c / cause-01
                   :ARG0 (s131.a / and
                                 :op2 (s131.r / replace-01
                                              :ARG0 (s131.t / team
                                                            :ARG1-of (s131.h / have-degree-91
                                                                             :ARG2 (s131.r2 / rich)
                                                                             :ARG3 (s131.m / most))
                                                            :mod (s131.s / sport))
                                              :ARG1 (s131.h2 / house
                                                             :ARG1-of (s131.b / build-01
                                                                              :ARG0 (s131.p2 / person
                                                                                             :name (s131.n / name
                                                                                                           :op1 "Ruth"))))
                                              :ARG2 (s131.d / destroy-01
                                                            :ARG0 s131.t
                                                            :ARG1 (s131.p / park
                                                                          :ARG1-of (s131.l / love-01
                                                                                           :degree (s131.w / well))
                                                                          :mod (s131.c2 / community)
                                                                          :quant "2"))))
                   :rel (s131.w2 / world))
   :snt132 (s132.h / have-03
                   :ARG0 (s132.w / we)
                   :ARG1 (s132.l / less
                                 :ARG4 (s132.s / statistic
                                               :ARG1-of (s132.t / tell-01
                                                                :ARG0 (s132.i / i
                                                                              :same-as s3.i)
                                                                :ARG2 (s132.y / you
                                                                              :same-as s2.y)
                                                                :time (s132.b / before
                                                                              :op1 (s132.n2 / now)))
                                               :mod (s132.t2 / that))
                                 :mod (s132.e / even))
                   :time (s132.n / now))
   :snt133 (s133.a / and
                   :op2 (s133.i / include-01
                                :ARG1 (s133.s / space
                                              :purpose (s133.p / park-01)
                                              :quant (s133.m2 / multiple
                                                              :op1 "1000")
                                              :ARG1-of (s133.n2 / new-01))
                                :ARG2 (s133.p5 / project
                                               :mod (s133.t / this)
                                               :same-as s129.d2)
                                :concession (s133.o / own-01
                                                    :ARG0 (s133.p3 / person
                                                                   :ARG1-of (s133.i2 / include-91
                                                                                     :ARG2 (s133.p4 / person
                                                                                                    :ARG0-of (s133.r / reside-01
                                                                                                                     :ARG1 (s133.c2 / city-district
                                                                                                                                    :name (s133.n / name
                                                                                                                                                  :op1 "South"
                                                                                                                                                  :op2 "Bronx")
                                                                                                                                    :same-as s16.c)))
                                                                                     :ARG3 (s133.l / less-than
                                                                                                   :op1 (s133.p2 / percentage-entity
                                                                                                                 :value "25"))))
                                                    :ARG1 (s133.c / car))
                                :concession (s133.z / zip
                                                    :topic (s133.t2 / transit
                                                                    :ARG1-of (s133.p6 / public-02)
                                                                    :mod (s133.m / mass)))))
   :snt134 (s134.m / miss-01
                   :ARG0 (s134.d / debate-01
                                 :ARG1-of (s134.h / have-degree-91
                                                  :ARG2 (s134.l / large)
                                                  :ARG3 (s134.m2 / more)))
                   :ARG1 (s134.a / analyze-01
                                 :ARG0 (s134.b2 / between
                                                :op1 (s134.f / fix-02
                                                             :ARG1 (s134.c3 / community
                                                                            :ARG1-of (s134.c / challenge-01
                                                                                             :ARG0 (s134.e / environment))
                                                                            :mod (s134.h2 / healthy
                                                                                          :polarity "-"))
                                                             :polarity "-")
                                                :op2 (s134.i / incorporate-02
                                                             :ARG1 (s134.c2 / change-01
                                                                            :ARG1-of (s134.s2 / sustain-01
                                                                                              :ARG1-of (s134.p / possible-01))
                                                                            :mod (s134.s / structure))))
                                 :ARG1 (s134.b / benefit-01
                                               :ARG1 (s134.c5 / cost-01))
                                 :mod (s134.c4 / comprehensive))
                   :time (s134.n / now)
                   :rel "-")
   :snt135 (s135.w / work-01
                   :ARG0 (s135.a / agency
                                 :poss (s135.i / i
                                               :same-as s3.i))
                   :ARG1 (s135.s / shed-light-10
                                 :ARG0 s135.a
                                 :ARG1 (s135.i2 / issue-02
                                                :mod (s135.t / this)))
                   :ARG1-of (s135.c / close-10)
                   :ARG3 (s135.a2 / and
                                  :op1 (s135.u / university
                                               :name (s135.n / name
                                                             :op1 "Columbia"
                                                             :op2 "University"))
                                  :op2 (s135.o / other)))
   :snt136 (s136.c2 / contrast-01
                    :ARG1 (s136.c / city
                                  :domain (s136.w / we
                                                  :same-as s31.w))
                    :ARG2 (s136.p / preserve
                                  :domain s136.w
                                  :mod (s136.w2 / wilderness)
                                  :polarity "-"))
   :snt137 (s137.a / and
                   :op2 (s137.e / embrace-01
                                :ARG0 (s137.i / i
                                              :same-as s3.i)
                                :ARG1 (s137.c / capitalist
                                              :mod (s137.i2 / inner)
                                              :poss s137.i)))
   :snt138 (s138.a2 / and
                    :op1 (s138.h / have-03
                                 :ARG0 (s138.y / you
                                               :mod (s138.a / all))
                                 :ARG1 (s138.i / it
                                               :same-as s137.c)
                                 :mod (s138.p / probable))
                    :op2 (s138.n / need-01
                                 :ARG0 s138.y
                                 :condition (s138.h2 / have-03
                                                     :ARG0 s138.y
                                                     :ARG1 s138.i
                                                     :polarity "-")))
   :snt139 (s139.c / cause-01
                   :ARG1 (s139.h / have-03
                                 :ARG0 (s139.i / i
                                               :same-as s3.i)
                                 :ARG1 (s139.p2 / problem
                                                :topic (s139.m / make-05
                                                               :ARG0 (s139.p / person
                                                                             :ARG0-of (s139.d / develop-02))
                                                               :ARG1 (s139.m2 / money)))
                                 :polarity "-"))
   :snt140 (s140.p3 / precedent
                    :ARG0-of (s140.s / show-01
                                     :ARG1 (s140.p2 / possible-01
                                                    :ARG1 (s140.m / make-05
                                                                  :ARG0 (s140.d / develop-02
                                                                                :ARG1-of (s140.f2 / friendly-01
                                                                                                  :ARG2 (s140.c / community))
                                                                                :ARG1-of (s140.s3 / sustain-01
                                                                                                  :ARG1-of (s140.p / possible-01)))
                                                                  :ARG1 (s140.f / fortune)
                                                                  :mod (s140.s2 / still))))
                    :ARG1-of (s140.h / have-quant-91
                                     :ARG3 (s140.e / enough))
                    :location (s140.o / out-there))
   :snt141 (s141.s / show-01
                   :ARG0 (s141.a2 / and
                                  :mod (s141.f / fellow)
                                  :mod (s141.b / both)
                                  :mod (s141.h / hero
                                               :mod (s141.b2 / by-the-way)
                                               :poss (s141.i / i
                                                             :same-as s3.i))
                                  :op1 (s141.p / person
                                               :name (s141.n / name
                                                             :op1 "Bill"
                                                             :op2 "McDonough"))
                                  :op2 (s141.p2 / person
                                                :name (s141.n2 / name
                                                               :op1 "Amory"
                                                               :op2 "Lovins")))
                   :ARG1 (s141.p3 / possible-01
                                  :ARG1 (s141.d / do-02
                                                :ARG0 (s141.y / you)
                                                :ARG1 (s141.t / that
                                                              :same-as s140.m)
                                                :ARG1-of (s141.a / actual-02)))
                   :rel (s141.o / YouTube))
   :snt142 (s142.h / have-03
                   :ARG0 (s142.i / i
                                 :same-as s3.i)
                   :ARG1 (s142.p2 / problem
                                  :topic (s142.d / develop-02
                                                 :ARG0-of (s142.e / exploit-01
                                                                  :ARG1 (s142.c / community
                                                                                :ARG1-of (s142.v / vulnerable-01
                                                                                                 :degree (s142.p / politics)))
                                                                  :ARG2 (s142.p3 / profit-01
                                                                                 :ARG0 s142.d)
                                                                  :degree (s142.h2 / hyper)))))
   :snt143 (s143.s / shame-01
                   :ARG0 (s143.c2 / continue-01
                                  :ARG1 (s143.i / it
                                                :same-as s142.d))
                   :ARG1 (s143.w / we
                                 :mod (s143.a / all))
                   :ARG1-of (s143.c / cause-01
                                    :ARG0 (s143.r / responsible-01
                                                  :ARG0 s143.w
                                                  :ARG1 (s143.f / future
                                                                :ARG1-of (s143.c3 / create-01
                                                                                  :ARG0 s143.w)))))
   :snt144 (s144.c2 / contrast-01
                    :ARG2 (s144.i2 / include-91
                                   :ARG1 (s144.l / learn-01
                                                 :ARG0 (s144.i / i
                                                               :same-as s3.i)
                                                 :ARG2 (s144.p / person
                                                               :ARG0-of (s144.e / envision-01)
                                                               :location (s144.c / city
                                                                                 :mod (s144.o / other))))
                                   :ARG2 (s144.t / thing
                                                 :ARG1-of (s144.d / do-02
                                                                  :purpose (s144.r / remind-01
                                                                                   :ARG0 s144.i
                                                                                   :ARG1 (s144.p2 / possible-01
                                                                                                  :ARG1-of (s144.h / have-degree-91
                                                                                                                   :ARG2 (s144.g / great)
                                                                                                                   :ARG3 (s144.m / more)))
                                                                                   :ARG2 s144.i)
                                                                  :ARG0 s144.i))))
   :snt145 (s145.v / version
                   :domain (s145.t / this)
                   :mod (s145.g / globalize-01)
                   :poss (s145.i / i
                                 :same-as s3.i))
   :snt146 (s146.t / take-01
                   :ARG0 (s146.w / we)
                   :ARG1 (s146.c / city
                                 :name (s146.n / name
                                               :op1 "Bogota"))
                   :mode "imperative")
   :snt147 (s147.a2 / and
                    :op1 (s147.p / person
                                 :ARG1-of (s147.s / surround-01
                                                  :ARG2 (s147.a / and
                                                                :op1 (s147.v / violence
                                                                             :ARG1-of (s147.r4 / run-16)
                                                                             :instrument (s147.g / gun))
                                                                :op2 (s147.t / traffic-01
                                                                             :ARG1 (s147.d / drug))))
                                 :mod (s147.p2 / poor)
                                 :mod (s147.e / ethnic-group
                                              :name (s147.n / name
                                                            :op1 "Latino")))
                    :op2 (s147.r / repute-01
                                 :ARG1 s147.p
                                 :ARG1-of (s147.r3 / resemble-01
                                                   :ARG2 (s147.r2 / repute-01
                                                                  :ARG1 (s147.c / city-district
                                                                                :name (s147.n2 / name
                                                                                               :op1 "South"
                                                                                               :op2 "Bronx")
                                                                                :same-as s16.c))
                                                   :polarity "-")))
   :snt148 (s148.c2 / contrast-01
                    :ARG2 (s148.b / bless-01
                                  :ARG0 (s148.p / person
                                                :name (s148.n / name
                                                              :op1 "Enrique"
                                                              :op2 "Penalosa")
                                                :ARG0-of (s148.i / influence-01
                                                                 :degree (s148.h2 / high-02))
                                                :ARG0-of (s148.h / have-org-role-91
                                                                 :ARG2 (s148.m / mayor)))
                                  :ARG1 (s148.c / city
                                                :mod (s148.t / this)
                                                :same-as s146.c)
                                  :time (s148.l / late
                                                :op1 (s148.d / date-entity
                                                             :decade "1990"))))
   :snt149 (s149.l / look-01
                   :ARG0 (s149.h / he
                                 :same-as s148.p)
                   :ARG1 (s149.d / demographics))
   :snt150 (s150.h / have-concession-91
                   :ARG1 (s150.o / own-01
                                 :ARG0 (s150.p / person
                                               :quant (s150.f / few)
                                               :mod (s150.c2 / city
                                                             :name (s150.n / name
                                                                           :op1 "stamp"
                                                                           :op2 "Bogatanos")))
                                 :ARG1 (s150.c / car))
                   :ARG2 (s150.d / dedicate-01
                                 :ARG1 (s150.p2 / portion
                                                :mod (s150.h2 / huge)
                                                :quant-of (s150.r / resource
                                                                  :poss (s150.c3 / city
                                                                                 :same-as s146.c)))
                                 :ARG2 (s150.s / serve-02
                                               :ARG0 s150.p2
                                               :ARG2 (s150.t / they
                                                             :same-as s150.c))))
   :snt151 (s151.p / possible-01
                   :ARG1 (s151.d / do-02
                                 :ARG0 (s151.y / you)
                                 :ARG1 (s151.s / something)
                                 :ARG2 (s151.t / that))
                   :condition (s151.h / have-org-role-91
                                      :ARG0 s151.y
                                      :ARG2 (s151.m / mayor)))
   :snt152 (s152.a2 / and
                    :op1 (s152.n / narrow-01
                                 :ARG0 (s152.g / government-organization
                                               :ARG0-of (s152.a / administrate-01)
                                               :poss (s152.h2 / he
                                                              :same-as s148.p))
                                 :ARG1 (s152.t2 / thoroughfare
                                                :ARG1-of (s152.k / key-02)
                                                :mod (s152.c / city))
                                 :ARG3 (s152.l / lane
                                               :quant "5")
                                 :ARG4 (s152.l2 / lane
                                                :quant "3"))
                    :op2 (s152.o / outlaw-01
                                 :ARG0 s152.g
                                 :ARG1 (s152.p / park-01
                                               :location (s152.s / street
                                                                 :mod (s152.t / that)
                                                                 :same-as s152.t2)))
                    :op3 (s152.e3 / expand-01
                                  :ARG0 s152.g
                                  :ARG1 (s152.a3 / and
                                                 :op1 (s152.w / walk-01
                                                              :ARG2 (s152.p2 / pedestrian))
                                                 :op2 (s152.l3 / lane
                                                               :purpose (s152.b / bike))))
                    :op4 (s152.c2 / create-01
                                  :ARG0 s152.g
                                  :ARG1 (s152.a4 / area
                                                 :ARG1-of (s152.p3 / public-02)))
                    :op5 (s152.c3 / create-01
                                  :ARG0 s152.g
                                  :ARG1 (s152.s2 / system
                                                 :ARG1-of (s152.i / include-91
                                                                  :ARG2 (s152.s3 / system
                                                                                 :ARG1-of (s152.e / efficient-01
                                                                                                  :ARG2-of (s152.h / have-degree-91
                                                                                                                   :ARG1 s152.s3
                                                                                                                   :ARG3 (s152.m / most)))
                                                                                 :location (s152.w2 / world
                                                                                                    :mod (s152.e2 / entire)
                                                                                                    :same-as s9.w7)
                                                                                 :mod (s152.t3 / transit
                                                                                               :mod (s152.b2 / bus)
                                                                                               :mod-of s152.s2))))))
   :snt153 (s153.i / impeach-01
                   :ARG1 (s153.h / he
                                 :same-as s148.p)
                   :ARG1-of (s153.c / cause-01
                                    :ARG0 (s153.e / effort-01
                                                  :ARG0 s153.h
                                                  :ARG1-of (s153.b / brilliant-01)))
                   :degree (s153.n / near))
   :snt154 (s154.c / contrast-01
                   :ARG2 (s154.t / thing
                                 :mod (s154.i / incredible)
                                 :time (s154.b / begin-01
                                               :ARG0 (s154.p / person)
                                               :ARG1 (s154.s / see-01
                                                             :ARG0 s154.p
                                                             :ARG1 (s154.p2 / put-01
                                                                            :ARG1 s154.p
                                                                            :ARG2 (s154.o / ordinal-entity
                                                                                          :value "1")
                                                                            :ARG2 (s154.i2 / issue-02
                                                                                           :ARG1-of (s154.r / reflect-01
                                                                                                            :ARG2 (s154.l / live-01
                                                                                                                          :ARG0 s154.p
                                                                                                                          :mod (s154.d / day
                                                                                                                                       :prep-to (s154.d2 / day))))))))))
   :snt155 (s155.a / and
                   :op1 (s155.s / stop-01
                                :ARG0 (s155.p / person)
                                :ARG1 (s155.l / litter-01
                                              :ARG0 s155.p))
                   :op2 (s155.d / drop-01
                                :ARG1 (s155.r / rate
                                              :frequency-of (s155.c2 / crime-02))
                                :ARG1-of (s155.c / cause-01
                                                 :ARG0 (s155.l2 / live-01
                                                                :ARG0 (s155.s2 / street)
                                                                :ARG0 (s155.p2 / person)))))
   :snt156 (s156.a3 / attack-01
                    :ARG0 (s156.g / government-organization
                                  :ARG0-of (s156.a2 / administrate-01)
                                  :poss (s156.h / he
                                                :same-as s148.p)
                                  :same-as s152.g)
                    :ARG1 (s156.p / problem
                                  :quant (s156.s / several)
                                  :ARG1-of (s156.t / typical-02)
                                  :mod (s156.c / city))
                    :manner (s156.b / budget-01
                                    :ARG1-of (s156.a / add-02)
                                    :mod (s156.w / world
                                                 :ord (s156.o2 / ordinal-entity
                                                               :value "3")))
                    :time (s156.o / one))
   :snt157 (s157.p / possible-01
                   :ARG1 (s157.e / excuse-02
                                 :ARG0 (s157.w / we))
                   :location (s157.c / country
                                     :mod (s157.t / this)
                                     :same-as s27.c)
                   :polarity "-")
   :snt158 (s158.s / sorry-01
                   :ARG1 (s158.i / i
                                 :same-as s3.i))
   :snt159 (s159.c3 / contrast-01
                    :ARG1 (s159.m / mean-02
                                  :ARG1 (s159.a3 / agenda
                                                 :ord (s159.o2 / ordinal-entity
                                                               :value "1")
                                                 :poss (s159.t2 / they
                                                                :same-as s152.g))
                                  :ARG2 (s159.p2 / penalize-01
                                                 :ARG0 s159.a3
                                                 :ARG1 (s159.p4 / person
                                                                :ARG0-of (s159.a2 / afford-01
                                                                                  :ARG1 (s159.c / car)
                                                                                  :ARG1-of (s159.a / actual-02)
                                                                                  :ARG1-of (s159.p6 / possible-01))
                                                                :mod (s159.t / that))
                                                 :ARG2-of (s159.i / instead-of-91
                                                                  :ARG1 (s159.p7 / provide-01
                                                                                 :ARG0 s159.a3
                                                                                 :ARG1 (s159.o / opportunity
                                                                                               :purpose (s159.p / participate-01
                                                                                                                :ARG0 (s159.p5 / person
                                                                                                                               :mod (s159.a4 / all)
                                                                                                                               :mod (s159.c2 / city
                                                                                                                                             :name (s159.n / name
                                                                                                                                                           :op1 "stamp"
                                                                                                                                                           :op2 "Bogatanos")))
                                                                                                                :ARG1 (s159.r / resurge-01
                                                                                                                              :ARG0 s159.c2)))
                                                                                 :ARG2 s159.p5)))
                                  :polarity "-")
                    :ARG2 (s159.l / line
                                  :mod (s159.b / bottom))
                    :rel (s159.p3 / person))
   :snt160 (s160.c3 / consider-01
                    :ARG1 (s160.i / idea
                                  :ARG1-of (s160.r / radical-02)
                                  :domain (s160.d / develop-02
                                                  :mod (s160.t / that)))
                    :location (s160.h / here
                                      :location (s160.c4 / country
                                                         :name (s160.n / name
                                                                       :op1 "US")
                                                         :same-as s27.c))
                    :mod (s160.s / still)
                    :rel (s160.r2 / recommend-01
                                  :ARG1 (s160.c / come-04
                                                :ARG1 s160.d
                                                :ARG2 (s160.c2 / compromise-02
                                                               :ARG0 s160.d
                                                               :ARG1 (s160.p / population
                                                                             :quant (s160.m / majority)))
                                                :polarity "-")))
   :snt161 (s161.c3 / contrast-01
                    :ARG2 (s161.e / empower-01
                                  :ARG1 (s161.e2 / example
                                                 :location (s161.c2 / city
                                                                    :name (s161.n / name
                                                                                  :op1 "Bogota")
                                                                    :same-as s146.c))
                                  :ARG2 (s161.c / change-01
                                                :ARG0 s161.e2
                                                :ARG1 (s161.t / that))))
   :snt162 (s162.c / contrast-01
                   :ARG2 (s162.b / bless-01
                                 :ARG1 (s162.y / you
                                               :same-as s2.y)
                                 :ARG2 (s162.g / gift-01
                                               :ARG0 s162.y
                                               :ARG1 (s162.i / influence-01))))
   :snt163 (s163.a / and
                   :ARG1-of (s163.c / cause-01
                                    :ARG0 (s163.t / that
                                                  :same-as s162.g))
                   :op1 (s163.b / be-located-at-91
                                :ARG1 (s163.y / you
                                              :same-as s2.y)
                                :ARG2 (s163.h / here))
                   :op2 (s163.v / value-02
                                :ARG0 s163.y
                                :ARG1 (s163.i / information
                                              :ARG1-of (s163.e / exchange-01
                                                               :ARG0 (s163.w / we)))))
   :snt164 (s164.u / use-01
                   :ARG0 (s164.y / you)
                   :ARG1 (s164.i / influence-01
                                 :ARG0 s164.y)
                   :ARG2 (s164.s / support-01
                                 :ARG0 s164.y
                                 :ARG1 (s164.c / change-01
                                               :ARG1-of (s164.s2 / sustain-01
                                                                 :ARG1-of (s164.p / possible-01))
                                               :location (s164.e / everywhere)
                                               :mod (s164.c2 / comprehensive)))
                   :mode "imperative")
   :snt165 (s165.t / talk-01
                   :ARG0 (s165.y / you)
                   :ARG1 (s165.i / it
                                 :same-as s164.c2)
                   :location (s165.p / publication
                                     :name (s165.n / name
                                                   :op1 "TED")
                                     :same-as s5.c2)
                   :mod (s165.j / just)
                   :mode "imperative"
                   :polarity "-")
   :snt166 (s166.a3 / and
                    :op1 (s166.t2 / try-01
                                  :ARG0 (s166.i / i
                                                :same-as s3.i)
                                  :ARG1 (s166.b / build-01
                                                :ARG0 s166.i
                                                :ARG1 (s166.a / agenda
                                                              :domain (s166.t / this
                                                                              :same-as s164.c2)
                                                              :mod (s166.n / nationwide)
                                                              :topic (s166.p2 / policy-01))))
                    :op2 (s166.p / personal-02
                                 :ARG1 (s166.p3 / politics)
                                 :ARG1-of (s166.k / know-01
                                                  :ARG0 (s166.y / you
                                                                :mod (s166.a2 / all)))))
   :snt167 (s167.h / help-01
                   :ARG0 (s167.y / you)
                   :ARG1 (s167.m / make-01
                                 :ARG0 (s167.i / i
                                               :same-as s3.i)
                                 :ARG1 (s167.b / black-04
                                               :ARG1 (s167.p / political-party
                                                             :name (s167.n / name
                                                                           :op1 "Green"))
                                               :ARG1-of (s167.n2 / new-01)))
                   :ARG2 s167.i
                   :mode "imperative")
   :snt168 (s168.h / help-01
                   :ARG0 (s168.y / you)
                   :ARG1 (s168.m / make-02
                                 :ARG0 (s168.i / i
                                               :same-as s3.i)
                                 :ARG1 (s168.s / sexy
                                               :domain (s168.s2 / sustain-01
                                                                :ARG1-of (s168.p / possible-01))))
                   :ARG2 s168.i
                   :mode "imperative")
   :snt169 (s169.m / make-02
                   :ARG0 (s169.y / you)
                   :ARG1 (s169.i / it
                                 :ARG2-of (s169.h / have-part-91
                                                  :ARG1 (s169.c2 / converse-01
                                                                 :ARG0 s169.y
                                                                 :ARG1 (s169.a / and
                                                                               :op1 (s169.d / dinner)
                                                                               :op2 (s169.c / cocktail))))
                                 :same-as s168.s2)
                   :mode "imperative")
   :snt170 (s170.h / help-01
                   :ARG0 (s170.y / you)
                   :ARG1 (s170.f / fight-01
                                 :ARG0 (s170.i / i
                                               :same-as s3.i)
                                 :ARG2 (s170.a / and
                                               :op1 (s170.j / justice
                                                            :mod (s170.e2 / environment))
                                               :op2 (s170.j2 / justice
                                                             :mod (s170.e / economy))))
                   :ARG2 s170.i
                   :mode "imperative")
   :snt171 (s171.s / support-01
                   :ARG0 (s171.y / you)
                   :ARG1 (s171.i / invest-01
                                 :ARG1-of (s171.r / return-06
                                                  :ARG1-of (s171.t / triple-01)
                                                  :mod (s171.l / line
                                                               :mod (s171.b / bottom))))
                   :mode "imperative")
   :snt172 (s172.h / help-01
                   :ARG0 (s172.y / you)
                   :ARG1 (s172.d / democratize-01
                                 :ARG0 (s172.i / i
                                               :same-as s3.i)
                                 :ARG1 (s172.s / sustain-01
                                               :ARG1-of (s172.p2 / possible-01))
                                 :manner (s172.a2 / and
                                                  :op1 (s172.b / bring-01
                                                               :ARG0 s172.i
                                                               :ARG1 (s172.e / everyone)
                                                               :ARG2 (s172.t / table))
                                                  :op2 (s172.i2 / insist-01
                                                                :ARG0 s172.i
                                                                :ARG1 (s172.p3 / possible-01
                                                                               :ARG1 (s172.a / address-02
                                                                                             :ARG1 (s172.p / plan-01
                                                                                                           :mod (s172.c / comprehensive))
                                                                                             :location (s172.e2 / everywhere))))))
                   :ARG2 s172.i
                   :mode "imperative")
   :snt173 (s173.g / glad-02
                   :ARG0 (s173.h / have-03
                                 :ARG0 (s173.i / i
                                               :same-as s3.i)
                                 :ARG1 (s173.t / time
                                               :quant (s173.m / more
                                                              :quant (s173.l / little))))
                   :ARG1 s173.i
                   :ARG1-of (s173.g2 / good-02
                                     :mod (s173.o / oh))
                   :mode "expressive")
   :snt174 (s174.l / listen-01
                   :ARG1 (s174.a3 / ask-01
                                  :ARG0 (s174.i / i
                                                :same-as s3.i)
                                  :ARG1 (s174.t / thing
                                                :manner-of (s174.i2 / include-01
                                                                    :ARG1 (s174.a / activist
                                                                                  :purpose (s174.j / justice
                                                                                                   :mod (s174.e / environment)))
                                                                    :ARG2 (s174.s2 / strategy
                                                                                   :purpose (s174.m / market-01)
                                                                                   :ARG1-of (s174.n2 / new-01)
                                                                                   :poss (s174.p / person
                                                                                                 :name (s174.n / name
                                                                                                               :op1 "Mr."
                                                                                                               :op2 "Gore")
                                                                                                 :ARG2-of s174.a3
                                                                                                 :same-as s174.n))))
                                  :time (s174.s / speak-01
                                                :ARG1 s174.p
                                                :time (s174.d / day
                                                              :mod (s174.o / other))
                                                :time (s174.a2 / after
                                                               :op1 (s174.b / breakfast-01
                                                                            :ARG0 s174.i)))))
   :snt175 (s175.r / respond-01
                   :ARG0 (s175.h / he
                                 :same-as s174.n)
                   :ARG2 (s175.p / program
                                 :mod (s175.g / grant-01)))
   :snt176 (s176.t / think-01
                   :ARG0 (s176.i / i
                                 :same-as s3.i)
                   :ARG1 (s176.u / understand-01
                                 :ARG0 (s176.h / he
                                               :same-as s174.n)
                                 :ARG1 (s176.a / ask-02
                                               :ARG0 s176.i
                                               :ARG1 (s176.f / fund-01)
                                               :polarity "-"))
                   :polarity "-")
   :snt177 (s177.o / offer-01
                   :ARG0 (s177.i / i
                                 :same-as s3.i)
                   :ARG3 (s177.h / he
                                 :same-as s174.n))
   :snt178 (s178.t3 / trouble-01
                    :ARG0 (s178.b / be-located-at-91
                                  :ARG1 (s178.a / approach-02
                                                :mod (s178.t2 / top
                                                              :direction (s178.d / down))
                                                :mod (s178.t / this))
                                  :ARG2 (s178.a2 / around)
                                  :mod (s178.s / still))
                    :ARG1 (s178.i / i
                                  :same-as s3.i))
   :snt179 (s179.w2 / wrong-04
                    :ARG1 (s179.y / you)
                    :ARG2 (s179.i / i
                                  :same-as s3.i)
                    :ARG2 (s179.n / need-01
                                  :ARG0 (s179.w / we)
                                  :ARG1 (s179.m / money))
                    :time (s179.n2 / now)
                    :mode "imperative"
                    :polarity "-")
   :snt180 (s180.c / contrast-01
                   :ARG2 (s180.n / need-01
                                 :ARG1 (s180.g2 / group
                                                :ARG0-of (s180.t / table-01)
                                                :mod (s180.g / grass-roots))
                                 :time (s180.p / process-02
                                               :ARG1 (s180.d / decide-01))))
   :snt181 (s181.a / add-02
                   :ARG0 (s181.y / you)
                   :ARG1 (s181.w2 / waste-01
                                  :ARG0 s181.y
                                  :ARG1 (s181.a2 / and
                                                 :op1 (s181.e4 / energy
                                                               :poss s181.y)
                                                 :op2 (s181.i2 / intelligent-01
                                                               :ARG1 s181.y)
                                                 :op3 (s181.e5 / experience-01
                                                               :ARG0 s181.y
                                                               :ARG1-of (s181.e / earn-01
                                                                                :ARG0 s181.y
                                                                                :ARG1-of (s181.h / hard-02)))))
                   :ARG2 (s181.c / count-01
                                 :mod (s181.t2 / that))
                   :condition (s181.e2 / energy
                                       :ARG1-of (s181.i / include-91
                                                        :ARG2 (s181.e3 / energy
                                                                       :ARG1-of (s181.w / waste-01
                                                                                        :ARG0 (s181.w3 / we)
                                                                                        :ARG1-of (s181.r2 / remind-01
                                                                                                          :ARG0 (s181.p2 / person
                                                                                                                         :name (s181.n / name
                                                                                                                                       :op1 "Mr."
                                                                                                                                       :op2 "Gore")
                                                                                                                         :same-as s174.n)
                                                                                                          :ARG2 s181.w3)
                                                                                        :frequency (s181.r / rate-entity-91
                                                                                                           :ARG3 (s181.t / temporal-quantity
                                                                                                                         :unit (s181.d / day)
                                                                                                                         :quant "1"))))
                                                        :ARG3 (s181.p / percentage-entity
                                                                      :value "90")))
                   :mode "imperative"
                   :polarity "-")
   :snt182 (s182.c / come-01
                   :purpose (s182.m / meet-02
                                    :ARG0 (s182.i / i
                                                  :same-as s3.i)
                                    :ARG1 (s182.y / you
                                                  :same-as s2.y)
                                    :ARG1-of (s182.r / resemble-01
                                                     :ARG2 (s182.t / this)))
                   :ARG1 s182.i
                   :time (s182.s / so-far))
   :snt183 (s183.w / waste-01
                   :ARG0 (s183.y / you)
                   :ARG1 (s183.i / i
                                 :same-as s3.i)
                   :mode "imperative"
                   :polarity "-"
                   :polite "+")
   :snt184 (s184.p / possible-01
                   :ARG1 (s184.b / become-01
                                 :ARG1 (s184.w / we
                                               :same-as s41.w)
                                 :ARG2 (s184.i / include-91
                                               :ARG1 s184.w
                                               :ARG2 (s184.g / group
                                                             :ARG1-of (s184.g2 / grow-01
                                                                               :manner (s184.r / rapid))
                                                             :consist-of (s184.i2 / individual
                                                                                  :ARG0-of (s184.h / have-03
                                                                                                   :ARG1 (s184.a2 / and
                                                                                                                  :purpose (s184.b2 / believe-01
                                                                                                                                    :ARG0 s184.i2
                                                                                                                                    :ARG1 (s184.p2 / possible-01
                                                                                                                                                   :ARG1 (s184.c / change-01
                                                                                                                                                                 :ARG0 s184.w
                                                                                                                                                                 :ARG1 (s184.w3 / world))))
                                                                                                                  :op1 (s184.a3 / audacity)
                                                                                                                  :op2 (s184.c2 / courage))
                                                                                                   :ARG1-of (s184.a / actual-02
                                                                                                                    :ARG1 s184.p2)))
                                                             :mod (s184.s / small))))
                   :manner (s184.w2 / work-01
                                    :ARG0 s184.w
                                    :manner (s184.t / together)))
   :snt185 (s185.c3 / contrast-01
                    :ARG1 (s185.p / possible-01
                                  :ARG1 (s185.c / come-01
                                                :ARG1 (s185.w / we
                                                              :same-as s41.w)
                                                :ARG4 (s185.c2 / conference
                                                               :mod (s185.t2 / this))
                                                :source (s185.s2 / station
                                                                 :ARG1-of (s185.d / differ-02
                                                                                  :degree (s185.v / very))
                                                                 :time (s185.l / life))))
                    :ARG2 (s185.b / believe-01
                                  :ARG0 (s185.y / you)
                                  :ARG1 (s185.i / i
                                                :same-as s3.i)
                                  :ARG2 (s185.s / share-01
                                                :ARG0 s185.w
                                                :ARG1 (s185.t / thing
                                                              :ARG1-of (s185.p3 / powerful-02
                                                                                :degree (s185.i3 / incredible))
                                                              :ARG1-of (s185.m / mean-01
                                                                               :ARG2 (s185.h / have-03
                                                                                             :ARG0 s185.w
                                                                                             :ARG1 (s185.a2 / and
                                                                                                            :op1 (s185.n / nothing
                                                                                                                         :ARG1-of (s185.l2 / lose-02
                                                                                                                                           :ARG0 s185.w))
                                                                                                            :op2 (s185.e / everything
                                                                                                                         :ARG1-of (s185.g / gain-02
                                                                                                                                          :ARG0 s185.w
                                                                                                                                          :ARG1-of (s185.p2 / possible-01))))))
                                                              :quant "1")))
                    :rel (s185.i2 / include-91
                                  :ARG2 s185.w
                                  :ARG3 (s185.a / all
                                                :same-as s41.w)))
   :snt186 (s186.b / bell
                   :mode "expressive"
                   :same-as s3.i))

