# ::id doc-876
# ::doc_file doc-876
# ::tok http : / / www . ted . com / talks / iwan_baan_ingenious_homes_in_unexpected_places< / url> <next_sent> Throughout my career , I 've been fortunate enough to work with many of the great international architects , documenting their work and observing how their designs have the capacity to influence the cities in which they sit . <next_sent> I think of new cities like Dubai or ancient cities like Rome with Zaha Hadid 's incredible MAXXI museum , or like right here in New York with the High Line , a city which has been so much influenced by the development of this . <next_sent> But what I find really fascinating is what happens when architects and planners leave and these places become appropriated by people , like here in Chandigarh , India , the city which has been completely designed by the architect Le Corbusier . <next_sent> Now 60 years later , the city has been taken over by people in very different ways from whatever perhaps intended for , like here , where you have the people sitting in the windows of the assembly hall . <next_sent> But over the course of several years , I 've been documenting Rem Koolhaas 's CCTV building in Beijing and the olympic stadium in the same city by the architects Herzog and de Meuron . <next_sent> At these large - scale construction sites in China , you see a sort of makeshift camp where workers live during the entire building process . <next_sent> As the length of the construction takes years , workers end up forming a rather rough - and - ready informal city , making for quite a juxtaposition against the sophisticated structures that they 're building . <next_sent> Over the past seven years , I 've been following my fascination with the built environment , and for those of you who know me , you would say that this obsession has led me to live out of a suitcase 365 days a year . <next_sent> Being constantly on the move means that sometimes I am able to catch life 's most unpredictable moments , like here in New York the day after the Sandy storm hit the city . <next_sent> Just over three years ago , I was for the first time in Caracas , Venezuela , and while flying over the city , I was just amazed by the extent to which the slums reach into every corner of the city , a place where nearly 70 percent of the population lives in slums , draped literally all over the mountains . <next_sent> During a conversation with local architects Urban - Think Tank , I learned about the Torre David , a 45 - story office building which sits right in the center of Caracas . <next_sent> The building was under construction until the collapse of the Venezuelan economy and the death of the developer in the early ' 90s . <next_sent> About eight years ago , people started moving into the abandoned tower and began to build their homes right in between every column of this unfinished tower . <next_sent> There 's only one little entrance to the entire building , and the 3,000 residents come in and out through that single door . <next_sent> Together , the inhabitants created public spaces and designed them to feel more like a home and less like an unfinished tower . <next_sent> In the lobby , they painted the walls and planted trees . <next_sent> They also made a basketball court . <next_sent> But when you look up closely , you see massive holes where elevators and services would have run through . <next_sent> Within the tower , people have come up with all sorts of solutions in response to the various needs which arise from living in an unfinished tower . <next_sent> With no elevators , the tower is like a 45 - story walkup . <next_sent> Designed in very specific ways by this group of people who have n't had any education in architecture or design . <next_sent> And with each inhabitant finding their own unique way of coming by , this tower becomes like a living city , a place which is alive with micro - economies and small businesses . <next_sent> The inventive inhabitants , for instance , find opportunities in the most unexpected cases , like the adjacent parking garage , which has been reclaimed as a taxi route to shuttle the inhabitants up through the ramps in order to shorten the hike up to the apartments . <next_sent> A walk through the tower reveals how residents have figured out how to create walls , how to make an air flow , how to create transparency , circulation throughout the tower , essentially creating a home that 's completely adapted to the conditions of the site . <next_sent> When a new inhabitant moves into the tower , they already have a roof over their head , so they just typically mark their space with a few curtains or sheets . <next_sent> Slowly , from found materials , walls rise , and people create a space out of any found objects or materials . <next_sent> It 's remarkable to see the design decisions that they 're making , like when everything is made out of red bricks , some residents will cover that red brick with another layer of red brick - patterned wallpaper just to make it a kind of clean finish . <next_sent> The inhabitants literally built up these homes with their own hands , and this labor of love instills a great sense of pride in many families living in this tower . <next_sent> They typically make the best out of their conditions , and try to make their spaces look nice and homey , or at least up until as far as they can reach . <next_sent> Throughout the tower , you come across all kinds of services , like the barber , small factories , and every floor has a little grocery store or shop . <next_sent> And you even find a church . <next_sent> And on the 30th floor , there is a gym where all the weights and barbells are made out of the leftover pulleys from the elevators which were never installed . <next_sent> From the outside , behind this always - changing facade , you see how the fixed concrete beams provide a framework for the inhabitants to create their homes in an organic , intuitive way that responds directly to their needs . <next_sent> Let 's go now to Africa , to Nigeria , to a community called Makoko , a slum where 150,000 people live just meters above the Lagos Lagoon . <next_sent> While it may appear to be a completely chaotic place , when you see it from above , there seems to be a whole grid of waterways and canals connecting each and every home . <next_sent> From the main dock , people board long wooden canoes which carry them out to their various homes and shops located in the expansive area . <next_sent> When out on the water , it 's clear that life has been completely adapted to this very specific way of living . <next_sent> Even the canoes become variety stores where ladies paddle from house to house , selling anything from toothpaste to fresh fruits . <next_sent> Behind every window and door frame , you 'll see a small child peering back at you , and while Makoko seems to be packed with people , what 's more shocking is actually the amount of children pouring out of every building . <next_sent> The population growth in Nigeria , and especially in these areas like Makoko , are painful reminders of how out of control things really are . <next_sent> In Makoko , very few systems and infrastructures exist . <next_sent> Electricity is rigged and freshest water comes from self - built wells throughout the area . <next_sent> This entire economic model is designed to meet a specific way of living on the water , so fishing and boat - making are common professions . <next_sent> You 'll have a set of entrepreneurs who have set up businesses throughout the area , like barbershops , CD and DVD stores , movie theaters , tailors , everything is there . <next_sent> There is even a photo studio where you see the sort of aspiration to live in a real house or to be associated with a faraway place , like that hotel in Sweden . <next_sent> On this particular evening , I came across this live band dressed to the T in their coordinating outfits . <next_sent> They were floating through the canals in a large canoe with a fitted - out generator for all of the community to enjoy . <next_sent> By nightfall , the area becomes almost pitch black , save for a small lightbulb or a fire . <next_sent> What originally brought me to Makoko was this project from a friend of mine , Kunlé Adeyemi , who recently finished building this three - story floating school for the kids in Makoko . <next_sent> With this entire village existing on the water , public space is very limited , so now that the school is finished , the ground floor is a playground for the kids , but when classes are out , the platform is just like a town square , where the fishermen mend their nets and floating shopkeepers dock their boats . <next_sent> Another place I 'd like to share with you is the Zabbaleen in Cairo . <next_sent> They 're descendants of farmers who began migrating from the upper Egypt in the ' 40s , and today they make their living by collecting and recycling waste from homes from all over Cairo . <next_sent> For years , the Zabbaleen would live in makeshift villages where they would move around trying to avoid the local authorities , but in the early 1980 s , they settled on the Mokattam rocks just at the eastern edge of the city . <next_sent> Today , they live in this area , approximately 50,000 to 70,000 people , who live in this community of self - built multi - story houses where up to three generations live in one structure . <next_sent> While these apartments that they built for themselves appear to lack any planning or formal grid , each family specializing in a certain form of recycling means that the ground floor of each apartment is reserved for garbage - related activities and the upper floor is dedicated to living space . <next_sent> I find it incredible to see how these piles and piles of garbage are invisible to the people who live there , like this very distinguished man who is posing while all this garbage is sort of streaming out behind him , or like these two young men who are sitting and chatting amongst these tons of garbage . <next_sent> While to most of us , living amongst these piles and piles of garbage may seem totally uninhabitable , to those in the Zabbaleen , this is just a different type of normal . <next_sent> In all these places I 've talked about today , what I do find fascinating is that there 's really no such thing as normal , and it proves that people are able to adapt to any kind of situation . <next_sent> Throughout the day , it 's quite common to come across a small party taking place in the streets , just like this engagement party . <next_sent> In this tradition , the bride - to - be displays all of their belongings , which they soon bring to their new husband . <next_sent> A gathering like this one offers such a juxtaposition where all the new stuff is displayed and all the garbage is used as props to display all their new home accessories . <next_sent> Like Makoko and the Torre David , throughout the Zabbaleen you 'll find all the same facilities as in any typical neighborhood . <next_sent> There are the retail shops , the cafes and the restaurants , and the community is this community of Coptic Christians , so you 'll also find a church , along with the scores of religious iconographies throughout the area , and also all the everyday services like the electronic repair shops , the barbers , everything . <next_sent> Visiting the homes of the Zabbaleen is also full of surprises . <next_sent> While from the outside , these homes look like any other informal structure in the city , when you step inside , you are met with all manner of design decisions and interior decoration . <next_sent> Despite having limited access to space and money , the homes in the area are designed with care and detail . <next_sent> Every apartment is unique , and this individuality tells a story about each family 's circumstances and values . <next_sent> Many of these people take their homes and interior spaces very seriously , putting a lot of work and care into the details . <next_sent> The shared spaces are also treated in the same manner , where walls are decorated in faux marble patterns . <next_sent> But despite this elaborate decor , sometimes these apartments are used in very unexpected ways , like this home which caught my attention while all the mud and the grass was literally seeping out under the front door . <next_sent> When I was let in , it appeared that this fifth - floor apartment was being transformed into a complete animal farm , where six or seven cows stood grazing in what otherwise would be the living room . <next_sent> But then in the apartment across the hall from this cow shed lives a newly married couple in what locals describe as one of the nicest apartments in the area . <next_sent> The attention to this detail astonished me , and as the owner of the home so proudly led me around this apartment , from floor to ceiling , every part was decorated . <next_sent> But if it were n't for the strangely familiar stomach - churning odor that constantly passes through the apartment , it would be easy to forget that you are standing next to a cow shed and on top of a landfill . <next_sent> What moved me the most was that despite these seemingly inhospitable conditions , I was welcomed with open arms into a home that was made with love , care , and unreserved passion . <next_sent> Let 's move across the map to China , to an area called Shanxi , Henan and Gansu . <next_sent> In a region famous for the soft , porous Loess Plateau soil , there lived until recently an estimated 40 million people in these houses underground . <next_sent> These dwellings are called the yaodongs . <next_sent> Through this architecture by subtraction , these yaodongs are built literally inside of the soil . <next_sent> In these villages , you see an entirely altered landscape , and hidden behind these mounds of dirt are these square , rectangular houses which sit seven meters below the ground . <next_sent> When I asked people why they were digging their houses from the ground , they simply replied that they are poor wheat and apple farmers who did n't have the money to buy materials , and this digging out was their most logical form of living . <next_sent> From Makoko to Zabbaleen , these communities have approached the tasks of planning , design and management of their communities and neighborhoods in ways that respond specifically to their environment and circumstances . <next_sent> Created by these very people who live , work and play in these particular spaces , these neighborhoods are intuitively designed to make the most of their circumstances . <next_sent> In most of these places , the government is completely absent , leaving inhabitants with no choice but to reappropriate found materials , and while these communities are highly disadvantaged , they do present examples of brilliant forms of ingenuity , and prove that indeed we have the ability to adapt to all manner of circumstances . <next_sent> What makes places like the Torre David particularly remarkable is this sort of skeleton framework where people can have a foundation where they can tap into . <next_sent> Now imagine what these already ingenious communities could create themselves , and how highly particular their solutions would be , if they were given the basic infrastructures that they could tap into . <next_sent> Today , you see these large residential development projects which offer cookie - cutter housing solutions to massive amounts of people . <next_sent> From China to Brazil , these projects attempt to provide as many houses as possible , but they 're completely generic and simply do not work as an answer to the individual needs of the people . <next_sent> I would like to end with a quote from a friend of mine and a source of inspiration , Zita Cobb , the founder of the wonderful Shorefast Foundation , based out of Fogo Island , Newfoundland . <next_sent> She says that " there 's this plague of sameness which is killing the human joy , " and I could n't agree with her more . <next_sent> Thank you .
(d / document
   :snt1 (s1.u / url-entity
               :mod (s1.b / by-oneself)
               :polarity "-")
   :snt2 (s2.f / fortunate-01
               :ARG1 (s2.i / i)
               :ARG2 (s2.w / work-01
                           :ARG0 s2.i
                           :ARG3 (s2.m / many
                                       :ARG1-of (s2.i2 / include-91
                                                       :ARG2 (s2.p / person
                                                                   :ARG0-of (s2.a2 / architect-00)
                                                                   :mod (s2.i4 / international)
                                                                   :mod (s2.g / great))))
                           :subevent (s2.a / and
                                           :op1 (s2.d2 / document-01
                                                       :ARG0 s2.i
                                                       :ARG1 (s2.w2 / work-01
                                                                    :ARG0 s2.p))
                                           :op2 (s2.o / observe-01
                                                      :ARG0 s2.i
                                                      :ARG1 (s2.t / thing
                                                                  :manner-of (s2.c / capable-01
                                                                                   :ARG1 (s2.d / design-01
                                                                                               :ARG0 s2.p)
                                                                                   :ARG2 (s2.i3 / influence-01
                                                                                                :ARG0 s2.d
                                                                                                :ARG1 (s2.c3 / city
                                                                                                             :ARG2-of (s2.s / sit-01
                                                                                                                            :ARG1 s2.p))))))))
               :ARG2-of (s2.h / have-degree-91
                              :ARG1 s2.i
                              :ARG3 (s2.e / enough))
               :duration (s2.c2 / career
                                :poss s2.i))
   :snt3 (s3.t / think-01
               :ARG0 (s3.i / i
                           :same-as s2.i)
               :ARG1 (s3.o / or
                           :op1 (s3.c / city
                                      :ARG1-of (s3.n7 / new-01)
                                      :ARG1-of (s3.r / resemble-01
                                                     :ARG2 (s3.c2 / city
                                                                  :name (s3.n / name
                                                                              :op1 "Dubai"))))
                           :op2 (s3.c3 / city
                                       :example (s3.c4 / city
                                                       :name (s3.n2 / name
                                                                    :op1 "Rome")
                                                       :ARG0-of (s3.h / have-03
                                                                      :ARG1 (s3.m2 / museum
                                                                                   :name (s3.n4 / name
                                                                                                :op1 "MAXXI")
                                                                                   :mod (s3.i2 / incredible)
                                                                                   :poss (s3.p / person
                                                                                               :name (s3.n3 / name
                                                                                                            :op1 "Zaha"
                                                                                                            :op2 "Hadid")))))
                                       :mod (s3.a / ancient))
                           :op3 (s3.h3 / here
                                       :location (s3.c5 / city
                                                        :name (s3.n5 / name
                                                                     :op1 "New"
                                                                     :op2 "York")
                                                        :ARG0-of (s3.h2 / have-03
                                                                        :ARG1 (s3.f / facility
                                                                                    :name (s3.n6 / name
                                                                                                 :op1 "High"
                                                                                                 :op2 "Line")
                                                                                    :ARG1-of (s3.i3 / influence-01
                                                                                                    :ARG0 (s3.d / develop-02
                                                                                                                :ARG1 (s3.t2 / this))
                                                                                                    :degree (s3.m / much
                                                                                                                  :degree (s3.s / so))))))
                                       :mod (s3.r2 / right))))
   :snt4 (s4.c3 / contrast-01
                :ARG2 (s4.f2 / find-02
                             :ARG0 (s4.i / i
                                         :same-as s2.i)
                             :ARG1 (s4.f / fascinate-01
                                         :ARG0 (s4.t / thing
                                                     :time (s4.a2 / and
                                                                  :op1 (s4.l / leave-11
                                                                             :ARG0 (s4.a / and
                                                                                         :op1 (s4.p / person
                                                                                                    :ARG0-of (s4.a5 / architect-00))
                                                                                         :op2 (s4.p2 / person
                                                                                                     :ARG0-of (s4.p5 / plan-01))))
                                                                  :op2 (s4.b / become-01
                                                                             :ARG1 (s4.p4 / place
                                                                                          :mod (s4.t2 / this))
                                                                             :ARG2 (s4.a3 / appropriate-01
                                                                                          :ARG0 (s4.p3 / person
                                                                                                       :example (s4.c / city
                                                                                                                      :name (s4.n / name
                                                                                                                                  :op1 "Chandigarh")
                                                                                                                      :ARG1-of (s4.d / design-01
                                                                                                                                     :ARG0 (s4.a4 / architect
                                                                                                                                                  :name (s4.n3 / name
                                                                                                                                                               :op1 "Le"
                                                                                                                                                               :op2 "Corbusier"))
                                                                                                                                     :ARG1-of (s4.c2 / complete-02))
                                                                                                                      :location (s4.c4 / country
                                                                                                                                       :name (s4.n2 / name
                                                                                                                                                    :op1 "India"))
                                                                                                                      :mod (s4.h / here)))
                                                                                          :ARG1 s4.p4))))
                                         :degree (s4.r / really))))
   :snt5 (s5.t / take-over-12
               :ARG0 (s5.p / person)
               :ARG1 (s5.c / city
                           :same-as s4.d)
               :manner (s5.w / way
                             :ARG1-of (s5.d / differ-02
                                            :ARG2 (s5.w2 / whatever
                                                         :ARG1-of (s5.i / intend-01
                                                                        :ARG1-of (s5.p3 / possible-01)))
                                            :degree (s5.v / very))
                             :example (s5.h3 / here
                                             :location-of (s5.h2 / have-03
                                                                 :ARG0 (s5.y2 / you)
                                                                 :ARG1 (s5.s / sit-01
                                                                             :ARG1 (s5.p2 / person)
                                                                             :ARG2 (s5.w3 / window
                                                                                          :part-of (s5.h / hall
                                                                                                         :location-of (s5.a2 / assemble-02)))))))
               :time (s5.a / after
                           :quant (s5.t2 / temporal-quantity
                                         :unit (s5.y / year)
                                         :quant "60")))
   :snt6 (s6.c2 / contrast-01
                :ARG2 (s6.d2 / document-01
                             :ARG0 (s6.i / i
                                         :same-as s2.i)
                             :ARG0 (s6.a2 / and
                                          :op1 (s6.p2 / person
                                                      :name (s6.n5 / name
                                                                   :op1 "Herzog")
                                                      :ARG0-of (s6.d / design-01
                                                                     :ARG0 (s6.p3 / person
                                                                                  :name (s6.n6 / name
                                                                                               :op1 "de"
                                                                                               :op2 "Meuron")
                                                                                  :op2-of s6.a2))))
                             :ARG1 (s6.a / and
                                         :op1 (s6.b / building
                                                    :location (s6.c / city
                                                                    :name (s6.n3 / name
                                                                                 :op1 "Beijing"))
                                                    :mod (s6.p4 / publication
                                                                :name (s6.n2 / name
                                                                             :op1 "CCTV"))
                                                    :poss (s6.p / person
                                                                :name (s6.n / name
                                                                            :op1 "Rem"
                                                                            :op2 "Koolhaas")))
                                         :op2 (s6.s2 / stadium
                                                     :location s6.c
                                                     :mod (s6.g / game
                                                                :name (s6.n4 / name
                                                                             :op1 "Olympics"))))
                             :duration (s6.s / several
                                             :op1 (s6.t / temporal-quantity
                                                        :unit (s6.y / year)
                                                        :quant "1"))))
   :snt7 (s7.s / see-01
               :ARG0 (s7.y / you)
               :ARG1 (s7.c / camp
                           :location-of (s7.l2 / live-01
                                               :ARG0 (s7.p / person
                                                           :ARG0-of (s7.w / work-01))
                                               :time (s7.p2 / process-02
                                                            :ARG1 (s7.b / build-01)
                                                            :mod (s7.e / entire)))
                           :mod (s7.m / makeshift)
                           :mod (s7.s3 / sort))
               :location (s7.s2 / site
                                :location (s7.c3 / country
                                                 :name (s7.n / name
                                                             :op1 "China"))
                                :location-of (s7.c2 / construct-01)
                                :mod (s7.l / large-scale)
                                :mod (s7.t / this)))
   :snt8 (s8.c / cause-01
               :ARG0 (s8.t / take-10
                           :ARG0 (s8.l / long-03
                                       :ARG1 (s8.c3 / construct-01))
                           :ARG1 (s8.m2 / multiple
                                        :op1 (s8.t2 / temporal-quantity
                                                    :unit (s8.y / year)
                                                    :quant "1")))
               :ARG1 (s8.e / end-up-03
                           :ARG0-of (s8.m / make-02
                                          :ARG1 (s8.j / juxtapose-01
                                                      :ARG2 (s8.s2 / structure
                                                                   :ARG1-of (s8.b / build-01
                                                                                  :ARG0 (s8.p / person
                                                                                              :ARG0-of (s8.w / work-01)))
                                                                   :mod (s8.s / sophisticated))
                                                      :degree (s8.q / quite)))
                           :ARG1 s8.p
                           :ARG2 (s8.f / form-01
                                       :ARG0 s8.p
                                       :ARG1 (s8.c2 / city
                                                    :ARG1-of (s8.r2 / ready-01
                                                                    :degree (s8.r / rather))
                                                    :mod (s8.f2 / formal
                                                                :polarity "-"))))
               :rel (s8.r3 / rough-04
                           :degree s8.r))
   :snt9 (s9.a / and
               :op1 (s9.f2 / follow-02
                           :ARG0 (s9.i / i
                                       :same-as s2.i)
                           :ARG1 (s9.f / fascinate-01
                                       :ARG0 (s9.e / environment
                                                   :ARG1-of (s9.b2 / build-01))
                                       :ARG1 s9.i)
                           :time (s9.b / before
                                       :duration (s9.t / temporal-quantity
                                                       :unit (s9.y / year)
                                                       :quant "7")
                                       :op1 (s9.n / now)))
               :op2 (s9.s / say-01
                          :ARG0 (s9.t4 / that
                                       :ARG1-of (s9.i2 / include-91
                                                       :ARG2 (s9.y3 / you
                                                                    :ARG0-of (s9.k / know-02
                                                                                   :ARG1 s9.i))))
                          :ARG1 (s9.l / lead-03
                                      :ARG0 (s9.o / obsess-01
                                                  :ARG1 s9.f
                                                  :mod (s9.t5 / this)
                                                  :same-as s9.f)
                                      :ARG1 s9.i
                                      :ARG2 (s9.l2 / live-01
                                                   :ARG0 s9.i
                                                   :duration (s9.r / rate-entity-91
                                                                   :ARG1 (s9.t2 / temporal-quantity
                                                                                :unit (s9.d / day)
                                                                                :quant "365")
                                                                   :ARG2 (s9.t3 / temporal-quantity
                                                                                :unit (s9.y2 / year)
                                                                                :quant "1"))
                                                   :manner (s9.o2 / out-06
                                                                  :ARG1 s9.i
                                                                  :ARG2 (s9.s2 / suitcase))))))
   :snt10 (s10.m / mean-01
                 :ARG1 (s10.m4 / move-01
                               :ARG1 (s10.i / i
                                            :same-as s2.i)
                               :frequency (s10.c3 / constant))
                 :ARG2 (s10.p / possible-01
                              :ARG1 (s10.c / catch-02
                                           :ARG0 s10.i
                                           :ARG1 (s10.m2 / moment
                                                         :ARG1-of (s10.h / have-degree-91
                                                                         :ARG2 (s10.p2 / possible-01
                                                                                       :ARG1 (s10.p3 / predict-01
                                                                                                     :ARG1 s10.m2)
                                                                                       :polarity "-")
                                                                         :ARG3 (s10.m3 / most))
                                                         :location (s10.h2 / here
                                                                           :location (s10.c2 / city
                                                                                             :name (s10.n / name
                                                                                                          :op1 "New"
                                                                                                          :op2 "York")
                                                                                             :same-as s3.n5)
                                                                           :time (s10.a / after
                                                                                        :quant (s10.t / temporal-quantity
                                                                                                      :unit (s10.d / day)
                                                                                                      :quant "1")
                                                                                        :op1 (s10.h3 / hit-01
                                                                                                     :ARG0 (s10.s2 / storm
                                                                                                                   :name (s10.n2 / name
                                                                                                                                 :op1 "Sandy"))
                                                                                                     :ARG1 s10.c2)))
                                                         :poss (s10.l / life)))
                              :frequency (s10.s / sometimes)))
   :snt11 (s11.a4 / and
                  :op1 (s11.b / be-located-at-91
                              :ARG1 (s11.i / i
                                           :same-as s2.i)
                              :ARG2 (s11.c / city
                                           :name (s11.n / name
                                                        :op1 "Caracas")
                                           :location (s11.c3 / country
                                                             :name (s11.n2 / name
                                                                           :op1 "Venezuela"))
                                           :mod (s11.p2 / place
                                                        :location-of (s11.l2 / live-01
                                                                             :ARG0 (s11.p3 / population
                                                                                           :ARG1-of (s11.i2 / include-91
                                                                                                            :ARG2 (s11.p4 / population)
                                                                                                            :ARG3 (s11.n3 / nearly
                                                                                                                          :op1 (s11.p / percentage-entity
                                                                                                                                      :value "70"))))
                                                                             :location (s11.s2 / slum
                                                                                               :ARG1-of (s11.d / drape-01
                                                                                                               :ARG2 (s11.a2 / all-over
                                                                                                                             :mod (s11.a / all)
                                                                                                                             :op1 (s11.m / mountain))
                                                                                                               :manner (s11.l / literal))))
                                                        :same-as s11.c3)
                                           :part (s11.c2 / corner
                                                         :mod (s11.e / every)))
                              :ord (s11.o / ordinal-entity
                                          :value "1")
                              :time (s11.b2 / before
                                            :quant (s11.o2 / over
                                                           :op1 (s11.t / temporal-quantity
                                                                       :unit (s11.y / year)
                                                                       :quant "3"))
                                            :op1 (s11.n4 / now)))
                  :op2 (s11.a3 / amaze-01
                               :ARG0 (s11.e2 / extent
                                             :degree-of (s11.r / reach-03
                                                               :ARG0 (s11.s / slum)
                                                               :ARG2 s11.c2))
                               :ARG1 s11.i
                               :mod (s11.j / just)
                               :time (s11.f / fly-01
                                            :ARG1 s11.i
                                            :path (s11.o3 / over
                                                          :op1 s11.c))))
   :snt12 (s12.l / learn-01
                 :ARG0 (s12.i / i
                              :same-as s2.i)
                 :ARG1 (s12.b / building
                              :name (s12.n2 / name
                                            :op1 "Torre"
                                            :op2 "David")
                              :ARG1-of (s12.s / sit-01
                                              :ARG2 (s12.c / center
                                                           :mod (s12.r / right)
                                                           :part-of (s12.c2 / city
                                                                            :name (s12.n3 / name
                                                                                          :op1 "Caracas")
                                                                            :same-as s11.c3)))
                              :consist-of (s12.s2 / story
                                                  :quant "45")
                              :mod (s12.o / office))
                 :time (s12.c3 / converse-01
                               :ARG0 s12.i
                               :ARG2 (s12.p / person
                                            :name (s12.n / name
                                                         :op1 "think-tank")
                                            :ARG0-of (s12.d / design-01)
                                            :ARG1-of (s12.l2 / local-02))))
   :snt13 (s13.c2 / construct-01
                  :ARG1 (s13.b / building
                               :same-as s12.b)
                  :time (s13.u / until
                               :op1 (s13.a / and
                                           :op1 (s13.c / collapse-01
                                                       :ARG1 (s13.e2 / economy
                                                                     :mod (s13.c3 / country
                                                                                  :name (s13.n / name
                                                                                               :op1 "Venezuela"))))
                                           :op2 (s13.d3 / die-01
                                                        :ARG1 (s13.p / person
                                                                     :ARG0-of (s13.d2 / develop-02))
                                                        :time (s13.e / early
                                                                     :op1 (s13.d / date-entity
                                                                                 :decade "1990"))))))
   :snt14 (s14.a3 / and
                  :op1 (s14.s / start-01
                              :ARG0 (s14.p / person)
                              :ARG1 (s14.m / move-01
                                           :ARG0 s14.p
                                           :ARG2 (s14.t3 / tower
                                                         :ARG1-of (s14.a / abandon-01
                                                                         :same-as s12.b)
                                                         :ARG1-of (s14.f / finish-01
                                                                         :polarity "-"
                                                                         :same-as s12.b)
                                                         :mod (s14.t2 / this)
                                                         :part (s14.c / column
                                                                      :mod (s14.e / every)))))
                  :op2 (s14.b2 / begin-01
                               :ARG0 s14.p
                               :ARG1 (s14.b4 / build-01
                                             :ARG0 s14.p
                                             :ARG1 (s14.h / home
                                                          :poss s14.p)
                                             :location (s14.b3 / between
                                                               :mod (s14.r / right)
                                                               :op1 s14.c)))
                  :time (s14.b / before
                               :quant (s14.a2 / about
                                              :op1 (s14.t / temporal-quantity
                                                          :unit (s14.y / year)
                                                          :quant "8"))
                               :op1 (s14.n / now)))
   :snt15 (s15.a / and
                 :op1 (s15.e / enter-01
                             :ARG1 (s15.b / building
                                          :mod (s15.e2 / entire)
                                          :same-as s12.b)
                             :mod (s15.l / little)
                             :mod (s15.o / only)
                             :quant "1")
                 :op2 (s15.a2 / and
                              :op1 (s15.c / come-01
                                          :ARG1 (s15.p / person
                                                       :ARG0-of (s15.r / reside-01)
                                                       :quant "3000")
                                          :direction (s15.i / inside))
                              :op2 (s15.c2 / come-01
                                           :ARG1 s15.p
                                           :direction (s15.o2 / out-06
                                                              :ARG1 s15.p))
                              :path (s15.d / door
                                           :ARG1-of (s15.s / single-02)
                                           :mod (s15.t / that)
                                           :same-as s15.e)))
   :snt16 (s16.a / and
                 :manner (s16.t / together)
                 :op1 (s16.c / create-01
                             :ARG0 (s16.p / person
                                          :ARG0-of (s16.i / inhabit-01)
                                          :same-as s15.p)
                             :ARG1 (s16.s / space
                                          :ARG1-of (s16.p2 / public-02)))
                 :op2 (s16.d / design-01
                             :ARG0 s16.p
                             :ARG1 s16.s
                             :ARG3 (s16.f / feel-01
                                          :ARG0 s16.p
                                          :ARG1 s16.s
                                          :ARG2-of (s16.h / have-degree-91
                                                          :ARG1 s16.s
                                                          :ARG2 (s16.h2 / home)
                                                          :ARG3 (s16.m / more))))
                 :rel (s16.f2 / feel-01
                              :ARG0 s16.s
                              :ARG1 s16.s
                              :ARG2 (s16.t2 / tower
                                            :ARG1-of (s16.f3 / finish-01
                                                             :polarity "-")
                                            :same-as s12.b)
                              :manner (s16.a2 / and)
                              :op1-of s16.a2
                              :mod (s16.l / less)))
   :snt17 (s17.a / and
                 :location (s17.l / lobby)
                 :op1 (s17.p / paint-01
                             :ARG0 (s17.t / they
                                          :same-as s15.p)
                             :ARG1 (s17.w / wall))
                 :op2 (s17.p2 / plant-01
                              :ARG0 s17.t
                              :ARG1 (s17.t2 / tree)))
   :snt18 (s18.m / make-01
                 :ARG0 (s18.t / they
                              :same-as s15.p)
                 :ARG1 (s18.c / court
                              :purpose (s18.b / basketball))
                 :mod (s18.a / also))
   :snt19 (s19.c2 / contrast-01
                  :ARG2 (s19.s / see-01
                               :ARG0 (s19.y / you)
                               :ARG1 (s19.h / hole
                                            :ARG2-of (s19.r / run-04
                                                            :ARG1 (s19.a / and
                                                                         :op1 (s19.t / thing
                                                                                     :ARG0-of (s19.e / elevate-01))
                                                                         :op2 (s19.t2 / thing
                                                                                      :ARG2-of (s19.s2 / service-05))))
                                            :mod (s19.m / massive))
                               :condition (s19.l / look-01
                                                 :ARG0 s19.y
                                                 :ARG1-of (s19.c / close-10)
                                                 :direction (s19.u / up))))
   :snt20 (s20.c / come-up-11
                 :ARG0 (s20.p / person)
                 :ARG1 (s20.t / thing
                              :ARG2-of (s20.s / solve-01)
                              :mod (s20.s2 / sort
                                           :mod (s20.a / all)))
                 :ARG2-of (s20.r / respond-01
                                 :ARG0 s20.p
                                 :ARG1 (s20.n / need-01
                                              :ARG1-of (s20.a2 / arise-02
                                                               :ARG0 (s20.l / live-01
                                                                            :ARG1-of (s20.e / exist-01)
                                                                            :location (s20.t3 / tower
                                                                                              :ARG1-of (s20.f / finish-01
                                                                                                              :polarity "-")
                                                                                              :same-as s12.b)))
                                              :mod (s20.v / various)))
                 :location (s20.t2 / tower
                                   :same-as s12.b))
   :snt21 (s21.r / resemble-01
                 :ARG1 (s21.t / tower
                              :same-as s12.b)
                 :ARG2 (s21.w / walk-01
                              :mod (s21.s / story
                                          :quant "45"))
                 :condition (s21.h / have-03
                                   :ARG0 s21.t
                                   :ARG1 (s21.e / elevate-01)
                                   :polarity "-"))
   :snt22 (s22.d / design-01
                 :ARG0 (s22.g / group
                              :consist-of (s22.p / person
                                                 :ARG1-of (s22.e / educate-01
                                                                 :ARG2 (s22.o / or
                                                                              :op1 (s22.a / architecture)
                                                                              :op2 (s22.d2 / design-01))
                                                                 :polarity "-"))
                              :mod (s22.t / this)
                              :same-as s15.p)
                 :manner (s22.w / way
                                :ARG1-of (s22.s / specific-02
                                                :degree (s22.v / very))))
   :snt23 (s23.a / and
                 :op2 (s23.b / become-01
                             :ARG1 (s23.t2 / tower
                                           :mod (s23.t / this)
                                           :same-as s12.b)
                             :ARG2 (s23.r / resemble-01
                                          :ARG1 s23.t2
                                          :ARG2 (s23.c / city
                                                       :ARG0-of (s23.l / live-01)
                                                       :example (s23.p2 / place
                                                                        :ARG0-of (s23.l2 / live-01
                                                                                         :accompanier (s23.a2 / and
                                                                                                              :op1 (s23.e2 / economy
                                                                                                                           :mod (s23.m / micro))
                                                                                                              :op2 (s23.b2 / business
                                                                                                                           :mod (s23.s / small)))))))
                             :time (s23.f / find-01
                                          :ARG0 (s23.p / person
                                                       :ARG0-of (s23.i / inhabit-01)
                                                       :mod (s23.e / each))
                                          :ARG1 (s23.w / way
                                                       :ARG1-of (s23.u / unique-01)
                                                       :manner-of (s23.c2 / come-01
                                                                          :ARG1 s23.p
                                                                          :path (s23.b3 / by))
                                                       :poss s23.p))))
   :snt24 (s24.f / find-01
                 :ARG0 (s24.p2 / person
                               :ARG0-of (s24.i3 / innovate-01)
                               :ARG0-of (s24.i / inhabit-01)
                               :same-as s15.p)
                 :ARG0-of (s24.e / exemplify-01)
                 :ARG1 (s24.o / opportunity
                              :example (s24.g / garage
                                              :ARG1-of (s24.r2 / reclaim-01
                                                               :ARG2 (s24.r3 / route
                                                                             :purpose (s24.s2 / shuttle-01
                                                                                              :purpose (s24.s / shorten-04
                                                                                                              :ARG0 (s24.p3 / person
                                                                                                                            :ARG0-of (s24.i2 / inhabit-01)
                                                                                                                            :same-as s15.p)
                                                                                                              :ARG1 (s24.h2 / hike-02
                                                                                                                            :ARG4 s24.p3
                                                                                                                            :ARG4 (s24.a2 / apartment)))
                                                                                              :ARG0 s24.g
                                                                                              :ARG1 s24.p3
                                                                                              :direction (s24.u / up)
                                                                                              :path (s24.r / ramp-up-01))
                                                                             :mod (s24.t / taxi)))
                                              :ARG2-of (s24.p / park-01)
                                              :mod (s24.a / adjacent)))
                 :time (s24.c / case-04
                              :ARG1-of (s24.h / have-degree-91
                                              :ARG2 (s24.e2 / expect-01
                                                            :ARG1 s24.c
                                                            :polarity "-")
                                              :ARG3 (s24.m / most))))
   :snt25 (s25.r2 / reveal-01
                  :ARG0 (s25.w / walk-01
                               :ARG2 (s25.t2 / tower
                                             :same-as s12.b))
                  :ARG1 (s25.t / thing
                               :manner-of (s25.f / figure-out-05
                                                 :ARG0 (s25.p / person
                                                              :ARG0-of (s25.r / reside-01))
                                                 :ARG1 (s25.c4 / create-01
                                                               :ARG0 s25.p
                                                               :ARG1 (s25.a3 / and
                                                                             :op1 (s25.w2 / wall)
                                                                             :op2 (s25.m / make-02
                                                                                         :ARG0 s25.p
                                                                                         :ARG1 (s25.f2 / flow-01
                                                                                                       :ARG1 (s25.a2 / air)))
                                                                             :op3 (s25.c5 / create-01
                                                                                          :ARG0 s25.p
                                                                                          :ARG1 (s25.t4 / transparency))
                                                                             :op4 (s25.c / circulate-01
                                                                                         :ARG1 s25.t2
                                                                                         :location (s25.t3 / tower
                                                                                                           :same-as s12.b))
                                                                             :op5 (s25.c6 / create-01
                                                                                          :ARG0 s25.p
                                                                                          :ARG1 (s25.h / home
                                                                                                       :ARG1-of (s25.a / adapt-01
                                                                                                                       :ARG1-of (s25.c2 / complete-02)
                                                                                                                       :ARG2 (s25.c3 / condition
                                                                                                                                     :poss (s25.s / site))))
                                                                                          :mod (s25.e / essential)))))))
   :snt26 (s26.h / have-03
                 :ARG0 (s26.p / person
                              :ARG0-of (s26.i / inhabit-01)
                              :ARG1-of (s26.n / new-01)
                              :part (s26.h2 / head))
                 :ARG0-of (s26.c / cause-01
                                 :ARG1 (s26.m / mark-01
                                              :ARG0 s26.p
                                              :ARG1 (s26.s2 / space
                                                            :poss s26.p)
                                              :ARG1-of (s26.t2 / typical-02)
                                              :ARG2 (s26.o / or
                                                           :quant (s26.f / few)
                                                           :op1 (s26.c2 / curtain)
                                                           :op2 (s26.s / sheet))
                                              :mod (s26.j / just)))
                 :ARG1 (s26.r / roof
                              :location (s26.o2 / over
                                                :op1 s26.h2))
                 :rel (s26.m2 / move-01
                              :ARG0 s26.p
                              :ARG2 (s26.t / tower
                                           :same-as s12.b))
                 :time (s26.a / already))
   :snt27 (s27.a / and
                 :op1 (s27.r / rise-01
                             :ARG1 (s27.w / wall))
                 :op2 (s27.c / create-01
                             :ARG0 (s27.p / person)
                             :ARG1 (s27.s2 / space)
                             :ARG2 (s27.o2 / or
                                           :mod (s27.a2 / any)
                                           :op1 (s27.o / object
                                                       :ARG1-of (s27.f2 / find-01))
                                           :op2 (s27.m2 / material)))
                 :rel (s27.s / slow-01)
                 :source (s27.m / material
                                :ARG1-of (s27.f / find-01
                                                :ARG1 s27.m2)))
   :snt28 (s28.r2 / remarkable-02
                  :ARG1 (s28.s / see-01
                               :ARG1 (s28.d / decide-01
                                            :ARG0 (s28.t / they
                                                         :same-as s27.p)
                                            :ARG1 (s28.d2 / design)
                                            :example (s28.c2 / cover-02
                                                             :purpose (s28.m2 / make-02
                                                                              :ARG0 (s28.p2 / person
                                                                                            :quant (s28.s2 / some)
                                                                                            :ARG0-of (s28.r3 / reside-01))
                                                                              :ARG1 (s28.f / finish-01
                                                                                           :ARG1 (s28.b2 / brick
                                                                                                         :mod (s28.r / red)
                                                                                                         :same-as s28.b)
                                                                                           :ARG1-of (s28.c / clean-04)
                                                                                           :mod (s28.k / kind))
                                                                              :mod (s28.j / just))
                                                             :ARG0 s28.p2
                                                             :ARG1 s28.b2
                                                             :ARG2 (s28.l / layer
                                                                          :consist-of (s28.w / wallpaper
                                                                                             :mod (s28.p / pattern
                                                                                                         :mod (s28.b / brick
                                                                                                                     :mod s28.r)))
                                                                          :mod (s28.a / another))
                                                             :time (s28.m / make-01
                                                                          :ARG1 (s28.e / everything)
                                                                          :ARG2 s28.b)))))
   :snt29 (s29.a / and
                 :op1 (s29.b / build-up-05
                             :ARG0 (s29.p / person
                                          :ARG0-of (s29.i / inhabit-01)
                                          :part (s29.h / hand)
                                          :same-as s15.p)
                             :ARG1 (s29.h2 / home
                                           :mod (s29.t / this))
                             :instrument s29.h
                             :mod (s29.l2 / literal))
                 :op2 (s29.i2 / instill-01
                              :ARG0 (s29.l / labor-01
                                           :ARG0 s29.p
                                           :ARG1 (s29.l4 / love-01)
                                           :mod (s29.t2 / this))
                              :ARG1 (s29.s / sense
                                           :degree (s29.g / great)
                                           :mod (s29.p2 / pride-01
                                                        :ARG1 (s29.f / family
                                                                     :quant (s29.m / many)
                                                                     :ARG0-of (s29.l3 / live-01
                                                                                      :location (s29.t3 / tower
                                                                                                        :mod s29.t
                                                                                                        :same-as s12.b)))))))
   :snt30 (s30.a / and
                 :op1 (s30.m / make-01
                             :ARG0 (s30.t / they
                                          :same-as s29.f)
                             :ARG1 (s30.t2 / thing
                                           :ARG1-of (s30.g / good-02
                                                           :ARG2-of (s30.h / have-degree-91
                                                                           :ARG1 s30.t2
                                                                           :ARG3 (s30.m3 / most))))
                             :ARG1-of (s30.t4 / typical-02)
                             :ARG2 (s30.c / condition
                                          :poss s30.t))
                 :op2 (s30.t3 / try-01
                              :ARG0 s30.t
                              :ARG1 (s30.m2 / make-02
                                            :ARG0 s30.t
                                            :ARG1 (s30.l / look-02
                                                         :ARG0 (s30.s / space
                                                                      :poss s30.t)
                                                         :ARG1 (s30.a2 / and
                                                                       :op1 (s30.n / nice-01)
                                                                       :op2 (s30.h3 / homey))
                                                         :time (s30.o / or
                                                                      :op1 (s30.u / until
                                                                                  :mod (s30.a3 / at-least)
                                                                                  :op1 (s30.h2 / have-degree-91
                                                                                               :ARG2 (s30.f / far)
                                                                                               :ARG3 (s30.e / equal)
                                                                                               :ARG4 (s30.p / possible-01
                                                                                                            :ARG1 (s30.r / reach-01
                                                                                                                         :ARG0 s30.t)))))))))
   :snt31 (s31.a3 / and
                  :op1 (s31.c / come-across-21
                              :ARG0 (s31.y / you)
                              :ARG1 (s31.s / serve-01
                                           :example (s31.a2 / and
                                                            :op1 (s31.p / person
                                                                        :ARG0-of (s31.c2 / cut-02))
                                                            :op2 (s31.f / factory
                                                                        :mod (s31.s3 / small)))
                                           :mod (s31.k / kind
                                                       :mod (s31.a / all)))
                              :location (s31.t / tower
                                               :same-as s12.b))
                  :op2 (s31.h / have-03
                              :ARG0 (s31.f2 / floor
                                            :mod (s31.e / every))
                              :ARG1 (s31.o / or
                                           :mod (s31.l / little)
                                           :op1 (s31.s4 / store
                                                        :mod (s31.g / grocery))
                                           :op2 (s31.s2 / shop))))
   :snt32 (s32.a / and
                 :op2 (s32.f / find-01
                             :ARG0 (s32.y / you)
                             :ARG1 (s32.c / church)
                             :mod (s32.e / even)))
   :snt33 (s33.a2 / and
                  :op2 (s33.g / gym
                              :location (s33.f / floor
                                               :ord (s33.o / ordinal-entity
                                                           :value "30"))
                              :location-of (s33.m / make-01
                                                  :ARG1 (s33.a3 / and
                                                                :mod (s33.a / all)
                                                                :op1 (s33.w / weight)
                                                                :op2 (s33.w2 / weight))
                                                  :ARG2 (s33.h / Church
                                                               :ARG1-of (s33.l / leave-over-08)
                                                               :ARG1-of (s33.i / install-01
                                                                               :time (s33.e / ever)
                                                                               :polarity "-")
                                                               :source (s33.s / stair)))))
   :snt34 (s34.s / see-01
                 :ARG0 (s34.y / you)
                 :ARG1 (s34.p2 / provide-01
                               :ARG0 (s34.b / beam
                                            :ARG1-of (s34.f2 / fix-03)
                                            :consist-of (s34.c2 / concrete))
                               :ARG1 (s34.f3 / framework)
                               :ARG2 (s34.c3 / create-01
                                             :ARG0 (s34.p / person
                                                          :ARG0-of (s34.i / inhabit-01))
                                             :ARG1 (s34.h / home
                                                          :poss s34.p)
                                             :manner (s34.w / way
                                                            :ARG0-of (s34.r / respond-01
                                                                            :ARG1 (s34.t / thing
                                                                                         :ARG1-of (s34.n / need-01
                                                                                                         :ARG0 s34.p))
                                                                            :ARG1-of (s34.d / direct-02))
                                                            :mod (s34.i2 / intuitive)
                                                            :mod (s34.o / organic))))
                 :location (s34.b2 / behind
                                   :op1 (s34.f / facade
                                               :ARG1-of (s34.c / change-01
                                                               :time (s34.a / always))
                                               :mod (s34.t2 / this)))
                 :source (s34.o2 / outside))
   :snt35 (s35.g / go-02
                 :ARG0 (s35.w / we)
                 :ARG4 (s35.a2 / and
                               :op1 (s35.c3 / continent
                                            :name (s35.n / name
                                                         :op1 "Africa"))
                               :op2 (s35.c4 / country
                                            :name (s35.n2 / name
                                                          :op1 "Nigeria")))
                 :ARG4 (s35.c2 / community
                               :ARG1-of (s35.c / call-01
                                               :ARG2 (s35.n3 / name
                                                             :op1 "Makoko"))
                               :location-of (s35.l / live-01
                                                   :ARG0 (s35.p / person
                                                                :quant "150000")
                                                   :location (s35.r / relative-position
                                                                    :quant (s35.d / distance-quantity
                                                                                  :mod (s35.j / just)
                                                                                  :unit (s35.m / meter))
                                                                    :direction (s35.a / above)
                                                                    :op1 (s35.i / island
                                                                                :name (s35.n4 / name
                                                                                              :op1 "Lagos"
                                                                                              :op2 "Lagoon"))))
                               :mod (s35.s / slum))
                 :time (s35.n5 / now)
                 :mode "imperative")
   :snt36 (s36.h / have-concession-91
                 :ARG1 (s36.s2 / seem-01
                               :ARG1 (s36.g / grid
                                            :ARG0-of (s36.c4 / connect-01
                                                             :ARG1 (s36.h2 / home
                                                                           :mod (s36.e2 / every)
                                                                           :mod (s36.e / each)))
                                            :consist-of (s36.a2 / and
                                                                :op1 (s36.w / waterway)
                                                                :op2 (s36.c / canal))
                                            :mod (s36.w2 / whole))
                               :time (s36.s / see-01
                                            :ARG0 (s36.y / you)
                                            :ARG1 (s36.p / place
                                                         :mod (s36.c2 / chaos
                                                                      :ARG1-of (s36.c3 / complete-02)))
                                            :source (s36.a / above)))
                 :ARG2 (s36.p2 / possible-01
                               :ARG1 (s36.a3 / appear-02
                                             :ARG1 s36.p)))
   :snt37 (s37.b / board-01
                 :ARG0 (s37.p / person)
                 :ARG1 (s37.c / can
                              :ARG0-of (s37.c2 / carry-01
                                               :ARG1 s37.p
                                               :ARG4 (s37.a / and
                                                            :location (s37.a2 / area
                                                                              :mod (s37.e / expansive)
                                                                              :same-as s35.c2)
                                                            :mod (s37.v / various)
                                                            :op1 (s37.h / home)
                                                            :op2 (s37.s / shop)
                                                            :poss s37.p)
                                               :direction (s37.o / out))
                              :ARG1-of (s37.l / long-03)
                              :consist-of (s37.w / wood))
                 :source (s37.d / dock
                                :mod (s37.m / main)))
   :snt38 (s38.c / clear-06
                 :ARG1 (s38.a / adapt-01
                              :ARG1 (s38.l / life)
                              :ARG1-of (s38.c2 / complete-02)
                              :ARG2 (s38.w2 / way
                                            :ARG1-of (s38.s / specific-02
                                                            :degree (s38.v / very))
                                            :manner-of (s38.l2 / live-01)
                                            :mod (s38.t / this)))
                 :time (s38.b / be-located-at-91
                              :ARG2 (s38.o / out
                                           :op1 (s38.w / water))))
   :snt39 (s39.b / become-01
                 :ARG1 (s39.c / canal
                              :mod (s39.e / even))
                 :ARG2 (s39.s2 / store
                               :location-of (s39.p / paddle-01
                                                   :ARG0 (s39.l / lady
                                                                :ARG0-of (s39.s / sell-01
                                                                                :ARG1 (s39.a / anything
                                                                                             :example (s39.t / toothpaste)
                                                                                             :example (s39.f2 / fruit
                                                                                                              :ARG1-of (s39.f / fresh-04)))))
                                                   :source (s39.h / house
                                                                  :destination (s39.h2 / house)))
                               :mod (s39.v / variety)))
   :snt40 (s40.a4 / and
                  :op1 (s40.s / see-01
                              :ARG0 (s40.y / you)
                              :ARG1 (s40.s5 / stare-01
                                            :ARG0 (s40.c / child
                                                         :mod (s40.s4 / small))
                                            :ARG2 s40.y
                                            :direction (s40.b / back))
                              :location (s40.b2 / behind
                                                :op1 (s40.a3 / and
                                                             :mod (s40.e / every)
                                                             :op1 (s40.w / window)
                                                             :op2 (s40.f / frame
                                                                         :part-of (s40.d / door)))))
                  :op2 (s40.c4 / contrast-01
                               :ARG1 (s40.h / have-degree-91
                                            :ARG1 (s40.a2 / amount-01
                                                          :ARG1 (s40.c2 / child
                                                                        :ARG1-of (s40.p3 / pour-01
                                                                                         :ARG2 (s40.b3 / building
                                                                                                       :mod (s40.e2 / every))
                                                                                         :direction (s40.o / out)))
                                                          :ARG1-of (s40.a / actual-02))
                                            :ARG2 (s40.s3 / shock-01
                                                          :ARG0 s40.a2)
                                            :ARG3 (s40.m / more))
                               :ARG2 (s40.s2 / seem-01
                                             :ARG1 (s40.p / pack-01
                                                          :ARG1 (s40.c3 / city
                                                                        :name (s40.n / name
                                                                                     :op1 "Makoko")
                                                                        :same-as s35.c2)
                                                          :ARG2 (s40.p2 / person)))))
   :snt41 (s41.r2 / remind-01
                  :ARG0 (s41.a / and
                               :op1 (s41.g / grow-01
                                           :ARG1 (s41.p2 / population)
                                           :location (s41.c3 / country
                                                             :name (s41.n / name
                                                                          :op1 "Nigeria")
                                                             :same-as s35.c4))
                               :op2 (s41.g2 / grow-01
                                            :location (s41.a2 / area
                                                              :example (s41.c / city
                                                                              :name (s41.n2 / name
                                                                                            :op1 "Makoko")
                                                                              :same-as s35.c2)
                                                              :mod (s41.t2 / this))
                                            :mod (s41.e / especially)))
                  :ARG0-of (s41.p / pain-01)
                  :ARG1 (s41.c2 / control-01
                                :ARG1 (s41.t / thing)
                                :ARG1-of (s41.r / real-04)
                                :degree (s41.s / so)
                                :polarity "-"))
   :snt42 (s42.e / exist-01
                 :ARG1 (s42.a / and
                              :quant (s42.f / few
                                            :degree (s42.v / very))
                              :op1 (s42.s / system)
                              :op2 (s42.i / infrastructure))
                 :location (s42.c / city
                                  :name (s42.n / name
                                               :op1 "Makoko")
                                  :same-as s35.c2))
   :snt43 (s43.a / and
                 :op1 (s43.r / rig-01
                             :ARG1 (s43.e / electricity))
                 :op2 (s43.c / come-01
                             :ARG1 (s43.w / water
                                          :ARG1-of (s43.h / have-degree-91
                                                          :ARG2 (s43.f / fresh-04
                                                                       :ARG1 s43.w)
                                                          :ARG3 (s43.m / most)))
                             :ARG3 (s43.w2 / well
                                           :ARG1-of (s43.b / build-01
                                                           :ARG0 (s43.s / self))
                                           :location (s43.t / throughout
                                                            :op1 (s43.a2 / area
                                                                         :same-as s35.c2)))))
   :snt44 (s44.d / design-01
                 :ARG0-of (s44.c / cause-01
                                 :ARG1 (s44.p / profession
                                              :domain (s44.a / and
                                                             :op1 (s44.f / fish-01)
                                                             :op2 (s44.m / make-01
                                                                         :ARG1 (s44.b / boat)))
                                              :mod (s44.c2 / common)))
                 :ARG1 (s44.m3 / model
                               :mod (s44.e / economy)
                               :mod (s44.e2 / entire)
                               :mod (s44.t / this))
                 :ARG3 (s44.m2 / meet-01
                               :ARG0 s44.m3
                               :ARG1 (s44.w2 / way
                                             :ARG1-of (s44.s / specific-02)
                                             :manner-of (s44.l / live-01
                                                               :location (s44.w / water)))))
   :snt45 (s45.h / have-03
                 :ARG0 (s45.y / you)
                 :ARG1 (s45.s / set
                              :consist-of (s45.e / entrepreneur
                                                 :ARG0-of (s45.s2 / set-up-03
                                                                  :ARG1 (s45.b / business
                                                                               :example (s45.a2 / and
                                                                                                :op1 (s45.a / Barack)
                                                                                                :op2 (s45.s3 / store
                                                                                                             :mod (s45.d4 / disc
                                                                                                                          :mod (s45.d3 / disc)
                                                                                                                          :mod (s45.d / digital)))
                                                                                                :op3 (s45.s4 / store
                                                                                                             :mod s45.d4)
                                                                                                :op4 (s45.t2 / theater
                                                                                                             :mod (s45.m / movie))
                                                                                                :op5 (s45.t / tailor-01)
                                                                                                :op6 (s45.e2 / everything
                                                                                                             :location (s45.t3 / there))))
                                                                  :location (s45.a3 / area
                                                                                    :same-as s35.c2))))
                 :rel (s45.d2 / disc
                              :mod (s45.c / compact)))
   :snt46 (s46.s / see-01
                 :ARG0 (s46.y / you)
                 :ARG1 (s46.s2 / sort
                               :mod (s46.a / aspire-01
                                           :ARG1 (s46.o / or
                                                        :op1 (s46.l / live-01
                                                                    :location (s46.h2 / house
                                                                                      :ARG1-of (s46.r / real-04)))
                                                        :op2 (s46.a2 / associate-01
                                                                     :ARG2 (s46.p2 / place
                                                                                   :example (s46.h / hotel
                                                                                                   :location (s46.c / country
                                                                                                                    :name (s46.n / name
                                                                                                                                 :op1 "Sweden"))
                                                                                                   :mod (s46.t / that))
                                                                                   :location (s46.f / faraway))))))
                 :location (s46.s3 / studio
                                   :location (s46.t2 / there)
                                   :mod (s46.p / photograph-01)
                                   :mod (s46.e / even)))
   :snt47 (s47.c / come-across-21
                 :ARG0 (s47.i / i
                              :same-as s2.i)
                 :ARG1 (s47.b / band
                              :ARG0-of (s47.l / live-01)
                              :ARG1-of (s47.d2 / dress-01
                                               :ARG2 (s47.o / outfit
                                                            :ARG0-of (s47.c2 / coordinate-01)
                                                            :poss s47.b))
                              :mod (s47.t2 / this))
                 :rel (s47.n / name
                             :op1 "T")
                 :time (s47.d / date-entity
                              :dayperiod (s47.e / evening)
                              :mod (s47.p / particular)
                              :mod (s47.t / this)))
   :snt48 (s48.f2 / float-01
                  :ARG1 (s48.t / they
                               :same-as s47.b)
                  :instrument (s48.c2 / canoe
                                      :ARG0-of (s48.h / have-03
                                                      :purpose (s48.e / enjoy-01
                                                                      :ARG0 (s48.c3 / community
                                                                                    :mod (s48.a / all)))
                                                      :ARG1 (s48.g / generator
                                                                   :ARG1-of (s48.f / fit-01)))
                                      :mod (s48.l / large))
                  :path (s48.c / canal))
   :snt49 (s49.b / become-01
                 :ARG1 (s49.a2 / area
                               :same-as s35.c2)
                 :ARG2 (s49.p / pitch
                              :ARG1-of (s49.b2 / black-04)
                              :mod (s49.a / almost))
                 :ARG2-of (s49.e / except-01
                                 :ARG1 (s49.o / or
                                              :op1 (s49.l / lightbulb
                                                          :mod (s49.s / small))
                                              :op2 (s49.f3 / fire)))
                 :time (s49.f / fall-04
                              :time (s49.f2 / fall-04
                                            :ARG1 (s49.n / night))))
   :snt50 (s50.b / bring-01
                 :ARG0 (s50.p2 / project
                               :mod (s50.t / this)
                               :source (s50.p / person
                                              :name (s50.n / name
                                                           :op1 "Kunlé"
                                                           :op2 "Adeyemi")
                                              :ARG0-of (s50.h / have-rel-role-91
                                                              :ARG1 (s50.i / i
                                                                           :same-as s2.i)
                                                              :ARG2 (s50.f3 / friend))
                                              :ARG0-of (s50.f / finish-01
                                                              :ARG1 (s50.b2 / build-01
                                                                            :ARG0 s50.p
                                                                            :ARG1 (s50.s / school
                                                                                         :ARG1-of (s50.f2 / float-01)
                                                                                         :consist-of (s50.s2 / story
                                                                                                             :quant "3")
                                                                                         :mod (s50.t2 / this))
                                                                            :beneficiary (s50.k / kid
                                                                                                :location (s50.c / city
                                                                                                                 :name (s50.n2 / name
                                                                                                                               :op1 "Makoko")
                                                                                                                 :same-as s35.c2)))
                                                              :time (s50.r / recent))))
                 :ARG1 s50.i
                 :ARG2 s50.c
                 :mod (s50.o / original))
   :snt51 (s51.c2 / cause-01
                  :ARG0 (s51.l / limit-01
                               :ARG1 (s51.s3 / space
                                             :ARG1-of (s51.p5 / public-02))
                               :ARG1-of (s51.c / cause-01
                                               :ARG0 (s51.e2 / exist-01
                                                             :ARG1 (s51.v2 / village
                                                                           :mod (s51.e / entire)
                                                                           :mod (s51.t / this)
                                                                           :same-as s35.c2)
                                                             :location (s51.w / water)))
                               :degree (s51.v / very))
                  :ARG1 (s51.c4 / contrast-01
                                :ARG1 (s51.p4 / playground
                                              :beneficiary (s51.k2 / kid
                                                                   :same-as s50.k)
                                              :domain (s51.f4 / floor
                                                              :mod (s51.g / ground))
                                              :time (s51.f / finish-01
                                                           :ARG1 (s51.s / school
                                                                        :same-as s50.c)
                                                           :time (s51.n2 / now)))
                                :ARG2 (s51.r / resemble-01
                                             :ARG1 (s51.p3 / platform)
                                             :ARG2 (s51.s4 / square
                                                           :location-of (s51.a / and
                                                                               :op1 (s51.m / mend-01
                                                                                           :ARG0 (s51.p / person
                                                                                                        :ARG0-of (s51.f2 / fish-01))
                                                                                           :ARG1 (s51.n / net
                                                                                                        :poss s51.p))
                                                                               :op2 (s51.d / dock-01
                                                                                           :ARG0 (s51.p2 / person
                                                                                                         :ARG0-of (s51.k / keep-01
                                                                                                                         :ARG1 (s51.s2 / shop))
                                                                                                         :ARG1-of (s51.f3 / float-01))
                                                                                           :ARG1 (s51.b / boat
                                                                                                        :poss s51.p2)))
                                                           :mod (s51.t2 / town))
                                             :mod (s51.j / just)
                                             :time (s51.o / out-06
                                                          :ARG1 (s51.c3 / class)))))
   :snt52 (s52.l / like-02
                 :ARG0 (s52.i / i
                              :same-as s2.i)
                 :ARG1 (s52.s / share-01
                              :ARG0 s52.i
                              :ARG1 (s52.p / place
                                           :mod (s52.a / another))
                              :ARG2 (s52.y / you))
                 :rel (s52.w / worship-place
                             :name (s52.n / name
                                          :op1 "Zabbaleen")
                             :domain s52.p
                             :location (s52.c / city
                                              :name (s52.n2 / name
                                                            :op1 "Cairo"))))
   :snt53 (s53.a2 / and
                  :op1 (s53.d2 / descend-01
                               :ARG0 (s53.t / they
                                            :same-as s52.w)
                               :ARG1 (s53.p / person
                                            :ARG0-of (s53.f / farm-01)
                                            :ARG0-of (s53.b / begin-01
                                                            :ARG1 (s53.m2 / migrate-01
                                                                          :ARG0 s53.p
                                                                          :source (s53.c3 / country
                                                                                          :name (s53.n / name
                                                                                                       :op1 "Egypt")
                                                                                          :mod (s53.u / upper)))
                                                            :time (s53.d / date-entity
                                                                         :decade "40"))))
                  :op2 (s53.m / make-05
                              :ARG0 s53.t
                              :ARG1 (s53.l / live-01
                                           :ARG0 s53.t)
                              :ARG2 (s53.a3 / and
                                            :op1 (s53.c2 / collect-01
                                                         :ARG0 s53.t
                                                         :ARG1 (s53.w / waste
                                                                      :ARG2 (s53.h / home
                                                                                   :source (s53.a / all-over
                                                                                                  :op1 (s53.c / city
                                                                                                              :name (s53.n2 / name
                                                                                                                            :op1 "Cairo")
                                                                                                              :same-as s52.c)))))
                                            :op2 (s53.r / recycle-01
                                                        :ARG0 s53.t
                                                        :ARG1 s53.w))
                              :time (s53.t2 / today)))
   :snt54 (s54.c2 / contrast-01
                  :ARG1 (s54.l / live-01
                               :ARG0 (s54.p / person
                                            :mod (s54.e4 / ethnic-group
                                                         :name (s54.n / name
                                                                      :op1 "Zabbaleen"))
                                            :same-as s52.w)
                               :duration (s54.m3 / multiple
                                                 :op1 (s54.t / temporal-quantity
                                                             :unit (s54.y / year)
                                                             :quant "1"))
                               :location (s54.v / village
                                                :location-of (s54.m2 / move-01
                                                                     :purpose (s54.t2 / try-01
                                                                                      :ARG0 s54.p
                                                                                      :ARG1 (s54.a3 / avoid-01
                                                                                                    :ARG0 s54.p
                                                                                                    :ARG1 (s54.a2 / authority
                                                                                                                  :ARG1-of (s54.l2 / local-02))))
                                                                     :ARG0 s54.p
                                                                     :ARG2 (s54.a / around))
                                                :mod (s54.m / makeshift)))
                  :ARG2 (s54.s / settle-03
                               :ARG1 s54.p
                               :ARG4 (s54.r / rock
                                            :name (s54.n2 / name
                                                          :op1 "Mokattam"))
                               :location (s54.e3 / edge
                                                 :mod (s54.e2 / east)
                                                 :mod (s54.j / just)
                                                 :part-of (s54.c / city
                                                                 :same-as s11.c3))
                               :time (s54.e / early
                                            :op1 (s54.d / date-entity
                                                        :decade "1980"))))
   :snt55 (s55.l / live-01
                 :ARG0 (s55.t / they
                              :consist-of (s55.l2 / live-01
                                                  :ARG0 (s55.p / person
                                                               :quant (s55.a / approximately
                                                                             :op1 (s55.b / between
                                                                                         :op1 "50000"
                                                                                         :op2 "70000")))
                                                  :location (s55.c / community
                                                                   :consist-of (s55.h / house
                                                                                      :ARG1-of (s55.b2 / build-01
                                                                                                       :ARG0 (s55.s / self))
                                                                                      :mod (s55.s2 / story
                                                                                                   :quant (s55.m / multiple)))
                                                                   :location-of (s55.l3 / live-01
                                                                                        :ARG0 (s55.g / generation
                                                                                                     :quant (s55.u / up-to
                                                                                                                   :op1 "3"))
                                                                                        :location (s55.s3 / structure
                                                                                                          :quant "1"))
                                                                   :mod (s55.t2 / this)))
                              :same-as s52.w)
                 :location (s55.a2 / area
                                   :mod s55.t2)
                 :time (s55.t3 / today
                               :same-as s53.t2))
   :snt56 (s56.h / have-concession-91
                 :ARG1 (s56.m / mean-01
                              :ARG1 (s56.f / family
                                           :ARG0-of (s56.s2 / specialize-01
                                                            :ARG1 (s56.f4 / form
                                                                          :mod (s56.c / certain)
                                                                          :mod (s56.r / recycle-01)))
                                           :mod (s56.e / each))
                              :ARG2 (s56.a2 / and
                                            :op1 (s56.r3 / reserve-01
                                                         :ARG1 (s56.f2 / floor
                                                                       :mod (s56.g3 / ground)
                                                                       :part-of (s56.a5 / apartment
                                                                                        :mod (s56.e2 / each)))
                                                         :ARG2 (s56.a / activity-06
                                                                      :ARG1-of (s56.r2 / relate-01
                                                                                       :ARG2 (s56.g / garbage))))
                                            :op2 (s56.d / dedicate-01
                                                        :ARG1 (s56.f3 / floor
                                                                      :mod (s56.u / upper))
                                                        :ARG2 (s56.s / space
                                                                     :mod (s56.l2 / live-01)))))
                 :ARG2 (s56.a6 / appear-02
                               :ARG1 (s56.l / lack-01
                                            :ARG0 (s56.a4 / apartment
                                                          :ARG1-of (s56.b / build-01
                                                                          :ARG0 s56.f)
                                                          :mod (s56.t / this))
                                            :ARG1 (s56.o / or
                                                         :mod (s56.a3 / any)
                                                         :op1 (s56.p / plan-01)
                                                         :op2 (s56.g2 / grid
                                                                      :mod (s56.f5 / formal))))))
   :snt57 (s57.f / find-02
                 :ARG0 (s57.i / i
                              :same-as s2.i)
                 :ARG1 (s57.i2 / incredible
                               :domain (s57.s / see-01
                                              :ARG0 s57.i
                                              :ARG1 (s57.p5 / possible-01
                                                            :ARG1 (s57.s2 / see-01
                                                                          :ARG0 (s57.p / person
                                                                                       :ARG0-of (s57.l / live-01
                                                                                                       :location (s57.t / there)))
                                                                          :ARG1 (s57.a3 / and
                                                                                        :example (s57.a4 / and
                                                                                                         :op1 (s57.s3 / sit-01
                                                                                                                      :ARG1 (s57.m2 / man
                                                                                                                                    :mod (s57.y / young)
                                                                                                                                    :quant "2")
                                                                                                                      :ARG2 (s57.a2 / amongst
                                                                                                                                    :op1 (s57.g2 / garbage
                                                                                                                                                 :quant (s57.m4 / multiple
                                                                                                                                                                :op1 (s57.m3 / mass-quantity
                                                                                                                                                                             :unit (s57.t4 / ton)
                                                                                                                                                                             :quant "1")
                                                                                                                                                                :same-as s57.p2)
                                                                                                                                                 :mod (s57.a / all))))
                                                                                                         :op2 (s57.c / chat-01
                                                                                                                     :ARG0 s57.m2
                                                                                                                     :ARG1 s57.a2))
                                                                                        :mod (s57.t2 / this)
                                                                                        :op1 (s57.p2 / pile-01
                                                                                                     :ARG1 (s57.g / garbage))
                                                                                        :op2 (s57.p3 / pile-01
                                                                                                     :ARG1 s57.g))))))
                 :rel (s57.p4 / pose-01
                              :time (s57.s5 / stream-01
                                            :ARG1 s57.g2
                                            :degree (s57.s4 / sort-of)
                                            :direction (s57.o / out)
                                            :location (s57.b / behind
                                                             :op1 (s57.m / man
                                                                         :ARG1-of (s57.d / distinguish-01
                                                                                         :degree (s57.v / very))
                                                                         :mod (s57.t3 / this))))
                              :ARG0 s57.m))
   :snt58 (s58.c / contrast-01
                 :ARG1 (s58.p4 / possible-01
                               :ARG1 (s58.s / seem-01
                                            :ARG0 (s58.p2 / person
                                                          :location (s58.c2 / country-region
                                                                            :name (s58.n / name
                                                                                         :op1 "Zabbaleen")
                                                                            :same-as s52.w))
                                            :ARG1 (s58.p5 / possible-01
                                                          :ARG1 (s58.i2 / inhabit-01
                                                                        :ARG1 (s58.l / live-01
                                                                                     :location (s58.a / amongst
                                                                                                      :op1 (s58.a2 / and
                                                                                                                   :mod (s58.t / this)
                                                                                                                   :op1 (s58.p3 / pile-01)
                                                                                                                   :op2 (s58.g / garbage)
                                                                                                                   :same-as s57.p2))))
                                                          :degree (s58.t3 / total)
                                                          :polarity "-"))
                               :beneficiary (s58.p / person
                                                   :quant (s58.m / most)
                                                   :ARG1-of (s58.i / include-91
                                                                   :ARG2 (s58.w / we))))
                 :ARG2 (s58.t4 / type
                               :ARG1-of (s58.d / differ-02)
                               :domain (s58.t2 / this
                                               :same-as s58.l)
                               :mod (s58.j / just)
                               :mod (s58.n2 / normal-02)))
   :snt59 (s59.f2 / find-02
                  :ARG0 (s59.i / i
                               :same-as s2.i)
                  :ARG1 (s59.f / fascinate-01
                               :ARG0 (s59.a3 / and
                                             :op1 (s59.t2 / thing
                                                          :ARG1-of (s59.r / real-04)
                                                          :domain (s59.n / normal-02)
                                                          :polarity "-")
                                             :op2 (s59.p4 / prove-01
                                                          :ARG0 (s59.p2 / place
                                                                        :ARG1-of (s59.t / talk-01
                                                                                        :ARG0 s59.i
                                                                                        :time (s59.t4 / today
                                                                                                      :same-as s53.t2))
                                                                        :mod (s59.t3 / this)
                                                                        :mod (s59.a2 / all))
                                                          :ARG1 (s59.p3 / possible-01
                                                                        :ARG1 (s59.a / adapt-01
                                                                                     :ARG0 (s59.p / person)
                                                                                     :ARG2 (s59.s / situation
                                                                                                  :mod (s59.k / kind
                                                                                                              :mod (s59.a4 / any))))))))
                  :location s59.p2)
   :snt60 (s60.c2 / common
                  :degree (s60.q / quite)
                  :domain (s60.c / come-across-21
                                 :ARG1 (s60.p / party-01
                                              :ARG1-of (s60.r / resemble-01
                                                              :ARG2 (s60.p2 / party-01
                                                                            :mod (s60.e / engagement-02)
                                                                            :mod (s60.t / this))
                                                              :mod (s60.j / just))
                                              :location (s60.s2 / street)
                                              :mod (s60.s / small)))
                  :time (s60.d / day))
   :snt61 (s61.d / display-01
                 :ARG0 (s61.p / person
                              :ARG0-of (s61.h / have-rel-role-91
                                              :ARG2 (s61.b2 / bride)))
                 :ARG1 (s61.t / thing
                              :ARG0-of (s61.b / belong-01
                                              :ARG1 s61.p)
                              :ARG1-of (s61.b3 / bring-01
                                               :ARG0 s61.p
                                               :ARG2 (s61.p2 / person
                                                             :ARG0-of (s61.h2 / have-rel-role-91
                                                                              :ARG1 s61.p
                                                                              :ARG2 (s61.h3 / husband))
                                                             :ARG1-of (s61.n / new-01))
                                               :time (s61.s / soon))
                              :mod (s61.a / all))
                 :prep-in (s61.t3 / tradition
                                  :mod (s61.t2 / this)))
   :snt62 (s62.o / offer-01
                 :ARG0 (s62.g2 / gather-03
                               :ARG1-of (s62.r / resemble-01
                                               :ARG2 (s62.t2 / this
                                                             :same-as s60.p)))
                 :ARG1 (s62.j / juxtapose-01
                              :ARG1 (s62.a5 / and
                                            :op1 (s62.d / display-01
                                                        :ARG1 (s62.s / stuff
                                                                     :ARG1-of (s62.n / new-01)
                                                                     :mod (s62.a2 / all)))
                                            :op2 (s62.u / use-01
                                                        :purpose (s62.d2 / display-01
                                                                         :ARG0 (s62.t / they)
                                                                         :ARG1 (s62.a / accessory
                                                                                      :mod (s62.h / home
                                                                                                  :ARG1-of (s62.n2 / new-01))
                                                                                      :mod (s62.a4 / all)
                                                                                      :poss s62.t))
                                                        :ARG1 (s62.g / garbage
                                                                     :mod (s62.a3 / all))
                                                        :ARG2 (s62.p / prop)))
                              :mod (s62.s2 / such)))
   :snt63 (s63.f3 / find-01
                  :ARG0 (s63.y / you)
                  :ARG1 (s63.f / facility
                               :ARG1-of (s63.s / same-01
                                               :ARG2 (s63.f2 / facility
                                                             :location (s63.n4 / neighborhood
                                                                               :ARG1-of (s63.t2 / typical-02)
                                                                               :mod (s63.a3 / any))))
                               :mod (s63.a / all))
                  :ARG1-of (s63.r / resemble-01
                                  :ARG2 (s63.a2 / and
                                                :op1 (s63.w / worship-place
                                                            :name (s63.n / name
                                                                         :op1 "Makoko"))
                                                :op2 (s63.w2 / worship-place
                                                             :name (s63.n2 / name
                                                                           :op1 "Torre"
                                                                           :op2 "David"))))
                  :location (s63.t / throughout
                                   :op1 (s63.l / local-region
                                               :name (s63.n3 / name
                                                             :op1 "Zabbaleen")
                                               :same-as s52.w)))
   :snt64 (s64.a5 / and
                  :op1 (s64.a4 / and
                               :op1 (s64.s2 / shop
                                            :mod (s64.r5 / retail-01))
                               :op2 (s64.c / cafe)
                               :op3 (s64.r4 / restaurant))
                  :op2 (s64.c4 / community
                               :ARG0-of (s64.c2 / cause-01
                                                :ARG1 (s64.f / find-01
                                                             :ARG0 (s64.y / you)
                                                             :ARG1 (s64.c3 / church)
                                                             :mod (s64.a2 / also)))
                               :consist-of (s64.e3 / ethnic-group
                                                   :name (s64.n / name
                                                                :op1 "Christian")
                                                   :mod (s64.r2 / religious-group
                                                                :name (s64.n2 / name
                                                                              :op1 "Copt")))
                               :mod (s64.t / this))
                  :op3 (s64.e / Republican
                              :quant (s64.m / multiple
                                            :op1 "20")
                              :location (s64.a7 / area
                                                :same-as s52.w)
                              :mod (s64.r / religious))
                  :op4 (s64.s / serve-01
                              :example (s64.a6 / and
                                               :op1 (s64.s3 / shop
                                                            :purpose (s64.r3 / repair-01
                                                                             :mod (s64.e2 / electronic)))
                                               :op2 (s64.p / person
                                                           :ARG0-of (s64.c5 / cut-02))
                                               :op3 (s64.e5 / everything))
                              :mod (s64.e4 / everyday)
                              :mod (s64.a / all)
                              :mod (s64.a3 / also)))
   :snt65 (s65.f2 / full-09
                  :ARG1 (s65.v / visit-01
                               :ARG1 (s65.h / home
                                            :poss (s65.f / family
                                                         :name (s65.n / name
                                                                      :op1 "Zabbaleen")
                                                         :same-as s52.w)))
                  :ARG2 (s65.s / surprise-01)
                  :mod (s65.a / also))
   :snt66 (s66.c2 / contrast-01
                  :ARG2 (s66.m2 / meet-05
                                :ARG1 (s66.a2 / and
                                              :mod (s66.m / manner
                                                          :mod (s66.a / all))
                                              :op1 (s66.d / decide-01
                                                          :ARG3 (s66.d3 / design-01))
                                              :op2 (s66.d2 / decorate-01
                                                           :ARG1 (s66.i2 / interior)))
                                :ARG2 (s66.y / you)
                                :time (s66.s / step-01
                                             :ARG1 s66.y
                                             :ARG2 (s66.i / inside
                                                          :op1 (s66.h / home
                                                                      :mod (s66.t / this)
                                                                      :same-as s65.h))))
                  :rel (s66.r / resemble-01
                              :ARG1 s66.h
                              :ARG2 (s66.s2 / structure
                                            :location (s66.c / city
                                                             :same-as s11.c3)
                                            :mod (s66.f / formal
                                                        :polarity "-")
                                            :mod (s66.o / other
                                                        :mod (s66.a3 / any)))
                              :source (s66.o2 / outside)))
   :snt67 (s67.d / design-01
                 :ARG1 (s67.h2 / home
                               :location (s67.a4 / area
                                                 :same-as s52.w)
                               :same-as s65.h)
                 :concession (s67.h / have-03
                                    :ARG1 (s67.a / access-01
                                                 :ARG1 (s67.a2 / and
                                                               :op1 (s67.s / space)
                                                               :op2 (s67.m / money))
                                                 :ARG1-of (s67.l / limit-01)))
                 :manner (s67.a3 / and
                                 :op1 (s67.c / care-04)
                                 :op2 (s67.d2 / detail-01)))
   :snt68 (s68.a / and
                 :op1 (s68.u / unique-01
                             :ARG1 (s68.a3 / apartment
                                           :mod (s68.e2 / every)))
                 :op2 (s68.t / tell-01
                             :ARG0 (s68.i / individuality
                                          :mod (s68.t2 / this))
                             :ARG1 (s68.s / story
                                          :topic (s68.a2 / and
                                                         :op1 (s68.c / circumstance
                                                                     :poss (s68.f / family
                                                                                  :mod (s68.e / each)))
                                                         :op2 (s68.v / value
                                                                     :poss s68.f)))))
   :snt69 (s69.a2 / and
                  :op1 (s69.t / take-04
                              :ARG0 (s69.p / person
                                           :quant (s69.m / many)
                                           :ARG1-of (s69.i / include-91
                                                           :ARG2 (s69.p2 / person
                                                                         :mod (s69.t2 / this))))
                              :ARG1 (s69.a / and
                                           :op1 (s69.h / home
                                                       :poss s69.p)
                                           :op2 (s69.s2 / space
                                                        :mod (s69.i2 / interior)
                                                        :poss s69.p))
                              :ARG2 (s69.s / serious-01
                                           :degree (s69.v / very)))
                  :op2 (s69.p3 / put-01
                               :ARG0 s69.p
                               :ARG1 (s69.a3 / and
                                             :op1 (s69.w / work-01
                                                         :quant (s69.l / lot)
                                                         :ARG0 s69.p)
                                             :op2 (s69.c / care-03
                                                         :quant s69.l
                                                         :ARG0 s69.p))
                               :ARG1 (s69.d / detail)))
   :snt70 (s70.t / treat-01
                 :ARG0-of (s70.m3 / mean-01
                                  :ARG1 (s70.d / decorate-01
                                               :ARG1 (s70.w / wall)
                                               :ARG2 (s70.p / pattern
                                                            :mod (s70.m2 / marble)
                                                            :mod (s70.f / faux))))
                 :ARG1 (s70.s3 / space
                               :ARG1-of (s70.s2 / share-01))
                 :ARG2 (s70.m / manner
                              :ARG1-of (s70.s / same-01))
                 :mod (s70.a / also))
   :snt71 (s71.c2 / contrast-01
                  :ARG2 (s71.u2 / use-01
                                :ARG1 (s71.a4 / apartment
                                              :mod (s71.t2 / this)
                                              :same-as s29.h2)
                                :concession (s71.d / decor
                                                   :mod (s71.e / elaborate)
                                                   :mod (s71.t / this))
                                :frequency (s71.s2 / sometimes)
                                :manner (s71.w / way
                                               :ARG1-of (s71.e2 / expect-01
                                                                :degree (s71.v / very))
                                               :example (s71.h / home
                                                               :ARG0-of (s71.c / catch-01
                                                                               :ARG1 (s71.a5 / attend-02
                                                                                             :ARG0 (s71.i / i
                                                                                                          :same-as s2.i))
                                                                               :time (s71.s / seep-01
                                                                                            :ARG1 (s71.a3 / and
                                                                                                          :op1 (s71.m / mud
                                                                                                                      :mod (s71.a / all))
                                                                                                          :op2 (s71.g / grass
                                                                                                                      :mod (s71.a2 / all)))
                                                                                            :direction (s71.o / out)
                                                                                            :location (s71.u / under
                                                                                                             :op1 (s71.d2 / door
                                                                                                                          :mod (s71.f / front)))
                                                                                            :manner (s71.l / literal)))
                                                               :mod (s71.t3 / this)))))
   :snt72 (s72.a3 / appear-02
                  :ARG1 (s72.t3 / transform-01
                                :ARG1 (s72.a2 / apartment
                                              :location (s72.f2 / floor
                                                                :ord (s72.o2 / ordinal-entity
                                                                             :value "5"))
                                              :mod (s72.t2 / this))
                                :ARG2 (s72.f / farm
                                             :ARG1-of (s72.c / complete-02)
                                             :beneficiary (s72.a / animal)
                                             :location-of (s72.s / stand-01
                                                                 :ARG1 (s72.c2 / cow
                                                                               :quant (s72.o / or
                                                                                             :op1 "6"
                                                                                             :op2 "7")
                                                                               :ARG0-of (s72.g / graze-01
                                                                                               :location (s72.t / thing
                                                                                                                :domain (s72.r / room
                                                                                                                               :ARG1-of (s72.e / except-01
                                                                                                                                               :ARG2 s72.f)
                                                                                                                               :mod (s72.l2 / living))))))))
                  :time (s72.l / let-01
                               :ARG1 (s72.i / i
                                            :same-as s2.i)
                               :location (s72.i2 / inside)))
   :snt73 (s73.c / contrast-01
                 :ARG2 (s73.l / live-01
                              :ARG0 (s73.c2 / couple
                                            :ARG1-of (s73.m / marry-01
                                                            :ARG1-of (s73.n / new-01)))
                              :location (s73.a2 / apartment
                                                :ARG1-of (s73.d / describe-01
                                                                :ARG0 (s73.p / person
                                                                             :ARG1-of (s73.l2 / local-02))
                                                                :ARG2 (s73.a3 / apartment
                                                                              :ARG1-of (s73.i / include-91
                                                                                              :ARG2 (s73.a4 / apartment
                                                                                                            :ARG1-of (s73.h2 / have-degree-91
                                                                                                                             :ARG2 (s73.n2 / nice-01)
                                                                                                                             :ARG3 (s73.m2 / most)
                                                                                                                             :ARG5 (s73.a5 / area
                                                                                                                                           :same-as s52.w))))))
                                                :location (s73.r / relative-position
                                                                 :direction (s73.a / across
                                                                                   :op1 (s73.h / hall))
                                                                 :op1 (s73.s / shed
                                                                             :mod (s73.c3 / cow)
                                                                             :mod (s73.t2 / this)
                                                                             :same-as s71.h)))
                              :time (s73.t / then)))
   :snt74 (s74.a / and
                 :op1 (s74.a4 / astonish-01
                              :ARG0 (s74.a5 / attend-02
                                            :ARG1 (s74.d2 / detail
                                                          :mod (s74.t / this)))
                              :ARG1 (s74.i / i
                                           :part (s74.p / part
                                                        :mod (s74.e / every))
                                           :same-as s2.i))
                 :op2 (s74.d / decorate-01
                             :ARG1 s74.p
                             :time (s74.l / lead-01
                                          :ARG0 (s74.p2 / person
                                                        :ARG0-of (s74.o / own-01
                                                                        :ARG1 (s74.h / home
                                                                                     :same-as s71.h)))
                                          :ARG1 s74.i
                                          :ARG2-of (s74.p3 / pride-01
                                                           :ARG0 s74.p2
                                                           :degree (s74.s / so))
                                          :path (s74.a3 / around
                                                        :op1 (s74.a2 / apartment
                                                                     :mod (s74.t2 / this)
                                                                     :same-as s73.a3)
                                                        :source (s74.f / floor
                                                                       :prep-to (s74.f2 / floor))))))
   :snt75 (s75.c3 / contrast-01
                  :ARG2 (s75.e / easy-05
                               :ARG1 (s75.f2 / forget-01
                                             :ARG0 (s75.y / you)
                                             :ARG1 (s75.s2 / stand-01
                                                           :ARG1 s75.y
                                                           :ARG2 (s75.a / and
                                                                        :op1 (s75.n / next-to
                                                                                    :op1 (s75.s / shed
                                                                                                :mod (s75.c4 / cow)))
                                                                        :op2 (s75.t / top
                                                                                    :part-of (s75.l / landfill)))))
                               :condition (s75.f / familiarize-01
                                                 :mod (s75.s4 / strange)
                                                 :ARG1 s75.o))
                  :rel (s75.o / odor
                              :ARG1-of (s75.p / pass-03
                                              :frequency (s75.c2 / constant)
                                              :path (s75.a2 / apartment
                                                            :same-as s73.a3))
                              :ARG2-of (s75.c / churn-01
                                              :ARG1 (s75.s3 / stomach))
                              :polarity "-"))
   :snt76 (s76.m3 / move-05
                  :ARG1 (s76.i / i
                               :same-as s2.i)
                  :ARG2-of (s76.h / have-degree-91
                                  :ARG1 (s76.w / welcome-01
                                               :ARG1 s76.i
                                               :ARG2 (s76.h2 / home
                                                             :ARG1-of (s76.m / make-01
                                                                             :manner (s76.a / and
                                                                                            :op1 (s76.l / love-01)
                                                                                            :op2 (s76.c / care-03)
                                                                                            :op3 (s76.p / passion
                                                                                                        :ARG1-of (s76.r / reserve-01
                                                                                                                        :polarity "-")))))
                                               :concession (s76.c2 / condition
                                                                   :mod (s76.h3 / hospitable
                                                                                :ARG1-of (s76.s / seem-01)
                                                                                :polarity "-")
                                                                   :mod (s76.t / this))
                                               :manner (s76.a2 / arm
                                                               :ARG1-of (s76.o / open-01)))
                                  :ARG3 (s76.m2 / most)))
   :snt77 (s77.m2 / move-01
                  :ARG0 (s77.w / we)
                  :ARG1 s77.w
                  :ARG2 (s77.c2 / country
                                :name (s77.n / name
                                             :op1 "China")
                                :same-as s7.c3)
                  :ARG2 (s77.a3 / area
                                :ARG1-of (s77.c / call-01
                                                :ARG2 (s77.a2 / and
                                                              :op1 (s77.p / province
                                                                          :name (s77.n2 / name
                                                                                        :op1 "Shanxi"))
                                                              :op2 (s77.p2 / province
                                                                           :name (s77.n3 / name
                                                                                         :op1 "Henan"))
                                                              :op3 (s77.p3 / province
                                                                           :name (s77.n4 / name
                                                                                         :op1 "Gansu")))))
                  :path (s77.a / across
                               :op1 (s77.m / map))
                  :mode "imperative")
   :snt78 (s78.l / live-01
                 :ARG1 (s78.p / person
                              :ARG2-of (s78.e / estimate-01)
                              :quant "40000000")
                 :location (s78.r2 / region
                                   :ARG1-of (s78.f / fame-01
                                                   :ARG2 (s78.s2 / soil
                                                                 :ARG1-of (s78.s / soft-02)
                                                                 :mod (s78.m / mountain
                                                                             :name (s78.n / name
                                                                                          :op1 "Loess"
                                                                                          :op2 "Plateau"))
                                                                 :mod (s78.p2 / pore))))
                 :location (s78.h / house
                                  :location (s78.u / underground)
                                  :mod (s78.t / this))
                 :time (s78.u2 / until
                               :op1 (s78.r / recent)))
   :snt79 (s79.c / call-01
                 :ARG1 (s79.d / dwelling
                              :mod (s79.t / this)
                              :same-as s78.h)
                 :ARG2 (s79.r / river
                              :name (s79.n / name
                                           :op1 "Forces")))
   :snt80 (s80.b / build-01
                 :ARG1 (s80.m / mosque
                              :mod (s80.t2 / this)
                              :same-as s78.h)
                 :location (s80.i / inside
                                  :mod (s80.l / literal)
                                  :op1 (s80.s / soil))
                 :manner (s80.a / architecture
                                :manner (s80.s2 / subtraction)
                                :mod (s80.t / this)))
   :snt81 (s81.a2 / and
                  :op1 (s81.s / see-01
                              :ARG0 (s81.y / you)
                              :ARG1 (s81.l / landscape
                                           :ARG1-of (s81.a / alter-01
                                                           :degree (s81.e / entire)))
                              :location (s81.v / village
                                               :mod (s81.t / this)))
                  :op2 (s81.h / hide-01
                              :ARG1 (s81.h2 / house
                                            :ARG1-of (s81.s2 / sit-01
                                                             :ARG2 (s81.b2 / below
                                                                           :quant (s81.d2 / distance-quantity
                                                                                          :unit (s81.m / meter)
                                                                                          :quant "7")
                                                                           :op1 (s81.g / ground)))
                                            :mod (s81.r / rectangular)
                                            :mod (s81.s3 / square))
                              :location (s81.b / behind
                                               :op1 (s81.m2 / mound
                                                            :consist-of (s81.d / dirt)
                                                            :mod s81.t))))
   :snt82 (s82.r / reply-01
                 :ARG0 (s82.t / they)
                 :ARG1 (s82.a / and
                              :op1 (s82.p / person
                                          :ARG0-of (s82.f / farm-01
                                                          :ARG2 (s82.w / wheat))
                                          :ARG0-of (s82.h / have-03
                                                          :purpose (s82.b / buy-01
                                                                          :ARG0 s82.p
                                                                          :ARG1 (s82.m / material))
                                                          :ARG1 (s82.m2 / money)
                                                          :polarity "-")
                                          :domain (s82.a2 / and
                                                          :op1 s82.w
                                                          :op2 (s82.a3 / apple))
                                          :mod (s82.p2 / poor))
                              :op2 (s82.f2 / form
                                           :ARG1-of (s82.h2 / have-degree-91
                                                            :ARG2 (s82.l2 / logic)
                                                            :ARG3 (s82.m3 / most))
                                           :domain (s82.d2 / dig-01
                                                           :ARG0 s82.t
                                                           :ARG1 (s82.d / dig-01
                                                                        :ARG0 s82.t
                                                                        :ARG1 (s82.h3 / house
                                                                                      :poss s82.t)
                                                                        :source (s82.g / ground))
                                                           :mod (s82.t3 / this)
                                                           :same-as s82.d)
                                           :mod (s82.l / live-01
                                                       :ARG0 s82.t)))
                 :ARG1-of (s82.s / simple-02)
                 :time (s82.a4 / ask-01
                               :ARG0 (s82.i / i
                                            :same-as s2.i)
                               :ARG1 (s82.t2 / thing
                                             :ARG0-of (s82.c / cause-01
                                                             :ARG1 s82.d))
                               :ARG2 s82.t))
   :snt83 (s83.a4 / approach-02
                  :ARG0 (s83.c4 / community
                                :mod (s83.t2 / this))
                  :ARG1 (s83.t / task-01
                               :ARG1 (s83.a / and
                                            :op1 (s83.p / plan-01
                                                        :ARG0 s83.c4)
                                            :op2 (s83.d / design-01
                                                        :ARG0 s83.c4
                                                        :ARG1 (s83.a2 / and
                                                                      :op2 (s83.n3 / neighborhood
                                                                                   :poss s83.c4)
                                                                      :poss s83.c4))
                                            :op3 (s83.m / manage-01
                                                        :ARG0 s83.c4
                                                        :ARG1 s83.a2)))
                  :extent (s83.b / between
                                 :op1 (s83.c2 / city
                                              :name (s83.n / name
                                                           :op1 "Makoko")
                                              :same-as s35.c2)
                                 :op2 (s83.c3 / city
                                              :name (s83.n2 / name
                                                            :op1 "Zabbaleen")))
                  :manner (s83.w / way
                                 :ARG0-of (s83.r / respond-01
                                                 :ARG1 (s83.a3 / and
                                                               :op1 (s83.e / environment
                                                                           :poss s83.c4)
                                                               :op2 (s83.c / circumstance
                                                                           :poss s83.c4))
                                                 :ARG1-of (s83.s / specific-02))))
   :snt84 (s84.d / design-01
                 :ARG1 (s84.n / neighborhood
                              :ARG1-of (s84.c2 / create-01
                                               :ARG0 (s84.p2 / person
                                                             :ARG0-of (s84.l / live-01
                                                                             :location (s84.s / space
                                                                                              :mod (s84.p / particular)
                                                                                              :mod (s84.t2 / this)
                                                                                              :same-as s83.a2))
                                                             :ARG0-of (s84.w / work-01)
                                                             :ARG0-of (s84.p3 / play-01
                                                                              :location s84.s)
                                                             :mod (s84.v / very)
                                                             :mod (s84.t / this)))
                              :mod s84.t
                              :same-as s83.a2)
                 :ARG3 (s84.m / make-18
                              :ARG0 s84.n
                              :ARG1 (s84.m2 / most
                                            :poss (s84.c / circumstance
                                                         :poss s84.n)))
                 :manner (s84.i / intuitive))
   :snt85 (s85.a4 / and
                  :op1 (s85.a / absent-01
                              :ARG0-of (s85.l / leave-13
                                              :ARG1 (s85.o / obligate-01
                                                           :ARG1 (s85.p / person
                                                                        :ARG0-of (s85.i4 / inhabit-01))
                                                           :ARG2 (s85.r / reuse-01
                                                                        :ARG0 s85.p
                                                                        :ARG1 (s85.m2 / material
                                                                                      :ARG1-of (s85.f / find-01)))))
                              :ARG1 (s85.g2 / government-organization
                                            :ARG0-of (s85.g / govern-01))
                              :ARG1-of (s85.c4 / complete-02)
                              :location (s85.p2 / place
                                                :ARG1-of (s85.i / include-91
                                                                :ARG2 (s85.p3 / place
                                                                              :mod (s85.t / this)
                                                                              :same-as s83.a2)
                                                                :ARG3 (s85.m3 / most))))
                  :op2 (s85.h / have-concession-91
                              :ARG1 (s85.a5 / and
                                            :op1 (s85.p4 / present-01
                                                         :ARG0 (s85.c3 / community
                                                                       :mod (s85.t2 / this)
                                                                       :same-as s83.c4)
                                                         :ARG1 (s85.e / exemplify-01
                                                                      :ARG1 (s85.f2 / form
                                                                                    :ARG1-of (s85.b / brilliant-01)
                                                                                    :mod (s85.i3 / ingenuity))))
                                            :op2 (s85.p5 / prove-01
                                                         :ARG0 s85.c3
                                                         :ARG1 (s85.c / capable-01
                                                                      :ARG1 (s85.w / we)
                                                                      :ARG2 (s85.a2 / adapt-01
                                                                                    :ARG0 s85.w
                                                                                    :ARG2 (s85.c2 / circumstance
                                                                                                  :mod (s85.m / manner
                                                                                                              :mod (s85.a3 / all))))
                                                                      :mod (s85.i2 / indeed))))
                              :ARG2 (s85.d / disadvantage
                                           :degree (s85.h2 / high-02)
                                           :domain s85.c3))
                  :rel "-")
   :snt86 (s86.f2 / framework
                  :ARG0-of (s86.m / make-02
                                  :ARG1 (s86.r / remarkable-02
                                               :ARG1 (s86.p3 / place
                                                             :ARG1-of (s86.r2 / resemble-01
                                                                              :ARG2 (s86.b / building
                                                                                           :name (s86.n / name
                                                                                                        :op1 "Torre"
                                                                                                        :op2 "David")
                                                                                           :same-as s63.w2)))
                                               :mod (s86.p / particular)))
                  :location-of (s86.p4 / possible-01
                                       :ARG1 (s86.h / have-03
                                                    :ARG0 (s86.p2 / person)
                                                    :ARG1 (s86.f / foundation
                                                                 :ARG1-of (s86.t / tap-02
                                                                                 :ARG0 s86.p2))))
                  :mod (s86.s / skeleton)
                  :mod (s86.s2 / sort
                               :mod (s86.t2 / this)))
   :snt87 (s87.i / imagine-01
                 :ARG0 (s87.y / you)
                 :ARG1 (s87.a2 / and
                               :condition (s87.g / give-01
                                                 :ARG1 (s87.i2 / infrastructure
                                                               :ARG1-of (s87.t / tap-02
                                                                               :ARG0 (s87.c / community
                                                                                            :mod (s87.i3 / ingenious
                                                                                                         :time (s87.a / already))
                                                                                            :mod (s87.t3 / this))
                                                                               :ARG1-of (s87.p3 / possible-01))
                                                               :mod (s87.b / basic))
                                                 :ARG2 s87.c)
                               :op1 (s87.t2 / thing
                                            :ARG1-of (s87.c2 / create-01
                                                             :ARG0 s87.c
                                                             :ARG1-of (s87.p2 / possible-01)))
                               :op2 (s87.p / particular
                                           :degree (s87.h / high-02
                                                          :degree (s87.s / so))
                                           :domain (s87.s2 / solve-01
                                                           :ARG0 s87.c)))
                 :time (s87.n / now)
                 :mode "imperative")
   :snt88 (s88.s / see-01
                 :ARG0 (s88.y / you)
                 :ARG1 (s88.p2 / project
                               :purpose (s88.d / develop-02
                                               :ARG1 (s88.r / reside-01))
                               :ARG0-of (s88.o / offer-01
                                               :ARG1 (s88.t / thing
                                                            :ARG1-of (s88.c2 / cut-01
                                                                             :ARG2 (s88.c / cookie))
                                                            :ARG2-of (s88.h / house-01)
                                                            :ARG2-of (s88.s2 / solve-01))
                                               :ARG3 (s88.p / person
                                                            :quant (s88.a / amount
                                                                          :mod (s88.m / massive))))
                               :mod (s88.l / large)
                               :mod (s88.t2 / this))
                 :time (s88.t3 / today
                               :same-as s53.t2))
   :snt89 (s89.c2 / contrast-01
                  :ARG1 (s89.a4 / attempt-01
                                :ARG0 (s89.p3 / project
                                              :mod (s89.t / this)
                                              :same-as s88.p2)
                                :ARG1 (s89.p4 / provide-01
                                              :ARG0 s89.p3
                                              :ARG1 (s89.h / house
                                                           :quant (s89.a3 / as-many-as
                                                                          :op1 (s89.p2 / possible-01))))
                                :location (s89.b / between
                                                 :op1 (s89.c3 / country
                                                              :name (s89.n / name
                                                                           :op1 "China")
                                                              :same-as s7.c3)
                                                 :op2 (s89.c4 / country
                                                              :name (s89.n2 / name
                                                                            :op1 "Brazil"))))
                  :ARG2 (s89.a / and
                               :op1 (s89.g / generic
                                           :ARG1-of (s89.c / complete-02)
                                           :domain s89.p3)
                               :op2 (s89.w / work-09
                                           :ARG1 s89.p3
                                           :ARG2 (s89.a2 / answer-01
                                                         :ARG1 (s89.n3 / need-01
                                                                       :ARG0 (s89.p / person)
                                                                       :mod (s89.i / individual))
                                                         :ARG2 s89.p3)
                                           :mod (s89.s / simple)
                                           :polarity "-")))
   :snt90 (s90.l / like-02
                 :ARG0 (s90.i / i
                              :same-as s2.i)
                 :ARG1 (s90.e / end-01
                              :ARG0 s90.i
                              :ARG2 (s90.t / thing
                                           :ARG1-of (s90.q / quote-01
                                                           :ARG2 (s90.p / person
                                                                        :name (s90.n / name
                                                                                     :op1 "Zita"
                                                                                     :op2 "Cobb")
                                                                        :ARG0-of (s90.h / have-rel-role-91
                                                                                        :ARG1 s90.i
                                                                                        :ARG2 (s90.f2 / friend))
                                                                        :ARG0-of (s90.s / source-02
                                                                                        :ARG1 (s90.i2 / inspire-01
                                                                                                      :ARG0 s90.i))
                                                                        :ARG0-of (s90.f / found-01
                                                                                        :ARG1 (s90.o / organization
                                                                                                     :name (s90.n2 / name
                                                                                                                   :op1 "Shorefast"
                                                                                                                   :op2 "Foundation")
                                                                                                     :ARG1-of (s90.w / wonderful-03)
                                                                                                     :ARG1-of (s90.b / base-01
                                                                                                                     :location (s90.i3 / island
                                                                                                                                       :name (s90.n3 / name
                                                                                                                                                     :op1 "Fogo"
                                                                                                                                                     :op2 "Island")
                                                                                                                                       :location (s90.p2 / province
                                                                                                                                                         :name (s90.n4 / name
                                                                                                                                                                       :op1 "Newfoundland")))))))))))
   :snt91 (s91.a2 / and
                  :op1 (s91.s2 / say-01
                               :ARG0 (s91.s3 / she)
                               :ARG1 (s91.p / plague
                                            :ARG0-of (s91.k / kill-01
                                                            :ARG1 (s91.j / joy
                                                                         :poss (s91.h2 / human)))
                                            :domain (s91.s / sameness)
                                            :mod (s91.t / this)))
                  :op2 (s91.p2 / possible-01
                               :ARG1 (s91.a / agree-01
                                            :ARG0 (s91.i / i
                                                         :same-as s2.i)
                                            :ARG1-of (s91.h / have-quant-91
                                                            :ARG3 (s91.m / more))
                                            :ARG2 s91.s3)
                               :polarity "-"))
   :snt92 (s92.t / thank-01
                 :ARG1 (s92.y / you
                              :same-as s2.i)))

