# ::id doc-358
# ::doc_file doc-358
# ::tok http : / / www . ted . com / talks / vik_muniz_makes_art_with_wire_sugar< / url> <next_sent> I was asked to come here and speak about creation . <next_sent> And I only have 15 minutes , and I see they 're counting already . <next_sent> And I can -- in 15 minutes , I think I can touch only a very rather janitorial branch of creation , which I call " creativity . " <next_sent> Creativity is how we cope with creation . <next_sent> While creation sometimes seems a bit un - graspable , or even pointless , creativity is always meaningful . <next_sent> See , for instance , in this picture . <next_sent> You know , creation is what put that dog in that picture , and creativity is what makes us see a chicken on his hindquarters . <next_sent> When you think about -- you know , creativity has a lot to do with causality too . <next_sent> You know , when I was a teenager , I was a creator . <next_sent> I just did things . <next_sent> Then I became an adult and started knowing who I was , and tried to maintain that persona -- I became creative . <next_sent> It was n't until I actually did a book and a retrospective exhibition , that I could track exactly -- looks like all the craziest things that I had done , all my drinking , all my parties -- they followed a straight line that brings me to the point that actually I 'm talking to you at this moment . <next_sent> Though it 's actually true , you know , the reason I 'm talking to you right now is because I was born in Brazil . <next_sent> If I was born in Monterey , probably would be in Brazil . <next_sent> You know , I was born in Brazil and grew up in the ' 70s under a climate of political distress , and I was forced to learn to communicate in a very specific way -- in a sort of a semiotic black market . <next_sent> You could n't really say what you wanted to say ; you had to invent ways of doing it . <next_sent> You did n't trust information very much . <next_sent> That led me to another step of why I 'm here today , is because I really liked media of all kinds . <next_sent> I was a media junkie , and eventually got involved with advertising . <next_sent> My first job in Brazil was actually to develop a way to improve the readability of billboards , and based on speed , angle of approach and actually blocks of text . <next_sent> It was very -- actually , it was a very good study , and got me a job in an ad agency . <next_sent> And they also decided that I had to -- to give me a very ugly Plexiglas trophy for it . <next_sent> And another point -- why I 'm here -- is that the day I went to pick up the Plexiglas trophy , I rented a tuxedo for the first time in my life , picked the thing -- did n't have any friends . <next_sent> On my way out , I had to break a fight apart . <next_sent> Somebody was hitting somebody else with brass knuckles . <next_sent> They were in tuxedos , and fighting . <next_sent> It was very ugly . <next_sent> And also -- advertising people do that all the time -- -- and I -- well , what happened is when I went back , it was on the way back to my car , the guy who got hit decided to grab a gun -- I do n't know why he had a gun -- and shoot the first person he decided to be his aggressor . <next_sent> The first person was wearing a black tie , a tuxedo . <next_sent> It was me . <next_sent> Luckily , it was n't fatal , as you can all see . <next_sent> And , even more luckily , the guy said that he was sorry and I bribed him for compensation money , otherwise I press charges . <next_sent> And that 's how -- with this money I paid for a ticket to come to the United States in 1983 , and that 's very -- the basic reason I 'm talking to you here today : because I got shot . <next_sent> Well , when I started working with my own work , I decided that I should n't do images . <next_sent> You know , I became -- I took this very iconoclastic approach . <next_sent> Because when I decided to go into advertising , I wanted to do -- I wanted to airbrush naked people on ice , for whiskey commercials , that 's what I really wanted to do . <next_sent> But I -- they did n't let me do it , so I just -- you know , they would only let me do other things . <next_sent> But I was n't into selling whiskey ; I was into selling ice . <next_sent> The first works were actually objects . <next_sent> It was kind of a mixture of found object , product design and advertising . <next_sent> And I called them relics . <next_sent> They were displayed first at Stux Gallery in 1983 . <next_sent> This is the clown skull . <next_sent> Is a remnant of a race of -- a very evolved race of entertainers . <next_sent> They lived in Brazil , long time ago . <next_sent> This is the Ashanti joystick . <next_sent> Unfortunately , it has become obsolete because it was designed for Atari platform . <next_sent> A Playstation II is in the works , maybe for the next TED I 'll bring it . <next_sent> The rocking podium . <next_sent> This is the pre - Columbian coffeemaker . <next_sent> The Bonsai table . <next_sent> The entire Encyclopedia Britannica bound in a single volume , for travel purposes . <next_sent> And the half tombstone , for people who are not dead yet . <next_sent> I wanted to take that into the realm of images , and I decided to make things that had the same identity conflicts . <next_sent> So I decided to do work with clouds . <next_sent> Because clouds can mean anything you want . <next_sent> But now I wanted to work in a very low - tech way , so something that would mean at the same time a lump of cotton , a cloud and Durer 's praying hands -- although this looks a lot more like Mickey Mouse 's praying hands . <next_sent> But I was still , you know -- this is a kitty cloud . <next_sent> They 're called " Equivalents , " after Alfred Stieglitz 's work . <next_sent> " The Snail . " <next_sent> But I was still working with sculpture , and I was really trying to go flatter and flatter . <next_sent> " The Teapot . " <next_sent> I had a chance to go to Florence , in -- I think it was ' 94 , and I saw Ghiberti 's " Door of Paradise . " <next_sent> And he did something that was very tricky . <next_sent> He put together two different media from different periods of time . <next_sent> First , he got an age - old way of making it , which was relief , and he worked this with three - point perspective , which was brand - new technology at the time . <next_sent> And it 's totally overkill . <next_sent> And your eye does n't know which level to read . <next_sent> And you become trapped into this kind of representation . <next_sent> So I decided to make these very simple renderings , that at first they are taken as a line drawing -- you know , something that 's very -- and then I did it with wire . <next_sent> The idea was to -- because everybody overlooks white -- like pencil drawings , you know ? <next_sent> And they would look at it -- " Ah , it 's a pencil drawing . " <next_sent> Then you have this double take and see that it 's actually something that existed in time . <next_sent> It had a physicality , and you start going deeper and deeper into sort of narrative that goes this way , towards the image . <next_sent> So this is " Monkey with Leica . " <next_sent> " Relaxation . " <next_sent> " Fiat Lux . " <next_sent> And the same way the history of representation evolved from line drawings to shaded drawings . <next_sent> And I wanted to deal with other subjects . <next_sent> I started taking that into the realm of landscape , which is something that 's almost a picture of nothing . <next_sent> I made these pictures called " Pictures of Thread , " and I named them after the amount of yards that I used to represent each picture . <next_sent> These always end up being a photograph at the end , or more like an etching in this case . <next_sent> So this is a lighthouse . <next_sent> This is " 6,500 Yards , " after Corot . " 9,000 Yards , " after Gerhard Richter . <next_sent> And I do n't know how many yards , after John Constable . <next_sent> Departing from the lines , I decided to tackle the idea of points , like which is more similar to the type of representation that we find in photographs themselves . <next_sent> I had met a group of children in the Caribbean island of Saint Kitts , and I did work and play with them . <next_sent> I got some photographs from them . <next_sent> Upon my arrival in New York , I decided -- they were children of sugar plantation workers . <next_sent> And by manipulating sugar over a black paper , I made portraits of them . <next_sent> It was just the name of the child , with the little thing you get to know of somebody that you meet very briefly . <next_sent> " Valicia . " <next_sent> " Jacynthe . " <next_sent> But another layer of representation was still introduced . <next_sent> Because I was doing this while I was making these pictures , I realized that I could add still another thing I was trying to make a subject -- something that would interfere with the themes , so chocolate is very good , because it has -- it brings to mind ideas that go from scatology to romance . <next_sent> And so I decided to make these pictures , and they were very large , so you had to walk away from it to be able to see them . <next_sent> So they 're called " Pictures of Chocolate . " <next_sent> Freud probably could explain chocolate better than I. <next_sent> He was the first subject . <next_sent> And Jackson Pollock also . <next_sent> Pictures of crowds are particularly interesting , because , you know , you go to that -- you try to figure out the threshold with something you can define very easily , like a face , goes into becoming just a texture . <next_sent> " Paparazzi . " <next_sent> I used the dust at the Whitney Museum to render some pieces of their collection . <next_sent> And I picked minimalist pieces because they 're about specificity . <next_sent> And you render this with the most non - specific material , which is dust itself . <next_sent> Like , you know , you have the skin particles of every single museum visitor . <next_sent> They do a DNA scan of this , they will come up with a great mailing list . <next_sent> This is Richard Serra . <next_sent> I bought a computer , and [ they ] told me it had millions of colors in it . <next_sent> You know an artist 's first response to this is , who counted it ? <next_sent> You know ? <next_sent> And I realized that I never worked with color , because I had a hard time controlling the idea of single colors . <next_sent> But once they 're applied to numeric structure , then you can feel more comfortable . <next_sent> So the first time I worked with colors was by making these mosaics of Pantone swatches . <next_sent> They end up being very large pictures , and I photographed with a very large camera -- an 8x10 camera . <next_sent> So you can see the surface of every single swatch -- like in this picture of Chuck Close . <next_sent> And you have to walk very far to be able to see it . <next_sent> Also , the reference to Gerhard Richter 's use of color charts -- and the idea also entering another realm of representation that 's very common to us today , which is the bit map . <next_sent> I ended up narrowing the subject to Monet 's " Haystacks . " <next_sent> This is something I used to do as a joke -- you know , make -- the same like -- Robert Smithson 's " Spiral Jetty " -- and then leaving traces , as if it was done on a tabletop . <next_sent> I tried to prove that he did n't do that thing in the Salt Lake . <next_sent> But then , just doing the models , I was trying to explore the relationship between the model and the original . <next_sent> And I felt that I would have to actually go there and make some earthworks myself . <next_sent> I opt for very simple line drawings -- kind of stupid looking . <next_sent> And at the same time , I was doing these very large constructions , being 150 meters away . <next_sent> Now I would do very small ones , which would be like -- but under the same light , and I would show them together , so the viewer would have to really figure it out what one he was looking . <next_sent> I was n't interested in the very large things , or in the small things . <next_sent> I was more interested in the things in between , you know , because you can leave an enormous range for ambiguity there . <next_sent> This is like you see -- the size of a person over there . <next_sent> This is a pipe . <next_sent> A hanger . <next_sent> And this is another thing that I did -- you know working -- everybody loves to watch somebody draw , but not many people have a chance to watch somebody draw in -- a lot of people at the same time , to evidence a single drawing . <next_sent> And I love this work , because I did these cartoonish clouds over Manhattan for a period of two months . <next_sent> And it was quite wonderful , because I had an interest -- an early interest -- in theater , that 's justified on this thing . <next_sent> In theater , you have the character and the actor in the same place , trying to negotiate each other in front of an audience . <next_sent> And in this , you 'd have like a -- something that looks like a cloud , and it is a cloud at the same time . <next_sent> So they 're like perfect actors . <next_sent> My interest in acting , especially bad acting , goes a long way . <next_sent> Actually , I once paid like 60 dollars to see a very great actor to do a version of " King Lear , " and I felt really robbed , because by the time the actor started being King Lear , he stopped being the great actor that I had paid money to see . <next_sent> On the other hand , you know , I paid like three dollars , I think -- and I went to a warehouse in Queens to see a version of " Othello " by an amateur group . <next_sent> And it was quite fascinating , because you know the guy -- his name was Joey Grimaldi -- he impersonated the Moorish general -- you know , for the first three minutes he was really that general , and then he went back into plumber , he worked as a plumber , so -- plumber , general , plumber , general -- so for three dollars , I saw two tragedies for the price of one . <next_sent> See , I think it 's not really about impression , making people fall for a really perfect illusion , as much as it is to make -- <next_sent> I usually work at the lowest threshold of visual illusion . <next_sent> Because it 's not about fooling somebody , it 's actually giving somebody a measure of their own belief : how much you want to be fooled . <next_sent> That 's why we pay to go to magic shows and things like that . <next_sent> Well , I think that 's it . <next_sent> My time is nearly up . <next_sent> Thank you very much .
(d / document
   :snt1 (s1.u / url-entity
               :value "talk-01")
   :snt2 (s2.a2 / ask-02
                :ARG1 (s2.a / and
                            :op1 (s2.c / come-01
                                       :ARG1 (s2.i / i)
                                       :ARG4 (s2.h / here))
                            :op2 (s2.s / speak-01
                                       :ARG0 s2.i
                                       :ARG1 (s2.c2 / create-01)))
                :ARG2 s2.i)
   :snt3 (s3.a2 / and
                :op2 (s3.a3 / and
                            :op1 (s3.h / have-03
                                       :ARG0 (s3.i / i
                                                   :same-as s2.i)
                                       :ARG1 (s3.t / temporal-quantity
                                                   :unit (s3.m / minute)
                                                   :quant "15")
                                       :mod (s3.o / only))
                            :op2 (s3.s / see-01
                                       :ARG0 s3.i
                                       :ARG1 (s3.c / count-01
                                                   :ARG0 (s3.t2 / they)
                                                   :time (s3.a / already)))))
   :snt4 (s4.a2 / and
                :op2 (s4.p / possible-01
                           :ARG1 (s4.t3 / touch-01
                                        :ARG0 (s4.i / i
                                                    :same-as s2.i)
                                        :ARG1 (s4.b / branch
                                                    :ARG1-of (s4.c / call-01
                                                                   :ARG0 s4.i
                                                                   :ARG2 (s4.c3 / creativity))
                                                    :mod (s4.j / janitor)
                                                    :mod (s4.r / rather
                                                               :degree (s4.v / very))
                                                    :mod (s4.o / only)
                                                    :part-of (s4.c2 / create-01))
                                        :time (s4.a / after
                                                    :quant (s4.t / temporal-quantity
                                                                 :unit (s4.m / minute)
                                                                 :quant "15")
                                                    :ARG1-of (s4.t2 / think-01
                                                                    :ARG0 s4.i)
                                                    :op1 (s4.n / now)))))
   :snt5 (s5.c / cope-01
               :ARG0 (s5.w / we)
               :ARG1 (s5.c2 / create-01))
   :snt6 (s6.h / have-concession-91
               :ARG1 (s6.m / meaningful-05
                           :ARG0 (s6.c2 / creativity)
                           :time (s6.a / always))
               :ARG2 (s6.s / seem-01
                           :ARG1 (s6.o / or
                                       :op1 (s6.p / possible-01
                                                  :ARG1 (s6.g / grasp-01
                                                              :ARG1 (s6.c / create-01))
                                                  :degree (s6.b / bit))
                                       :op2 (s6.p2 / possible-01
                                                   :mod (s6.e / even)
                                                   :polarity "-"))
                           :frequency (s6.s2 / sometimes))
               :rel "-")
   :snt7 (s7.s / see-01
               :ARG0-of (s7.e / exemplify-01)
               :location (s7.p / picture
                               :mod (s7.t / this)))
   :snt8 (s8.a / and
               :ARG1-of (s8.k / know-01
                              :ARG0 (s8.y / you))
               :op1 (s8.p2 / put-01
                           :ARG0 (s8.c2 / create-01)
                           :ARG1 (s8.d / dog
                                       :mod (s8.t / that))
                           :ARG2 (s8.p / picture
                                       :mod (s8.t2 / that)
                                       :same-as s7.p))
               :op2 (s8.m / make-02
                          :ARG0 (s8.c3 / creativity)
                          :ARG1 (s8.s / see-01
                                      :ARG0 (s8.w / we)
                                      :ARG1 (s8.c / chicken
                                                  :part (s8.l / leg))
                                      :location s8.l)))
   :snt9 (s9.h / have-to-do-with-04
               :ARG0 (s9.c2 / creativity)
               :ARG1 (s9.c / cause-01)
               :ARG1-of (s9.k / know-01
                              :ARG0 (s9.y / you))
               :ARG2 (s9.l / lot)
               :condition (s9.t / think-01
                                :ARG0 s9.y)
               :mod (s9.t2 / too))
   :snt10 (s10.c / create-01
                 :ARG0 (s10.i / i
                              :same-as s2.i)
                 :ARG1-of (s10.k / know-01
                                 :ARG0 (s10.y / you))
                 :time (s10.t / teenager
                              :domain s10.i))
   :snt11 (s11.d / do-02
                 :ARG0 (s11.i / i
                              :same-as s2.i)
                 :ARG1 (s11.t / thing)
                 :mod (s11.j / just))
   :snt12 (s12.c / cause-01
                 :ARG0 (s12.a2 / and
                               :op1 (s12.b / become-01
                                           :ARG1 (s12.i / i
                                                        :same-as s2.i)
                                           :ARG2 (s12.a / adult)
                                           :time (s12.t2 / then))
                               :op2 (s12.s / start-01
                                           :ARG0 s12.i
                                           :ARG1 (s12.k / know-01
                                                        :ARG0 s12.i
                                                        :ARG1 (s12.p / person
                                                                     :domain s12.i))
                                           :time s12.t2)
                               :op3 (s12.t3 / try-01
                                            :ARG0 s12.i
                                            :ARG1 (s12.m / maintain-01
                                                         :ARG0 s12.i
                                                         :ARG1 (s12.p2 / persona
                                                                       :mod (s12.t / that)))))
                 :ARG1 (s12.b2 / become-01
                               :ARG1 s12.i
                               :ARG2 (s12.c2 / creative)))
   :snt13 (s13.p3 / possible-01
                  :ARG1 (s13.t4 / track-01
                                :ARG0 (s13.i / i
                                             :same-as s2.i)
                                :ARG1 (s13.a6 / and
                                              :ARG0-of (s13.l2 / look-02
                                                               :ARG1 (s13.a7 / and
                                                                             :op1 (s13.t2 / thing
                                                                                          :ARG1-of (s13.h / have-degree-91
                                                                                                          :ARG2 (s13.c / crazy-03
                                                                                                                       :ARG1 s13.t2)
                                                                                                          :ARG3 (s13.m2 / most))
                                                                                          :ARG1-of (s13.d2 / do-02
                                                                                                           :ARG0 s13.i)
                                                                                          :mod (s13.a3 / all))
                                                                             :op2 (s13.d3 / drink-01
                                                                                          :ARG0 s13.i
                                                                                          :mod (s13.a4 / all))
                                                                             :op3 (s13.p / party-01
                                                                                         :ARG0 s13.i
                                                                                         :mod (s13.a5 / all))))
                                              :ARG1-of (s13.f / follow-01
                                                              :ARG0 s13.a7
                                                              :ARG2 (s13.l / line
                                                                           :ARG0-of (s13.b3 / bring-01
                                                                                            :ARG1 s13.i
                                                                                            :ARG2 (s13.p2 / point
                                                                                                          :mod (s13.t / talk-01
                                                                                                                      :ARG0 s13.i
                                                                                                                      :ARG1-of (s13.a2 / actual-02)
                                                                                                                      :ARG2 (s13.y / you)
                                                                                                                      :time (s13.m / moment
                                                                                                                                   :mod (s13.t3 / this)))))
                                                                           :ARG1-of (s13.s / straight-04)))
                                              :op1 (s13.b2 / book)
                                              :op2 (s13.e2 / exhibit-01
                                                           :mod (s13.r / retrospective)))
                                :mod (s13.e / exact))
                  :time (s13.b / before
                               :op1 (s13.d / do-02
                                           :ARG0 s13.i
                                           :ARG1 s13.a6
                                           :ARG1-of (s13.a / actual-02))))
   :snt14 (s14.b / bear-02
                 :ARG1 (s14.i / i
                              :same-as s2.i)
                 :ARG1-of (s14.k / know-01
                                 :ARG0 (s14.y / you))
                 :ARG1-of (s14.h / have-concession-91
                                 :ARG2 (s14.t2 / true-01
                                               :ARG1-of (s14.a / actual-02)))
                 :location (s14.c2 / country
                                   :name (s14.n / name
                                                :op1 "Brazil"))
                 :rel (s14.c / cause-01
                             :ARG1 (s14.t / talk-01
                                          :ARG0 s14.i
                                          :ARG2 s14.y
                                          :time (s14.n2 / now
                                                        :mod (s14.r / right)))))
   :snt15 (s15.p / probable
                 :condition (s15.b2 / bear-02
                                    :ARG1 (s15.i / i
                                                 :same-as s2.i)
                                    :location (s15.c / city
                                                     :name (s15.n / name
                                                                  :op1 "Monterey"))
                                    :location (s15.c2 / country
                                                      :name (s15.n2 / name
                                                                    :op1 "Brazil")
                                                      :same-as s14.c2))
                 :rel (s15.b / bear-02
                             :ARG1 s15.i
                             :location s15.c2))
   :snt16 (s16.a2 / and
                  :op1 (s16.a / and
                              :mod (s16.k / know-06
                                          :ARG0 (s16.y / you))
                              :op1 (s16.b / bear-02
                                          :ARG1 (s16.i / i
                                                       :same-as s2.i)
                                          :location (s16.c3 / country
                                                            :name (s16.n / name
                                                                         :op1 "Brazil")
                                                            :same-as s14.c2))
                              :op2 (s16.g / grow-up-04
                                          :ARG1 s16.i
                                          :time (s16.d / date-entity
                                                       :decade "1970")
                                          :time (s16.c / climate
                                                       :mod (s16.d2 / distress-01
                                                                    :ARG0 (s16.p / politics)))))
                  :op2 (s16.f / force-01
                              :ARG1 s16.i
                              :ARG2 (s16.l / learn-01
                                           :ARG0 s16.i
                                           :ARG1 (s16.c2 / communicate-01
                                                         :ARG0 s16.i
                                                         :manner (s16.w / way
                                                                        :ARG1-of (s16.s3 / specific-02
                                                                                         :degree (s16.v / very))
                                                                        :manner (s16.m / market-01
                                                                                       :ARG1-of (s16.b2 / black-07)
                                                                                       :mod (s16.s / semiotic)
                                                                                       :mod (s16.s2 / sort)))))))
   :snt17 (s17.a / and
                 :op1 (s17.p / possible-01
                             :ARG1 (s17.s / say-01
                                          :ARG0 (s17.y / you)
                                          :ARG1 (s17.t / thing
                                                       :ARG1-of (s17.s2 / say-01
                                                                        :ARG0 s17.y
                                                                        :ARG1-of (s17.w / want-01
                                                                                        :ARG0 s17.y))))
                             :ARG1-of (s17.r / real-04)
                             :polarity "-")
                 :op2 (s17.o / obligate-01
                             :ARG1 s17.y
                             :ARG2 (s17.i / invent-01
                                          :ARG0 s17.y
                                          :ARG1 (s17.w2 / way
                                                        :manner-of (s17.d / do-02
                                                                          :ARG0 s17.y
                                                                          :ARG1 s17.s)))))
   :snt18 (s18.t / trust-02
                 :quant (s18.m / much
                               :degree (s18.v / very))
                 :ARG0 (s18.y / you)
                 :ARG1 (s18.i / information)
                 :polarity "-")
   :snt19 (s19.c / cause-01
                 :ARG0 (s19.l2 / like-01
                               :ARG0 (s19.i / i
                                            :same-as s2.i)
                               :ARG1 (s19.m / media
                                            :mod (s19.k / kind
                                                        :mod (s19.a / all)))
                               :degree (s19.r / really))
                 :ARG1 (s19.t2 / thing
                               :purpose (s19.b / be-located-at-91
                                               :ARG1 s19.i
                                               :ARG2 (s19.h / here)
                                               :time (s19.t3 / today))
                               :ARG4-of (s19.s / step-01
                                               :mod (s19.a2 / another)))
                 :rel (s19.l / lead-01
                             :ARG0 (s19.t / that)
                             :ARG4 s19.s))
   :snt20 (s20.a2 / and
                  :op1 (s20.j / junkie
                              :domain (s20.i / i
                                             :same-as s2.i)
                              :mod (s20.m / media))
                  :op2 (s20.i2 / involve-01
                               :ARG1 s20.i
                               :ARG2 (s20.a / advertise-01)
                               :time (s20.e / eventual)))
   :snt21 (s21.j / job
                 :domain (s21.d / develop-02
                                :ARG0 (s21.i / i
                                             :same-as s2.i)
                                :ARG1 (s21.w / way
                                             :ARG1-of (s21.b / base-02
                                                             :ARG2 (s21.a3 / and
                                                                           :op1 (s21.s2 / speed)
                                                                           :op2 (s21.a4 / angle
                                                                                        :poss (s21.a5 / approach-01))
                                                                           :op3 (s21.b2 / block
                                                                                        :ARG1-of (s21.a2 / actual-02)
                                                                                        :consist-of (s21.t / text))))
                                             :manner-of (s21.i2 / improve-01
                                                                :ARG0 s21.i
                                                                :ARG1 (s21.r / read-01
                                                                             :ARG1 (s21.s / sign)
                                                                             :ARG1-of (s21.p / possible-01))))
                                :ARG1-of (s21.a / actual-02))
                 :location (s21.c / country
                                  :name (s21.n / name
                                               :op1 "Brazil")
                                  :same-as s14.c2)
                 :ord (s21.o / ordinal-entity
                             :value "1")
                 :poss s21.i)
   :snt22 (s22.a4 / and
                  :op1 (s22.s / study-01
                              :ARG1-of (s22.g2 / good-02
                                               :ARG1-of (s22.a / actual-02)
                                               :degree (s22.v / very
                                                              :degree (s22.v2 / very)))
                              :domain (s22.i2 / it
                                              :same-as s21.w))
                  :op2 (s22.g / get-01
                              :ARG0 s22.i2
                              :ARG1 (s22.j / job
                                           :location (s22.a3 / agency
                                                             :ARG0-of (s22.a2 / advertise-01)))
                              :ARG2 (s22.i / i
                                           :same-as s2.i)))
   :snt23 (s23.a2 / and
                  :op2 (s23.d / decide-01
                              :ARG0 (s23.t / they
                                           :same-as s22.a3)
                              :ARG1 (s23.o / obligate-01
                                           :ARG1 (s23.i / i
                                                        :same-as s2.i)
                                           :ARG2 (s23.g / give-01
                                                        :purpose (s23.i2 / it
                                                                         :same-as s21.w)
                                                        :ARG0 s23.t
                                                        :ARG1 (s23.t2 / trophy
                                                                      :mod (s23.p / product
                                                                                  :name (s23.n / name
                                                                                               :op1 "Plexiglas"))
                                                                      :mod (s23.u / ugly
                                                                                  :degree (s23.v / very)))
                                                        :ARG2 s23.i))
                              :mod (s23.a / also)))
   :snt24 (s24.a / and
                 :op2 (s24.p3 / point-04
                              :ARG0-of (s24.c / cause-01
                                              :ARG1 (s24.b / be-located-at-91
                                                           :ARG1 (s24.i / i
                                                                        :same-as s2.i)
                                                           :ARG2 (s24.h2 / here)))
                              :ARG1 (s24.a2 / and
                                            :op1 (s24.r / rent-01
                                                        :ARG0 s24.i
                                                        :ARG1 (s24.t3 / tuxedo)
                                                        :ord (s24.o / ordinal-entity
                                                                    :range (s24.l2 / life
                                                                                   :poss s24.i)
                                                                    :value "1"))
                                            :op2 (s24.p / pick-01
                                                        :ARG0 s24.i
                                                        :ARG1 (s24.t / thing
                                                                     :same-as s24.t3))
                                            :op3 (s24.h / have-03
                                                        :ARG0 s24.i
                                                        :ARG1 (s24.f / friend
                                                                     :mod (s24.a4 / any))
                                                        :polarity "-")
                                            :time (s24.d / day
                                                         :time-of (s24.g / go-02
                                                                         :purpose (s24.p2 / pick-up-04
                                                                                          :ARG0 s24.i
                                                                                          :ARG1 (s24.t2 / trophy
                                                                                                        :mod (s24.l / Plexiglas)
                                                                                                        :same-as s23.t2))
                                                                         :ARG0 s24.i)))
                              :mod (s24.a3 / another)))
   :snt25 (s25.o / obligate-01
                 :ARG1 (s25.i / i
                              :same-as s2.i)
                 :ARG2 (s25.b / break-01
                              :ARG0 s25.i
                              :ARG1 (s25.f / fight-01))
                 :time (s25.w / way
                              :direction (s25.o2 / out)
                              :poss s25.i))
   :snt26 (s26.h / hit-01
                 :ARG0 (s26.s / somebody)
                 :ARG1 (s26.s2 / somebody
                               :mod (s26.e / else))
                 :ARG2 (s26.g / glove
                              :consist-of (s26.b / brass)))
   :snt27 (s27.a / and
                 :op1 (s27.w / wear-01
                             :ARG0 (s27.t / they)
                             :ARG1 (s27.u / uniform))
                 :op2 (s27.f / fight-01
                             :ARG0 s27.t))
   :snt28 (s28.u / ugly
                 :degree (s28.v / very)
                 :domain (s28.i / it))
   :snt29 (s29.a5 / and
                  :op2 (s29.d3 / do-02
                               :ARG0 (s29.p / person
                                            :ARG0-of (s29.a / advertise-01))
                               :ARG1 (s29.t / that)
                               :frequency (s29.t3 / time
                                                  :mod (s29.a3 / all))
                               :mod (s29.a4 / also))
                  :op3 (s29.d / decide-01
                              :ARG0 (s29.g4 / guy
                                            :ARG1-of (s29.h2 / hit-01))
                              :ARG1 (s29.a6 / and
                                            :op1 (s29.g2 / grab-01
                                                         :ARG0 s29.g4
                                                         :ARG1 (s29.g3 / gun))
                                            :op2 (s29.s / shoot-02
                                                        :ARG0 s29.g4
                                                        :ARG1 (s29.p2 / person
                                                                      :mod (s29.a2 / aggressor
                                                                                   :ARG1-of (s29.d2 / decide-01
                                                                                                    :ARG0 s29.g4)
                                                                                   :domain s29.g4)
                                                                      :ord (s29.o / ordinal-entity
                                                                                  :value "1"))))
                              :mod (s29.w2 / well)
                              :time (s29.g / go-02
                                           :ARG0 (s29.i / i
                                                        :same-as s2.i)))
                  :op4 (s29.k / know-01
                              :ARG0 s29.i
                              :ARG1 (s29.t2 / thing
                                            :ARG0-of (s29.c2 / cause-01
                                                             :ARG1 (s29.h / have-03
                                                                          :ARG0 s29.g4
                                                                          :ARG1 s29.g3)))
                              :polarity "-")
                  :rel (s29.w / way
                              :destination (s29.c / car
                                                  :poss s29.i)
                              :direction (s29.b / back)
                              :direction (s29.b2 / back)))
   :snt30 (s30.w / wear-01
                 :ARG0 (s30.p / person
                              :ord (s30.o / ordinal-entity
                                          :value "1")
                              :same-as s29.p2)
                 :ARG1 (s30.a / and
                              :op1 (s30.t / tie
                                          :ARG1-of (s30.b / black-04))
                              :op2 (s30.t2 / tuxedo
                                           :same-as s24.t3)))
   :snt31 (s31.i / i
                 :same-as s2.i)
   :snt32 (s32.f / fatal
                 :ARG1-of (s32.s / see-01
                                 :ARG0 (s32.y / you
                                              :mod (s32.a / all))
                                 :ARG1-of (s32.p / possible-01))
                 :domain (s32.i / it)
                 :mod (s32.l / lucky)
                 :polarity "-")
   :snt33 (s33.a / and
                 :op2 (s33.s / say-01
                             :ARG0 (s33.g / guy
                                          :same-as s29.g4)
                             :ARG1 (s33.s2 / sorry-01
                                           :ARG1 s33.g)
                             :ARG1 (s33.a2 / and
                                           :op2 (s33.b / bribe-01
                                                       :ARG0 (s33.i / i
                                                                    :same-as s2.i)
                                                       :ARG1 s33.g
                                                       :ARG2 (s33.m / money
                                                                    :ARG3-of (s33.c2 / compensate-01
                                                                                     :ARG0 s33.i)))
                                           :op3 (s33.p / press-01
                                                       :ARG0 s33.i
                                                       :ARG1 (s33.c / charge-05
                                                                    :ARG0 s33.i)
                                                       :condition (s33.h2 / have-polarity-91
                                                                          :ARG1 s33.b
                                                                          :ARG2 "-")))
                             :op1-of s33.a2
                             :ARG1-of (s33.h / have-degree-91
                                             :ARG2 (s33.l / lucky)
                                             :ARG3 (s33.m2 / more
                                                           :mod (s33.e / even)))))
   :snt34 (s34.a / and
                 :op2 (s34.h / have-manner-91
                             :ARG1 (s34.p / pay-01
                                          :purpose (s34.c2 / come-01
                                                           :ARG1 (s34.i / i
                                                                        :same-as s2.i)
                                                           :ARG4 (s34.c3 / country
                                                                         :name (s34.n / name
                                                                                      :op1 "United"
                                                                                      :op2 "States"))
                                                           :time (s34.d / date-entity
                                                                        :year "1983"))
                                          :ARG0 s34.i
                                          :ARG1 (s34.m / money
                                                       :mod (s34.t3 / this))
                                          :ARG3 (s34.t4 / ticket))
                             :ARG2 (s34.t2 / that))
                 :op3 (s34.r / reason
                             :ARG0-of (s34.c / cause-01
                                             :ARG1 (s34.t / talk-01
                                                          :ARG0 s34.i
                                                          :ARG2 (s34.y / you
                                                                       :same-as s13.y)
                                                          :location (s34.h2 / here)
                                                          :time (s34.t5 / today))
                                             :ARG1 (s34.s / shoot-02
                                                          :ARG1 s34.i))
                             :mod (s34.b / basic)
                             :mod (s34.v / very)))
   :snt35 (s35.d / decide-01
                 :ARG0 (s35.i / i
                              :same-as s2.i)
                 :ARG1 (s35.r / recommend-01
                              :ARG1 (s35.d2 / do-02
                                            :ARG0 s35.i
                                            :ARG1 (s35.i2 / image)
                                            :polarity "-"))
                 :mod (s35.w / well)
                 :time (s35.s / start-01
                              :ARG0 s35.i
                              :ARG1 (s35.w3 / work-01
                                            :ARG0 s35.i
                                            :ARG3 (s35.w2 / work
                                                          :poss s35.i))))
   :snt36 (s36.b / become-01
                 :ARG1 (s36.i / i
                              :same-as s2.i)
                 :ARG1-of (s36.k / know-01
                                 :ARG0 (s36.y / you))
                 :ARG2 (s36.a / approach-02
                              :ARG0 s36.i
                              :mod (s36.i2 / iconoclastic
                                           :degree (s36.v / very))
                              :mod (s36.t / this)))
   :snt37 (s37.c / cause-01
                 :ARG0 (s37.w / want-01
                              :ARG1 (s37.d2 / do-02
                                            :example (s37.w2 / want-01
                                                             :ARG0 (s37.i / i
                                                                          :same-as s2.i)
                                                             :ARG1 (s37.a2 / air-01
                                                                           :purpose (s37.c2 / commercial
                                                                                            :mod (s37.w4 / whiskey))
                                                                           :ARG0 s37.i
                                                                           :ARG1 (s37.p / person
                                                                                        :mod (s37.n / naked))
                                                                           :ARG1-of (s37.w3 / want-01
                                                                                            :ARG0 s37.i
                                                                                            :ARG1-of (s37.r / real-04))
                                                                           :location (s37.i2 / ice))))
                              :time (s37.d / decide-01
                                           :ARG0 s37.i
                                           :ARG1 (s37.g / go-06
                                                        :ARG0 s37.i
                                                        :ARG1 (s37.a / advertise-01)))))
   :snt38 (s38.c2 / contrast-01
                  :ARG2 (s38.c / cause-01
                               :ARG0 (s38.l / let-01
                                            :ARG0 (s38.t / they)
                                            :ARG1 (s38.d / do-02
                                                         :ARG0 (s38.i / i
                                                                      :same-as s2.i)
                                                         :ARG1 (s38.i2 / it
                                                                       :same-as s37.a2))
                                            :polarity "-")
                               :ARG1 (s38.l2 / let-01
                                             :ARG0 s38.t
                                             :ARG1 (s38.d2 / do-02
                                                           :ARG0 s38.i
                                                           :ARG1 (s38.t2 / thing
                                                                         :mod (s38.o2 / other)))
                                             :ARG1-of (s38.k / know-01
                                                             :ARG0 (s38.y / you))
                                             :mod (s38.o / only)
                                             :mod (s38.j / just))))
   :snt39 (s39.c / contrast-01
                 :ARG2 (s39.c2 / contrast-01
                               :ARG1 (s39.i3 / interest-01
                                             :ARG1 (s39.i / i
                                                          :same-as s2.i)
                                             :ARG2 (s39.s / sell-01
                                                          :ARG0 s39.i
                                                          :ARG1 (s39.w / whiskey))
                                             :polarity "-")
                               :ARG2 (s39.i4 / interest-01
                                             :ARG1 s39.i
                                             :ARG2 (s39.s2 / sell-01
                                                           :ARG0 s39.i
                                                           :ARG1 (s39.i2 / ice)))))
   :snt40 (s40.o / object
                 :ARG1-of (s40.a / actual-02)
                 :domain (s40.t / thing
                                :ARG1-of (s40.w / work-12
                                                :ord (s40.o2 / ordinal-entity
                                                             :value "1"))))
   :snt41 (s41.m / mix-01
                 :ARG1 (s41.i / it)
                 :ARG2 (s41.a2 / and
                               :op1 (s41.o / object
                                           :ARG1-of (s41.f / find-01))
                               :op2 (s41.d / design-01
                                           :ARG1 (s41.p / product))
                               :op3 (s41.a / advertise-01))
                 :degree (s41.k / kind-of))
   :snt42 (s42.a / and
                 :op2 (s42.c / call-01
                             :ARG0 (s42.i / i
                                          :same-as s2.i)
                             :ARG1 (s42.t / they
                                          :same-as s40.w)
                             :ARG2 (s42.f / fossil)))
   :snt43 (s43.d2 / display-01
                  :ARG1 (s43.t / they
                               :same-as s40.w)
                  :ARG2 (s43.w / work-of-art
                               :name (s43.n / name
                                            :op1 "Stux"
                                            :op2 "Gallery"))
                  :ord (s43.o / ordinal-entity
                              :value "1")
                  :time (s43.d / date-entity
                               :year "1983"
                               :same-as s34.d))
   :snt44 (s44.s / skull
                 :domain (s44.t / this)
                 :mod (s44.c / clown))
   :snt45 (s45.r3 / remnant
                  :poss (s45.r / race
                               :consist-of (s45.r2 / race
                                                   :ARG1-of (s45.e2 / evolve-01
                                                                    :degree (s45.v / very))
                                                   :consist-of (s45.p / person
                                                                      :ARG0-of (s45.e / entertain-01)))))
   :snt46 (s46.l / live-01
                 :ARG0 (s46.t / they
                              :same-as s45.r)
                 :location (s46.c / country
                                  :name (s46.n / name
                                               :op1 "Brazil"))
                 :time (s46.b / before
                              :quant (s46.t2 / time
                                             :ARG1-of (s46.l2 / long-03))
                              :op1 (s46.n2 / now)))
   :snt47 (s47.j / joystick
                 :domain (s47.t / this)
                 :mod (s47.e / ethnic-group
                             :name (s47.n / name
                                          :op1 "Ashanti")))
   :snt48 (s48.c / cause-01
                 :ARG0 (s48.d / design-01
                              :ARG1 (s48.i / it
                                           :same-as s47.e)
                              :ARG3 (s48.p / platform
                                           :mod (s48.c2 / company
                                                        :name (s48.n / name
                                                                     :op1 "Atari"))))
                 :ARG1 (s48.f / fortunate-01
                              :ARG2 (s48.b / become-01
                                           :ARG1 s48.i
                                           :ARG2 (s48.o / obsolete))))
   :snt49 (s49.a / and
                 :op1 (s49.w / work-11
                             :ARG1 (s49.p2 / product
                                           :name (s49.n / name
                                                        :op1 "Playstation"
                                                        :op2 "II")))
                 :op2 (s49.b / bring-01
                             :ARG0 (s49.i / i
                                          :same-as s2.i)
                             :ARG1 s49.p2
                             :ARG1-of (s49.p / possible-01)
                             :time (s49.c / conference
                                          :name (s49.n2 / name
                                                        :op1 "TED")
                                          :mod (s49.n3 / next))))
   :snt50 (s50.p / podium
                 :ARG0-of (s50.r / rock-01))
   :snt51 (s51.t / thing
                 :ARG0-of (s51.m / make-01)
                 :domain (s51.t2 / this)
                 :time (s51.b / before
                              :op1 (s51.p / person
                                          :mod (s51.c / country
                                                      :name (s51.n / name
                                                                   :op1 "Colombia")))))
   :snt52 (s52.t / table
                 :mod (s52.p / product
                             :name (s52.n / name
                                          :op1 "Bonsai")))
   :snt53 (s53.b / bind-01
                 :purpose (s53.t / travel-01)
                 :ARG1 (s53.p / publication
                              :name (s53.n / name
                                           :op1 "Encyclopedia"
                                           :op2 "Britannica")
                              :mod (s53.e / entire))
                 :ARG2 (s53.v / volume
                              :ARG1-of (s53.s / single-02)))
   :snt54 (s54.a / and
                 :op2 (s54.t / tombstone
                             :beneficiary (s54.p / person
                                                 :ARG1-of (s54.d / die-01
                                                                 :time (s54.y / yet)
                                                                 :polarity "-"))
                             :degree (s54.h / half)))
   :snt55 (s55.a / and
                 :op1 (s55.w / want-01
                             :ARG0 (s55.i / i
                                          :same-as s2.i)
                             :ARG1 (s55.t / take-01
                                          :ARG0 s55.i
                                          :ARG1 (s55.t2 / that)
                                          :ARG3 (s55.r / realm
                                                       :mod (s55.i3 / image))))
                 :op2 (s55.d / decide-01
                             :ARG0 s55.i
                             :ARG1 (s55.m / make-01
                                          :ARG0 s55.i
                                          :ARG1 (s55.t3 / thing
                                                        :ARG0-of (s55.h / have-03
                                                                        :ARG1 (s55.c / conflict-01
                                                                                     :ARG0 s55.t3
                                                                                     :ARG1-of (s55.s / same-01)
                                                                                     :ARG2 (s55.i2 / identity)))))))
   :snt56 (s56.c / cause-01
                 :ARG1 (s56.d / decide-01
                              :ARG0 (s56.i / i
                                           :same-as s2.i)
                              :ARG1 (s56.w / work-01
                                           :ARG0 s56.i
                                           :ARG1 (s56.c2 / cloud))))
   :snt57 (s57.c / cause-01
                 :ARG0 (s57.p / possible-01
                              :ARG1 (s57.m / mean-01
                                           :ARG1 (s57.c2 / cloud)
                                           :ARG2 (s57.a / anything
                                                        :ARG1-of (s57.w / want-01
                                                                        :ARG0 (s57.y / you))))))
   :snt58 (s58.c2 / contrast-01
                  :ARG2 (s58.w / want-01
                               :ARG0 (s58.i / i
                                            :same-as s2.i)
                               :ARG1 (s58.w3 / work-01
                                             :ARG0 s58.i
                                             :ARG1 (s58.s2 / something
                                                           :ARG1-of (s58.m / mean-01
                                                                           :ARG2 (s58.a / and
                                                                                        :op1 (s58.l4 / lump
                                                                                                     :consist-of (s58.c3 / cotton))
                                                                                        :op2 (s58.c / cloud)
                                                                                        :op3 (s58.h / hand
                                                                                                    :ARG0-of (s58.p2 / pray-01)))
                                                                           :concession (s58.l / look-02
                                                                                              :ARG0 (s58.t2 / this)
                                                                                              :ARG1 (s58.r / resemble-01
                                                                                                           :ARG1 s58.t2
                                                                                                           :ARG2 (s58.h2 / hand
                                                                                                                         :ARG0-of (s58.p3 / pray-01)
                                                                                                                         :poss (s58.a2 / animal
                                                                                                                                       :name (s58.n2 / name
                                                                                                                                                     :op1 "Mickey"
                                                                                                                                                     :op2 "Mouse")))
                                                                                                           :mod (s58.m2 / more
                                                                                                                        :quant (s58.l2 / lot))))
                                                                           :time (s58.t3 / time
                                                                                         :ARG1-of (s58.s / same-01))))
                                             :manner (s58.w2 / way
                                                             :mod (s58.t / tech
                                                                         :ARG1-of (s58.l3 / low-04
                                                                                          :degree (s58.v / very)))))
                               :time (s58.n3 / now))
                  :rel (s58.p / person
                              :name (s58.n / name
                                           :op1 "Durer")
                              :part s58.h))
   :snt59 (s59.c2 / contrast-01
                  :ARG2 (s59.c / cloud
                               :ARG1-of (s59.k2 / know-01
                                                :ARG0 (s59.y / you))
                               :domain (s59.t / this
                                              :same-as s58.t2)
                               :mod (s59.k / kitty))
                  :rel (s59.i / i
                              :mod (s59.s / still)
                              :same-as s2.i))
   :snt60 (s60.c / call-01
                 :ARG1 (s60.t / they)
                 :ARG2 (s60.e / equal-01
                              :ARG1 s60.t2)
                 :ARG2 (s60.t2 / thing)
                 :ARG3 (s60.a / after
                              :op1 (s60.w / work-01
                                          :ARG0 (s60.p / person
                                                       :name (s60.n / name
                                                                    :op1 "Alfred"
                                                                    :op2 "Stieglitz")))))
   :snt61 (s61.s / snail)
   :snt62 (s62.c / contrast-01
                 :ARG2 (s62.a / and
                              :op1 (s62.w / work-01
                                          :ARG0 (s62.i / i
                                                       :same-as s2.i)
                                          :ARG1 (s62.s / sculpture)
                                          :mod (s62.s2 / still))
                              :op2 (s62.t / try-01
                                          :ARG0 s62.i
                                          :ARG1 (s62.g / go-01
                                                       :ARG1 s62.i
                                                       :ARG4 (s62.h / have-degree-91
                                                                    :ARG1 s62.i
                                                                    :ARG2 (s62.f / flat-06
                                                                                 :ARG1 s62.i)
                                                                    :ARG3 (s62.m / more)))
                                          :ARG1-of (s62.r / real-04))))
   :snt63 (s63.e / Tea)
   :snt64 (s64.a / and
                 :op1 (s64.c / chance-02
                             :ARG0 (s64.i / i
                                          :same-as s2.i)
                             :ARG1 (s64.g / go-02
                                          :ARG0 s64.i
                                          :ARG4 (s64.c2 / city
                                                        :name (s64.n / name
                                                                     :op1 "Florence")))
                             :time (s64.d / date-entity
                                          :ARG1-of (s64.t / think-01
                                                          :ARG0 s64.i)
                                          :year "1994"))
                 :op2 (s64.s / see-01
                             :ARG0 s64.i
                             :ARG1 (s64.b / book
                                          :name (s64.n3 / name
                                                        :op1 "Door"
                                                        :op2 "of"
                                                        :op3 "Paradise")
                                          :poss (s64.p / person
                                                       :name (s64.n2 / name
                                                                     :op1 "Ghiberti")))))
   :snt65 (s65.a / and
                 :op2 (s65.d / do-02
                             :ARG0 (s65.h / he
                                          :same-as s64.p)
                             :ARG1 (s65.s / something
                                          :ARG1-of (s65.t / tricky-02
                                                          :degree (s65.v / very)))))
   :snt66 (s66.p2 / put-03
                  :ARG0 (s66.h / he
                               :same-as s64.p)
                  :ARG1 (s66.m / media
                               :ARG1-of (s66.d / differ-02
                                               :ARG1 (s66.p / period
                                                            :mod (s66.t / time)
                                                            :source-of s66.m))
                               :quant "2")
                  :ARG2 (s66.t2 / together))
   :snt67 (s67.a2 / and
                  :op1 (s67.g / get-01
                              :ARG0 (s67.h / he
                                           :same-as s64.p)
                              :ARG0-of (s67.r / relieve-01)
                              :ARG1 (s67.w / way
                                           :manner-of (s67.m / make-01
                                                             :ARG1 (s67.i / it))
                                           :mod (s67.a / age-old))
                              :ord (s67.o / ordinal-entity
                                          :value "1"))
                  :op2 (s67.w2 / work-01
                               :ARG0 s67.h
                               :ARG1 s67.h
                               :manner (s67.p / perspective
                                              :mod (s67.p2 / point
                                                           :quant "3")
                                              :mod (s67.t / technology
                                                          :ARG1-of (s67.n / new-01
                                                                          :degree (s67.b / brand)
                                                                          :time (s67.t2 / time))))))
   :snt68 (s68.a / and
                 :op2 (s68.o / overkill
                             :degree (s68.t / total)
                             :domain (s68.i / it
                                            :same-as s67.p)))
   :snt69 (s69.a / and
                 :op2 (s69.k / know-01
                             :ARG0 (s69.e / eye
                                          :part-of (s69.y / you))
                             :ARG1 (s69.l / level
                                          :ARG1-of (s69.r / read-01
                                                          :ARG0 s69.y))
                             :polarity "-"))
   :snt70 (s70.a / and
                 :op2 (s70.b / become-01
                             :ARG1 (s70.y / you)
                             :ARG2 (s70.t2 / trap-01
                                           :ARG1 s70.y
                                           :ARG2 (s70.r / represent-01
                                                        :mod (s70.k / kind
                                                                    :mod (s70.t / this))))))
   :snt71 (s71.c / cause-01
                 :ARG1 (s71.a / and
                              :op1 (s71.d / decide-01
                                          :ARG0 (s71.i / i
                                                       :same-as s2.i)
                                          :ARG1 (s71.m / make-01
                                                       :ARG0 s71.i
                                                       :ARG1 (s71.t3 / thing
                                                                     :ARG1-of (s71.s / simple-02
                                                                                     :degree (s71.v / very))
                                                                     :ARG1-of (s71.r / render-02
                                                                                     :ARG0 s71.i)
                                                                     :ARG1-of (s71.t / take-04
                                                                                     :ARG2 (s71.d3 / draw-01
                                                                                                   :mod (s71.l / line)
                                                                                                   :mod (s71.v2 / very))
                                                                                     :time (s71.a2 / at-first))
                                                                     :mod (s71.t4 / this))))
                              :op2 (s71.d2 / do-02
                                           :ARG0 s71.i
                                           :ARG1 s71.t3
                                           :instrument (s71.w / wire)
                                           :time (s71.t2 / then))))
   :snt72 (s72.i / idea
                 :ARG1-of (s72.c / cause-01
                                 :ARG0 (s72.o / overlook-01
                                              :ARG0 (s72.e2 / everybody)
                                              :ARG1 (s72.e / event
                                                           :ARG1-of (s72.w / white-03))
                                              :ARG1-of (s72.r / resemble-01
                                                              :ARG2 (s72.d / draw-01
                                                                           :instrument (s72.p / pencil)))))
                 :mod (s72.k / know-06
                             :ARG0 (s72.y / you))
                 :polarity (s72.a / amr-unknown))
   :snt73 (s73.a2 / and
                  :op2 (s73.l / look-01
                              :ARG0 (s73.t / they
                                           :same-as s72.e2)
                              :ARG1 (s73.i / it
                                           :mod (s73.d / draw-01
                                                       :instrument (s73.p / pencil)
                                                       :mod (s73.a / ah
                                                                   :mode "expressive")))))
   :snt74 (s74.a2 / and
                  :op1 (s74.h / have-03
                              :ARG0 (s74.y / you)
                              :ARG1 (s74.t / take-01
                                           :ARG1 s74.y
                                           :mod (s74.d / double)
                                           :mod (s74.t3 / this)))
                  :op2 (s74.s / see-01
                              :ARG0 s74.y
                              :ARG1 (s74.s2 / something
                                            :ARG1-of (s74.a / actual-02)
                                            :ARG1-of (s74.e / exist-01
                                                            :time (s74.t4 / time))
                                            :domain (s74.i / it
                                                           :same-as s73.i)))
                  :time (s74.t2 / then))
   :snt75 (s75.a / and
                 :op1 (s75.h / have-03
                             :ARG0 (s75.i2 / it
                                           :same-as s73.i)
                             :ARG1 (s75.p / physicality))
                 :op2 (s75.s2 / start-01
                              :ARG0 (s75.y / you)
                              :ARG1 (s75.g / go-01
                                           :ARG1 s75.y
                                           :ARG1-of (s75.h2 / have-degree-91
                                                            :ARG2 (s75.d / deep-02
                                                                         :ARG1 s75.g)
                                                            :ARG3 (s75.m / more))
                                           :ARG4 (s75.n / narrate-01
                                                        :ARG1-of (s75.g2 / go-01
                                                                         :direction (s75.w / way
                                                                                           :mod (s75.t / this))
                                                                         :direction (s75.i / image))
                                                        :mod (s75.s / sort)))))
   :snt76 (s76.i / infer-01
                 :ARG1 (s76.m / monkey
                              :accompanier (s76.p / product
                                                  :name (s76.n / name
                                                               :op1 "Leica"))
                              :domain (s76.t / this)))
   :snt77 (s77.r / relax-01)
   :snt78 (s78.c / car-make
                 :name (s78.n / name
                              :op1 "Fiat"
                              :op2 "Lux"))
   :snt79 (s79.a / and
                 :op2 (s79.e / evolve-01
                             :ARG1 (s79.h / history
                                          :topic (s79.r / represent-01))
                             :ARG2 (s79.d / draw-01
                                          :mod (s79.s2 / shaded))
                             :manner (s79.w / way
                                            :ARG1-of (s79.s / same-01))))
   :snt80 (s80.a / and
                 :op2 (s80.w / want-01
                             :ARG0 (s80.i / i
                                          :same-as s2.i)
                             :ARG1 (s80.d / deal-01
                                          :ARG0 s80.i
                                          :ARG2 (s80.s / subject
                                                       :mod (s80.o / other)))))
   :snt81 (s81.s2 / start-01
                  :ARG0 (s81.i / i
                               :same-as s2.i)
                  :ARG1 (s81.t / take-01
                               :ARG0 s81.i
                               :ARG1 (s81.t2 / that)
                               :ARG3 (s81.r / realm
                                            :mod (s81.l / landscape))
                               :mod (s81.s / something
                                           :ARG3-of (s81.p / picture-01
                                                           :ARG1 (s81.n / nothing)
                                                           :mod (s81.a / almost)))))
   :snt82 (s82.a2 / and
                  :op1 (s82.m / make-01
                              :ARG0 (s82.i / i
                                           :same-as s2.i)
                              :ARG1 (s82.p / picture
                                           :ARG1-of (s82.c / call-01
                                                           :ARG2 (s82.p3 / publication
                                                                         :name (s82.n / name
                                                                                      :op1 "Pictures"
                                                                                      :op2 "of"
                                                                                      :op3 "Thread")))
                                           :mod (s82.t / this)))
                  :op2 (s82.n2 / name-01
                               :ARG0 s82.i
                               :ARG1 s82.p
                               :ARG2 (s82.a / amount
                                            :ARG1-of (s82.u / use-01
                                                            :ARG0 s82.i
                                                            :ARG2 (s82.r / represent-01
                                                                         :ARG1 (s82.p2 / picture
                                                                                       :mod (s82.e / each))
                                                                         :ARG2 s82.p))
                                            :quant-of (s82.y / yard))))
   :snt83 (s83.e2 / end-up-03
                  :ARG1 (s83.t / this
                               :same-as s82.p)
                  :ARG2 (s83.o / or
                               :op1 (s83.p / photograph
                                           :time (s83.e / end))
                               :op2 (s83.r / resemble-01
                                           :ARG1 s83.p
                                           :ARG2 (s83.e3 / et
                                                         :mod (s83.c / case-04
                                                                     :ARG1 (s83.t2 / this)))
                                           :mod (s83.m / more)))
                  :time (s83.a / always))
   :snt84 (s84.i / infer-01
                 :ARG1 (s84.l / lighthouse
                              :domain (s84.t / this)))
   :snt85 (s85.a3 / and
                  :domain (s85.t / this)
                  :op1 (s85.a / after
                              :op1 (s85.d / distance-quantity
                                          :unit (s85.y / yard)
                                          :quant "6000")
                              :op1 (s85.p / person
                                          :name (s85.n / name
                                                       :op1 "Corot")))
                  :op2 (s85.d2 / distance-quantity
                               :unit (s85.y2 / yard)
                               :quant "9000")
                  :time (s85.a2 / after
                                :op1 (s85.p2 / person
                                             :name (s85.n2 / name
                                                           :op1 "Gerhard"
                                                           :op2 "Richter"))))
   :snt86 (s86.a2 / and
                  :op2 (s86.k / know-01
                              :ARG0 (s86.i / i
                                           :same-as s2.i)
                              :ARG1 (s86.n2 / number
                                            :unit (s86.y / yard))
                              :time (s86.a / after
                                           :op1 (s86.p / person
                                                       :name (s86.n / name
                                                                    :op1 "John"
                                                                    :op2 "Constable")))
                              :polarity "-"))
   :snt87 (s87.d / decide-01
                 :ARG0 (s87.i / i
                              :same-as s2.i)
                 :ARG1 (s87.t / tackle-01
                              :ARG0 s87.i
                              :ARG1 (s87.i2 / idea
                                            :topic (s87.p2 / point
                                                           :ARG1-of (s87.r2 / resemble-01
                                                                            :ARG2 (s87.r3 / resemble-01
                                                                                          :ARG1 (s87.t2 / type
                                                                                                        :ARG1-of (s87.f / find-01
                                                                                                                        :ARG0 (s87.w / we)
                                                                                                                        :location (s87.p / photograph-01))
                                                                                                        :mod (s87.r / representation-02))
                                                                                          :ARG2-of (s87.h / have-degree-91
                                                                                                          :ARG1 s87.t2
                                                                                                          :ARG3 (s87.m / more)))))))
                 :manner (s87.d2 / depart-01
                                 :ARG0 s87.i
                                 :ARG1 (s87.l / line)))
   :snt88 (s88.a / and
                 :op1 (s88.m / meet-02
                             :ARG0 (s88.i / i
                                          :same-as s2.i)
                             :ARG1 (s88.g / group
                                          :mod (s88.c / child))
                             :location (s88.i2 / island
                                               :name (s88.n2 / name
                                                             :op1 "Saint"
                                                             :op2 "Kitts")
                                               :location (s88.w2 / world-region
                                                                 :name (s88.n / name
                                                                              :op1 "Caribbean"))))
                 :op2 (s88.a2 / and
                              :op1 (s88.w / work-01
                                          :ARG0 s88.i
                                          :ARG2 s88.g)
                              :op2 (s88.p / play-01
                                          :ARG0 s88.i
                                          :ARG2 s88.g)))
   :snt89 (s89.g / get-01
                 :ARG0 (s89.i / i
                              :same-as s2.i)
                 :ARG1 (s89.p / photograph-01
                              :quant (s89.s / some))
                 :ARG2 (s89.t / they
                              :same-as s88.g))
   :snt90 (s90.d / decide-01
                 :ARG0 (s90.i / i
                              :same-as s2.i)
                 :ARG1 (s90.h / have-rel-role-91
                              :ARG0 (s90.t / they
                                           :same-as s88.g)
                              :ARG1 (s90.p / person
                                           :ARG0-of (s90.w / work-01
                                                           :ARG2 (s90.p2 / plantation
                                                                         :mod (s90.s / sugar))))
                              :ARG2 (s90.c / child))
                 :time (s90.a / arrive-01
                              :ARG1 s90.i
                              :ARG4 (s90.c2 / city
                                            :name (s90.n / name
                                                         :op1 "New"
                                                         :op2 "York"))))
   :snt91 (s91.a / and
                 :op2 (s91.m / make-01
                             :ARG0 (s91.i / i
                                          :same-as s2.i)
                             :ARG1 (s91.p2 / portrait
                                           :topic (s91.t / they
                                                         :same-as s88.g))
                             :ARG2 (s91.m2 / manipulate-02
                                           :ARG0 s91.i
                                           :ARG1 (s91.s / sugar)
                                           :ARG2 (s91.o / over
                                                        :op1 (s91.p / paper
                                                                    :ARG1-of (s91.b / black-04))))))
   :snt92 (s92.t / thing
                 :ARG2-of (s92.n / name-01
                                 :ARG1 (s92.c / child))
                 :accompanier (s92.t2 / thing
                                      :ARG1-of (s92.k / know-02
                                                      :ARG0 (s92.y / you)
                                                      :ARG2-of (s92.g / get-03
                                                                      :ARG1 s92.y)
                                                      :topic (s92.s / somebody
                                                                    :ARG1-of (s92.m / meet-03
                                                                                    :ARG0 s92.y
                                                                                    :degree (s92.b / brief
                                                                                                   :degree (s92.v / very)))))
                                      :mod (s92.l / little))
                 :domain (s92.i / it)
                 :mod (s92.j / just))
   :snt93 (s93.e / event
                 :name (s93.n / name
                              :op1 "Valicia"))
   :snt94 (s94.s / she
                 :name (s94.n / name
                              :op1 "Jacynthe"))
   :snt95 (s95.c / contrast-01
                 :ARG2 (s95.i / introduce-02
                              :ARG1 (s95.l / layer
                                           :mod (s95.a / another)
                                           :part-of (s95.r / represent-01))
                              :mod (s95.s / still)))
   :snt96 (s96.r / realize-01
                 :ARG0 (s96.i / i
                              :same-as s2.i)
                 :ARG1 (s96.p2 / possible-01
                               :ARG0-of (s96.c2 / cause-01
                                                :ARG1 (s96.g2 / good-02
                                                              :ARG1 (s96.c4 / chocolate)
                                                              :ARG1-of (s96.c3 / cause-01
                                                                               :ARG0 (s96.c5 / come-to-mind-09
                                                                                             :ARG0 s96.c4
                                                                                             :ARG2 (s96.i2 / idea
                                                                                                           :ARG1-of (s96.g / go-01
                                                                                                                           :ARG3 (s96.s / scatology)
                                                                                                                           :ARG4 (s96.r2 / romance)))))
                                                              :degree (s96.v / very)))
                               :ARG1 (s96.a / add-02
                                            :ARG0 s96.i
                                            :ARG1 (s96.t2 / thing
                                                          :ARG0-of (s96.i3 / interfere-01
                                                                           :ARG1 (s96.t / theme))
                                                          :ARG2-of (s96.m2 / make-01
                                                                           :ARG0 s96.i
                                                                           :ARG1 (s96.s3 / subject)
                                                                           :ARG1-of (s96.t5 / try-01
                                                                                            :ARG0 s96.i))
                                                          :mod (s96.a2 / another)
                                                          :mod (s96.s2 / still))))
                 :ARG1-of (s96.c / cause-01
                                 :ARG0 (s96.d / do-02
                                              :ARG0 s96.i
                                              :ARG1 (s96.t3 / this)
                                              :time (s96.m / make-01
                                                           :ARG0 s96.i
                                                           :ARG1 (s96.p / picture
                                                                        :mod (s96.t4 / this)
                                                                        :same-as s91.p2)))))
   :snt97 (s97.a / and
                 :op1 (s97.d / decide-01
                             :ARG0 (s97.i / i
                                          :same-as s2.i)
                             :ARG1 (s97.m / make-01
                                          :ARG0 s97.i
                                          :ARG1 (s97.p / picture
                                                       :mod (s97.t / this)
                                                       :same-as s91.p2)))
                 :op2 (s97.l / large
                             :ARG0-of (s97.c / cause-01
                                             :ARG1 (s97.o / obligate-01
                                                          :purpose (s97.p2 / possible-01
                                                                           :ARG1 (s97.s / see-01
                                                                                        :ARG0 (s97.y / you)
                                                                                        :ARG1 s97.p))
                                                          :ARG1 s97.y
                                                          :ARG2 (s97.w / walk-01
                                                                       :ARG0 s97.y
                                                                       :direction (s97.a2 / away)
                                                                       :source (s97.i2 / it))))
                             :degree (s97.v / very)
                             :domain s97.p))
   :snt98 (s98.c2 / cause-01
                  :ARG1 (s98.c / call-01
                               :ARG1 (s98.t / they
                                            :same-as s91.p2)
                               :ARG2 (s98.p / picture
                                            :mod (s98.m / milk))))
   :snt99 (s99.p3 / probable
                  :domain (s99.p2 / possible-01
                                  :ARG1 (s99.e / explain-01
                                               :ARG0 (s99.p / person
                                                            :name (s99.n / name
                                                                         :op1 "Freud"))
                                               :ARG1 (s99.c / chocolate)
                                               :ARG1-of (s99.h / have-degree-91
                                                               :ARG2 (s99.g / good-03
                                                                            :ARG1 s99.e)
                                                               :ARG3 (s99.m / more)
                                                               :ARG4 (s99.i / i
                                                                            :same-as s2.i)))))
   :snt100 (s100.s / subject
                   :domain (s100.h / he
                                   :same-as s99.p)
                   :ord (s100.o / ordinal-entity
                                :value "1"))
   :snt101 (s101.a2 / and
                    :op2 (s101.p / person
                                 :name (s101.n / name
                                               :op1 "Jackson"
                                               :op2 "Pollock")
                                 :mod (s101.a / also)))
   :snt102 (s102.c / cause-01
                   :ARG0 (s102.g2 / go-02
                                  :ARG1-of (s102.m / mean-01
                                                   :ARG2 (s102.t4 / try-01
                                                                  :ARG0 (s102.y / you
                                                                                :ARG1-of (s102.g / go-01
                                                                                                 :ARG4 (s102.b / become-01
                                                                                                               :ARG1 s102.y
                                                                                                               :ARG2 (s102.t / texture
                                                                                                                             :mod (s102.j / just)))))
                                                                  :ARG1 (s102.f2 / figure-out-05
                                                                                 :ARG0 s102.y
                                                                                 :ARG1 (s102.t3 / threshold)
                                                                                 :instrument (s102.s / something
                                                                                                     :ARG1-of (s102.d / define-01
                                                                                                                      :ARG0 s102.y
                                                                                                                      :ARG1-of (s102.p3 / possible-01)
                                                                                                                      :ARG1-of (s102.e / easy-05
                                                                                                                                       :degree (s102.v / very)))
                                                                                                     :ARG1-of (s102.r / resemble-01
                                                                                                                      :ARG2 (s102.f / face))))))
                                  :ARG4 (s102.t2 / that)
                                  :mod (s102.k / know-06
                                               :ARG0 s102.y))
                   :ARG1 (s102.i / interest-01
                                 :ARG0 (s102.p2 / picture
                                                :topic (s102.c2 / crowd))
                                 :mod (s102.p / particular)))
   :snt103 (s103.p / paparazzi-00)
   :snt104 (s104.u / use-01
                   :ARG0 (s104.i / i
                                 :same-as s2.i)
                   :ARG1 (s104.d / dust
                                 :location (s104.m / museum
                                                   :name (s104.n / name
                                                                 :op1 "Whitney"
                                                                 :op2 "Museum")))
                   :ARG2 (s104.r / render-02
                                 :ARG0 s104.i
                                 :ARG1 (s104.p / piece
                                               :quant (s104.s / some)
                                               :part-of (s104.c / collection
                                                                :poss s104.m))))
   :snt105 (s105.a / and
                   :op2 (s105.c / cause-01
                                :ARG0 (s105.c2 / concern-02
                                               :ARG0 (s105.p2 / piece
                                                              :mod (s105.m / minimalist))
                                               :ARG1 (s105.s / specificity))
                                :ARG1 (s105.p / pick-01
                                              :ARG0 (s105.i / i
                                                            :same-as s2.i)
                                              :ARG1 s105.p2)))
   :snt106 (s106.a / and
                   :op2 (s106.r / render-01
                                :ARG0 (s106.y / you)
                                :ARG1 (s106.t / this)
                                :ARG2 (s106.m / material
                                              :ARG1-of (s106.h / have-degree-91
                                                               :ARG2 (s106.s / specific-02
                                                                             :ARG1 s106.m
                                                                             :polarity "-")
                                                               :ARG3 (s106.m2 / most))
                                              :mod (s106.d / dust))))
   :snt107 (s107.e2 / exemplify-01
                    :ARG1 (s107.k / know-01
                                  :ARG0 (s107.y / you)
                                  :ARG1 (s107.h / have-03
                                                :ARG0 s107.y
                                                :ARG1 (s107.p / particle
                                                              :mod (s107.s2 / skin)
                                                              :part-of (s107.p2 / person
                                                                                :ARG0-of (s107.v / visit-01
                                                                                                 :ARG1 (s107.m / museum))
                                                                                :ARG1-of (s107.s / single-02)
                                                                                :mod (s107.e / every))))))
   :snt108 (s108.a / and
                   :op1 (s108.s / scan-01
                                :ARG0 (s108.t / they)
                                :ARG1 (s108.t2 / this
                                               :same-as s106.t)
                                :ARG2 (s108.n2 / nucleic-acid
                                               :name (s108.n / name
                                                             :op1 "DNA")))
                   :op2 (s108.c / come-up-11
                                :ARG0 s108.t
                                :ARG1 (s108.l / list
                                              :mod (s108.m / mail)
                                              :mod (s108.g / great))))
   :snt109 (s109.p / person
                   :name (s109.n / name
                                 :op1 "Richard"
                                 :op2 "Serra")
                   :domain (s109.t / this))
   :snt110 (s110.a / and
                   :op1 (s110.b2 / buy-01
                                 :ARG0 (s110.i / i
                                               :same-as s2.i)
                                 :ARG1 (s110.c2 / computer))
                   :op2 (s110.t / tell-01
                                :ARG0 (s110.t2 / they
                                               :same-as s108.t)
                                :ARG1 (s110.b / be-located-at-91
                                              :ARG1 (s110.c / color
                                                            :quant (s110.m / multiple
                                                                           :op1 "1000000"))
                                              :ARG2 s110.c2)
                                :ARG2 s110.i))
   :snt111 (s111.k / know-01
                   :ARG0 (s111.y / you)
                   :ARG1 (s111.r / respond-01
                                 :ARG0 (s111.a2 / artist)
                                 :ARG1 (s111.t / this)
                                 :ARG2 (s111.c / count-01
                                               :ARG0 (s111.a / amr-unknown)
                                               :ARG1 s111.t)
                                 :ord (s111.o / ordinal-entity
                                              :value "1")))
   :snt112 (s112.k / know-01
                   :ARG0 (s112.y / you)
                   :polarity (s112.a / amr-unknown))
   :snt113 (s113.a / and
                   :op2 (s113.r / realize-01
                                :ARG0 (s113.i / i
                                              :same-as s2.i)
                                :ARG1 (s113.w / work-01
                                              :ARG0 s113.i
                                              :ARG1 (s113.c2 / color)
                                              :ARG1-of (s113.c / cause-01
                                                               :ARG0 (s113.h / hard-02
                                                                             :ARG1 (s113.c4 / control-01
                                                                                            :ARG0 s113.i
                                                                                            :ARG1 (s113.i2 / idea
                                                                                                           :topic (s113.c3 / color
                                                                                                                           :ARG1-of (s113.s / single-02))))))
                                              :time (s113.e / ever)
                                              :polarity "-")))
   :snt114 (s114.c2 / contrast-01
                    :ARG2 (s114.p / possible-01
                                  :ARG1 (s114.f / feel-01
                                                :ARG0 (s114.y / you)
                                                :ARG1 (s114.c / comfortable-02
                                                              :ARG1 s114.y
                                                              :ARG2-of (s114.h / have-degree-91
                                                                               :ARG1 s114.y
                                                                               :ARG3 (s114.m2 / more))))
                                  :condition (s114.a / apply-02
                                                     :ARG1 (s114.t2 / they
                                                                    :same-as s113.c3)
                                                     :ARG2 (s114.s / structure
                                                                   :mod (s114.m / mathematics)))
                                  :time (s114.t / then)))
   :snt115 (s115.i2 / infer-01
                    :ARG1 (s115.w / work-07
                                  :ARG0 (s115.i / i
                                                :same-as s2.i)
                                  :ARG1 (s115.c / color)
                                  :manner (s115.m / make-01
                                                  :ARG0 s115.i
                                                  :ARG1 (s115.t2 / tile
                                                                 :consist-of (s115.s / sample
                                                                                     :mod (s115.c2 / company
                                                                                                   :name (s115.n / name
                                                                                                                 :op1 "Pantone")))
                                                                 :mod (s115.t / this)))
                                  :time (s115.f / first)))
   :snt116 (s116.a / and
                   :op1 (s116.e / end-up-03
                                :ARG1 (s116.t / they
                                              :same-as s115.t2)
                                :ARG2 (s116.p2 / picture
                                               :mod (s116.l / large
                                                            :degree (s116.v / very))))
                   :op2 (s116.p / photograph-01
                                :ARG0 (s116.i / i
                                              :same-as s2.i)
                                :instrument (s116.c / camera
                                                    :quant (s116.p3 / product-of
                                                                    :op1 "8"
                                                                    :op2 "10")
                                                    :mod (s116.l2 / large
                                                                  :degree (s116.v2 / very)))))
   :snt117 (s117.c / cause-01
                   :ARG1 (s117.p3 / possible-01
                                  :ARG1 (s117.s / see-01
                                                :ARG0 (s117.y / you)
                                                :ARG1 (s117.s3 / surface
                                                               :example (s117.p2 / picture
                                                                                 :mod (s117.t / this)
                                                                                 :topic (s117.p / person
                                                                                                :name (s117.n / name
                                                                                                              :op1 "Chuck"
                                                                                                              :op2 "Close")))
                                                               :part-of (s117.s4 / swatch
                                                                                 :ARG1-of (s117.s2 / single-02)
                                                                                 :mod (s117.e / every))))))
   :snt118 (s118.a / and
                   :op2 (s118.o / obligate-01
                                :purpose (s118.p / possible-01
                                                 :ARG1 (s118.s / see-01
                                                               :ARG0 (s118.y / you)
                                                               :ARG1 (s118.i / it)))
                                :ARG1 s118.y
                                :ARG2 (s118.w / walk-01
                                              :ARG0 s118.y
                                              :ARG2 (s118.f / far
                                                            :degree (s118.v / very)))))
   :snt119 (s119.a2 / and
                    :op1 (s119.r2 / reference-04
                                  :ARG1 (s119.u / use-01
                                                :ARG0 (s119.p / person
                                                              :name (s119.n / name
                                                                            :op1 "Gerhard"
                                                                            :op2 "Richter")
                                                              :same-as s85.p2)
                                                :ARG1 (s119.c / chart
                                                              :mod (s119.c2 / color))))
                    :op2 (s119.i / idea
                                 :ARG0-of (s119.e / enter-01
                                                  :ARG1 (s119.r / realm
                                                                :ARG1-of (s119.s / share-01
                                                                                 :ARG2 (s119.w / we)
                                                                                 :degree (s119.v / very)
                                                                                 :time (s119.t / today))
                                                                :domain (s119.m / map
                                                                                :mod (s119.b / bit))
                                                                :mod (s119.a3 / another)
                                                                :mod (s119.r3 / represent-01))
                                                  :mod (s119.a / also))
                                 :mod s119.a))
   :snt120 (s120.e / end-up-03
                   :ARG1 (s120.i / i
                                 :same-as s2.i)
                   :ARG2 (s120.n3 / narrow-01
                                  :ARG1 (s120.s / subject)
                                  :ARG4 (s120.p2 / publication-91
                                                 :ARG0 (s120.p / person
                                                               :name (s120.n / name
                                                                             :op1 "Monet"))
                                                 :ARG1 (s120.b / book
                                                               :name (s120.n2 / name
                                                                              :op1 "Haystacks")))))
   :snt121 (s121.s2 / something
                    :ARG1-of (s121.d / do-02
                                     :ARG0 (s121.i / i
                                                   :same-as s2.i)
                                     :ARG2 (s121.j / joke-01
                                                   :ARG0 s121.i
                                                   :ARG2 (s121.a / and
                                                                 :op1 (s121.t3 / thing
                                                                               :name (s121.n2 / name
                                                                                              :op1 "Spiral"
                                                                                              :op2 "Jetty")
                                                                               :ARG1-of (s121.s / same-01
                                                                                                :ARG1-of (s121.r / resemble-01
                                                                                                                 :ARG2 s121.t3)))
                                                                 :op2 (s121.l / leave-12
                                                                              :ARG0 (s121.t4 / this)
                                                                              :ARG1 (s121.t5 / trace)
                                                                              :manner (s121.d2 / do-02
                                                                                               :ARG1 s121.t3
                                                                                               :location (s121.t / tabletop))
                                                                              :time (s121.t2 / then))))
                                     :time (s121.u / use-03))
                    :ARG1-of (s121.m / make-01
                                     :ARG0 s121.i)
                    :domain s121.t4
                    :rel (s121.p / person
                                 :name (s121.n / name
                                               :op1 "Robert"
                                               :op2 "Smithson")))
   :snt122 (s122.t3 / try-01
                    :ARG0 (s122.i / i
                                  :same-as s2.i)
                    :ARG1 (s122.p / prove-01
                                  :ARG0 s122.i
                                  :ARG1 (s122.d / do-02
                                                :ARG0 (s122.h / he
                                                              :same-as s121.p)
                                                :ARG1 (s122.t2 / thing
                                                               :mod (s122.t / that)
                                                               :same-as s121.t4)
                                                :location (s122.l / lake
                                                                  :name (s122.n / name
                                                                                :op1 "Salt"
                                                                                :op2 "Lake"))
                                                :polarity "-")))
   :snt123 (s123.c / contrast-01
                   :ARG2 (s123.t2 / try-01
                                  :ARG0 (s123.i / i
                                                :same-as s2.i)
                                  :ARG1 (s123.e / explore-01
                                                :ARG0 s123.i
                                                :ARG1 (s123.r / relation-03
                                                              :ARG0 (s123.m2 / model)
                                                              :ARG2 (s123.o / original)))
                                  :time (s123.d / do-02
                                                :ARG0 s123.i
                                                :ARG1 (s123.m / model)
                                                :mod (s123.j / just))
                                  :time (s123.t / then)))
   :snt124 (s124.a3 / and
                    :op2 (s124.f / feel-01
                                 :ARG0 (s124.i / i
                                               :same-as s2.i)
                                 :ARG1 (s124.o / obligate-01
                                               :ARG1 s124.i
                                               :ARG2 (s124.a4 / and
                                                              :op1 (s124.g / go-01
                                                                           :ARG1 s124.i
                                                                           :ARG1-of (s124.a2 / actual-02)
                                                                           :ARG4 (s124.t / there))
                                                              :op2 (s124.m / make-01
                                                                           :ARG0 s124.i
                                                                           :ARG1 (s124.w / work-of-art
                                                                                         :quant (s124.s / some)
                                                                                         :mod (s124.a / Earth)))))))
   :snt125 (s125.o / opt-01
                   :ARG0 (s125.i / i
                                 :same-as s2.i)
                   :ARG1 (s125.d / draw-01
                                 :ARG0-of (s125.l2 / look-02
                                                   :ARG1 (s125.s2 / stupid)
                                                   :degree (s125.k / kind-of))
                                 :ARG1-of (s125.s / simple-02
                                                  :degree (s125.v / very))
                                 :mod (s125.l / line)))
   :snt126 (s126.a / and
                   :op2 (s126.c / construct-01
                                :ARG0 (s126.i / i
                                              :same-as s2.i)
                                :location (s126.r / relative-position
                                                  :quant (s126.d / distance-quantity
                                                                 :unit (s126.m / meter)
                                                                 :quant "150")
                                                  :direction (s126.a2 / away))
                                :mod (s126.l / large
                                             :degree (s126.v / very))
                                :mod (s126.t / this)
                                :time (s126.t2 / time
                                               :ARG1-of (s126.s / same-01))))
   :snt127 (s127.d / do-02
                   :ARG0 (s127.i / i
                                 :same-as s2.i)
                   :ARG1 (s127.o2 / one
                                  :ARG1-of (s127.r2 / resemble-01)
                                  :mod (s127.s3 / small
                                                :degree (s127.v / very)))
                   :concession-of (s127.a / and
                                          :op1 (s127.u / under
                                                       :op1 (s127.l / light
                                                                    :ARG1-of (s127.s / same-01)))
                                          :op2 (s127.s2 / show-01
                                                        :ARG0 s127.i
                                                        :ARG0-of (s127.c / cause-01
                                                                         :ARG1 (s127.o / obligate-01
                                                                                       :ARG2 (s127.f / figure-out-05
                                                                                                     :ARG0 (s127.p / person
                                                                                                                   :ARG0-of (s127.v2 / view-01))
                                                                                                     :ARG1 (s127.i2 / it)
                                                                                                     :ARG1-of (s127.r / real-04)
                                                                                                     :ARG2 (s127.l2 / look-01
                                                                                                                    :ARG0 s127.p
                                                                                                                    :ARG1 (s127.t2 / thing)))))
                                                        :ARG1 (s127.t / they
                                                                      :same-as s127.u)
                                                        :manner (s127.t3 / together)))
                   :time (s127.n / now))
   :snt128 (s128.i2 / interest-01
                    :ARG1 (s128.i / i
                                  :same-as s2.i)
                    :ARG2 (s128.o / or
                                  :op1 (s128.t / thing
                                               :mod (s128.l / large
                                                            :degree (s128.v / very)))
                                  :op2 (s128.t2 / thing
                                                :mod (s128.s / small)))
                    :polarity "-")
   :snt129 (s129.h / have-degree-91
                   :ARG1 (s129.i / i
                                 :same-as s2.i)
                   :ARG2 (s129.i2 / interest-01
                                  :ARG1 s129.i
                                  :ARG1-of (s129.c / cause-01
                                                   :ARG0 (s129.p / possible-01
                                                                 :ARG1 (s129.l / leave-14
                                                                               :ARG0 (s129.y / you)
                                                                               :ARG1 (s129.r / range-01
                                                                                             :ARG4 (s129.a / ambiguity)
                                                                                             :mod (s129.e / enormous))
                                                                               :location (s129.t / there))))
                                  :ARG2 (s129.t2 / thing
                                                 :location (s129.b / between)))
                   :ARG3 (s129.m / more))
   :snt130 (s130.r / resemble-01
                   :ARG1 (s130.t2 / this)
                   :ARG2 (s130.s / see-01
                                 :ARG0 (s130.y / you))
                   :rel (s130.s2 / size
                                 :location (s130.o / over
                                                   :op1 (s130.t / there))
                                 :poss (s130.p / person)))
   :snt131 (s131.p / pipe
                   :domain (s131.t / this))
   :snt132 (s132.t / thing
                   :ARG0-of (s132.h / hang-01))
   :snt133 (s133.a / and
                   :op2 (s133.t / thing
                                :ARG1-of (s133.d / do-02
                                                 :ARG0 (s133.i / i
                                                               :same-as s2.i))
                                :domain (s133.t2 / this)
                                :mod (s133.a2 / another))
                   :op3 (s133.c2 / contrast-01
                                 :ARG1 (s133.l2 / love-01
                                                :ARG0 (s133.e / everybody)
                                                :ARG1 (s133.w / watch-01
                                                              :ARG0 s133.e
                                                              :ARG1 (s133.d3 / draw-02
                                                                             :ARG0 (s133.s3 / somebody))))
                                 :ARG2 (s133.h / have-03
                                               :ARG0 (s133.p / person
                                                             :quant (s133.m / many
                                                                            :polarity "-"))
                                               :ARG1 (s133.c / chance-02
                                                             :ARG0 s133.p
                                                             :ARG1 (s133.w2 / watch-01
                                                                            :purpose (s133.e2 / evidence-01
                                                                                              :ARG0 (s133.p2 / person
                                                                                                             :quant (s133.l / lot)
                                                                                                             :time (s133.t3 / time
                                                                                                                            :ARG1-of (s133.s / same-01)))
                                                                                              :ARG1 (s133.d2 / draw-01
                                                                                                             :ARG1-of (s133.s2 / single-02)))
                                                                            :ARG0 s133.p
                                                                            :ARG1 (s133.d4 / draw-02
                                                                                           :ARG0 (s133.s4 / somebody)))))
                                 :mod (s133.w3 / work-01)))
   :snt134 (s134.a / and
                   :op2 (s134.c2 / cause-01
                                 :ARG0 (s134.d / do-02
                                               :ARG0 (s134.i / i
                                                             :same-as s2.i)
                                               :ARG1 (s134.c4 / cloud
                                                              :mod (s134.c / cartoonish)
                                                              :mod (s134.t3 / this))
                                               :duration (s134.t / temporal-quantity
                                                                 :unit (s134.m / month)
                                                                 :quant "2")
                                               :location (s134.o / over
                                                                 :op1 (s134.c3 / city-district
                                                                               :name (s134.n / name
                                                                                             :op1 "Manhattan"))))
                                 :ARG1 (s134.l / love-01
                                               :ARG0 s134.i
                                               :ARG1 (s134.t2 / thing
                                                              :ARG1-of (s134.w / work-01)
                                                              :mod s134.t3))))
   :snt135 (s135.a / and
                   :op2 (s135.w / wonderful-03
                                :ARG1 (s135.i3 / it
                                               :same-as s134.t2)
                                :ARG1-of (s135.c / cause-01
                                                 :ARG0 (s135.h / have-03
                                                               :ARG0 (s135.i / i
                                                                             :same-as s2.i)
                                                               :ARG1 (s135.i2 / interest-01
                                                                              :ARG1 s135.i
                                                                              :ARG2 (s135.t / theater)
                                                                              :ARG2-of (s135.j / justify-01
                                                                                               :ARG1 (s135.t2 / thing
                                                                                                              :mod (s135.t3 / this)))
                                                                              :time (s135.e / early))))
                                :degree (s135.q / quite)))
   :snt136 (s136.h / have-03
                   :ARG0 (s136.y / you)
                   :ARG1 (s136.b / be-located-at-91
                                 :ARG1 (s136.a2 / and
                                                :ARG0-of (s136.t2 / try-01
                                                                  :ARG1 (s136.n / negotiate-01
                                                                                :ARG0 (s136.c / character)
                                                                                :ARG2 (s136.p / person
                                                                                              :ARG0-of (s136.a / act-01))
                                                                                :location (s136.i / in-front-of
                                                                                                  :op1 (s136.a3 / audience))))
                                                :op1 s136.c
                                                :op2 s136.p)
                                 :ARG2 (s136.p2 / place
                                                :ARG1-of (s136.s / same-01)))
                   :location (s136.t / theater))
   :snt137 (s137.a / and
                   :op2 (s137.h / have-03
                                :ARG0 (s137.y / you)
                                :ARG1 (s137.a2 / and
                                               :op1 (s137.s2 / something
                                                             :ARG0-of (s137.l / look-02
                                                                              :ARG1 (s137.c / cloud)))
                                               :op2 (s137.c2 / cloud
                                                             :domain s137.s2
                                                             :time (s137.t2 / time
                                                                            :ARG1-of (s137.s / same-01))))
                                :prep-in (s137.t / this)))
   :snt138 (s138.i / infer-01
                   :ARG1 (s138.r / resemble-01
                                 :ARG1 (s138.t / they)
                                 :ARG2 (s138.p2 / person
                                                :ARG0-of (s138.a / act-01)
                                                :ARG1-of (s138.p / perfect-02))))
   :snt139 (s139.g / go-06
                   :ARG0 (s139.i2 / interest-01
                                  :ARG1 (s139.i / i
                                                :same-as s2.i)
                                  :ARG2 (s139.a / act-02
                                                :ARG0 s139.i
                                                :ARG2-of (s139.b / bad-02
                                                                 :ARG1 s139.i
                                                                 :mod (s139.e / especially))))
                   :ARG2 (s139.l / long-03
                                 :ARG1 (s139.w / way)))
   :snt140 (s140.a4 / and
                    :ARG1-of (s140.a3 / actual-02)
                    :op1 (s140.p / pay-01
                                 :ARG0 (s140.i / i
                                               :same-as s2.i)
                                 :ARG1 (s140.l / like
                                               :op1 (s140.m / monetary-quantity
                                                            :unit (s140.d2 / dollar)
                                                            :quant "60"))
                                 :ARG3 (s140.s / see-01
                                               :ARG0 s140.i
                                               :ARG1 (s140.p3 / person
                                                              :ARG0-of (s140.a / act-01)
                                                              :mod (s140.g / great
                                                                           :degree (s140.v2 / very)))
                                               :ARG3 (s140.d / do-02
                                                             :ARG0 s140.p3
                                                             :ARG1 (s140.v / version
                                                                           :topic (s140.p4 / person
                                                                                           :name (s140.n / name
                                                                                                         :op1 "King"
                                                                                                         :op2 "Lear")))))
                                 :frequency "1")
                    :op2 (s140.f / feel-01
                                 :ARG0 s140.i
                                 :ARG1 (s140.r2 / rob-01
                                                :ARG1 s140.i
                                                :ARG1-of (s140.c / cause-01
                                                                 :ARG0 (s140.s4 / stop-01
                                                                                :ARG0 s140.p3
                                                                                :ARG1 (s140.p5 / person
                                                                                               :ARG0-of (s140.a2 / act-01)
                                                                                               :ARG1-of (s140.s2 / see-01
                                                                                                                 :ARG0 s140.i
                                                                                                                 :ARG3-of (s140.p2 / pay-01
                                                                                                                                   :ARG0 s140.i
                                                                                                                                   :ARG1 s140.m2))
                                                                                               :domain s140.p4
                                                                                               :mod (s140.g2 / great))
                                                                                :time (s140.s3 / start-01
                                                                                               :ARG0 s140.p3)))
                                                :degree (s140.r / really)))
                    :rel (s140.m2 / money
                                  :same-as s140.p3))
   :snt141 (s141.c2 / contrast-01
                    :ARG2 (s141.a2 / and
                                   :ARG1-of (s141.k / know-01
                                                    :ARG0 (s141.y / you))
                                   :op1 (s141.p / pay-01
                                                :ARG0 (s141.i / i
                                                              :same-as s2.i)
                                                :ARG1 (s141.r / resemble-01
                                                              :ARG1-of (s141.t / think-01
                                                                               :ARG0 s141.i)
                                                              :ARG2 (s141.m / monetary-quantity
                                                                            :unit (s141.d / dollar)
                                                                            :quant "3")))
                                   :op2 (s141.g / go-02
                                                :purpose (s141.s / see-01
                                                                 :ARG0 s141.i
                                                                 :ARG1 (s141.v / version
                                                                               :source (s141.g2 / group
                                                                                                :mod (s141.a / amateur))
                                                                               :topic (s141.w2 / work-of-art
                                                                                               :name (s141.n2 / name
                                                                                                              :op1 "Othello"))))
                                                :ARG0 s141.i
                                                :ARG4 (s141.w / warehouse
                                                              :location (s141.c / city-district
                                                                                :name (s141.n / name
                                                                                              :op1 "Queens"))))))
   :snt142 (s142.a2 / and
                    :op2 (s142.f / fascinate-01
                                 :ARG0 (s142.i2 / it
                                                :same-as s141.v)
                                 :ARG1-of (s142.c / cause-01
                                                  :ARG0 (s142.k / know-01
                                                                :ARG0 (s142.y / you)
                                                                :ARG1 (s142.g5 / guy
                                                                               :ARG0-of (s142.a / act-01
                                                                                                :ARG1 (s142.h / have-org-role-91
                                                                                                              :ARG1 (s142.e / ethnic-group
                                                                                                                            :name (s142.n2 / name
                                                                                                                                           :op1 "Moorish"))
                                                                                                              :ARG2 (s142.g / general)))
                                                                               :ARG1-of (s142.n3 / name-01
                                                                                                 :ARG2 (s142.p / person
                                                                                                               :name (s142.n / name
                                                                                                                             :op1 "Joey"
                                                                                                                             :op2 "Grimaldi")))))
                                                  :example (s142.a3 / and
                                                                    :op1 (s142.g2 / general
                                                                                  :ARG1-of (s142.r / real-04)
                                                                                  :domain s142.g5
                                                                                  :duration (s142.t / temporal-quantity
                                                                                                    :ord (s142.o / ordinal-entity
                                                                                                                 :value "1")
                                                                                                    :unit (s142.m / minute)
                                                                                                    :quant "3")
                                                                                  :mod (s142.t2 / that
                                                                                                :same-as s142.h))
                                                                    :op2 (s142.g4 / go-back-19
                                                                                  :ARG1 s142.g5
                                                                                  :time (s142.t3 / then))
                                                                    :op3 (s142.w / work-01
                                                                                 :ARG0 s142.g5
                                                                                 :ARG1 (s142.p2 / person
                                                                                                :ARG0-of (s142.p4 / plumb-04)
                                                                                                :mod (s142.a4 / and
                                                                                                              :op2 (s142.p3 / person
                                                                                                                            :ARG0-of (s142.h2 / have-org-role-91
                                                                                                                                              :ARG2 (s142.g3 / general)))
                                                                                                              :op3 s142.p3)
                                                                                                :op1-of s142.a4
                                                                                                :quant "1"))))
                                 :degree (s142.q / quite))
                    :rel (s142.s / see-01
                                 :ARG0 (s142.i / i
                                               :same-as s2.i)
                                 :ARG1 (s142.t4 / tragedy
                                                :ARG1-of (s142.p5 / price-01
                                                                  :ARG2 (s142.m2 / monetary-quantity
                                                                                 :prep-for s142.s
                                                                                 :unit (s142.d / dollar)
                                                                                 :quant "3"))
                                                :quant "2")))
   :snt143 (s143.t / think-01
                   :ARG0 (s143.i / i
                                 :same-as s2.i)
                   :ARG1 (s143.c / concern-02
                                 :ARG0 (s143.i4 / it)
                                 :ARG1 (s143.i3 / impression-03)
                                 :ARG1-of (s143.r / real-04)
                                 :manner (s143.m2 / make-02
                                                  :ARG1 (s143.f / fall-10
                                                                :ARG1 (s143.p2 / person)
                                                                :ARG2 (s143.i2 / illusion
                                                                               :ARG1-of (s143.p / perfect-02
                                                                                                :degree (s143.r2 / really))))
                                                  :ARG1-of (s143.h / have-quant-91
                                                                   :ARG3 (s143.e / equal)
                                                                   :ARG4 (s143.m / make-01
                                                                                 :ARG1 s143.i2)))
                                 :polarity "-")
                   :mod (s143.s / see-03))
   :snt144 (s144.w / work-01
                   :ARG0 (s144.i / i
                                 :same-as s2.i)
                   :location (s144.t / threshold
                                     :ARG1-of (s144.h / have-degree-91
                                                      :ARG2 (s144.l / low-04
                                                                    :ARG1 s144.t)
                                                      :ARG3 (s144.m / most))
                                     :mod (s144.i2 / illusion
                                                   :mod (s144.v / visual)))
                   :mod (s144.u / usual))
   :snt145 (s145.c / cause-01
                   :ARG0 (s145.c2 / concern-02
                                  :ARG0 (s145.i / it
                                                :ARG1 (s145.g / give-01
                                                              :ARG1 (s145.m / measure-01
                                                                            :ARG1 (s145.b / believe-01
                                                                                          :ARG0 (s145.s2 / somebody))
                                                                            :ARG1 (s145.a2 / amount
                                                                                           :quant-of (s145.w / want-01
                                                                                                             :ARG0 (s145.y / you)
                                                                                                             :ARG1 (s145.f2 / fool-01
                                                                                                                            :ARG1 s145.y))))
                                                              :ARG1-of (s145.a / actual-02)
                                                              :ARG2 s145.s2))
                                  :ARG1 (s145.f / fool-01
                                                :ARG1 (s145.s / somebody))
                                  :polarity "-"))
   :snt146 (s146.c / cause-01
                   :ARG0 (s146.t / that)
                   :ARG1 (s146.p / pay-01
                                 :ARG0 (s146.w / we)
                                 :ARG3 (s146.g / go-02
                                               :ARG0 s146.w
                                               :ARG4 (s146.a / and
                                                             :op1 (s146.s / show-04
                                                                          :ARG1 (s146.m / magic))
                                                             :op2 (s146.t3 / thing
                                                                           :ARG1-of (s146.r / resemble-01
                                                                                            :ARG2 (s146.t2 / that)))))))
   :snt147 (s147.t2 / think-01
                    :ARG0 (s147.i / i
                                  :same-as s2.i)
                    :ARG1 (s147.b / be-it-06
                                  :ARG0 (s147.t / that)))
   :snt148 (s148.u / up-02
                   :ARG1 (s148.t / time
                                 :poss (s148.i / i
                                               :same-as s2.i))
                   :mod (s148.n / near))
   :snt149 (s149.t / thank-01
                   :ARG0 (s149.i / i)
                   :ARG1 (s149.y / you
                                 :same-as s2.i)
                   :mod (s149.m / much
                                :degree (s149.v / very))))

