# ::id doc-396
# ::doc_file doc-396
# ::tok http : / / www . ted . com / talks / charles_hazlewood< / url> <next_sent> I am a conductor , and I 'm here today to talk to you about trust . <next_sent> My job depends upon it . <next_sent> There has to be , between me and the orchestra , an unshakable bond of trust , born out of mutual respect , through which we can spin a musical narrative that we all believe in . <next_sent> Now in the old days , conducting , music making , was less about trust and more , frankly , about coercion . <next_sent> Up to and around about the Second World War , conductors were invariably dictators -- these tyrannical figures who would rehearse , not just the orchestra as a whole , but individuals within it , within an inch of their lives . <next_sent> But I 'm happy to say now that the world has moved on , music has moved on with it . <next_sent> We now have a more democratic view and way of making music -- a two - way street . <next_sent> I , as the conductor , have to come to the rehearsal with a cast - iron sense of the outer architecture of that music , within which there is then immense personal freedom for the members of the orchestra to shine . <next_sent> For myself , of course , I have to completely trust my body language . <next_sent> That 's all I have at the point of sale . <next_sent> It 's silent gesture . <next_sent> I can hardly bark out instructions while we 're playing . <next_sent> Ladies and gentlemen , the Scottish Ensemble . <next_sent> So in order for all this to work , obviously I have got to be in a position of trust . <next_sent> I have to trust the orchestra , and , even more crucially , I have to trust myself . <next_sent> Think about it : when you 're in a position of not trusting , what do you do ? <next_sent> You overcompensate . <next_sent> And in my game , that means you overgesticulate . <next_sent> You end up like some kind of rabid windmill . <next_sent> And the bigger your gesture gets , the more ill - defined , blurry and , frankly , useless it is to the orchestra . <next_sent> You become a figure of fun . <next_sent> There 's no trust anymore , only ridicule . <next_sent> And I remember at the beginning of my career , again and again , on these dismal outings with orchestras , I would be going completely insane on the podium , trying to engender a small scale crescendo really , just a little upsurge in volume . <next_sent> Bugger me , they would n't give it to me . <next_sent> I spent a lot of time in those early years weeping silently in dressing rooms . <next_sent> And how futile seemed the words of advice to me from great British veteran conductor Sir Colin Davis who said , " Conducting , Charles , is like holding a small bird in your hand . <next_sent> If you hold it too tightly , you crush it . <next_sent> If you hold it too loosely , it flies away . " <next_sent> I have to say , in those days , I could n't really even find the bird . <next_sent> Now a fundamental and really viscerally important experience for me , in terms of music , has been my adventures in South Africa , the most dizzyingly musical country on the planet in my view , but a country which , through its musical culture , has taught me one fundamental lesson : that through music making can come deep levels of fundamental life - giving trust . <next_sent> Back in 2000 , I had the opportunity to go to South Africa to form a new opera company . <next_sent> So I went out there , and I auditioned , mainly in rural township locations , right around the country . <next_sent> I heard about 2,000 singers and pulled together a company of 40 of the most jaw - droppingly amazing young performers , the majority of whom were black , but there were a handful of white performers . <next_sent> Now it emerged early on in the first rehearsal period that one of those white performers had , in his previous incarnation , been a member of the South African police force . <next_sent> And in the last years of the old regime , he would routinely be detailed to go into the township to aggress the community . <next_sent> Now you can imagine what this knowledge did to the temperature in the room , the general atmosphere . <next_sent> Let 's be under no illusions . <next_sent> In South Africa , the relationship most devoid of trust is that between a white policeman and the black community . <next_sent> So how do we recover from that , ladies and gentlemen ? <next_sent> Simply through singing . <next_sent> We sang , we sang , we sang , and amazingly new trust grew , and indeed friendship blossomed . <next_sent> And that showed me such a fundamental truth , that music making and other forms of creativity can so often go to places where mere words cannot . <next_sent> One of them was " Carmen . " <next_sent> We then thought we 'd make a movie of " Carmen , " which we recorded and shot outside on location in the township outside Cape Town called Khayelitsha . <next_sent> The piece was sung entirely in Xhosa , which is a beautifully musical language , if you do n't know it . <next_sent> It 's called " U - Carmen e - Khayelitsha " -- literally " Carmen of Khayelitsha . " <next_sent> I want to play you a tiny clip of it now for no other reason than to give you proof positive that there is nothing tiny about South African music making . <next_sent> Something which I find utterly enchanting about South African music making is that it 's so free . <next_sent> South Africans just make music really freely . <next_sent> And I think , in no small way , that 's due to one fundamental fact : they 're not bound to a system of notation . <next_sent> They do n't read music . <next_sent> They trust their ears . <next_sent> You can teach a bunch of South Africans a tune in about five seconds flat . <next_sent> And then , as if by magic , they will spontaneously improvise a load of harmony around that tune because they can . <next_sent> Now those of us that live in the West , if I can use that term , I think have a much more hidebound attitude or sense of music -- that somehow it 's all about skill and systems . <next_sent> Therefore it 's the exclusive preserve of an elite , talented body . <next_sent> And yet , ladies and gentlemen , every single one of us on this planet probably engages with music on a daily basis . <next_sent> And if I can broaden this out for a second , I 'm willing to bet that every single one of you sitting in this room would be happy to speak with acuity , with total confidence , about movies , probably about literature . <next_sent> But how many of you would be able to make a confident assertion about a piece of classical music ? <next_sent> Why is this ? <next_sent> And what I 'm going to say to you now is I 'm just urging you to get over this supreme lack of self - confidence , to take the plunge , to believe that you can trust your ears , you can hear some of the fundamental muscle tissue , fiber , DNA , what makes a great piece of music great . <next_sent> I 've got a little experiment I want to try with you . <next_sent> Did you know that TED is a tune ? <next_sent> A very simple tune based on three notes -- T , E , D. <next_sent> Now hang on a minute . <next_sent> I know you 're going to say to me , " T does n't exist in music . " <next_sent> Well ladies and gentlemen , there 's a time - honored system , which composers have been using for hundreds of years , which proves actually that it does . <next_sent> If I sing you a musical scale : A , B , C , D , E , F , G -- and I just carry on with the next set of letters in the alphabet , same scale : H , I , J , K , L , M , N , O , P , Q , R , S , T -- there you go . <next_sent> T , see it 's the same as F in music . <next_sent> So T is F. <next_sent> So T , E , D is the same as F , E , D. <next_sent> Now that piece of music that we played at the start of this session had enshrined in its heart the theme , which is TED . <next_sent> Have a listen . <next_sent> Do you hear it ? <next_sent> Or do I smell some doubt in the room ? <next_sent> Okay , we 'll play it for you again now , and we 're going to highlight , we 're going to poke out the T , E , D. <next_sent> If you 'll pardon the expression . <next_sent> Oh my goodness me , there it was loud and clear , surely . <next_sent> I think we should make this even more explicit . <next_sent> Ladies and gentlemen , it 's nearly time for tea . <next_sent> Would you reckon you need to sing for your tea , I think ? <next_sent> I think we need to sing for our tea . <next_sent> We 're going to sing those three wonderful notes : T , E , D. <next_sent> Will you have a go for me ? <next_sent> Audience : T , E , D. <next_sent> Charles Hazlewood : Yeah , you sound a bit more like cows really than human beings . <next_sent> Shall we try that one again ? <next_sent> And look , if you 're adventurous , you go up the octave . <next_sent> T , E , D. <next_sent> Audience : T , E , D. <next_sent> CH : Once more with vim . <next_sent> There I am like a bloody windmill again , you see . <next_sent> Now we 're going to put that in the context of the music . <next_sent> The music will start , and then at a signal from me , you will sing that . <next_sent> One more time , with feeling , ladies and gentlemen . <next_sent> You wo n't make the key otherwise . <next_sent> Well done , ladies and gentlemen . <next_sent> It was n't a bad debut for the TED choir , not a bad debut at all . <next_sent> Now there 's a project that I 'm initiating at the moment that I 'm very excited about and wanted to share with you , because it is all about changing perceptions , and , indeed , building a new level of trust . <next_sent> The youngest of my children was born with cerebral palsy , which as you can imagine , if you do n't have an experience of it yourself , is quite a big thing to take on board . <next_sent> But the gift that my gorgeous daughter has given me , aside from her very existence , is that it 's opened my eyes to a whole stretch of the community that was hitherto hidden , the community of disabled people . <next_sent> And I found myself looking at the Paralympics and thinking how incredible how technology 's been harnessed to prove beyond doubt that disability is no barrier to the highest levels of sporting achievement . <next_sent> Of course there 's a grimmer side to that truth , which is that it 's actually taken decades for the world at large to come to a position of trust , to really believe that disability and sports can go together in a convincing and interesting fashion . <next_sent> So I find myself asking : where is music in all of this ? <next_sent> You ca n't tell me that there are n't millions of disabled people , in the U.K. alone , with massive musical potential . <next_sent> So I decided to create a platform for that potential . <next_sent> It 's going to be Britain 's first ever national disabled orchestra . <next_sent> It 's called Paraorchestra . <next_sent> I 'm going to show you a clip now of the very first improvisation session that we had . <next_sent> It was a really extraordinary moment . <next_sent> Just me and four astonishingly gifted disabled musicians . <next_sent> Normally when you improvise -- and I do it all the time around the world -- there 's this initial period of horror , like everyone 's too frightened to throw the hat into the ring , an awful pregnant silence . <next_sent> Then suddenly , as if by magic , bang ! <next_sent> We 're all in there and it 's complete bedlam . <next_sent> You ca n't hear anything . <next_sent> No one 's listening . <next_sent> No one 's trusting . <next_sent> No one 's responding to each other . <next_sent> Now in this room with these four disabled musicians , within five minutes a rapt listening , a rapt response and some really insanely beautiful music . <next_sent> Nicholas : : My name 's Nicholas McCarthy . <next_sent> I 'm 22 , and I 'm a left - handed pianist . <next_sent> And I was born without my left hand -- right hand . <next_sent> Can I do that one again ? <next_sent> Lyn : When I 'm making music , I feel like a pilot in the cockpit flying an airplane . <next_sent> I become alive . <next_sent> Clarence : I would rather be able to play an instrument again than walk . <next_sent> There 's so much joy and things I could get from playing an instrument and performing . <next_sent> It 's removed some of my paralysis . <next_sent> CH : I only wish that some of those musicians were here with us today , so you could see at firsthand how utterly extraordinary they are . <next_sent> Paraorchestra is the name of that project . <next_sent> If any of you thinks you want to help me in any way to achieve what is a fairly impossible and implausible dream still at this point , please let me know . <next_sent> Now my parting shot comes courtesy of the great Joseph Haydn , wonderful Austrian composer in the second half of the 18th century -- spent the bulk of his life in the employ of Prince Nikolaus Esterhazy , along with his orchestra . <next_sent> Now this prince loved his music , but he also loved the country castle that he tended to reside in most of the time , which is just on the Austro - Hungarian border , a place called Esterhazy -- a long way from the big city of Vienna . <next_sent> Now one day in 1772 , the prince decreed that the musicians ' families , the orchestral musicians ' families , were no longer welcome in the castle . <next_sent> They were n't allowed to stay there anymore ; they had to be returned to Vienna -- as I say , an unfeasibly long way away in those days . <next_sent> You can imagine , the musicians were disconsolate . <next_sent> Haydn remonstrated with the prince , but to no avail . <next_sent> So given the prince loved his music , Haydn thought he 'd write a symphony to make the point . <next_sent> And we 're going to play just the very tail end of this symphony now . <next_sent> And you 'll see the orchestra in a kind of sullen revolt . <next_sent> I 'm pleased to say , the prince did take the tip from the orchestral performance , and the musicians were reunited with their families . <next_sent> But I think it sums up my talk rather well , this , that where there is trust , there is music -- by extension life . <next_sent> Where there is no trust , the music quite simply withers away .
(d / document
   :snt1 (s1.u / url-entity
               :topic (s1.u2 / url-entity
                             :value "narcotic"
                             :value "person"))
   :snt2 (s2.a / and
               :op1 (s2.c / conduct-01
                          :ARG0 (s2.i / i))
               :op2 (s2.b / be-located-at-91
                          :purpose (s2.t / talk-01
                                         :ARG0 s2.i
                                         :ARG1 (s2.t3 / trust-02)
                                         :ARG2 (s2.y / you))
                          :ARG1 s2.i
                          :ARG2 (s2.h / here)
                          :time (s2.t2 / today)))
   :snt3 (s3.d / depend-01
               :ARG0 (s3.j / job
                           :poss (s3.i / i))
               :ARG1 (s3.i2 / it
                            :same-as s2.t3))
   :snt4 (s4.o / obligate-01
               :ARG2 (s4.b4 / bond-01
                            :ARG1-of (s4.s / shake-01
                                           :ARG1-of (s4.p / possible-01
                                                          :polarity "-"))
                            :ARG1-of (s4.b / bear-02
                                           :ARG0 (s4.r / respect-01
                                                       :mod (s4.m2 / mutual)))
                            :instrument-of (s4.s2 / spin-03
                                                  :ARG0 (s4.w / we
                                                              :ARG1-of (s4.i2 / include-91
                                                                              :ARG2 (s4.i / i)
                                                                              :ARG3 (s4.a / all)))
                                                  :ARG1 (s4.n / narrative
                                                              :ARG1-of (s4.b2 / believe-01
                                                                              :ARG0 s4.w)
                                                              :mod (s4.m / music))
                                                  :ARG1-of (s4.p2 / possible-01))
                            :location (s4.b3 / between
                                             :op1 s4.i
                                             :op2 (s4.o2 / orchestra))
                            :mod (s4.t / trust-01)))
   :snt5 (s5.a2 / and
                :op1 (s5.c2 / concern-02
                            :ARG0 (s5.a / and
                                        :op1 (s5.c3 / conduct-01)
                                        :op2 (s5.m / make-01
                                                   :ARG1 (s5.m3 / music)))
                            :ARG1 (s5.t / trust-01)
                            :ARG2-of (s5.h / have-degree-91
                                           :ARG1 s5.a
                                           :ARG3 (s5.l / less))
                            :time (s5.d / day
                                        :mod (s5.o / old))
                            :time (s5.n / now))
                :op2 (s5.h2 / have-degree-91
                            :ARG1 s5.a
                            :ARG2 (s5.c / coerce-01)
                            :ARG3 (s5.m2 / more)
                            :manner (s5.f / frank)))
   :snt6 (s6.d / dictator
               :domain (s6.p / person
                             :ARG0-of (s6.c / conduct-01))
               :domain (s6.f / figure
                             :ARG0-of (s6.r / rehearse-01
                                            :ARG1 (s6.a3 / and
                                                         :op1 (s6.o / orchestra
                                                                    :mod (s6.j / just)
                                                                    :mod (s6.w2 / whole))
                                                         :op2 (s6.i2 / individual
                                                                     :location s6.o
                                                                     :location (s6.l / life
                                                                                     :quant (s6.u2 / up-to
                                                                                                   :op1 (s6.d2 / distance-quantity
                                                                                                               :unit (s6.i / inch)
                                                                                                               :quant "1"))
                                                                                     :poss s6.f))))
                             :mod (s6.t2 / tyrant)
                             :mod (s6.t / this))
               :manner (s6.v / variable
                             :polarity "-")
               :time (s6.a2 / and
                            :op1 (s6.u / up-to
                                       :op1 (s6.w / war
                                                  :name (s6.n / name
                                                              :op1 "Second"
                                                              :op2 "World"
                                                              :op3 "War")))
                            :op2 (s6.a4 / around)
                            :time (s6.a / about
                                        :op1 s6.w)))
   :snt7 (s7.c / contrast-01
               :ARG2 (s7.h / happy-01
                           :ARG0 (s7.s / say-01
                                       :ARG0 (s7.i / i)
                                       :ARG1 (s7.a / and
                                                   :op1 (s7.m / move-01
                                                              :ARG1 (s7.w / world))
                                                   :op2 (s7.m2 / move-01
                                                               :ARG0 (s7.m3 / music)
                                                               :accompanier s7.w))
                                       :time (s7.n / now))
                           :ARG1 s7.i))
   :snt8 (s8.h / have-03
               :ARG0 (s8.w2 / we)
               :ARG1 (s8.a / and
                           :op1 (s8.v / view-01
                                      :ARG1-of (s8.h2 / have-degree-91
                                                      :ARG1 (s8.w / way
                                                                  :manner-of (s8.m / make-01
                                                                                   :ARG0 s8.w2
                                                                                   :ARG1 (s8.m4 / music)))
                                                      :ARG2 (s8.d / democracy)
                                                      :ARG3 (s8.m3 / more)))
                           :op2 s8.w)
               :ARG1-of (s8.m2 / mean-01
                               :ARG2 (s8.s / street
                                           :mod (s8.t / two-way)))
               :time (s8.n / now))
   :snt9 (s9.o / obligate-01
               :ARG1 (s9.i / i
                           :ARG0-of (s9.c3 / conduct-01))
               :ARG2 (s9.c2 / come-01
                            :ARG1 s9.i
                            :ARG4 (s9.r / rehearse-01)
                            :manner (s9.s / sense-01
                                          :ARG0 s9.i
                                          :ARG1 (s9.s3 / structure-01
                                                       :ARG1 (s9.m2 / music
                                                                    :mod (s9.t / that))
                                                       :ARG3-of (s9.f / free-04
                                                                      :ARG1 (s9.m / member
                                                                                  :part-of (s9.o2 / orchestra
                                                                                                  :same-as s4.o2))
                                                                      :ARG1-of (s9.p / personal-02)
                                                                      :ARG3 (s9.s2 / shine-01
                                                                                   :ARG1 s9.m)
                                                                      :mod (s9.i2 / immense)
                                                                      :time (s9.t2 / then))
                                                       :mod (s9.o3 / outer))
                                          :mod (s9.i3 / iron
                                                      :ARG1-of (s9.c / cast-01)))))
   :snt10 (s10.o / obligate-01
                 :ARG1 (s10.i / i)
                 :ARG2 (s10.t / trust-02
                              :ARG0 s10.i
                              :ARG1 (s10.l / language
                                           :mod (s10.b / body)
                                           :poss s10.i)
                              :ARG1-of (s10.c / complete-02))
                 :mod (s10.o2 / of-course))
   :snt11 (s11.b / be-it-08
                 :ARG1 (s11.t / that)
                 :ARG2 (s11.h / have-03
                              :ARG0 (s11.i / i)
                              :time (s11.p / point
                                           :mod (s11.s / sell-01
                                                       :ARG0 s11.i))))
   :snt12 (s12.g / gesture-01
                 :domain (s12.i / it
                                :same-as s10.l)
                 :mod (s12.s / silent))
   :snt13 (s13.p2 / possible-01
                  :ARG1 (s13.b / bark-01
                               :ARG0 (s13.i / i)
                               :ARG2 (s13.t / thing
                                            :ARG2-of (s13.i2 / instruct-01))
                               :time (s13.p / play-01
                                            :ARG0 (s13.w / we)))
                  :degree (s13.h / hardly))
   :snt14 (s14.o / organization
                 :name (s14.n / name
                              :op1 "Scottish"
                              :op2 "Ensemble")
                 :domain (s14.a / and
                                :op1 (s14.l / lady)
                                :op2 (s14.l2 / lady)))
   :snt15 (s15.o / obligate-01
                 :purpose (s15.w / work-09
                                 :ARG1 (s15.t / this
                                              :mod (s15.a / all)))
                 :ARG2 (s15.p / position-01
                              :ARG1 (s15.i / i)
                              :ARG1-of (s15.o2 / obvious-01)
                              :ARG2 (s15.t2 / trust-01
                                            :ARG2 s15.i)))
   :snt16 (s16.a / and
                 :op1 (s16.o / obligate-01
                             :ARG1 (s16.i / i)
                             :ARG2 (s16.t / trust-02
                                          :ARG0 s16.i
                                          :ARG1 (s16.o3 / orchestra
                                                        :same-as s4.o2)))
                 :op2 (s16.o2 / obligate-01
                              :ARG1 s16.i
                              :ARG1-of (s16.h / have-degree-91
                                              :ARG2 (s16.i2 / important-01
                                                            :ARG1 s16.o2)
                                              :ARG3 (s16.m / more
                                                           :mod (s16.e / even)))
                              :ARG2 (s16.t2 / trust-02
                                            :ARG0 s16.i
                                            :ARG1 s16.i)))
   :snt17 (s17.t / think-01
                 :ARG0 (s17.y / you)
                 :ARG1 (s17.d / do-02
                              :ARG0 s17.y
                              :ARG1 (s17.a / amr-unknown)
                              :time (s17.p / position-01
                                           :ARG1 s17.y
                                           :ARG2 (s17.t2 / trust-02
                                                         :ARG0 s17.y
                                                         :polarity "-"))))
   :snt18 (s18.c / compensate-01
                 :ARG0 (s18.y / you))
   :snt19 (s19.a / and
                 :op2 (s19.m / mean-01
                             :ARG1 (s19.t / that
                                          :same-as s18.c)
                             :ARG2 (s19.e / explosive
                                          :domain (s19.y / you))
                             :prep-in (s19.g / game
                                             :poss (s19.i / i))))
   :snt20 (s20.e / end-up-03
                 :ARG1 (s20.y / you)
                 :ARG2 (s20.r2 / resemble-01
                               :ARG1 s20.y
                               :ARG2 (s20.w / windmill
                                            :mod (s20.r / rabies)
                                            :mod (s20.k / kind
                                                        :mod (s20.s / some)))))
   :snt21 (s21.a / and
                 :op2 (s21.c / correlate-91
                             :ARG1 (s21.m / more
                                          :ARG3-of (s21.h / have-degree-91
                                                          :ARG1 (s21.g2 / get-03
                                                                        :ARG1 (s21.g / gesture-01
                                                                                     :ARG0 (s21.y / you))
                                                                        :ARG2 (s21.b / big))
                                                          :ARG2 s21.b))
                             :ARG2 (s21.m2 / more
                                           :ARG3-of (s21.h2 / have-degree-91
                                                            :ARG2 (s21.a2 / and
                                                                          :op1 (s21.d / define-01
                                                                                      :ARG1 s21.g
                                                                                      :ARG1-of (s21.i / ill-02))
                                                                          :op2 (s21.b2 / blur-01
                                                                                       :ARG1 s21.g)
                                                                          :op3 (s21.u / use-01
                                                                                      :ARG1 s21.g
                                                                                      :ARG2 (s21.o / orchestra
                                                                                                   :same-as s4.o2)
                                                                                      :mod (s21.f / frank)
                                                                                      :polarity "-"))))))
   :snt22 (s22.b / become-01
                 :ARG1 (s22.y / you)
                 :ARG2 (s22.f / figure
                              :ARG1-of (s22.f2 / fun-01)))
   :snt23 (s23.c / contrast-01
                 :ARG1 (s23.t / trust-01
                              :time (s23.a / anymore)
                              :polarity "-")
                 :ARG2 (s23.r / ridicule-01
                              :mod (s23.o / only)))
   :snt24 (s24.a / and
                 :op2 (s24.r2 / remember-01
                              :ARG0 (s24.i / i)
                              :ARG1 (s24.g / go-08
                                           :purpose (s24.t3 / try-01
                                                            :ARG0 s24.i
                                                            :ARG1 (s24.n / England
                                                                         :ARG0 s24.i
                                                                         :ARG1 (s24.c3 / crescendo
                                                                                       :ARG1-of (s24.r / real-04)
                                                                                       :ARG1-of (s24.m / mean-01
                                                                                                       :ARG2 (s24.s2 / surge-01
                                                                                                                     :quant (s24.l / little)
                                                                                                                     :ARG1 (s24.v / volume)
                                                                                                                     :mod (s24.j / just)))
                                                                                       :mod (s24.s / small-scale))))
                                           :ARG1 s24.i
                                           :ARG2 (s24.i2 / insane
                                                         :ARG1-of (s24.c2 / complete-02))
                                           :location (s24.p / podium)
                                           :time (s24.o / outing-07
                                                        :ARG0 s24.i
                                                        :accompanier (s24.s3 / symphony)
                                                        :mod (s24.d / dismal)
                                                        :mod (s24.t / this))))
                 :rel (s24.b / begin-01
                             :ARG1 (s24.c / career
                                          :poss s24.i)
                             :frequency (s24.t2 / time-and-again)))
   :snt25 (s25.b / bugger
                 :ARG1-of (s25.c / cause-01
                                 :ARG0 (s25.g / give-01
                                              :ARG0 (s25.t / they)
                                              :ARG1 (s25.i2 / it
                                                            :same-as s24.c3)
                                              :ARG2 (s25.i / i)
                                              :polarity "-"))
                 :domain s25.i)
   :snt26 (s26.s2 / spend-02
                  :ARG0 (s26.i / i)
                  :ARG1 (s26.t2 / time
                                :quant (s26.l / lot))
                  :ARG2 (s26.w / weep-01
                               :ARG0 s26.i
                               :location (s26.r / room
                                                :mod (s26.d / dress-01))
                               :manner (s26.s / silent))
                  :time (s26.y / year
                               :mod (s26.e / early)
                               :mod (s26.t / that)))
   :snt27 (s27.a2 / and
                  :op2 (s27.s3 / seem-01
                               :ARG1 (s27.f / futile
                                            :degree (s27.s5 / so)
                                            :domain (s27.w / word
                                                           :ARG2-of (s27.a / advise-01
                                                                           :ARG1 (s27.i / i))
                                                           :source (s27.p / person
                                                                          :name (s27.n2 / name
                                                                                        :op1 "Sir"
                                                                                        :op2 "Colin"
                                                                                        :op3 "Davis")
                                                                          :ARG0-of (s27.c / conduct-01)
                                                                          :ARG0-of (s27.s / say-01
                                                                                          :ARG0-of (s27.s2 / say-01
                                                                                                           :ARG2 (s27.p2 / person
                                                                                                                         :name (s27.n3 / name
                                                                                                                                       :op1 "Charles")
                                                                                                                         :part (s27.h / hand)))
                                                                                          :ARG1 (s27.r / resemble-01
                                                                                                       :ARG1 (s27.c2 / conduct-01)
                                                                                                       :ARG2 (s27.h2 / hold-01
                                                                                                                     :ARG0 s27.p2
                                                                                                                     :ARG1 (s27.b / bird
                                                                                                                                  :mod (s27.s4 / small))
                                                                                                                     :location s27.h)))
                                                                          :mod (s27.v / veteran)
                                                                          :mod (s27.c3 / country
                                                                                       :name (s27.n / name
                                                                                                    :op1 "Britain"))))))
                  :rel (s27.g / great))
   :snt28 (s28.c / crush-01
                 :ARG0 (s28.y / you)
                 :ARG1 (s28.i / it
                              :same-as s27.b)
                 :condition (s28.h2 / hold-01
                                    :ARG0 s28.y
                                    :ARG1 s28.i
                                    :ARG1-of (s28.t / tight-05
                                                    :ARG2-of (s28.h / have-degree-91
                                                                    :ARG1 s28.h2
                                                                    :ARG3 (s28.t2 / too)))))
   :snt29 (s29.f / fly-01
                 :ARG1 (s29.i / it
                              :same-as s27.b)
                 :condition (s29.h2 / hold-01
                                    :ARG0 (s29.y / you)
                                    :ARG1 s29.i
                                    :manner (s29.l / loose-04
                                                   :ARG2-of (s29.h / have-degree-91
                                                                   :ARG1 s29.h2
                                                                   :ARG3 (s29.t / too))))
                 :destination (s29.a / away))
   :snt30 (s30.o / obligate-01
                 :ARG2 (s30.s / say-01
                              :ARG0 (s30.i / i)
                              :ARG1 (s30.p / possible-01
                                           :ARG1 (s30.f / find-01
                                                        :ARG0 s30.i
                                                        :ARG1 (s30.b / bird
                                                                     :same-as s27.b)
                                                        :mod (s30.e / even))
                                           :ARG1-of (s30.r / real-04)
                                           :time (s30.d / day
                                                        :mod (s30.t / that)
                                                        :same-as s26.y)
                                           :polarity "-")))
   :snt31 (s31.a2 / adventure
                  :ARG1-of (s31.e / experience-01
                                  :ARG0 (s31.i / i)
                                  :ARG1-of (s31.i2 / important-01
                                                   :degree (s31.a / acute
                                                                  :degree (s31.r / really)))
                                  :mod (s31.f / fundamental)
                                  :topic (s31.m3 / music))
                  :location (s31.c3 / country
                                    :name (s31.n / name
                                                 :op1 "South"
                                                 :op2 "Africa")
                                    :ARG1-of (s31.c2 / contrast-01
                                                     :ARG2 (s31.t / teach-01
                                                                  :ARG0 s31.i
                                                                  :ARG1 (s31.l / lesson
                                                                               :consist-of (s31.p2 / possible-01
                                                                                                   :ARG1 (s31.c / come-03
                                                                                                                :ARG1 (s31.l2 / level
                                                                                                                              :ARG1-of (s31.d / deep-02)
                                                                                                                              :mod (s31.t2 / trust-01
                                                                                                                                           :ARG0-of (s31.g / give-01
                                                                                                                                                           :ARG1 (s31.l3 / life))
                                                                                                                                           :mod (s31.f3 / fundamental)))
                                                                                                                :manner (s31.m / make-01
                                                                                                                               :ARG1 (s31.m5 / music))))
                                                                               :mod (s31.f2 / fundamental)
                                                                               :quant "1")
                                                                  :ARG2 s31.c3
                                                                  :manner (s31.c5 / culture
                                                                                  :mod s31.c3
                                                                                  :poss s31.c3))))
                  :poss s31.i
                  :rel (s31.d2 / dizzy-01
                               :ARG1 (s31.m4 / music
                                             :ARG1-of (s31.h / have-degree-91
                                                             :ARG2 s31.d2
                                                             :ARG3 (s31.m2 / most)
                                                             :ARG5 (s31.c4 / country
                                                                           :mod s31.m4)
                                                             :ARG5 (s31.p / planet)))
                               :ARG1-of (s31.v / view-02
                                               :ARG0 s31.i))
                  :time (s31.n2 / now))
   :snt32 (s32.h / have-03
                 :ARG0 (s32.i / i)
                 :ARG1 (s32.o2 / opportunity
                               :mod (s32.g / go-01
                                           :purpose (s32.f / form-01
                                                           :ARG0 s32.i
                                                           :ARG1 (s32.c / company
                                                                        :ARG1-of (s32.n2 / new-01)
                                                                        :mod (s32.o / opera)))
                                           :ARG1 s32.i
                                           :ARG4 (s32.c2 / country
                                                         :name (s32.n / name
                                                                      :op1 "South"
                                                                      :op2 "Africa"))))
                 :time (s32.d / date-entity
                              :mod (s32.b / before)
                              :year "2000"))
   :snt33 (s33.c / cause-01
                 :ARG1 (s33.a2 / and
                               :op1 (s33.g / go-02
                                           :ARG0 (s33.i / i)
                                           :ARG4 (s33.o / out-there))
                               :op2 (s33.a / act-01
                                           :ARG0 s33.i
                                           :location (s33.l / location
                                                            :location (s33.a3 / around
                                                                              :mod (s33.r / right)
                                                                              :op1 (s33.c2 / country
                                                                                           :same-as s32.c2))
                                                            :mod (s33.t / township
                                                                        :mod (s33.r2 / rural))
                                                            :mod (s33.m / main)))))
   :snt34 (s34.c2 / contrast-01
                  :ARG1 (s34.a3 / and
                                :op1 (s34.h3 / hear-01
                                             :ARG0 (s34.i / i)
                                             :ARG1 (s34.p3 / person
                                                           :quant (s34.a / about
                                                                         :op1 "2000")
                                                           :ARG0-of (s34.s / sing-01)))
                                :op2 (s34.p7 / pull-06
                                             :ARG0 s34.i
                                             :ARG1 (s34.c / company
                                                          :consist-of (s34.p4 / person
                                                                              :ARG1-of (s34.i2 / include-91)
                                                                              :ARG2-of (s34.i3 / include-91
                                                                                               :ARG1 (s34.p6 / person
                                                                                                             :quant (s34.h / handful)
                                                                                                             :ARG0-of (s34.p2 / perform-01)
                                                                                                             :ARG1-of (s34.b / black-05)
                                                                                                             :ARG1-of (s34.w / white-02)
                                                                                                             :ARG3 (s34.m / majority)))
                                                                              :quant "40"))
                                             :ARG2 (s34.t / together)))
                  :ARG2 s34.h
                  :rel (s34.h2 / have-degree-91
                               :ARG2 (s34.p5 / person
                                             :ARG0-of (s34.a2 / amaze-01
                                                              :ARG0-of (s34.d / drop-01
                                                                              :ARG1 (s34.j / jaw)))
                                             :ARG0-of (s34.p / perform-01)
                                             :mod (s34.y / young))
                               :ARG3 (s34.m2 / most)))
   :snt35 (s35.e2 / emerge-02
                  :ARG1 (s35.h / have-org-role-91
                               :ARG0 (s35.p3 / person
                                             :ARG1-of (s35.i2 / include-91
                                                              :ARG2 (s35.p4 / person
                                                                            :ARG0-of (s35.p / perform-01)
                                                                            :ARG1-of (s35.w / white-02)
                                                                            :same-as s34.h))
                                             :quant "1")
                               :ARG1 (s35.f / force
                                            :mod (s35.p5 / police)
                                            :mod (s35.c / country
                                                        :name (s35.n / name
                                                                     :op1 "South"
                                                                     :op2 "Africa")))
                               :ARG2 (s35.m / member)
                               :time (s35.i / incarnate-00
                                            :ARG1 s35.p3
                                            :time (s35.p6 / previous)))
                  :time (s35.e / early)
                  :time (s35.p2 / period
                                :ord (s35.o / ordinal-entity
                                            :value "1")
                                :time-of (s35.r / rehearse-01)))
   :snt36 (s36.a2 / and
                  :op2 (s36.d / detail-01
                              :purpose (s36.g / go-01
                                              :purpose (s36.a / aggressor
                                                              :domain (s36.h / he
                                                                             :same-as s35.p3)
                                                              :domain (s36.c / community))
                                              :ARG1 s36.h
                                              :ARG4 (s36.t / township))
                              :ARG1 s36.h
                              :mod (s36.r2 / routine)
                              :time (s36.y / year
                                           :mod (s36.l / last)
                                           :time-of (s36.r / regime
                                                           :mod (s36.o / old)))))
   :snt37 (s37.p / possible-01
                 :ARG1 (s37.i / imagine-01
                              :ARG0 (s37.y / you)
                              :ARG1 (s37.t2 / thing
                                            :ARG1-of (s37.d / do-02
                                                            :ARG0 (s37.k / know-01
                                                                         :mod (s37.t3 / this))
                                                            :ARG2 (s37.a / and
                                                                         :op1 (s37.t / temperature
                                                                                     :location (s37.r / room))
                                                                         :op2 (s37.a2 / atmosphere
                                                                                      :ARG1-of (s37.g / general-02))))))
                 :time (s37.n / now))
   :snt38 (s38.i / illusion
                 :domain (s38.w / we)
                 :mod (s38.u / under)
                 :rel (s38.i2 / imperative)
                 :polarity "-")
   :snt39 (s39.r / relation-03
                 :ARG0 (s39.p / policeman
                              :ARG1-of (s39.w / white-02))
                 :ARG1-of (s39.h / have-degree-91
                                 :ARG2 (s39.v / void-03
                                              :ARG2 (s39.t / trust-02)
                                              :ARG1 s39.r)
                                 :ARG3 (s39.m / most))
                 :ARG2 (s39.c / community
                              :ARG1-of (s39.b / black-05))
                 :location (s39.c2 / country
                                   :name (s39.n / name
                                                :op1 "South"
                                                :op2 "Africa")
                                   :same-as s32.c2))
   :snt40 (s40.s / say-01
                 :ARG1 (s40.r / recover-01
                              :ARG1 (s40.w / we)
                              :ARG2 (s40.t / that)
                              :manner (s40.a / amr-unknown))
                 :ARG2 (s40.a2 / and
                               :op1 (s40.l / lady)
                               :op2 (s40.g / gentleman)
                               :same-as s2.y))
   :snt41 (s41.h / have-manner-91
                 :ARG1-of (s41.s / simple-02)
                 :ARG2 (s41.s2 / sing-01))
   :snt42 (s42.a2 / and
                  :op1 (s42.s / sing-01
                              :ARG0 (s42.w / we
                                           :same-as s34.h2))
                  :op2 (s42.s2 / sing-01
                               :ARG0 s42.w)
                  :op3 (s42.g / grow-01
                              :ARG1 (s42.t / trust-02
                                           :ARG0-of (s42.a / amaze-01)
                                           :ARG1-of (s42.n / new-01)))
                  :op4 (s42.f / flourish-01
                              :ARG1 (s42.f2 / friendship)
                              :mod (s42.i / indeed)))
   :snt43 (s43.a / and
                 :op2 (s43.s / show-01
                             :ARG0 (s43.t / that)
                             :ARG1 (s43.t2 / true-01
                                           :ARG1 (s43.p2 / possible-01
                                                         :ARG1 (s43.g / go-01
                                                                      :ARG1 (s43.a2 / and
                                                                                    :op1 (s43.m / make-01
                                                                                                :ARG1 (s43.m3 / music))
                                                                                    :op2 (s43.c / creativity
                                                                                                :mod (s43.f / form
                                                                                                            :mod (s43.o2 / other))))
                                                                      :ARG4 (s43.p / place)
                                                                      :frequency (s43.o / often
                                                                                        :degree (s43.s2 / so))))
                                           :mod (s43.f2 / fundamental)
                                           :mod (s43.s3 / such))
                             :ARG2 (s43.i / i))
                 :rel (s43.g2 / go-01
                              :ARG1 (s43.w / word
                                           :mod (s43.m2 / mere))
                              :ARG1-of (s43.p3 / possible-01
                                               :polarity "-")
                              :ARG4 s43.p))
   :snt44 (s44.i / include-91
                 :ARG1 (s44.p / person
                              :name (s44.n / name
                                           :op1 "Carmen"))
                 :ARG2 (s44.t / they
                              :same-as s43.p3))
   :snt45 (s45.t2 / think-01
                  :ARG0 (s45.w / we
                               :same-as s34.h2)
                  :ARG1 (s45.m / make-01
                               :ARG0 s45.w
                               :ARG1 (s45.m2 / movie
                                             :ARG1-of (s45.s / shoot-03
                                                             :ARG0 s45.w
                                                             :location (s45.o / outside)
                                                             :location (s45.l / location
                                                                              :name (s45.n3 / name
                                                                                            :op1 "Khayelitsha")
                                                                              :location (s45.t3 / township
                                                                                                :location (s45.o2 / outside
                                                                                                                  :op1 (s45.c / city
                                                                                                                              :name (s45.n2 / name
                                                                                                                                            :op1 "Cape"
                                                                                                                                            :op2 "Town")))))
                                                             :same-as s44.p)
                                             :topic (s45.w2 / work-of-art
                                                            :name (s45.n / name
                                                                         :op1 "Carmen")
                                                            :ARG1-of (s45.r / record-01
                                                                            :ARG0 s45.w))))
                  :time (s45.t / then))
   :snt46 (s46.s / sing-01
                 :ARG1 (s46.p / piece
                              :same-as s44.p)
                 :condition (s46.k / know-01
                                   :ARG0 (s46.y / you)
                                   :ARG1 (s46.l / language
                                                :name (s46.n / name
                                                             :op1 "Xhosa")
                                                :ARG1-of (s46.b / beautiful-02)
                                                :mod (s46.m / music)
                                                :medium-of s46.s)
                                   :polarity "-")
                 :mod (s46.e / entire))
   :snt47 (s47.c / call-01
                 :ARG1 (s47.i / it
                              :same-as s44.p)
                 :ARG2 (s47.s2 / string-entity
                               :op2 (s47.s / sex
                                           :mod (s47.l / literal)
                                           :op2 (s47.o / of))
                               :value "sex")
                 :rel (s47.n / name
                             :op1 "Carmen"
                             :op1 "sex"
                             :op3 "Khayelitsha"))
   :snt48 (s48.w / want-01
                 :ARG0 (s48.i / i)
                 :ARG1 (s48.p / play-11
                              :ARG0 s48.i
                              :ARG1 (s48.c2 / clip-01
                                            :ARG1 (s48.i2 / it
                                                          :same-as s44.p)
                                            :mod (s48.t / tiny))
                              :ARG2 (s48.y / you
                                           :same-as s2.y)
                              :time (s48.n3 / now))
                 :ARG1-of (s48.c / cause-01
                                 :ARG0 (s48.g / give-01
                                              :ARG0 s48.i
                                              :ARG1 (s48.p3 / prove-01
                                                            :ARG0 s48.i
                                                            :ARG1 (s48.n2 / nothing
                                                                          :mod s48.t
                                                                          :topic (s48.m / make-01
                                                                                        :ARG1 (s48.m2 / music)
                                                                                        :location (s48.c3 / country
                                                                                                          :name (s48.n / name
                                                                                                                       :op1 "South"
                                                                                                                       :op2 "Africa"))))
                                                            :manner (s48.p2 / positive))
                                              :ARG2 s48.y))
                 :rel (s48.o / other
                             :polarity "-"))
   :snt49 (s49.f / find-02
                 :ARG0 (s49.i / i)
                 :ARG1 (s49.e / enchant-01
                              :ARG0 (s49.f2 / free-04
                                            :ARG1 (s49.m / make-01
                                                         :ARG1 (s49.m2 / music)
                                                         :location (s49.c / country
                                                                          :name (s49.n / name
                                                                                       :op1 "South"
                                                                                       :op2 "Africa")))
                                            :degree (s49.s / so))
                              :ARG1 s49.i
                              :ARG1-of (s49.u / utter-02)
                              :topic s49.m))
   :snt50 (s50.m / make-01
                 :ARG0 (s50.p / person
                              :mod (s50.c / country
                                          :name (s50.n / name
                                                       :op1 "South"
                                                       :op2 "Africa")))
                 :ARG1 (s50.m2 / music)
                 :ARG1-of (s50.f / free-03
                                 :degree (s50.r / really))
                 :mod (s50.j / just))
   :snt51 (s51.a / and
                 :op2 (s51.t3 / think-01
                              :ARG0 (s51.i / i)
                              :ARG1 (s51.c / cause-01
                                           :ARG0 (s51.f / fact
                                                        :domain (s51.b / bind-01
                                                                       :ARG1 (s51.t2 / they
                                                                                     :same-as s50.p)
                                                                       :ARG2 (s51.s2 / system
                                                                                     :manner-of (s51.n / note-01))
                                                                       :polarity "-")
                                                        :mod (s51.f2 / fundamental))
                                           :ARG1 (s51.t / that
                                                        :same-as s50.m))
                              :manner (s51.w / way
                                             :mod (s51.s / small
                                                         :polarity "-"))))
   :snt52 (s52.r / read-01
                 :ARG0 (s52.t / they
                              :same-as s50.p)
                 :ARG1 (s52.m / music)
                 :polarity "-")
   :snt53 (s53.t2 / trust-02
                  :ARG0 (s53.t / they
                               :part (s53.e / ear)
                               :same-as s50.p)
                  :ARG1 s53.e)
   :snt54 (s54.p2 / possible-01
                  :ARG1 (s54.t / teach-01
                               :ARG0 (s54.y / you)
                               :ARG1 (s54.t3 / tune)
                               :ARG2 (s54.p / person
                                            :quant (s54.b / bunch)
                                            :mod (s54.c / country
                                                        :name (s54.n / name
                                                                     :op1 "South"
                                                                     :op2 "Africa")))
                               :time (s54.a2 / after
                                             :quant (s54.a / about
                                                           :op1 (s54.t2 / temporal-quantity
                                                                        :unit (s54.s / second)
                                                                        :quant "5"))
                                             :ARG1-of (s54.f / flat-06))))
   :snt55 (s55.a / and
                 :op2 (s55.i / improvise-01
                             :ARG0 (s55.t3 / they
                                           :same-as s54.p)
                             :ARG1 (s55.h / harmony
                                          :quant (s55.l / load))
                             :ARG1-of (s55.v / volunteer-01
                                             :ARG0 s55.t3)
                             :ARG1-of (s55.c / cause-01
                                             :ARG0 (s55.p / possible-01
                                                          :ARG1 s55.i))
                             :location (s55.a2 / around
                                               :op1 (s55.t4 / tune
                                                            :mod (s55.t / that)
                                                            :same-as s54.t3))
                             :manner (s55.m / magic)
                             :time (s55.t2 / then)))
   :snt56 (s56.t4 / think-01
                  :ARG0 (s56.i / i)
                  :ARG1 (s56.h / have-03
                               :ARG0 (s56.p / person
                                            :ARG0-of (s56.l / live-01
                                                            :location (s56.w2 / world-region
                                                                              :name (s56.n / name
                                                                                           :op1 "West")))
                                            :ARG1-of (s56.i2 / include-91
                                                             :ARG2 (s56.w / we))
                                            :mod (s56.t2 / that))
                               :ARG1 (s56.o / or
                                            :ARG1-of (s56.h2 / have-degree-91
                                                             :ARG2 (s56.h3 / hide-01
                                                                           :ARG1 s56.o)
                                                             :ARG3 (s56.m / more
                                                                          :quant (s56.m2 / much)))
                                            :domain (s56.c / concern-02
                                                           :ARG0 (s56.i3 / it
                                                                         :same-as s56.m3)
                                                           :ARG1 (s56.a2 / and
                                                                         :op1 (s56.s2 / skill)
                                                                         :op2 (s56.s4 / system))
                                                           :manner (s56.s3 / somehow)
                                                           :mod (s56.a / all))
                                            :op1 (s56.a3 / attitude)
                                            :op2 (s56.s / sense-01
                                                        :ARG1 (s56.m3 / music))))
                  :condition (s56.p2 / possible-01
                                     :ARG1 (s56.u / use-01
                                                  :ARG0 s56.i
                                                  :ARG1 (s56.t / term-01
                                                               :mod (s56.t3 / that))))
                  :rel (s56.n2 / now))
   :snt57 (s57.i / infer-01
                 :ARG1 (s57.p / preserve
                              :ARG0-of (s57.e2 / exclusive-02)
                              :domain (s57.i2 / it
                                              :same-as s56.m3)
                              :poss (s57.b / body
                                           :mod (s57.t / talent)
                                           :mod (s57.e / elite))))
   :snt58 (s58.a / and
                 :op2 (s58.h / have-concession-91
                             :ARG1 (s58.e / engage-01
                                          :ARG1 (s58.w / we
                                                       :ARG1-of (s58.i / include-91)
                                                       :ARG2-of s58.i
                                                       :ARG1-of (s58.s / single-02
                                                                       :mod (s58.e2 / every))
                                                       :location (s58.p / planet
                                                                        :mod (s58.t2 / this)
                                                                        :same-as s31.p))
                                          :ARG2 (s58.m / music)
                                          :frequency (s58.r / rate-entity-91
                                                            :ARG3 (s58.t / temporal-quantity
                                                                         :unit (s58.d / day)
                                                                         :quant "1"))
                                          :mod (s58.p2 / probable)))
                 :rel (s58.a2 / and
                              :op1 (s58.l / lady)
                              :op2 (s58.g / gentleman)
                              :same-as s2.y))
   :snt59 (s59.a2 / and
                  :op2 (s59.w / will-02
                              :ARG0 (s59.i / i)
                              :ARG1 (s59.b / bet-01
                                           :ARG0 s59.i
                                           :ARG2 (s59.h / happy-01
                                                        :ARG0 (s59.s4 / speak-01
                                                                      :ARG0 (s59.o / one
                                                                                   :ARG1-of (s59.s2 / single-02)
                                                                                   :ARG1-of (s59.i2 / include-91
                                                                                                    :ARG2 (s59.y / you
                                                                                                                 :ARG1-of (s59.s3 / sit-01
                                                                                                                                  :ARG2 (s59.r / room
                                                                                                                                               :mod (s59.t3 / this)))
                                                                                                                 :same-as s2.y))
                                                                                   :mod (s59.e / every))
                                                                      :ARG1 (s59.o2 / or
                                                                                    :op1 (s59.m / movie)
                                                                                    :op2 (s59.l / literature
                                                                                                :mod (s59.p2 / probable)))
                                                                      :manner (s59.a / acuity)
                                                                      :manner (s59.c / confident-01
                                                                                     :degree (s59.t4 / total)))
                                                        :ARG1 s59.o))
                              :condition (s59.p / possible-01
                                                :ARG1 (s59.b2 / broaden-01
                                                              :ARG0 s59.i
                                                              :ARG1 (s59.t2 / this)
                                                              :direction (s59.o3 / out)
                                                              :duration (s59.t / temporal-quantity
                                                                               :unit (s59.s / second)
                                                                               :quant "1")))))
   :snt60 (s60.c3 / contrast-01
                  :ARG2 (s60.p3 / possible-01
                                :ARG1 (s60.a2 / assert-02
                                              :ARG0 (s60.p / person
                                                           :quant (s60.a / amr-unknown)
                                                           :ARG1-of (s60.i / include-91
                                                                           :ARG2 (s60.y / you
                                                                                        :same-as s2.y)))
                                              :ARG2-of (s60.c2 / confident-01)
                                              :topic (s60.p2 / piece
                                                             :mod (s60.m / music
                                                                         :mod (s60.c / classical))))))
   :snt61 (s61.c / cause-01
                 :ARG0 (s61.a / amr-unknown)
                 :ARG1 (s61.t / this))
   :snt62 (s62.a / and
                 :op2 (s62.s / say-01
                             :ARG0 (s62.i / i)
                             :ARG1 (s62.u / urge-01
                                          :ARG0 s62.i
                                          :ARG1 (s62.y / you
                                                       :part (s62.e / ear)
                                                       :same-as s2.y)
                                          :ARG2 (s62.a2 / and
                                                        :op1 (s62.o / over-02
                                                                    :ARG1 s62.y
                                                                    :ARG2 (s62.l / lack-01
                                                                                 :ARG0 s62.y
                                                                                 :ARG1 (s62.c / confident-01
                                                                                              :ARG1 s62.y)
                                                                                 :degree (s62.s3 / supreme)
                                                                                 :mod (s62.t / this)))
                                                        :op2 (s62.p2 / plunge-01
                                                                     :ARG1 s62.y)
                                                        :op3 (s62.b / believe-01
                                                                    :ARG0 s62.y
                                                                    :ARG1 (s62.p3 / possible-01
                                                                                  :ARG1 (s62.t3 / trust-02
                                                                                                :ARG0 s62.y
                                                                                                :ARG1 s62.e)))
                                                        :op4 (s62.p4 / possible-01
                                                                     :ARG1 (s62.h / hear-01
                                                                                  :ARG0 s62.y
                                                                                  :ARG1 (s62.s2 / some
                                                                                                :ARG1-of (s62.i2 / include-91
                                                                                                                 :ARG2 (s62.a3 / and
                                                                                                                               :ARG0-of (s62.m / make-02
                                                                                                                                               :ARG1 (s62.g2 / great
                                                                                                                                                             :domain (s62.p / piece
                                                                                                                                                                            :mod (s62.g / great)
                                                                                                                                                                            :part-of (s62.m3 / music))))
                                                                                                                               :mod (s62.f2 / fundamental)
                                                                                                                               :op1 (s62.t2 / tissue
                                                                                                                                            :mod (s62.m2 / muscle))
                                                                                                                               :op2 (s62.f / fiber)
                                                                                                                               :op3 (s62.n3 / nucleic-acid
                                                                                                                                            :name (s62.n / name
                                                                                                                                                         :op1 "DNA"))))))))
                                          :mod (s62.j / just))
                             :ARG2 s62.y
                             :time (s62.n2 / now)))
   :snt63 (s63.h / have-03
                 :ARG0 (s63.i / i)
                 :ARG1 (s63.e / experiment-01
                              :ARG1-of (s63.t / try-01
                                              :ARG0 s63.i
                                              :ARG1-of (s63.w / want-01
                                                              :ARG0 s63.i)
                                              :beneficiary (s63.y / you
                                                                  :same-as s2.y))
                              :mod (s63.l / little)))
   :snt64 (s64.k / know-01
                 :ARG0 (s64.y / you
                              :same-as s2.y)
                 :ARG1 (s64.t / tune
                              :domain (s64.p / publication
                                             :name (s64.n / name
                                                          :op1 "TED")))
                 :polarity (s64.a / amr-unknown))
   :snt65 (s65.t / tune
                 :ARG1-of (s65.s / simple-02
                                 :degree (s65.v / very))
                 :ARG1-of (s65.b / base-02
                                 :ARG2 (s65.n3 / note
                                               :example (s65.a2 / and
                                                                :op1 (s65.m / music-key
                                                                            :name (s65.n / name
                                                                                         :op1 "T"))
                                                                :op1 (s65.a / D.)
                                                                :op2 (s65.m2 / music-key
                                                                             :name (s65.n2 / name
                                                                                           :op1 "E")))
                                               :quant "3"))
                 :same-as s64.p)
   :snt66 (s66.h / hang-on-04
                 :ARG1 (s66.y / you)
                 :duration (s66.t / temporal-quantity
                                  :unit (s66.m / minute)
                                  :quant "1")
                 :time (s66.n / now))
   :snt67 (s67.k / know-01
                 :ARG0 (s67.i / i)
                 :ARG1 (s67.s / say-01
                              :ARG0 (s67.y / you
                                           :same-as s2.y)
                              :ARG1 (s67.e / exist-01
                                           :ARG1 (s67.s2 / string-entity
                                                         :value "T")
                                           :location (s67.m / music)
                                           :polarity "-")
                              :ARG2 s67.i))
   :snt68 (s68.s / say-01
                 :ARG1 (s68.s2 / system
                               :ARG0-of (s68.p2 / prove-01
                                                :ARG1 (s68.d / do-02)
                                                :ARG1-of (s68.a / actual-02))
                               :ARG1-of (s68.h / honor-01
                                               :time (s68.t2 / time))
                               :ARG1-of (s68.u / use-01
                                               :ARG0 (s68.p / person
                                                            :ARG0-of (s68.c / compose-02))
                                               :duration (s68.m / multiple
                                                                :op1 (s68.t / temporal-quantity
                                                                            :unit (s68.y / year)
                                                                            :quant "100"))))
                 :ARG2 (s68.a2 / and
                               :op1 (s68.l / lady)
                               :op2 (s68.l2 / lady)
                               :same-as s2.y)
                 :mod (s68.w / well))
   :snt69 (s69.g / go-10
                 :ARG1 (s69.t / there)
                 :ARG2 (s69.y / you)
                 :condition (s69.a2 / and
                                    :op1 (s69.s5 / sing-01
                                                 :ARG0 (s69.i / i)
                                                 :ARG1 (s69.s2 / scale
                                                               :mod (s69.m / music)
                                                               :mod (s69.v / variable
                                                                           :name (s69.n / name
                                                                                        :op1 "A"))
                                                               :mod (s69.s6 / string-entity
                                                                            :value "D")
                                                               :mod (s69.s7 / string-entity
                                                                            :value "F")
                                                               :mod (s69.s8 / string-entity
                                                                            :value "F")
                                                               :mod (s69.s9 / string-entity
                                                                            :value "F")
                                                               :mod (s69.s10 / string-entity
                                                                             :value "F")
                                                               :mod (s69.s11 / string-entity
                                                                             :name (s69.n5 / name
                                                                                           :op1 "P")
                                                                             :value "F"
                                                                             :value "G")
                                                               :op3 (s69.s3 / scale
                                                                            :ARG1-of (s69.s / same-01)))
                                                 :ARG2 s69.y)
                                    :op2 (s69.c / carry-on-02
                                                :ARG0 s69.i
                                                :ARG1 (s69.s4 / set
                                                              :consist-of (s69.l / letter
                                                                                 :name (s69.n3 / name
                                                                                               :op1 "I"
                                                                                               :op2 "I")
                                                                                 :domain (s69.a / alphabet))
                                                              :mod (s69.n11 / next))
                                                :mod (s69.j / just)))
                 :rel (s69.n4 / name
                              :op1 "J")
                 :rel (s69.n6 / name
                              :op1 "Q")
                 :rel (s69.n8 / name
                              :op1 "L")
                 :rel (s69.n9 / name
                              :op1 "R")
                 :rel (s69.n10 / name
                               :op1 "S"
                               :op1 "T")
                 :rel (s69.n2 / name
                              :op1 "H")
                 :rel (s69.n7 / name)
                 :rel "B"
                 :rel "C"
                 :rel "E"
                 :rel "K"
                 :rel "M"
                 :rel "N"
                 :rel "O")
   :snt70 (s70.s2 / say-01
                  :ARG0 (s70.i / i)
                  :ARG1 (s70.s3 / see-01
                                :ARG0 (s70.p / person
                                             :name (s70.n / name
                                                          :op1 "T"))
                                :ARG1 (s70.s / same-01
                                             :ARG1 (s70.i2 / it
                                                           :same-as s70.i)
                                             :ARG2 (s70.s4 / string-entity
                                                           :value "F")
                                             :location (s70.m / music)))
                  :ARG2 s70.p)
   :snt71 (s71.i / infer-01
                 :ARG1 (s71.s / string-entity
                              :value "T"
                              :same-as s70.i))
   :snt72 (s72.i / infer-01
                 :ARG1 (s72.s / same-01
                              :ARG1 (s72.a / and
                                           :op1 (s72.v / variable
                                                       :name (s72.n / name
                                                                    :op1 "T"))
                                           :op2 (s72.v2 / variable
                                                        :name (s72.n2 / name
                                                                      :op1 "E"))
                                           :op3 (s72.v3 / variable
                                                        :name (s72.n3 / name))
                                           :op4 (s72.t / thing
                                                       :name (s72.n4 / name
                                                                     :op1 "D"
                                                                     :op1 "F"))
                                           :op5 (s72.t2 / thing))))
   :snt73 (s73.e / entrench-01
                 :ARG0 (s73.p / piece
                              :ARG1-of (s73.p2 / play-11
                                               :ARG0 (s73.w / we
                                                            :same-as s34.h2)
                                               :time (s73.s2 / start-01
                                                             :ARG1 (s73.s / session
                                                                          :mod (s73.t3 / this))))
                              :mod (s73.t / that)
                              :mod (s73.m / music)
                              :part (s73.h / heart))
                 :ARG1 (s73.t2 / theme
                               :domain (s73.w2 / work-of-art
                                               :name (s73.n / name
                                                            :op1 "TED")))
                 :ARG2 s73.h
                 :time (s73.n2 / now))
   :snt74 (s74.l / listen-01
                 :ARG0 (s74.y / you)
                 :mode "imperative")
   :snt75 (s75.h / hear-01
                 :ARG0 (s75.y / you
                              :same-as s2.y)
                 :ARG1 (s75.i / it
                              :same-as s73.p)
                 :polarity (s75.a / amr-unknown))
   :snt76 (s76.o / or
                 :op2 (s76.s / smell-01
                             :ARG0 (s76.i / i)
                             :ARG1 (s76.d / doubt-01
                                          :location (s76.r / room)
                                          :mod (s76.s2 / some))
                             :polarity (s76.a / amr-unknown)))
   :snt77 (s77.a2 / and
                  :ARG1-of (s77.o / okay-04)
                  :op1 (s77.p / play-01
                              :ARG0 (s77.w / we
                                           :same-as s34.h2)
                              :ARG1 (s77.i / it
                                           :same-as s73.p)
                              :beneficiary (s77.y / you
                                                  :same-as s2.y)
                              :mod (s77.a / again)
                              :time (s77.n / now))
                  :op2 (s77.h / highlight-01
                              :ARG0 s77.w)
                  :op3 (s77.p2 / poke-01
                               :ARG0 s77.w
                               :ARG2 (s77.a3 / and
                                             :op1 (s77.s / string-entity
                                                         :value "T")
                                             :op2 (s77.s2 / string-entity
                                                          :value "E")
                                             :op3 (s77.e / et-cetera))))
   :snt78 (s78.c / condition-01
                 :ARG2 (s78.p / pardon-01
                              :ARG0 (s78.y / you
                                           :same-as s2.y)
                              :ARG1 (s78.e / express-01)))
   :snt79 (s79.a / and
                 :ARG1-of (s79.s / sure-02)
                 :domain (s79.i / it
                                :location (s79.t / there)
                                :same-as s77.a3)
                 :mod (s79.o / oh-my-god)
                 :op1 (s79.l / loud)
                 :op2 (s79.c / clear-06
                             :ARG1 s79.i))
   :snt80 (s80.t / think-01
                 :ARG0 (s80.i / i)
                 :ARG1 (s80.r / recommend-01
                              :ARG1 (s80.m / make-02
                                           :ARG0 (s80.w / we
                                                        :same-as s34.h2)
                                           :ARG1 (s80.e2 / explicit-03
                                                         :ARG1 (s80.t2 / this)
                                                         :ARG2-of (s80.h / have-degree-91
                                                                         :ARG1 s80.t2
                                                                         :ARG3 (s80.m2 / more
                                                                                       :mod (s80.e / even)))))))
   :snt81 (s81.t2 / time
                  :domain (s81.a / and
                                 :op1 (s81.l / lady)
                                 :op2 (s81.l2 / lady)
                                 :same-as s2.y)
                  :mod (s81.n / nearly)
                  :time-of (s81.t / tea))
   :snt82 (s82.r / reckon-01
                 :ARG0 (s82.y / you
                              :same-as s2.y)
                 :ARG1 (s82.n / need-01
                              :ARG0 s82.y
                              :ARG1 (s82.s / sing-01
                                           :purpose (s82.t / tea
                                                           :poss s82.y
                                                           :same-as s81.t)
                                           :ARG0 s82.y))
                 :ARG1-of (s82.t2 / think-01
                                  :ARG0 (s82.i / i))
                 :polarity (s82.a / amr-unknown))
   :snt83 (s83.t2 / think-01
                  :ARG0 (s83.i / i)
                  :ARG1 (s83.n / need-01
                               :ARG0 (s83.w / we
                                            :same-as s2.y)
                               :ARG1 (s83.s / sing-01
                                            :purpose (s83.t / tea
                                                            :poss s83.w
                                                            :same-as s81.t)
                                            :ARG0 s83.w)))
   :snt84 (s84.s / sing-01
                 :ARG0 (s84.w / we
                              :same-as s2.y)
                 :ARG1 (s84.n3 / note
                               :ARG1-of (s84.w2 / wonderful-03)
                               :domain (s84.a / and
                                              :op1 (s84.m / music-key
                                                          :name (s84.n / name
                                                                       :op1 "T"))
                                              :op2 (s84.n4 / note
                                                           :name (s84.n2 / name
                                                                         :op1 "D."
                                                                         :op1 "E")))
                               :mod (s84.t / that)
                               :quant "3"
                               :same-as s72.t2)
                 :mode "imperative")
   :snt85 (s85.h / have-03
                 :ARG0 (s85.y / you
                              :same-as s2.y)
                 :ARG1 (s85.g / go-32
                              :ARG1 (s85.i / i))
                 :polarity (s85.a / amr-unknown))
   :snt86 (s86.a3 / audience
                  :domain (s86.a2 / and
                                  :op1 (s86.p / person
                                              :name (s86.n / name
                                                           :op1 "T"))
                                  :op2 (s86.p2 / person
                                               :name (s86.n2 / name
                                                             :op1 "E"))
                                  :op3 (s86.a / D.)
                                  :same-as s72.t2))
   :snt87 (s87.s / say-01
                 :ARG1 (s87.s2 / sound-01
                               :ARG1 (s87.y / you
                                            :same-as s2.y)
                               :ARG1-of (s87.r / real-04)
                               :ARG2 (s87.h / have-degree-91
                                            :ARG1 s87.y
                                            :ARG2 (s87.c / cow)
                                            :ARG3 (s87.m / more
                                                         :quant (s87.b2 / bit))
                                            :ARG4 (s87.b / being
                                                         :mod (s87.h2 / human))))
                 :ARG2 (s87.p / person
                              :name (s87.n / name
                                           :op1 "Charles"
                                           :op2 "Hazlewood")))
   :snt88 (s88.r / recommend-01
                 :ARG1 (s88.t2 / try-01
                               :ARG0 (s88.w / we
                                            :same-as s2.y)
                               :ARG1 (s88.t / that
                                            :mod (s88.o / one)
                                            :same-as s44.t)
                               :mod (s88.a / again))
                 :polarity (s88.a2 / amr-unknown))
   :snt89 (s89.a2 / and
                  :op2 (s89.l / look-01
                              :ARG1 (s89.g / go-02
                                           :ARG0 (s89.y / you)
                                           :ARG4 (s89.o / octave)
                                           :condition (s89.a / adventurous
                                                             :domain s89.y)
                                           :direction (s89.u / up))
                              :mode "imperative"))
   :snt90 (s90.p / person
                 :name (s90.n / name
                              :op1 "T")
                 :rel (s90.p2 / person
                              :name (s90.n2 / name
                                            :op1 "D."
                                            :op1 "E"))
                 :same-as s72.t2)
   :snt91 (s91.a3 / audience
                  :domain (s91.a2 / and
                                  :op1 (s91.p / person
                                              :name (s91.n / name
                                                           :op1 "T"))
                                  :op2 (s91.p2 / person
                                               :name (s91.n2 / name
                                                             :op1 "E"))
                                  :op3 (s91.a / D.)))
   :snt92 (s92.s / say-01
                 :ARG0 (s92.p / person
                              :name (s92.n / name
                                           :op1 "CH"))
                 :ARG1 (s92.v / vim
                              :mod (s92.m / more
                                          :mod (s92.o / once))))
   :snt93 (s93.r / resemble-01
                 :ARG1 (s93.i / i)
                 :ARG2 (s93.w / windmill
                              :mod (s93.b / bloody))
                 :location (s93.t / there)
                 :mod (s93.a / again)
                 :mod (s93.s / see-03
                             :ARG0 (s93.y / you
                                          :same-as s2.y)))
   :snt94 (s94.p / put-01
                 :ARG0 (s94.w / we
                              :same-as s2.y)
                 :ARG1 (s94.t / that)
                 :ARG2 (s94.c / context
                              :mod (s94.m / music))
                 :time (s94.n / now))
   :snt95 (s95.a / and
                 :op1 (s95.s3 / start-01
                              :ARG1 (s95.m / music
                                           :same-as s94.m))
                 :op2 (s95.s2 / sing-01
                              :ARG0 (s95.y / you
                                           :same-as s2.y)
                              :ARG1 (s95.t / that
                                           :same-as s72.t2)
                              :time (s95.s / signal-07
                                           :ARG0 (s95.i / i))
                              :time (s95.t2 / then)))
   :snt96 (s96.a / and
                 :frequency (s96.t / time
                                   :mod (s96.m / more)
                                   :mod (s96.o / one))
                 :manner (s96.f / feel-01)
                 :op1 (s96.l / lady)
                 :op2 (s96.g / gentleman
                             :same-as s2.y))
   :snt97 (s97.m / make-01
                 :ARG0 (s97.y / you
                              :same-as s2.y)
                 :ARG1 (s97.t / thing
                              :ARG1-of (s97.k / key-02))
                 :condition (s97.h / have-polarity-91
                                   :ARG2 "-")
                 :polarity "-")
   :snt98 (s98.s / say-01
                 :ARG1 (s98.d / do-02
                              :ARG1-of (s98.w / well-09))
                 :ARG2 (s98.a / and
                              :op1 (s98.l / lady)
                              :op2 (s98.g / gentleman)
                              :same-as s2.y))
   :snt99 (s99.c2 / contrast-01
                  :ARG1 (s99.d / debut-01
                               :ARG0 (s99.c / choir
                                            :name (s99.n / name
                                                         :op1 "TED"
                                                         :same-as s73.n)
                                            :same-as s2.y)
                               :ARG1-of (s99.b / bad-07
                                               :polarity "-"))
                  :ARG2 (s99.b2 / bad-07
                                :ARG1 s99.d
                                :degree (s99.a / at-all)
                                :polarity "-"))
   :snt100 (s100.i3 / initiate-01
                    :ARG0 (s100.i / i
                                  :ARG1-of (s100.e / excite-01
                                                   :degree (s100.v / very))
                                  :ARG0-of s100.e)
                    :ARG1 (s100.p2 / project
                                   :ARG1-of (s100.s / share-01
                                                    :ARG0 s100.i
                                                    :ARG1-of (s100.w / want-01
                                                                     :ARG0 s100.i)
                                                    :ARG2 (s100.y / you
                                                                  :same-as s2.y)))
                    :ARG1-of (s100.c / cause-01
                                     :ARG0 (s100.c3 / concern-02
                                                    :ARG0 s100.p2
                                                    :ARG1 (s100.a2 / and
                                                                   :op1 (s100.c2 / change-01
                                                                                 :ARG0 s100.p2
                                                                                 :ARG1 (s100.p / perceive-01))
                                                                   :op2 (s100.b / build-01
                                                                                :ARG0 s100.p2
                                                                                :ARG1 (s100.l / level
                                                                                              :ARG1-of (s100.n / new-01)
                                                                                              :degree-of (s100.t / trust-01))
                                                                                :mod (s100.i2 / indeed)))
                                                    :mod (s100.a / all)))
                    :time (s100.n2 / now)
                    :time (s100.m / moment))
   :snt101 (s101.t2 / thing
                    :ARG1-of (s101.i2 / imagine-01
                                      :ARG0 (s101.y / you)
                                      :ARG1-of (s101.p3 / possible-01)
                                      :condition (s101.e / experience-01
                                                         :ARG0 s101.y
                                                         :ARG1 (s101.h / have-03
                                                                       :ARG1 (s101.p / palsy
                                                                                     :mod (s101.c / cerebrum))
                                                                       :ARG0 s101.b)
                                                         :polarity "-"))
                    :ARG1-of (s101.t / take-01
                                     :ARG0 s101.y
                                     :ARG3 (s101.b3 / board))
                    :domain (s101.b / bear-02
                                    :ARG1 (s101.c2 / child
                                                   :ARG1-of (s101.h2 / have-degree-91
                                                                     :ARG2 (s101.y2 / young)
                                                                     :ARG3 (s101.m / most))
                                                   :ARG1-of (s101.i3 / include-91
                                                                     :ARG2 (s101.p2 / person
                                                                                    :ARG0-of (s101.h3 / have-rel-role-91
                                                                                                      :ARG1 (s101.i / i)
                                                                                                      :ARG2 (s101.c3 / child))))))
                    :mod (s101.b2 / big
                                  :degree (s101.q / quite)))
   :snt102 (s102.c2 / contrast-01
                    :ARG2 (s102.g / gift-01
                                  :ARG1 (s102.o / open-01
                                                :ARG1 (s102.e3 / eye)
                                                :ARG3 (s102.s / stretch
                                                              :mod (s102.w / whole)
                                                              :part-of (s102.c / community
                                                                               :ARG1-of (s102.h2 / hide-01
                                                                                                 :time (s102.h3 / hitherto))
                                                                               :consist-of (s102.p2 / person
                                                                                                    :ARG1-of (s102.d2 / disable-01)))))
                                  :ARG0-of s102.o
                                  :ARG2 (s102.i / i
                                                :part s102.e3)
                                  :ARG2-of (s102.e / except-01
                                                   :ARG1 (s102.e2 / exist-01
                                                                  :ARG1 (s102.p / person
                                                                                :ARG0-of (s102.h / have-rel-role-91
                                                                                                 :ARG1 s102.i
                                                                                                 :ARG2 (s102.d / daughter))
                                                                                :mod (s102.g2 / gorgeous)
                                                                                :ARG3-of s102.g
                                                                                :same-as s101.c2)))))
   :snt103 (s103.a2 / and
                    :op2 (s103.f / find-01
                                 :ARG0 (s103.i / i)
                                 :ARG1 (s103.a3 / and
                                                :op1 (s103.l3 / look-01
                                                              :ARG0 s103.i
                                                              :ARG1 (s103.g / game
                                                                            :name (s103.n / name
                                                                                          :op1 "Paralympics")))
                                                :op2 (s103.t2 / think-01
                                                              :ARG0 s103.i
                                                              :ARG1 (s103.i2 / incredible
                                                                             :degree (s103.s / so)
                                                                             :domain (s103.l2 / link
                                                                                              :purpose (s103.p / prove-01
                                                                                                               :ARG0 (s103.t / technology)
                                                                                                               :ARG1 (s103.b / barrier
                                                                                                                             :domain (s103.d / disability)
                                                                                                                             :prep-to (s103.l / level
                                                                                                                                              :ARG1-of (s103.h / have-degree-91
                                                                                                                                                               :ARG2 (s103.h2 / high-02
                                                                                                                                                                              :ARG1 s103.l)
                                                                                                                                                               :ARG3 (s103.m / most))
                                                                                                                                              :mod (s103.a / achieve-01
                                                                                                                                                           :ARG1 (s103.s2 / sport)))
                                                                                                                             :polarity "-")
                                                                                                               :ARG1-of (s103.d2 / doubt-01
                                                                                                                                 :degree (s103.b2 / beyond)))
                                                                                              :ARG1 s103.t))))))
   :snt104 (s104.s / side
                   :ARG1-of (s104.h / have-degree-91
                                    :ARG2 (s104.b / bad-07
                                                  :ARG1 s104.s)
                                    :ARG3 (s104.m / more))
                   :mod (s104.o / of-course)
                   :prep-to (s104.t5 / true-01
                                     :ARG1 (s104.t / take-10
                                                   :ARG0 (s104.c / come-04
                                                                 :ARG1 (s104.w / world
                                                                               :mod (s104.a3 / at-large))
                                                                 :ARG2 (s104.p / position
                                                                               :mod (s104.t6 / trust-01)))
                                                   :ARG0 (s104.b2 / believe-01
                                                                  :ARG0 s104.c
                                                                  :ARG1 (s104.p2 / possible-01
                                                                                 :ARG1 (s104.g / go-02
                                                                                               :ARG0 (s104.d2 / disability)
                                                                                               :ARG0-of (s104.i / interest-01)
                                                                                               :ARG2 (s104.s2 / sport)
                                                                                               :manner (s104.t4 / together)
                                                                                               :manner (s104.a2 / and
                                                                                                                :op2 (s104.c2 / convince-01))
                                                                                               :op1-of s104.a2))
                                                                  :ARG1-of (s104.r / real-04))
                                                   :ARG1 (s104.m2 / multiple
                                                                  :op1 (s104.t2 / temporal-quantity
                                                                                :unit (s104.d / decade)
                                                                                :quant "1"))
                                                   :ARG1-of (s104.a / actual-02))
                                     :mod (s104.t3 / that)))
   :snt105 (s105.c / cause-01
                   :ARG1 (s105.f / find-01
                                 :ARG0 (s105.i / i)
                                 :ARG1 (s105.a3 / ask-01
                                                :ARG0 s105.i
                                                :ARG1 (s105.b / be-located-at-91
                                                              :ARG1 (s105.m / music)
                                                              :ARG2 (s105.a2 / amr-unknown)
                                                              :location (s105.t / this
                                                                                :mod (s105.a / all))))))
   :snt106 (s106.p2 / possible-01
                    :ARG1 (s106.t / tell-01
                                  :ARG0 (s106.y / you)
                                  :ARG1 (s106.p / person
                                                :quant (s106.m2 / multiple
                                                                :op1 "1000000"
                                                                :polarity "-")
                                                :ARG0-of (s106.h / have-03
                                                                 :ARG1 (s106.p3 / potential
                                                                                :mod (s106.m3 / music)
                                                                                :mod (s106.m / massive)))
                                                :ARG1-of (s106.d / disable-01)
                                                :location (s106.c / country
                                                                  :name (s106.n / name
                                                                                :op1 "U.K.")
                                                                  :mod (s106.a / alone)))
                                  :ARG2 (s106.i / i))
                    :polarity "-")
   :snt107 (s107.c / cause-01
                   :ARG1 (s107.d / decide-01
                                 :ARG0 (s107.i / i)
                                 :ARG1 (s107.c2 / create-01
                                                :ARG0 s107.i
                                                :ARG1 (s107.p / platform
                                                              :purpose (s107.p2 / potential
                                                                                :mod (s107.t / that)
                                                                                :same-as s106.p3)))))
   :snt108 (s108.o / orchestra
                   :ARG1-of (s108.d / disable-01)
                   :domain (s108.c / country
                                   :name (s108.n / name
                                                 :op1 "Britain"))
                   :mod (s108.n2 / nation)
                   :ord (s108.o2 / ordinal-entity
                                 :time (s108.e / ever)
                                 :value "1")
                   :rel (s108.i / it
                                :same-as s107.p))
   :snt109 (s109.c / call-01
                   :ARG1 (s109.i / it
                                 :same-as s107.p)
                   :ARG2 (s109.p / product
                                 :name (s109.n / name
                                               :op1 "Paraorchestra")))
   :snt110 (s110.s2 / show-01
                    :ARG0 (s110.i / i)
                    :ARG1 (s110.c / clip-01
                                  :ARG1 (s110.s / session
                                                :ARG1-of (s110.h / have-06
                                                                 :ARG0 (s110.w / we
                                                                               :same-as s34.h2))
                                                :mod (s110.i2 / improvise-01
                                                              :ARG0 s110.w)
                                                :ord (s110.o / ordinal-entity
                                                             :degree (s110.v / very)
                                                             :value "1")))
                    :ARG2 (s110.y / you
                                  :same-as s2.y)
                    :time (s110.n / now))
   :snt111 (s111.m / moment
                   :domain (s111.i / it
                                   :same-as s110.s)
                   :mod (s111.e / extraordinary
                                :degree (s111.r / really)))
   :snt112 (s112.a / and
                   :mod (s112.j / just)
                   :op1 (s112.i / i)
                   :op2 (s112.m / musician
                                :ARG1-of (s112.d / disable-01)
                                :ARG1-of (s112.g / gift-01
                                                 :ARG0-of (s112.a2 / astonish-01))
                                :quant "4"))
   :snt113 (s113.p / period
                   :ARG1-of (s113.r / resemble-01
                                    :ARG2 (s113.f / frighten-01
                                                  :ARG1 (s113.e / everyone)
                                                  :ARG2-of (s113.h2 / have-degree-91
                                                                    :ARG1 s113.e
                                                                    :ARG3 (s113.t4 / too)
                                                                    :ARG6 (s113.t2 / throw-01
                                                                                   :ARG0 s113.e
                                                                                   :ARG1 (s113.h / hat)
                                                                                   :ARG2 (s113.r2 / ring)))))
                   :mod (s113.i5 / initial)
                   :mod (s113.t / this)
                   :mod (s113.s / silence-01
                                :ARG1-of (s113.i2 / impregnate-01)
                                :mod (s113.a4 / awful))
                   :time (s113.a2 / and
                                  :ARG1-of (s113.n / normal-02)
                                  :op1 (s113.i3 / improvise-01
                                                :ARG0 (s113.y / you))
                                  :op2 (s113.i4 / improvise-01
                                                :ARG0 s113.y
                                                :ARG0 (s113.i / i)
                                                :frequency (s113.t3 / time
                                                                    :mod (s113.a / all))
                                                :location (s113.a3 / around
                                                                   :op1 (s113.w / world
                                                                                :same-as s31.p))))
                   :time-of (s113.h3 / horror))
   :snt114 (s114.b / bang
                   :manner (s114.m / magic)
                   :manner (s114.s / sudden)
                   :time (s114.t / then))
   :snt115 (s115.a2 / and
                    :op1 (s115.b / be-located-at-91
                                 :ARG1 (s115.w / we
                                               :mod (s115.a / all
                                                            :same-as s112.a)
                                               :same-as s112.a)
                                 :ARG2 (s115.t / there))
                    :op2 (s115.b2 / bedlam
                                  :ARG1-of (s115.c / complete-02)
                                  :domain s115.t))
   :snt116 (s116.p / possible-01
                   :ARG1 (s116.h / hear-01
                                 :ARG0 (s116.y / you)
                                 :ARG1 (s116.a / anything))
                   :polarity "-")
   :snt117 (s117.l / listen-01
                   :ARG0 (s117.n / no-one))
   :snt118 (s118.t / trust-02
                   :ARG0 (s118.n / no-one))
   :snt119 (s119.r / respond-01
                   :ARG0 (s119.n / no-one)
                   :ARG1 (s119.o / other
                                 :mod (s119.e / each)))
   :snt120 (s120.a2 / and
                    :op1 (s120.l / listen-01
                                 :manner (s120.r / rapt)
                                 :time (s120.a / after
                                               :quant (s120.u / up-to
                                                              :op1 (s120.t / temporal-quantity
                                                                           :unit (s120.m / minute)
                                                                           :quant "5"))
                                               :op1 (s120.n2 / now)))
                    :op2 (s120.r3 / respond-01
                                  :mod s120.r)
                    :op3 (s120.m2 / music
                                  :quant (s120.s / some)
                                  :ARG1-of (s120.b / beautiful-02
                                                   :ARG1-of (s120.r2 / real-04)
                                                   :degree (s120.i / insane)))
                    :rel (s120.r4 / room
                                  :accompanier (s120.m3 / musician
                                                        :ARG1-of (s120.d / disable-01)
                                                        :mod (s120.t3 / this)
                                                        :quant "4"
                                                        :same-as s112.m)
                                  :mod (s120.t2 / this))
                    :time s120.a
                    :time (s120.n / now))
   :snt121 (s121.s / say-01
                   :ARG0 (s121.p / person
                                 :name (s121.n / name
                                               :op1 "Nicholas"
                                               :op2 "McCarthy"))
                   :ARG1 (s121.n2 / name-01
                                  :ARG1 s121.p))
   :snt122 (s122.a2 / and
                    :op1 (s122.a / age-01
                                 :ARG1 (s122.i / i)
                                 :ARG2 (s122.t / temporal-quantity
                                               :unit (s122.y / year)
                                               :quant "22"))
                    :op2 (s122.p / pianist
                                 :domain s122.i
                                 :mod (s122.l / left-handed)))
   :snt123 (s123.a / and
                   :op2 (s123.b / bear-02
                                :ARG1 (s123.i / i
                                              :part (s123.h / hand
                                                            :ARG1-of (s123.l / left-20)))
                                :manner (s123.h3 / have-03
                                                 :ARG0 s123.i
                                                 :ARG1 (s123.a2 / and
                                                                :op1 s123.h)
                                                 :op2 (s123.h2 / hand
                                                               :ARG1-of (s123.r / right-04))
                                                 :polarity "-")))
   :snt124 (s124.p / possible-01
                   :ARG1 (s124.d / do-02
                                 :ARG0 (s124.i / i)
                                 :ARG1 (s124.o / one
                                               :mod (s124.t / that)
                                               :same-as s123.h2)
                                 :mod (s124.a / again))
                   :polarity (s124.a2 / amr-unknown))
   :snt125 (s125.s / say-01
                   :ARG0 (s125.p / person
                                 :name (s125.n / name
                                               :op1 "Lyn"))
                   :ARG1 (s125.f / feel-01
                                 :ARG0 s125.p
                                 :ARG1 (s125.r / resemble-01
                                               :ARG1 s125.p
                                               :ARG2 (s125.p2 / person
                                                              :ARG0-of (s125.p3 / pilot-01)
                                                              :ARG0-of (s125.f2 / fly-01
                                                                                :ARG1 (s125.a / airplane))
                                                              :location (s125.c / cockpit)))
                                 :time (s125.m / make-01
                                               :ARG0 s125.p
                                               :ARG1 (s125.m2 / music))))
   :snt126 (s126.b / become-01
                   :ARG1 (s126.i / i
                                 :same-as s125.p)
                   :ARG2 (s126.l / live-01
                                 :ARG0 s126.i))
   :snt127 (s127.s / say-01
                   :ARG0 (s127.p / person
                                 :name (s127.n / name
                                               :op1 "Clarence"))
                   :ARG1 (s127.p4 / prefer-01
                                  :ARG0 s127.p
                                  :ARG1 (s127.p3 / possible-01
                                                 :ARG1 (s127.p2 / play-11
                                                                :ARG0 s127.p
                                                                :ARG2 (s127.i / instrument)
                                                                :mod (s127.a / again)))
                                  :ARG2 (s127.w / walk-01
                                                :ARG0 s127.p)))
   :snt128 (s128.a / and
                   :ARG1-of (s128.h / have-quant-91
                                    :ARG2 (s128.m / much)
                                    :ARG3 (s128.s / so))
                   :op1 (s128.j / joy)
                   :op2 (s128.t / thing
                                :ARG1-of (s128.g / get-01
                                                 :ARG0 (s128.i / i)
                                                 :ARG1-of (s128.p3 / possible-01)
                                                 :ARG2 (s128.a2 / and
                                                                :op1 (s128.p2 / play-11
                                                                              :ARG0 s128.i
                                                                              :ARG2 (s128.i2 / instrument))
                                                                :op2 (s128.p / perform-01
                                                                             :ARG0 s128.i)))))
   :snt129 (s129.r / remove-01
                   :ARG0 (s129.i3 / it)
                   :ARG1 (s129.p / paralyze-01
                                 :ARG1 (s129.i / i)
                                 :ARG1-of (s129.i2 / include-91
                                                   :ARG2 (s129.p2 / paralyze-01
                                                                  :ARG1 s129.i)
                                                   :ARG3 (s129.s / some))))
   :snt130 (s130.s / say-01
                   :ARG0 (s130.p / person
                                 :name (s130.n / name
                                               :op1 "CH"))
                   :ARG1 (s130.w2 / wish-01
                                  :purpose (s130.p2 / possible-01
                                                    :ARG1 (s130.s2 / see-01
                                                                   :ARG0 (s130.y / you
                                                                                 :same-as s2.y)
                                                                   :ARG1 (s130.e / extraordinary
                                                                                 :ARG1-of (s130.u / utter-02)
                                                                                 :degree (s130.s3 / so)
                                                                                 :domain (s130.m / musician
                                                                                                 :ARG1-of (s130.i2 / include-91
                                                                                                                   :ARG2 (s130.m2 / musician
                                                                                                                                  :mod (s130.t / that)
                                                                                                                                  :same-as s112.m)
                                                                                                                   :ARG3 (s130.s4 / some)))
                                                                                 :domain (s130.t2 / they
                                                                                                  :same-as s112.m))
                                                                   :mod (s130.f / first-hand)))
                                  :ARG0 (s130.i / i)
                                  :ARG1 (s130.b / be-located-at-91
                                                :ARG1 s130.m
                                                :ARG2 (s130.h / here)
                                                :accompanier (s130.w / we
                                                                     :same-as s34.h2)
                                                :time (s130.t3 / today
                                                               :same-as s2.t2))
                                  :mod (s130.o / only)))
   :snt131 (s131.n2 / name-01
                    :ARG1 (s131.p / project
                                  :mod (s131.t / that))
                    :ARG2 (s131.n / name
                                  :op1 "Paraorchestra"))
   :snt132 (s132.l / let-know-07
                   :ARG0 (s132.y / you
                                 :mod (s132.a2 / any)
                                 :same-as s2.y)
                   :ARG1 (s132.i / i)
                   :ARG2 s132.y
                   :condition (s132.t2 / think-01
                                       :ARG0 s132.y
                                       :ARG1 (s132.w / want-01
                                                     :ARG0 s132.a2
                                                     :ARG1 (s132.h / help-01
                                                                   :ARG0 s132.a2
                                                                   :ARG1 (s132.a / achieve-01
                                                                                 :ARG0 s132.i
                                                                                 :ARG1 (s132.t / thing
                                                                                               :ARG1-of (s132.p2 / possible-01
                                                                                                                 :ARG1-of (s132.f / fair-04)
                                                                                                                 :polarity "-")
                                                                                               :ARG1-of (s132.p3 / possible-01
                                                                                                                 :polarity "-")
                                                                                               :ARG1-of (s132.d / dream-01)))
                                                                   :ARG2 s132.i
                                                                   :manner (s132.w2 / way
                                                                                    :mod (s132.a3 / any))
                                                                   :time (s132.p / point
                                                                                 :mod (s132.t3 / this)
                                                                                 :mod (s132.s / still)))))
                   :polite "+")
   :snt133 (s133.c / come-01
                   :ARG1 (s133.s / shoot-01
                                 :ARG0 (s133.i / i)
                                 :ARG1-of (s133.p / part-01
                                                  :ARG0 s133.i))
                   :ARG3 (s133.c4 / courtesy
                                  :op1 (s133.p2 / person
                                                :name (s133.n / name
                                                              :op1 "Joseph"
                                                              :op2 "Haydn")
                                                :ARG0-of (s133.s2 / spend-02
                                                                  :ARG1 (s133.b / bulk
                                                                                :part-of (s133.l / life
                                                                                                 :poss s133.p2))
                                                                  :ARG2 (s133.e / employ-01
                                                                                :ARG0 (s133.p4 / person
                                                                                               :name (s133.n3 / name
                                                                                                              :op1 "Prince"
                                                                                                              :op2 "Nikolaus"
                                                                                                              :op3 "Esterhazy"))
                                                                                :ARG1 s133.p2
                                                                                :accompanier (s133.o / orchestra
                                                                                                     :poss s133.p4
                                                                                                     :same-as s4.o2)))
                                                :mod (s133.g / great)
                                                :mod (s133.p3 / person
                                                              :ARG0-of (s133.c2 / compose-02)
                                                              :ARG1-of (s133.w / wonderful-03)
                                                              :mod (s133.c3 / country
                                                                            :name (s133.n2 / name
                                                                                           :op1 "Austria"))
                                                              :time (s133.h / half
                                                                            :ord (s133.o2 / ordinal-entity
                                                                                          :value "2")
                                                                            :part-of (s133.d / date-entity
                                                                                             :century "18")))))
                   :rel (s133.n4 / name)
                   :time (s133.n5 / now))
   :snt134 (s134.c3 / contrast-01
                    :ARG1 (s134.l2 / love-01
                                   :ARG0 (s134.p2 / prince
                                                  :mod (s134.t2 / this)
                                                  :same-as s133.p4)
                                   :ARG1 (s134.m2 / music
                                                  :poss s134.p2))
                    :ARG2 (s134.l3 / love-01
                                   :ARG0 s134.p2
                                   :ARG1 (s134.c / castle
                                                 :ARG1-of (s134.r2 / reside-01
                                                                   :ARG0 s134.p2
                                                                   :ARG2-of (s134.t / tend-02
                                                                                    :ARG1 s134.p2)
                                                                   :time (s134.t3 / time
                                                                                  :quant (s134.m / most)))
                                                 :location (s134.b2 / border-01
                                                                    :ARG1 (s134.c5 / country
                                                                                   :name (s134.n2 / name
                                                                                                  :op1 "Austro"))
                                                                    :ARG2 (s134.c6 / country
                                                                                   :name (s134.n3 / name
                                                                                                  :op1 "Austria"))
                                                                    :mod (s134.j / just))
                                                 :location (s134.p / place
                                                                   :name (s134.n4 / name
                                                                                  :op1 "Esterhazy")
                                                                   :location (s134.r / relative-position
                                                                                     :quant (s134.w / way
                                                                                                    :ARG1-of (s134.l / long-03))
                                                                                     :op1 (s134.c2 / city
                                                                                                   :name (s134.n5 / name
                                                                                                                  :op1 "Vienna")
                                                                                                   :mod (s134.b / big))))
                                                 :mod (s134.c4 / country))
                                   :mod (s134.a / also))
                    :rel (s134.n / name
                                 :op1 "Austro")
                    :time (s134.n6 / now))
   :snt135 (s135.d3 / decree-01
                    :ARG0 (s135.p / prince
                                  :same-as s133.p4)
                    :ARG1 (s135.w / welcome-01
                                  :ARG1 (s135.a / and
                                                :op1 (s135.f / family
                                                             :ARG1-of (s135.h / have-org-role-91
                                                                              :ARG0 (s135.m2 / musician
                                                                                             :same-as s4.o2)
                                                                              :ARG2 (s135.m / member)))
                                                :op2 (s135.f2 / family
                                                              :poss (s135.m3 / musician
                                                                             :mod (s135.o2 / orchestral))))
                                  :ARG2 (s135.c / castle)
                                  :time (s135.n / no-longer))
                    :time (s135.d / date-entity
                                  :mod (s135.d2 / day
                                                :mod (s135.o / one))
                                  :year "1772"))
   :snt136 (s136.a2 / and
                    :op1 (s136.a / allow-01
                                 :ARG1 (s136.s2 / stay-01
                                                :ARG1 (s136.t3 / they
                                                               :same-as s135.f)
                                                :location (s136.t2 / there))
                                 :time (s136.a3 / anymore)
                                 :polarity "-")
                    :op2 (s136.o / obligate-01
                                 :ARG1 s136.t3
                                 :ARG2 (s136.r / return-01
                                               :ARG1 s136.t3
                                               :ARG4 (s136.c / city
                                                             :name (s136.n / name
                                                                           :op1 "Vienna"
                                                                           :same-as s134.c2)
                                                             :mod (s136.w / way
                                                                          :ARG1-of (s136.l / long-03
                                                                                           :mod (s136.f / feasible
                                                                                                        :polarity "-"))
                                                                          :ARG1-of (s136.s / say-01
                                                                                           :ARG0 (s136.i / i))
                                                                          :location (s136.a4 / away)
                                                                          :time (s136.d / day
                                                                                        :mod (s136.t / that)))))))
   :snt137 (s137.p / possible-01
                   :ARG1 (s137.i / imagine-01
                                 :ARG0 (s137.y / you)
                                 :ARG1 (s137.d / disconsolate
                                               :domain (s137.m / musician
                                                               :same-as s4.o2))))
   :snt138 (s138.c / contrast-01
                   :ARG1 (s138.d / demonstrate-01
                                 :ARG0 (s138.p / person
                                               :name (s138.n / name
                                                             :op1 "Haydn")
                                               :same-as s133.g)
                                 :ARG2 (s138.p2 / prince
                                                :same-as s133.p4))
                   :ARG2 (s138.a / avail-01
                                 :ARG1 s138.p
                                 :polarity "-"))
   :snt139 (s139.i / infer-01
                   :ARG0 (s139.l / love-01
                                 :ARG0 (s139.p3 / prince
                                                :same-as s133.p4)
                                 :ARG1 (s139.m / music
                                               :poss s139.p3
                                               :poss (s139.p / person
                                                             :name (s139.n / name
                                                                           :op1 "Haydn")
                                                             :same-as s133.g)))
                   :ARG1 (s139.t / think-01
                                 :ARG0 s139.p
                                 :ARG1 (s139.w / write-01
                                               :purpose (s139.p2 / point-04
                                                                 :ARG0 s139.p)
                                               :ARG0 s139.p
                                               :ARG1 (s139.s / symphony))))
   :snt140 (s140.a / and
                   :op2 (s140.p / play-11
                                :ARG0 (s140.w / we
                                              :same-as s34.h2)
                                :ARG1 (s140.e / end-01
                                              :ARG1 (s140.s / symphony
                                                            :mod (s140.t2 / this)
                                                            :same-as s139.s)
                                              :ARG2 (s140.t / tail
                                                            :degree (s140.v / very))
                                              :mod (s140.j / just))
                                :time (s140.n / now)))
   :snt141 (s141.a / and
                   :op2 (s141.s / see-01
                                :ARG0 (s141.y / you)
                                :ARG1 (s141.o / orchestra
                                              :ARG0-of (s141.r / revolt-01
                                                               :mod (s141.s2 / sullen)
                                                               :mod (s141.k / kind))
                                              :same-as s4.o2)))
   :snt142 (s142.p2 / please-01
                    :ARG0 (s142.s / say-01
                                  :ARG0 (s142.i / i)
                                  :ARG1 (s142.a / and
                                                :op1 (s142.t / take-01
                                                             :ARG0 (s142.p3 / prince
                                                                            :same-as s133.p4)
                                                             :ARG1 (s142.t2 / tip-05
                                                                            :ARG1 s142.p3
                                                                            :ARG2 (s142.p / perform-01
                                                                                          :mod (s142.o / orchestral))))
                                                :op2 (s142.r / reunite-01
                                                             :ARG1 (s142.m / musician
                                                                           :same-as s4.o2)
                                                             :ARG2 (s142.f / family
                                                                           :poss s142.m
                                                                           :same-as s135.f))))
                    :ARG1 s142.i)
   :snt143 (s143.c / contrast-01
                   :ARG2 (s143.t2 / think-01
                                  :ARG0 (s143.i / i)
                                  :ARG1 (s143.s / sum-up-01
                                                :ARG0 (s143.i2 / it)
                                                :ARG1 (s143.t / talk-01
                                                              :ARG0 s143.i)
                                                :ARG1 (s143.m / music
                                                              :location (s143.t3 / trust-01)
                                                              :prep-by (s143.l / life
                                                                               :ARG1-of (s143.e / extend-01)))
                                                :ARG1-of (s143.w / well-09
                                                                 :degree (s143.r / rather)))))
   :snt144 (s144.w / wither-01
                   :ARG1 (s144.m / music)
                   :condition (s144.t / trust-02
                                      :polarity "-")
                   :mod (s144.s / simple
                                :degree (s144.q / quite))
                   :mod (s144.a / away)))

