# ::id doc-660
# ::doc_file doc-660
# ::tok http : / / www . ted . com / talks / joseph_kim_the_family_i_lost_in_north_korea_and_the_family_i_gained< / url> <next_sent> I was born and raised in North Korea . <next_sent> Although my family constantly struggled against poverty , I was always loved and cared for first , because I was the only son and the youngest of two in the family . <next_sent> But then the great famine began in 1994 . <next_sent> I was four years old . <next_sent> My sister and I would go searching for firewood starting at 5 in the morning and come back after midnight . <next_sent> I would wander the streets searching for food , and I remember seeing a small child tied to a mother 's back eating chips , and wanting to steal them from him . <next_sent> Hunger is humiliation . <next_sent> Hunger is hopelessness . <next_sent> For a hungry child , politics and freedom are not even thought of . <next_sent> On my ninth birthday , my parents could n't give me any food to eat . <next_sent> But even as a child , I could feel the heaviness in their hearts . <next_sent> Over a million North Koreans died of starvation in that time , and in 2003 , when I was 13 years old , my father became one of them . <next_sent> I saw my father wither away and die . <next_sent> In the same year , my mother disappeared one day , and then my sister told me that she was going to China to earn money , but that she would return with money and food soon . <next_sent> Since we had never been separated , and I thought we would be together forever , I did n't even give her a hug when she left . <next_sent> It was the biggest mistake I have ever made in my life . <next_sent> But again , I did n't know it was going to be a long goodbye . <next_sent> I have not seen my mom or my sister since then . <next_sent> Suddenly , I became an orphan and homeless . <next_sent> My daily life became very hard , but very simple . <next_sent> My goal was to find a dusty piece of bread in the trash . <next_sent> But that is no way to survive . <next_sent> I started to realize , begging would not be the solution . <next_sent> So I started to steal from food carts in illegal markets . <next_sent> Sometimes , I found small jobs in exchange for food . <next_sent> Once , I even spent two months in the winter working in a coal mine , 33 meters underground without any protection for up to 16 hours a day . <next_sent> I was not uncommon . <next_sent> Many other orphans survived this way , or worse . <next_sent> When I could not fall asleep from bitter cold or hunger pains , I hoped that , the next morning , my sister would come back to wake me up with my favorite food . <next_sent> That hope kept me alive . <next_sent> I do n't mean big , grand hope . <next_sent> I mean the kind of hope that made me believe that the next trash can had bread , even though it usually did n't . <next_sent> But if I did n't believe it , I would n't even try , and then I would die . <next_sent> Hope kept me alive . <next_sent> Every day , I told myself , no matter how hard things got , still I must live . <next_sent> After three years of waiting for my sister 's return , I decided to go to China to look for her myself . <next_sent> I realized I could n't survive much longer this way . <next_sent> I knew the journey would be risky , but I would be risking my life either way . <next_sent> I could die of starvation like my father in North Korea , or at least I could try for a better life by escaping to China . <next_sent> I had learned that many people tried to cross the border to China in the nighttime to avoid being seen . <next_sent> North Korean border guards often shoot and kill people trying to cross the border without permission . <next_sent> Chinese soldiers will catch and send back North Koreans , where they face severe punishment . <next_sent> I decided to cross during the day , first because I was still a kid and scared of the dark , second because I knew I was already taking a risk , and since not many people tried to cross during the day , I thought I might be able to cross without being seen by anyone . <next_sent> I made it to China on February 15 , 2006 . <next_sent> I was 16 years old . <next_sent> I thought things in China would be easier , since there was more food . <next_sent> I thought more people would help me . <next_sent> But it was harder than living in North Korea , because I was not free . <next_sent> I was always worried about being caught and sent back . <next_sent> By a miracle , some months later , I met someone who was running an underground shelter for North Koreans , and was allowed to live there and eat regular meals for the first time in many years . <next_sent> Later that year , an activist helped me escape China and go to the United States as a refugee . <next_sent> I went to America without knowing a word of English , yet my social worker told me that I had to go to high school . <next_sent> Even in North Korea , I was an F student . <next_sent> And I barely finished elementary school . <next_sent> And I remember I fought in school more than once a day . <next_sent> Textbooks and the library were not my playground . <next_sent> My father tried very hard to motivate me into studying , but it did n't work . <next_sent> At one point , my father gave up on me . <next_sent> He said , " You 're not my son anymore . " <next_sent> I was only 11 or 12 , but it hurt me deeply . <next_sent> But nevertheless , my level of motivation still did n't change before he died . <next_sent> So in America , it was kind of ridiculous that they said I should go to high school . <next_sent> I did n't even go to middle school . <next_sent> I decided to go , just because they told me to , without trying much . <next_sent> But one day , I came home and my foster mother had made chicken wings for dinner . <next_sent> And during dinner , I wanted to have one more wing , but I realized there were not enough for everyone , so I decided against it . <next_sent> When I looked down at my plate , I saw the last chicken wing , that my foster father had given me his . <next_sent> I was so happy . <next_sent> I looked at him sitting next to me . <next_sent> He just looked back at me very warmly , but said no words . <next_sent> Suddenly I remembered my biological father . <next_sent> My foster father 's small act of love reminded me of my father , who would love to share his food with me when he was hungry , even if he was starving . <next_sent> I felt so suffocated that I had so much food in America , yet my father died of starvation . <next_sent> My only wish that night was to cook a meal for him , and that night I also thought of what else I could do to honor him . <next_sent> And my answer was to promise to myself that I would study hard and get the best education in America to honor his sacrifice . <next_sent> I took school seriously , and for the first time ever in my life , I received an academic award for excellence , and made dean 's list from the first semester in high school . <next_sent> That chicken wing changed my life . <next_sent> Hope is personal . <next_sent> Hope is something that no one can give to you . <next_sent> You have to choose to believe in hope . <next_sent> You have to make it yourself . <next_sent> In North Korea , I made it myself . <next_sent> Hope brought me to America . <next_sent> But in America , I did n't know what to do , because I had this overwhelming freedom . <next_sent> My foster father at that dinner gave me a direction , and he motivated me and gave me a purpose to live in America . <next_sent> I did not come here by myself . <next_sent> I had hope , but hope by itself is not enough . <next_sent> Many people helped me along the way to get here . <next_sent> North Koreans are fighting hard to survive . <next_sent> They have to force themselves to survive , have hope to survive , but they cannot make it without help . <next_sent> This is my message to you . <next_sent> Have hope for yourself , but also help each other . <next_sent> Life can be hard for everyone , wherever you live . <next_sent> My foster father did n't intend to change my life . <next_sent> In the same way , you may also change someone 's life with even the smallest act of love . <next_sent> A piece of bread can satisfy your hunger , and having the hope will bring you bread to keep you alive . <next_sent> But I confidently believe that your act of love and caring can also save another Joseph 's life and change thousands of other Josephs who are still having hope to survive . <next_sent> Thank you . <next_sent> Adrian Hong : Joseph , thank you for sharing that very personal and special story with us . <next_sent> I know you have n't seen your sister for , you said , it was almost exactly a decade , and in the off chance that she may be able to see this , we wanted to give you an opportunity to send her a message . <next_sent> Joseph Kim : In Korean ? <next_sent> AH : You can do English , then Korean as well . <next_sent> JK : Okay , I 'm not going to make it any longer in Korean because I do n't think I can make it without tearing up . <next_sent> Nuna , it has been already 10 years that I have n't seen you . <next_sent> I just wanted to say that I miss you , and I love you , and please come back to me and stay alive . <next_sent> And I -- oh , gosh . <next_sent> I still have n't given up my hope to see you . <next_sent> I will live my life happily and study hard until I see you , and I promise I will not cry again . <next_sent> Yes , I 'm just looking forward to seeing you , and if you ca n't find me , I will also look for you , and I hope to see you one day . <next_sent> And can I also make a small message to my mom ? <next_sent> AH : Sure , please . <next_sent> JK : I have n't spent much time with you , but I know that you still love me , and you probably still pray for me and think about me . <next_sent> I just wanted to say thank you for letting me be in this world . <next_sent> Thank you .
(d / document
   :snt1 (s1.u / url-entity
               :value (s1.t / talk-01
                            :ARG0 (s1.p / person
                                        :name (s1.n / name
                                                    :op1 "i"
                                                    :op1 "narcotic"))))
   :snt2 (s2.a / and
               :op1 (s2.b / bear-02
                          :ARG1 (s2.i / i)
                          :location (s2.c / country
                                          :name (s2.n / name
                                                      :op1 "North"
                                                      :op2 "Korea")))
               :op2 (s2.r / raise-03
                          :ARG1 s2.i
                          :location s2.c))
   :snt3 (s3.a2 / and
                :ARG1-of (s3.c2 / cause-01
                                :ARG0 (s3.a3 / and
                                             :op1 (s3.h2 / have-rel-role-91
                                                         :ARG0 (s3.i / i
                                                                     :same-as s2.i)
                                                         :ARG2 (s3.s / son
                                                                     :mod (s3.o / only)))
                                             :op2 (s3.h3 / have-rel-role-91
                                                         :ARG0 s3.i
                                                         :ARG2 (s3.c3 / child
                                                                      :ARG1-of (s3.h / have-degree-91
                                                                                     :ARG2 (s3.y / young)
                                                                                     :ARG3 (s3.m / most)
                                                                                     :ARG5 (s3.f2 / family
                                                                                                  :same-as s3.f))
                                                                      :quant "2"))))
                :concession (s3.s2 / struggle-02
                                   :ARG0 (s3.f / family
                                               :poss s3.i)
                                   :ARG1 (s3.p / poor)
                                   :frequency (s3.c4 / constant))
                :op1 (s3.l / love-01
                           :ARG1 s3.i
                           :time (s3.a / always))
                :op2 (s3.c / care-03
                           :ARG1 s3.i
                           :time s3.a)
                :ord (s3.o2 / ordinal-entity
                            :value "1"))
   :snt4 (s4.c / contrast-01
               :ARG2 (s4.b / begin-01
                           :ARG1 (s4.f / famine
                                       :mod (s4.g / great))
                           :time (s4.t / then)
                           :time (s4.d / date-entity
                                       :year "1994")))
   :snt5 (s5.a / age-01
               :ARG1 (s5.i / i
                           :same-as s2.i)
               :ARG2 (s5.t / temporal-quantity
                           :unit (s5.y / year)
                           :quant "4"))
   :snt6 (s6.a3 / and
                :op1 (s6.g / go-02
                           :ARG0 (s6.a2 / and
                                        :op1 (s6.p / person
                                                   :ARG0-of (s6.h / have-rel-role-91
                                                                  :ARG1 (s6.i / i
                                                                              :same-as s2.i)
                                                                  :ARG2 (s6.s2 / sister)))
                                        :op2 s6.i)
                           :ARG1 (s6.s / search-01
                                       :ARG0 s6.a2
                                       :ARG2 (s6.f / firewood))
                           :ARG1-of (s6.s3 / start-01
                                           :time (s6.d / date-entity
                                                       :dayperiod (s6.m2 / morning)
                                                       :time "17:00")))
                :op2 (s6.c / come-01
                           :ARG1 s6.a2
                           :direction (s6.b / back)
                           :time (s6.a / after
                                       :op1 (s6.d2 / date-entity
                                                   :dayperiod (s6.m / midnight)))))
   :snt7 (s7.a / and
               :op1 (s7.w / wander-01
                          :purpose (s7.s / search-01
                                         :ARG0 (s7.i / i
                                                     :same-as s2.i)
                                         :ARG2 (s7.f / food))
                          :ARG0 s7.i
                          :ARG1 (s7.s5 / street))
               :op2 (s7.r / remember-01
                          :ARG0 s7.i
                          :ARG1 (s7.a2 / and
                                       :op1 (s7.s2 / see-01
                                                   :ARG0 s7.i
                                                   :ARG1 (s7.c / child
                                                               :ARG0-of (s7.e / eat-01
                                                                              :ARG1 (s7.c2 / chip))
                                                               :ARG1-of (s7.t / tie-01
                                                                              :ARG2 (s7.b / back
                                                                                          :part-of (s7.p / person
                                                                                                         :ARG0-of (s7.h / have-rel-role-91
                                                                                                                        :ARG2 (s7.m / mother)))))
                                                               :mod (s7.s3 / small)))
                                       :op2 (s7.w2 / want-01
                                                   :ARG0 s7.i
                                                   :ARG1 (s7.s4 / steal-01
                                                                :ARG0 s7.i
                                                                :ARG1 s7.c2
                                                                :ARG2 s7.c)))))
   :snt8 (s8.h / humiliate-01
               :ARG0 (s8.h2 / hunger-01))
   :snt9 (s9.h / hopeful-03
               :ARG0 (s9.h2 / hunger-01)
               :polarity "-")
   :snt10 (s10.t / think-01
                 :ARG0 (s10.c / child
                              :ARG0-of (s10.h / hunger-01))
                 :ARG1 (s10.a / and
                              :op1 (s10.p / politics)
                              :op2 (s10.f / free-04))
                 :mod (s10.e / even)
                 :polarity "-")
   :snt11 (s11.p3 / possible-01
                  :ARG1 (s11.g / give-01
                               :ARG0 (s11.p2 / person
                                             :ARG0-of (s11.h / have-rel-role-91
                                                             :ARG1 (s11.i / i
                                                                          :same-as s2.i)
                                                             :ARG2 (s11.p / parent)))
                               :ARG1 (s11.f / food
                                            :ARG1-of (s11.e / eat-01
                                                            :ARG0 s11.i)
                                            :mod (s11.a / any))
                               :ARG2 s11.i)
                  :time (s11.b / birthday
                               :ord (s11.o / ordinal-entity
                                           :value "9")
                               :poss s11.i)
                  :polarity "-")
   :snt12 (s12.c2 / contrast-01
                  :ARG2 (s12.p / possible-01
                               :ARG1 (s12.f / feel-01
                                            :ARG0 (s12.i / i
                                                         :same-as s2.i)
                                            :ARG1 (s12.h2 / heaviness
                                                          :location (s12.h / heart
                                                                           :part-of (s12.t / they
                                                                                           :same-as s11.p2))))
                               :concession (s12.c / child
                                                  :domain s12.i)))
   :snt13 (s13.a2 / and
                  :op1 (s13.d2 / die-01
                               :ARG1 (s13.p / person
                                            :quant (s13.o / over
                                                          :op1 "1000000")
                                            :mod (s13.c2 / country
                                                         :name (s13.n / name
                                                                      :op1 "North"
                                                                      :op2 "Korea")))
                               :ARG1-of (s13.c / cause-01
                                               :ARG0 (s13.s / starve-01
                                                            :ARG1 s13.p))
                               :time (s13.t3 / time
                                             :mod (s13.t2 / that)))
                  :op2 (s13.b / become-01
                              :ARG1 (s13.p2 / person
                                            :ARG0-of (s13.h / have-rel-role-91
                                                            :ARG1 (s13.i / i
                                                                         :same-as s2.i)
                                                            :ARG2 (s13.f / father)))
                              :ARG2 (s13.p3 / person
                                            :ARG1-of (s13.i2 / include-91
                                                             :ARG2 s13.p))
                              :time (s13.d / date-entity
                                           :time-of (s13.a / age-01
                                                           :ARG1 s13.i
                                                           :ARG2 (s13.t / temporal-quantity
                                                                        :unit (s13.y / year)
                                                                        :quant "13"))
                                           :year "2003")))
   :snt14 (s14.s / see-01
                 :ARG0 (s14.i / i
                              :same-as s2.i)
                 :ARG1 (s14.a / and
                              :op1 (s14.w / wither-01
                                          :ARG1 (s14.p / person
                                                       :ARG0-of (s14.h / have-rel-role-91
                                                                       :ARG1 s14.i
                                                                       :ARG2 (s14.f / father))
                                                       :same-as s13.p2)
                                          :direction (s14.a2 / away))
                              :op2 (s14.d / die-01
                                          :ARG1 s14.p)))
   :snt15 (s15.a / and
                 :op1 (s15.d2 / disappear-01
                              :ARG1 (s15.p / person
                                           :ARG0-of (s15.h / have-rel-role-91
                                                           :ARG1 (s15.i / i
                                                                        :same-as s2.i)
                                                           :ARG2 (s15.m3 / mother)))
                              :time (s15.y / year
                                           :ARG1-of (s15.s / same-01))
                              :time (s15.d / day
                                           :mod (s15.o / one)))
                 :op2 (s15.t / tell-01
                             :ARG0 (s15.p2 / person
                                           :ARG0-of (s15.h2 / have-rel-role-91
                                                            :ARG1 s15.i
                                                            :ARG2 (s15.s2 / sister))
                                           :same-as s6.i)
                             :ARG1 (s15.c / contrast-01
                                          :ARG1 (s15.g / go-02
                                                       :purpose (s15.e / earn-01
                                                                       :ARG0 s15.p2
                                                                       :ARG1 (s15.m / money))
                                                       :ARG0 s15.p2
                                                       :ARG4 (s15.c2 / country
                                                                     :name (s15.n / name
                                                                                  :op1 "China")))
                                          :ARG2 (s15.r / return-01
                                                       :ARG1 s15.p2
                                                       :accompanier (s15.a2 / and
                                                                            :op1 (s15.m2 / money)
                                                                            :op2 (s15.f / food))
                                                       :time (s15.s3 / soon)))
                             :ARG2 s15.i
                             :time (s15.t2 / then)))
   :snt16 (s16.h / hug-01
                 :ARG0 (s16.i / i
                              :same-as s2.i)
                 :ARG1 (s16.s2 / she
                               :same-as s6.i)
                 :ARG1-of (s16.c / cause-01
                                 :ARG0 (s16.a / and
                                              :op1 (s16.s / separate-01
                                                          :ARG1 (s16.w / we)
                                                          :time (s16.e2 / ever)
                                                          :polarity "-")
                                              :op2 (s16.t / think-01
                                                          :ARG0 s16.i
                                                          :ARG1 (s16.t2 / together
                                                                        :domain s16.w
                                                                        :duration (s16.f / forever)))))
                 :mod (s16.e / even)
                 :time (s16.l / leave-11
                              :ARG0 s16.s2)
                 :polarity "-")
   :snt17 (s17.h / have-degree-91
                 :ARG1 (s17.i2 / it)
                 :ARG2 (s17.b / big)
                 :ARG3 (s17.m2 / most)
                 :ARG5 (s17.t / thing
                              :ARG1-of (s17.m / mistake-02
                                              :ARG0 (s17.i / i
                                                           :same-as s2.i)
                                              :time (s17.e / ever))
                              :time (s17.l / live-01
                                           :ARG0 s17.i)))
   :snt18 (s18.c / contrast-01
                 :ARG2 (s18.k / know-01
                              :ARG0 (s18.i / i
                                           :same-as s2.i)
                              :ARG1 (s18.g / goodbye
                                           :ARG1-of (s18.l / long-03))
                              :mod (s18.a / again)
                              :polarity "-"))
   :snt19 (s19.s / see-01
                 :ARG0 (s19.i / i
                              :same-as s2.i)
                 :ARG1 (s19.o / or
                              :op1 (s19.p / person
                                          :ARG0-of (s19.h / have-rel-role-91
                                                          :ARG1 s19.i
                                                          :ARG2 (s19.m / mom))
                                          :same-as s15.i)
                              :op2 (s19.p2 / person
                                           :ARG0-of (s19.h2 / have-rel-role-91
                                                            :ARG1 s19.i
                                                            :ARG2 (s19.s3 / sister))
                                           :same-as s6.i))
                 :time (s19.s2 / since
                               :op1 (s19.t / then))
                 :polarity "-")
   :snt20 (s20.b / become-01
                 :ARG1 (s20.i / i
                              :same-as s2.i)
                 :ARG2 (s20.a / and
                              :op1 (s20.o / orphan)
                              :op2 (s20.h / homeless))
                 :manner (s20.s / sudden))
   :snt21 (s21.b / become-01
                 :ARG1 (s21.l / life
                              :frequency (s21.r / rate-entity-91
                                                :ARG2 (s21.t / temporal-quantity
                                                             :unit (s21.d / day)
                                                             :quant "1"))
                              :poss (s21.i / i
                                           :same-as s2.i))
                 :ARG2 (s21.c / contrast-01
                              :ARG1 (s21.h / hard-02
                                           :degree (s21.v / very))
                              :ARG2 (s21.s / simple-02
                                           :ARG1 s21.l
                                           :degree s21.v)))
   :snt22 (s22.g / goal
                 :domain (s22.f / find-01
                                :ARG0 (s22.i / i
                                             :same-as s2.i)
                                :ARG1 (s22.p / piece
                                             :mod (s22.d / dusty)
                                             :mod (s22.b / bread))
                                :ARG2 (s22.t / trash))
                 :poss s22.i)
   :snt23 (s23.c / contrast-01
                 :ARG2 (s23.w / way
                              :domain (s23.t / that
                                             :same-as s22.f)
                              :manner-of (s23.s / survive-01)
                              :polarity "-"))
   :snt24 (s24.s2 / start-01
                  :ARG0 (s24.i / i
                               :same-as s2.i)
                  :ARG1 (s24.r / realize-01
                               :ARG0 s24.i
                               :ARG1 (s24.s / solve-01
                                            :ARG2 (s24.b / beg-01)
                                            :polarity "-")))
   :snt25 (s25.c2 / cause-01
                  :ARG1 (s25.s / start-01
                               :ARG0 (s25.i / i
                                            :same-as s2.i)
                               :ARG1 (s25.s2 / steal-01
                                             :ARG0 s25.i
                                             :ARG2 (s25.c / cart
                                                          :mod (s25.f / food))
                                             :location (s25.m / market
                                                              :ARG1-of (s25.l / legal-02
                                                                              :polarity "-")))))
   :snt26 (s26.f / find-01
                 :ARG0 (s26.i / i
                              :same-as s2.i)
                 :ARG1 (s26.j / job
                              :mod (s26.s / small))
                 :ARG1-of (s26.e / exchange-01
                                 :ARG3 (s26.f2 / food))
                 :frequency (s26.s2 / sometimes))
   :snt27 (s27.s / spend-02
                 :ARG0 (s27.i / i
                              :same-as s2.i)
                 :ARG1 (s27.t / temporal-quantity
                              :unit (s27.m3 / month)
                              :quant "2")
                 :ARG2 (s27.w2 / work-01
                               :ARG0 s27.i
                               :ARG1 (s27.m2 / mine
                                             :location (s27.u / underground
                                                              :quant (s27.d3 / distance-quantity
                                                                             :unit (s27.m / meter)
                                                                             :quant "33"))
                                             :mod (s27.c / coal))
                               :ARG2-of (s27.p / protect-01
                                               :polarity "-")
                               :duration (s27.r / rate-entity-91
                                                :ARG1 (s27.u2 / up-to
                                                              :op1 (s27.t2 / temporal-quantity
                                                                           :unit (s27.h / hour)
                                                                           :quant "16"))
                                                :ARG2 (s27.t3 / temporal-quantity
                                                              :unit (s27.d2 / day)
                                                              :quant "1")))
                 :mod (s27.e / even)
                 :time (s27.d / date-entity
                              :season (s27.w / winter))
                 :frequency "1")
   :snt28 (s28.c / common
                 :domain (s28.i / i
                                :same-as s2.i))
   :snt29 (s29.s / survive-01
                 :ARG0 (s29.o2 / orphan
                               :quant (s29.m / many)
                               :mod (s29.o3 / other))
                 :ARG1 (s29.o / or
                              :op1 (s29.w / way
                                          :mod (s29.t / this))
                              :op2 (s29.h / have-degree-91
                                          :ARG1 s29.o2
                                          :ARG2 (s29.b / bad-07
                                                       :ARG1 s29.o2)
                                          :ARG3 (s29.m2 / more))))
   :snt30 (s30.h2 / hope-01
                  :ARG0 (s30.i / i
                               :same-as s2.i)
                  :ARG1 (s30.c2 / come-01
                                :purpose (s30.w / wake-up-02
                                                :ARG0 (s30.p2 / person
                                                              :ARG0-of (s30.h / have-rel-role-91
                                                                              :ARG1 s30.i
                                                                              :ARG2 (s30.s / sister))
                                                              :same-as s6.i)
                                                :ARG1 s30.i
                                                :ARG2 (s30.f3 / food
                                                              :mod (s30.f2 / favorite)))
                                :ARG1 s30.p2
                                :direction (s30.b / back)
                                :time (s30.d / date-entity
                                             :dayperiod (s30.m / morning)
                                             :mod (s30.d2 / day
                                                          :mod (s30.n / next))))
                  :rel (s30.o / or
                              :op1 (s30.c / cold-01
                                          :mod (s30.b2 / bitter))
                              :op2 (s30.p / pain-01
                                          :ARG0 (s30.h3 / hunger-01
                                                        :ARG0 s30.i)))
                  :time (s30.p3 / possible-01
                                :ARG1 (s30.f / fall-07
                                             :ARG1 s30.i
                                             :ARG2 (s30.s2 / sleep-01
                                                           :ARG1 s30.i))
                                :polarity "-"))
   :snt31 (s31.k / keep-02
                 :ARG0 (s31.h / hope-01
                              :mod (s31.t / that)
                              :same-as s30.h2)
                 :ARG1 (s31.l / live-01
                              :ARG0 (s31.i / i
                                           :same-as s2.i)))
   :snt32 (s32.m / mean-01
                 :ARG0 (s32.i / i
                              :same-as s2.i)
                 :ARG2 (s32.h / hope-01
                              :mod (s32.g / grand)
                              :mod (s32.b / big))
                 :polarity "-")
   :snt33 (s33.m2 / mean-01
                  :ARG0 (s33.i / i
                               :same-as s2.i)
                  :ARG2 (s33.h3 / hope-01
                                :ARG0-of (s33.m / make-02
                                                :ARG1 (s33.b / believe-01
                                                             :ARG0 s33.i
                                                             :ARG1 (s33.h / have-03
                                                                          :ARG0 (s33.c / can
                                                                                       :mod (s33.t / trash)
                                                                                       :mod (s33.n / next))
                                                                          :ARG1 (s33.b2 / bread))))
                                :mod (s33.k / kind))
                  :rel (s33.h2 / have-03
                               :ARG0 s33.c
                               :ARG1 s33.b2
                               :mod (s33.u / usual)
                               :polarity "-"))
   :snt34 (s34.c / contrast-01
                 :ARG2 (s34.a / and
                              :op1 (s34.t2 / try-01
                                           :ARG0 (s34.i / i
                                                        :same-as s2.i)
                                           :condition (s34.b / believe-01
                                                             :ARG0 s34.i
                                                             :ARG1 (s34.i2 / it
                                                                           :same-as s33.h)
                                                             :polarity "-")
                                           :mod (s34.e / even)
                                           :polarity "-")
                              :op2 (s34.d / die-01
                                          :ARG1 s34.i
                                          :time (s34.t / then)))
                 :rel "-")
   :snt35 (s35.k / keep-02
                 :ARG0 (s35.h / hopeful-03)
                 :ARG1 (s35.l / live-01
                              :ARG0 (s35.i / i
                                           :same-as s2.i)))
   :snt36 (s36.t / tell-01
                 :ARG0 (s36.i / i
                              :same-as s2.i)
                 :ARG1 (s36.o / obligate-01
                              :ARG1 s36.i
                              :ARG1-of (s36.r2 / regardless-91
                                               :ARG2 (s36.t3 / thing
                                                             :degree-of (s36.h / hard-02
                                                                               :ARG1 (s36.t4 / thing))))
                              :ARG2 (s36.l / live-01
                                           :ARG0 s36.i)
                              :mod (s36.s / still))
                 :ARG2 s36.i
                 :frequency (s36.r / rate-entity-91
                                   :ARG3 (s36.t2 / temporal-quantity
                                                 :unit (s36.d / day)
                                                 :quant "1")))
   :snt37 (s37.d / decide-01
                 :ARG0 (s37.i / i
                              :same-as s2.i)
                 :ARG1 (s37.g / go-02
                              :purpose (s37.l / look-01
                                              :ARG0 s37.i
                                              :ARG1 (s37.p / person
                                                           :ARG0-of (s37.h / have-rel-role-91
                                                                           :ARG1 s37.i
                                                                           :ARG2 (s37.s / sister))
                                                           :same-as s6.i
                                                           :same-as s15.r))
                              :ARG0 s37.i
                              :ARG4 (s37.c / country
                                           :name (s37.n / name
                                                        :op1 "China")
                                           :same-as s15.c2))
                 :time (s37.a / after
                              :op1 (s37.w / wait-01
                                          :ARG1 s37.i
                                          :ARG2 (s37.r / return-01
                                                       :ARG1 s37.p)
                                          :duration (s37.t / temporal-quantity
                                                           :unit (s37.y / year)
                                                           :quant "3"))))
   :snt38 (s38.r / realize-01
                 :ARG0 (s38.i / i
                              :same-as s2.i)
                 :ARG1 (s38.p / possible-01
                              :ARG1 (s38.s / survive-01
                                           :ARG0 s38.i
                                           :ARG1-of (s38.h / have-degree-91
                                                           :ARG2 (s38.l / long-03
                                                                        :ARG1 s38.s)
                                                           :ARG3 (s38.m / more
                                                                        :quant (s38.m2 / much)))
                                           :manner (s38.w / way
                                                          :mod (s38.t / this)))
                              :polarity "-"))
   :snt39 (s39.c / contrast-01
                 :ARG1 (s39.k / know-01
                              :ARG0 (s39.i / i
                                           :same-as s2.i)
                              :ARG1 (s39.r2 / risky-02
                                            :ARG1 (s39.j / journey-01)))
                 :ARG2 (s39.r / risk-01
                              :ARG0 s39.i
                              :ARG2 (s39.l / live-01
                                           :ARG0 s39.i)
                              :mod (s39.w / way
                                          :mod (s39.e / either))))
   :snt40 (s40.o / or
                 :op1 (s40.p2 / possible-01
                              :ARG1 (s40.d / die-01
                                           :ARG1 (s40.i / i
                                                        :same-as s2.i)
                                           :ARG1-of (s40.r / resemble-01
                                                           :ARG2 (s40.p / person
                                                                        :ARG0-of (s40.h2 / have-rel-role-91
                                                                                         :ARG1 s40.i
                                                                                         :ARG2 (s40.f / father)
                                                                                         :same-as s13.p2)
                                                                        :location (s40.c / country
                                                                                         :name (s40.n / name
                                                                                                      :op1 "North"
                                                                                                      :op2 "Korea")
                                                                                         :same-as s2.c)))
                                           :ARG2 (s40.s / starve-01
                                                        :ARG1 s40.i)))
                 :op2 (s40.p3 / possible-01
                              :ARG1 (s40.t / try-01
                                           :ARG0 s40.i
                                           :ARG1 (s40.l / life
                                                        :ARG1-of (s40.h / have-degree-91
                                                                        :ARG2 (s40.g / good-02
                                                                                     :ARG1 s40.l)
                                                                        :ARG3 (s40.m / more)))
                                           :manner (s40.e / escape-01
                                                          :ARG0 s40.i
                                                          :ARG2 (s40.c2 / country
                                                                        :name (s40.n2 / name
                                                                                      :op1 "China")
                                                                        :same-as s15.c2)))
                              :mod (s40.a / at-least)))
   :snt41 (s41.l / learn-01
                 :ARG0 (s41.i / i
                              :same-as s2.i)
                 :ARG1 (s41.t / try-01
                              :purpose (s41.a / avoid-01
                                              :ARG0 (s41.p / person
                                                           :quant (s41.m / many))
                                              :ARG1 (s41.s / see-01
                                                           :ARG1 s41.p))
                              :ARG0 s41.p
                              :ARG1 (s41.c2 / cross-02
                                            :ARG0 s41.p
                                            :ARG1 (s41.b / border-01
                                                         :ARG2 (s41.c / country
                                                                      :name (s41.n / name
                                                                                   :op1 "China")
                                                                      :same-as s15.c2))
                                            :time (s41.d / date-entity
                                                         :dayperiod (s41.n2 / nighttime)))))
   :snt42 (s42.a / and
                 :frequency (s42.o / often)
                 :op1 (s42.s / shoot-02
                             :ARG0 (s42.p2 / person
                                           :ARG0-of (s42.g / guard-01
                                                           :ARG1 (s42.b / border))
                                           :mod (s42.c / country
                                                       :name (s42.n / name
                                                                    :op1 "North"
                                                                    :op2 "Korea")))
                             :ARG1 (s42.p3 / person
                                           :ARG0-of (s42.t / try-01
                                                           :ARG1 (s42.c2 / cross-02
                                                                         :ARG0 s42.p3
                                                                         :ARG1 s42.b
                                                                         :ARG1-of (s42.p / permit-01
                                                                                         :polarity "-")))))
                 :op2 (s42.k / kill-01
                             :ARG0 s42.p2
                             :ARG1 s42.p3))
   :snt43 (s43.a / and
                 :op1 (s43.c / catch-01
                             :ARG0 (s43.s3 / soldier
                                           :mod (s43.c2 / country
                                                        :name (s43.n / name
                                                                     :op1 "China")))
                             :ARG1 (s43.p / person
                                          :mod (s43.c3 / country
                                                       :name (s43.n2 / name
                                                                     :op1 "North"
                                                                     :op2 "Korea")
                                                       :location-of (s43.f / face-01
                                                                           :ARG0 s43.s3
                                                                           :ARG1 (s43.p2 / punish-01
                                                                                         :ARG0 s43.s3
                                                                                         :ARG1 s43.p
                                                                                         :degree (s43.s2 / severe))))))
                 :op2 (s43.s / send-03
                             :ARG0 s43.s3
                             :ARG1 s43.p
                             :ARG5 (s43.b / back)))
   :snt44 (s44.d4 / decide-01
                  :ARG0 (s44.i / i
                               :same-as s2.i)
                  :ARG1 (s44.c4 / cross-02
                                :ARG0 s44.i
                                :time (s44.d2 / date-entity
                                              :dayperiod (s44.d3 / day)))
                  :ARG1-of (s44.c / cause-01
                                  :ARG0 (s44.a2 / and
                                                :op1 (s44.k / kid
                                                            :domain s44.i
                                                            :mod (s44.s3 / still))
                                                :op2 (s44.s / scare-01
                                                            :ARG0 (s44.d / dark)
                                                            :ARG1 s44.i)
                                                :li "1"))
                  :ARG1-of (s44.c2 / cause-01
                                   :ARG0 (s44.a3 / and
                                                 :op1 (s44.k2 / know-01
                                                              :ARG0 s44.i
                                                              :ARG1 (s44.r / risk-01
                                                                           :ARG0 s44.i
                                                                           :time (s44.a / already)))
                                                 :op2 (s44.c3 / cause-01
                                                              :ARG0 (s44.t2 / try-01
                                                                            :ARG0 (s44.p / person
                                                                                         :quant (s44.m / many
                                                                                                       :polarity "-"))
                                                                            :ARG1 (s44.c5 / cross-02
                                                                                          :ARG0 s44.p
                                                                                          :time s44.d2))
                                                              :ARG1 (s44.t / think-01
                                                                           :ARG0 s44.i
                                                                           :ARG1 (s44.p2 / possible-01
                                                                                         :ARG1 (s44.c6 / cross-02
                                                                                                       :ARG0 s44.i
                                                                                                       :manner (s44.s2 / see-01
                                                                                                                       :ARG0 (s44.a4 / anyone)
                                                                                                                       :ARG1 s44.i
                                                                                                                       :polarity "-"))))))
                                   :li "2"))
   :snt45 (s45.m / make-it-14
                 :ARG0 (s45.i / i
                              :same-as s2.i)
                 :ARG1 (s45.c / country
                              :name (s45.n / name
                                           :op1 "China")
                              :same-as s15.c2)
                 :time (s45.d / date-entity
                              :day "15"
                              :month "2"
                              :year "2006"))
   :snt46 (s46.a / age-01
                 :ARG1 (s46.i / i
                              :same-as s2.i)
                 :ARG2 (s46.t / temporal-quantity
                              :unit (s46.y / year)
                              :quant "16"))
   :snt47 (s47.t2 / think-01
                  :ARG0 (s47.i / i
                               :same-as s2.i)
                  :ARG1 (s47.h / have-degree-91
                               :ARG1 (s47.t / thing
                                            :location (s47.c2 / country
                                                              :name (s47.n / name
                                                                           :op1 "China")
                                                              :same-as s15.c2))
                               :ARG2 (s47.e / easy-05
                                            :ARG1 s47.t)
                               :ARG3 (s47.m / more))
                  :ARG1-of (s47.c / cause-01
                                  :ARG0 (s47.f / food
                                               :location s47.c2
                                               :mod (s47.m2 / more))))
   :snt48 (s48.t / think-01
                 :ARG0 (s48.i / i
                              :same-as s2.i)
                 :ARG1 (s48.h / help-01
                              :ARG0 (s48.p / person
                                           :quant (s48.m / more))
                              :ARG1 s48.i))
   :snt49 (s49.c2 / contrast-01
                  :ARG2 (s49.h / hard-02
                               :ARG1 (s49.i2 / it)
                               :ARG1-of (s49.c / cause-01
                                               :ARG0 (s49.f / free-04
                                                            :ARG1 (s49.i / i
                                                                         :same-as s2.i)
                                                            :polarity "-"))
                               :ARG2-of (s49.h2 / have-degree-91
                                                :ARG1 s49.i2
                                                :ARG3 (s49.m / more)
                                                :ARG4 (s49.l / live-01
                                                             :ARG0 s49.i
                                                             :location (s49.c3 / country
                                                                               :name (s49.n / name
                                                                                            :op1 "North"
                                                                                            :op2 "Korea")
                                                                               :same-as s2.c)))))
   :snt50 (s50.w / worry-02
                 :ARG0 (s50.i / i
                              :same-as s2.i)
                 :ARG1 (s50.a2 / and
                               :op1 (s50.c / catch-01
                                           :ARG1 s50.i)
                               :op2 (s50.s / send-03
                                           :ARG1 s50.i
                                           :ARG5 (s50.b / back)))
                 :time (s50.a / always))
   :snt51 (s51.m3 / meet-02
                  :ARG0 (s51.i / i
                               :same-as s2.i)
                  :ARG1 (s51.s3 / someone
                                :ARG0-of (s51.r2 / run-01
                                                 :ARG1 (s51.s / shelter
                                                              :beneficiary (s51.p / person
                                                                                  :mod (s51.c / country
                                                                                              :name (s51.n / name
                                                                                                           :op1 "North"
                                                                                                           :op2 "Korea")))
                                                              :location (s51.u / underground)))
                                :ARG3-of (s51.a2 / allow-01
                                                 :ARG1 (s51.a3 / and
                                                               :op1 (s51.l / live-01
                                                                           :ARG0 s51.s3
                                                                           :location s51.s)
                                                               :op2 (s51.e / eat-01
                                                                           :ARG0 s51.s3
                                                                           :ARG1 (s51.m2 / meal
                                                                                         :ARG1-of (s51.r / regular-03))
                                                                           :ord (s51.o / ordinal-entity
                                                                                       :range (s51.m / many
                                                                                                     :op1 (s51.t2 / temporal-quantity
                                                                                                                  :unit (s51.y / year)
                                                                                                                  :quant "1"))
                                                                                       :value "1")))))
                  :manner (s51.m4 / miracle)
                  :time (s51.a / after
                               :quant (s51.s2 / some
                                              :op1 (s51.t / temporal-quantity
                                                          :unit (s51.m5 / month)
                                                          :quant "1"))))
   :snt52 (s52.h / help-01
                 :ARG0 (s52.a / activist)
                 :ARG1 (s52.a3 / and
                               :op1 (s52.e / escape-01
                                           :ARG0 (s52.i / i
                                                        :same-as s2.i)
                                           :ARG1 (s52.c / country
                                                        :name (s52.n / name
                                                                     :op1 "China")
                                                        :same-as s15.c2))
                               :op2 (s52.g / go-02
                                           :ARG0 s52.i
                                           :ARG4 (s52.c2 / country
                                                         :name (s52.n2 / name
                                                                       :op1 "United"
                                                                       :op2 "States"))
                                           :manner (s52.r / refugee)))
                 :ARG2 s52.i
                 :time (s52.y / year
                              :mod (s52.t / that))
                 :time (s52.a2 / after))
   :snt53 (s53.g / go-02
                 :ARG0 (s53.i / i
                              :same-as s2.i)
                 :ARG4 (s53.c / country
                              :name (s53.n / name
                                           :op1 "America")
                              :same-as s52.c2)
                 :concession (s53.t / tell-01
                                    :ARG0 (s53.p / person
                                                 :ARG0-of (s53.w3 / work-01
                                                                  :ARG1 (s53.s / society)
                                                                  :ARG2 s53.i))
                                    :ARG1 (s53.o / obligate-01
                                                 :ARG1 s53.i
                                                 :ARG2 (s53.g2 / go-02
                                                               :ARG0 s53.i
                                                               :ARG4 (s53.h / high-school)))
                                    :ARG2 s53.i)
                 :manner (s53.w / without
                                :op1 (s53.k / know-01
                                            :ARG0 s53.i
                                            :ARG1 (s53.w2 / word
                                                          :ARG3 (s53.l / language
                                                                       :name (s53.n2 / name
                                                                                     :op1 "English"))))))
   :snt54 (s54.p / person
                 :ARG0-of (s54.s2 / study-01)
                 :ARG1-of (s54.b / be-located-at-91
                                 :ARG2 (s54.c / country
                                              :name (s54.n / name
                                                           :op1 "North"
                                                           :op2 "Korea")
                                              :same-as s2.c)
                                 :mod (s54.e / even))
                 :domain (s54.i / i
                                :same-as s2.i)
                 :mod (s54.s / score-on-scale-91
                             :ARG1 "F"))
   :snt55 (s55.a / and
                 :op2 (s55.f / finish-01
                             :ARG0 (s55.i / i
                                          :same-as s2.i)
                             :ARG1 (s55.s / school
                                          :mod (s55.e / elementary))
                             :degree (s55.b / barely)))
   :snt56 (s56.a / and
                 :op2 (s56.r2 / remember-01
                              :ARG0 (s56.i / i
                                           :same-as s2.i)
                              :ARG1 (s56.f / fight-01
                                           :ARG0 s56.i
                                           :frequency (s56.r / rate-entity-91
                                                             :ARG1 (s56.m / more-than
                                                                          :op1 "1")
                                                             :ARG2 (s56.t / temporal-quantity
                                                                          :unit (s56.d / day)
                                                                          :quant "1"))
                                           :location (s56.s / school))))
   :snt57 (s57.p / playground
                 :domain (s57.a / and
                                :op1 (s57.b / book)
                                :op2 (s57.l / library))
                 :poss (s57.i / i
                              :same-as s2.i)
                 :polarity "-")
   :snt58 (s58.h2 / have-concession-91
                  :ARG1 (s58.w / work-09
                               :ARG1 (s58.m / motivate-01
                                            :ARG0 (s58.p / person
                                                         :ARG0-of (s58.h3 / have-rel-role-91
                                                                          :ARG1 (s58.i / i
                                                                                       :same-as s2.i)
                                                                          :ARG2 (s58.f / father))
                                                         :same-as s13.p2)
                                            :ARG1 s58.i
                                            :ARG2 (s58.s / study-01
                                                         :ARG0 s58.i))
                               :polarity "-")
                  :ARG2 (s58.t / try-01
                               :ARG0 s58.p
                               :ARG1 s58.m
                               :manner (s58.h / hard
                                              :degree (s58.v / very))))
   :snt59 (s59.g / give-up-07
                 :ARG0 (s59.p / person
                              :ARG0-of (s59.h / have-rel-role-91
                                              :ARG1 (s59.i / i
                                                           :same-as s2.i
                                                           :same-as s13.p2)
                                              :ARG2 (s59.f / father)))
                 :ARG1 s59.i
                 :time (s59.p2 / point
                               :quant "1"))
   :snt60 (s60.s / say-01
                 :ARG0 (s60.h2 / he
                               :same-as s13.p2)
                 :ARG1 (s60.h / have-rel-role-91
                              :ARG0 (s60.y / you
                                           :same-as s2.i)
                              :ARG1 s60.h2
                              :ARG2 (s60.s2 / son)
                              :time (s60.a / anymore)
                              :polarity "-"))
   :snt61 (s61.h / have-concession-91
                 :ARG1 (s61.a / age-01
                              :ARG1 (s61.i / i
                                           :same-as s2.i)
                              :ARG2 (s61.o2 / or
                                            :op1 (s61.t / temporal-quantity
                                                        :unit (s61.y / year)
                                                        :quant "11")
                                            :op2 (s61.t2 / temporal-quantity
                                                         :unit (s61.y2 / year)
                                                         :quant "12"))
                              :mod (s61.o / only))
                 :ARG2 (s61.h2 / hurt-01
                               :ARG0 (s61.i2 / it)
                               :ARG1 s61.i
                               :ARG1-of (s61.d / deep-02)))
   :snt62 (s62.h / have-concession-91
                 :ARG1 (s62.c / change-01
                              :ARG1 (s62.l / level
                                           :degree-of (s62.m / motivate-01
                                                             :ARG1 (s62.i / i
                                                                          :same-as s2.i))
                                           :poss s62.i)
                              :mod (s62.s / still)
                              :time (s62.b / before
                                           :op1 (s62.d / die-01
                                                       :ARG1 (s62.h2 / he
                                                                     :same-as s13.p2)))
                              :polarity "-"))
   :snt63 (s63.r2 / ridiculous-02
                  :ARG1 (s63.s / say-01
                               :ARG0 (s63.t / they)
                               :ARG1 (s63.r / recommend-01
                                            :ARG1 (s63.g / go-02
                                                         :ARG0 (s63.i / i
                                                                      :same-as s2.i)
                                                         :ARG1 (s63.h / high-school))))
                  :degree (s63.k / kind-of)
                  :location (s63.c / country
                                   :name (s63.n / name
                                                :op1 "America")
                                   :same-as s52.c2))
   :snt64 (s64.g / go-02
                 :ARG0 (s64.i / i
                              :same-as s2.i)
                 :ARG4 (s64.m / middle-school)
                 :mod (s64.e / even)
                 :polarity "-")
   :snt65 (s65.d / decide-01
                 :ARG0 (s65.i / i
                              :same-as s2.i)
                 :ARG1 (s65.g / go-02
                              :ARG0 s65.i)
                 :ARG1-of (s65.c / cause-01
                                 :ARG0 (s65.t / tell-01
                                              :ARG0 (s65.t2 / they
                                                            :same-as s63.t)
                                              :ARG1 (s65.g2 / go-02
                                                            :ARG0 s65.i)
                                              :ARG2 s65.i)
                                 :mod (s65.j / just))
                 :manner (s65.t3 / try-01
                                 :ARG0 s65.i
                                 :mod (s65.m / much)
                                 :polarity "-"))
   :snt66 (s66.c3 / contrast-01
                  :ARG2 (s66.a / and
                               :op1 (s66.c2 / come-01
                                            :ARG1 (s66.i / i
                                                         :same-as s2.i)
                                            :ARG4 (s66.h2 / home)
                                            :time (s66.d / day
                                                         :mod (s66.o / one)))
                               :op2 (s66.m / make-01
                                           :ARG0 (s66.p / person
                                                        :ARG0-of (s66.h / have-rel-role-91
                                                                        :ARG1 s66.i
                                                                        :ARG2 (s66.m2 / mother
                                                                                      :mod (s66.f / foster)))
                                                        :same-as s15.i)
                                           :ARG1 (s66.w / wing
                                                        :mod (s66.c / chicken))
                                           :time (s66.d2 / dinner))))
   :snt67 (s67.a2 / and
                  :op2 (s67.c2 / contrast-01
                               :ARG1 (s67.w / want-01
                                            :ARG0 (s67.i / i
                                                         :same-as s2.i)
                                            :ARG1 (s67.h / have-03
                                                         :ARG0 s67.i
                                                         :ARG1 (s67.w2 / wing
                                                                       :mod (s67.m / more)
                                                                       :quant "1"))
                                            :time (s67.d2 / dinner))
                               :ARG2 (s67.r / realize-01
                                            :ARG0 s67.i
                                            :ARG0-of (s67.c / cause-01
                                                            :ARG1 (s67.d / decide-01
                                                                         :ARG0 s67.i
                                                                         :ARG1 (s67.a / against
                                                                                      :op1 s67.h)))
                                            :ARG1 (s67.h2 / have-quant-91
                                                          :ARG1 s67.w2
                                                          :ARG3 (s67.e / enough)
                                                          :ARG6 (s67.e2 / everyone)
                                                          :polarity "-"))))
   :snt68 (s68.s / see-01
                 :ARG0 (s68.i / i
                              :same-as s2.i)
                 :ARG1 (s68.w / wing
                              :ARG1-of (s68.g / give-01
                                              :ARG0 (s68.p / person
                                                           :ARG0-of (s68.h / have-rel-role-91
                                                                           :ARG1 s68.i
                                                                           :ARG2 (s68.f / father
                                                                                        :mod (s68.f2 / foster)))
                                                           :same-as s13.p2)
                                              :ARG2 s68.i)
                              :mod (s68.c / chicken)
                              :mod (s68.l / last))
                 :time (s68.l2 / look-01
                               :ARG0 s68.i
                               :ARG1 (s68.p2 / plate
                                             :poss s68.i)
                               :direction (s68.d / down)))
   :snt69 (s69.h / happy-01
                 :ARG1 (s69.i / i
                              :same-as s2.i)
                 :degree (s69.s / so))
   :snt70 (s70.l / look-01
                 :ARG0 (s70.i / i
                              :same-as s2.i)
                 :ARG1 (s70.s / sit-01
                              :ARG1 (s70.h / he)
                              :ARG2 (s70.n / next-to
                                           :op1 s70.i)
                              :same-as s13.p2))
   :snt71 (s71.c / contrast-01
                 :ARG1 (s71.l / look-01
                              :ARG0 (s71.h / he
                                           :same-as s13.p2)
                              :ARG0-of (s71.w / warm-06
                                              :degree (s71.v / very))
                              :ARG1 (s71.i / i
                                           :same-as s2.i)
                              :direction (s71.b / back)
                              :mod (s71.j / just))
                 :ARG2 (s71.s / say-01
                              :ARG0 s71.h
                              :ARG1 (s71.w2 / word)
                              :polarity "-"))
   :snt72 (s72.r / remember-01
                 :ARG0 (s72.i / i
                              :same-as s2.i)
                 :ARG1 (s72.p / person
                              :ARG0-of (s72.h / have-rel-role-91
                                              :ARG1 s72.i
                                              :ARG2 (s72.f / father
                                                           :mod (s72.b / biology)))
                              :same-as s13.p2)
                 :manner (s72.s / sudden))
   :snt73 (s73.r / remind-01
                 :ARG0 (s73.a / act-02
                              :ARG0 (s73.p / person
                                           :ARG0-of (s73.h / have-rel-role-91
                                                           :ARG1 (s73.i / i
                                                                        :same-as s2.i
                                                                        :same-as s13.p2)
                                                           :ARG2 (s73.f / father
                                                                        :mod (s73.f3 / foster)))
                                           :ARG0-of (s73.l2 / love-02
                                                            :ARG1 (s73.s / share-01
                                                                         :ARG0 s73.p
                                                                         :ARG1 (s73.f2 / food
                                                                                       :poss s73.p)
                                                                         :ARG2 s73.i
                                                                         :time (s73.h2 / hunger-01
                                                                                       :ARG0 s73.p))
                                                            :concession (s73.e / even-if
                                                                               :op1 (s73.s3 / starve-01
                                                                                            :ARG1 s73.p))
                                                            :same-as s13.p2))
                              :ARG1 (s73.l / love-01
                                           :ARG0 s73.p)
                              :mod (s73.s2 / small))
                 :ARG2 s73.i)
   :snt74 (s74.h2 / have-concession-91
                  :ARG1 (s74.d / die-01
                               :ARG1 (s74.p / person
                                            :ARG0 (s74.s3 / starve-01)
                                            :ARG1-of s74.s3
                                            :ARG0-of (s74.h5 / have-rel-role-91
                                                             :ARG1 (s74.i / i
                                                                          :same-as s2.i)
                                                             :ARG2 (s74.f / father)
                                                             :same-as s13.p2)))
                  :ARG2 (s74.f2 / feel-01
                                :ARG0 s74.i
                                :ARG1 (s74.s4 / suffocate-01
                                              :ARG1 s74.i
                                              :ARG2-of (s74.h3 / have-degree-91
                                                               :ARG0-of (s74.c / cause-01
                                                                               :ARG1 (s74.h / have-03
                                                                                            :ARG0 s74.i
                                                                                            :ARG1 (s74.f3 / food
                                                                                                          :ARG1-of (s74.h4 / have-quant-91
                                                                                                                           :ARG2 (s74.m / much)
                                                                                                                           :ARG3 (s74.s2 / so)))
                                                                                            :location (s74.c2 / country
                                                                                                              :name (s74.n / name
                                                                                                                           :op1 "America")
                                                                                                              :same-as s52.c2)))
                                                               :ARG3 (s74.s / so)))))
   :snt75 (s75.a2 / and
                  :op1 (s75.w / wish-01
                              :ARG0 (s75.i / i
                                           :same-as s2.i)
                              :ARG1 (s75.c / cook-01
                                           :ARG0 s75.i
                                           :ARG1 (s75.m / meal)
                                           :ARG2 (s75.h / he
                                                        :same-as s13.p2))
                              :mod (s75.o / only)
                              :time (s75.d / date-entity
                                           :dayperiod (s75.n / night)
                                           :mod (s75.t / that)))
                  :op2 (s75.t3 / think-01
                               :ARG0 s75.i
                               :ARG1 (s75.t2 / thing
                                             :ARG1-of (s75.d2 / do-02
                                                              :ARG0 s75.i
                                                              :ARG1-of (s75.p / possible-01)
                                                              :ARG2 (s75.h2 / honor-01
                                                                            :ARG0 s75.i
                                                                            :ARG1 s75.h))
                                             :mod (s75.e / else))
                               :mod (s75.a / also)
                               :time s75.d))
   :snt76 (s76.a / and
                 :op2 (s76.a3 / answer-01
                              :ARG0 (s76.i / i
                                           :same-as s2.i)
                              :ARG2 (s76.p / promise-01
                                           :ARG0 s76.i
                                           :ARG1 s76.i
                                           :ARG2 (s76.a2 / and
                                                         :op1 (s76.s2 / study-01
                                                                      :ARG0 s76.i
                                                                      :ARG1-of (s76.h / hard-02))
                                                         :op2 (s76.g / get-01
                                                                     :ARG0 s76.i
                                                                     :ARG1 (s76.e / educate-01
                                                                                  :purpose (s76.h4 / honor-01
                                                                                                   :ARG0 s76.i
                                                                                                   :ARG1 (s76.s / sacrifice-01
                                                                                                                :ARG0 (s76.h3 / he
                                                                                                                              :same-as s13.p2)))
                                                                                  :ARG1 s76.i
                                                                                  :ARG1-of (s76.h2 / have-degree-91
                                                                                                   :ARG2 (s76.g2 / good-02
                                                                                                                 :ARG1 s76.e)
                                                                                                   :ARG3 (s76.m / most)
                                                                                                   :location (s76.c / country
                                                                                                                    :name (s76.n / name
                                                                                                                                 :op1 "America")
                                                                                                                    :same-as s52.c2))))))))
   :snt77 (s77.a2 / and
                  :op1 (s77.t / take-04
                              :ARG0 (s77.i / i
                                           :same-as s2.i)
                              :ARG1 (s77.s / school)
                              :ARG2 (s77.s3 / serious-01
                                            :ARG2 s77.s))
                  :op2 (s77.a3 / and
                               :op1 (s77.r / receive-01
                                           :ARG0 s77.i
                                           :ARG1 (s77.a4 / award-01
                                                         :ARG2 s77.i
                                                         :ARG3 (s77.e2 / excel-01
                                                                       :ARG0 s77.i)
                                                         :mod (s77.a / academia)))
                               :op2 (s77.m / make-18
                                           :ARG0 s77.i
                                           :ARG1 (s77.l2 / list-01
                                                         :ARG2 (s77.d / dean))
                                           :time (s77.s2 / semester
                                                         :ord (s77.o2 / ordinal-entity
                                                                      :value "1")
                                                         :time-of (s77.h / high-school)))
                               :ord (s77.o / ordinal-entity
                                           :range (s77.l / life
                                                         :poss s77.i
                                                         :same-as s17.l)
                                           :time (s77.e / ever)
                                           :value "1")))
   :snt78 (s78.c / change-01
                 :ARG0 (s78.w / wing
                              :mod (s78.t / that)
                              :part-of (s78.c2 / chicken))
                 :ARG1 (s78.l / life
                              :poss (s78.i / i
                                           :same-as s2.i)))
   :snt79 (s79.p / personal-02
                 :ARG1 (s79.h / hopeful-03))
   :snt80 (s80.h / hopeful-03
                 :ARG1-of (s80.g / give-01
                                 :ARG0 (s80.n / no-one)
                                 :ARG1-of (s80.p / possible-01)
                                 :ARG2 (s80.y / you)))
   :snt81 (s81.o / obligate-01
                 :ARG1 (s81.y / you)
                 :ARG2 (s81.c / choose-01
                              :ARG0 s81.y
                              :ARG1 (s81.b / believe-01
                                           :ARG0 s81.y
                                           :ARG1 (s81.h / hopeful-03))))
   :snt82 (s82.o / obligate-01
                 :ARG1 (s82.y / you)
                 :ARG2 (s82.m / make-01
                              :ARG0 s82.y
                              :ARG1 (s82.i / it
                                           :same-as s81.h)))
   :snt83 (s83.m / make-01
                 :ARG0 (s83.i / i
                              :same-as s2.i)
                 :ARG1 (s83.i2 / it
                               :same-as s81.h)
                 :location (s83.c / country
                                  :name (s83.n / name
                                               :op1 "North"
                                               :op2 "Korea")
                                  :same-as s2.c))
   :snt84 (s84.b / bring-01
                 :ARG0 (s84.h / hopeful-03
                              :ARG0 (s84.i / i
                                           :same-as s2.i))
                 :ARG1 s84.i
                 :ARG2 (s84.c / country
                              :name (s84.n / name
                                           :op1 "America")
                              :same-as s52.c2))
   :snt85 (s85.c2 / contrast-01
                  :ARG2 (s85.k / know-01
                               :ARG0 (s85.i / i
                                            :same-as s2.i)
                               :ARG1 (s85.t / thing
                                            :ARG1-of (s85.d / do-02
                                                            :ARG0 s85.i))
                               :ARG1-of (s85.c / cause-01
                                               :ARG0 (s85.h / have-03
                                                            :ARG0 s85.i
                                                            :ARG1 (s85.f / free-04
                                                                         :ARG0-of (s85.o / overwhelm-01)
                                                                         :ARG1 s85.i
                                                                         :mod (s85.t2 / this))))
                               :location (s85.c3 / country
                                                 :name (s85.n / name
                                                              :op1 "America")
                                                 :same-as s52.c2)
                               :polarity "-"))
   :snt86 (s86.a / and
                 :op1 (s86.d2 / direct-01
                              :ARG0 (s86.p / person
                                           :ARG0-of (s86.h / have-rel-role-91
                                                           :ARG1 (s86.i / i
                                                                        :same-as s2.i
                                                                        :same-as s13.p2)
                                                           :ARG2 (s86.f / father
                                                                        :mod (s86.f2 / foster)))
                                           :location (s86.d / dinner
                                                            :mod (s86.t / that)))
                              :ARG1 s86.i)
                 :op2 (s86.m / motivate-01
                             :ARG0 s86.p
                             :ARG1 s86.i)
                 :op3 (s86.p2 / purpose-01
                              :ARG0 s86.p
                              :ARG1 (s86.l / live-01
                                           :ARG0 s86.i
                                           :location (s86.c / country
                                                            :name (s86.n / name
                                                                         :op1 "America")
                                                            :same-as s52.c2))))
   :snt87 (s87.c / come-01
                 :ARG1 (s87.i / i
                              :same-as s2.i)
                 :ARG4 (s87.h / here)
                 :mod (s87.b / by-oneself
                             :same-as s2.i)
                 :polarity "-")
   :snt88 (s88.c / contrast-01
                 :ARG1 (s88.h2 / hopeful-03
                               :ARG0 (s88.i / i
                                            :same-as s2.i))
                 :ARG2 (s88.h / have-quant-91
                              :ARG1 s88.h2
                              :ARG3 (s88.e / enough)
                              :mod (s88.b / by-oneself
                                          :same-as s88.b)
                              :polarity "-"))
   :snt89 (s89.h / help-01
                 :ARG0 (s89.p / person
                              :quant (s89.m / many))
                 :ARG1 (s89.g / get-05
                              :ARG1 (s89.i / i
                                           :same-as s2.i)
                              :ARG2 (s89.h2 / here))
                 :ARG2 s89.i
                 :time (s89.a / along
                              :op1 (s89.w / way)))
   :snt90 (s90.f / fight-01
                 :ARG0 (s90.p / person
                              :source (s90.c / country
                                             :name (s90.n / name
                                                          :op1 "North"
                                                          :op2 "Korea"))
                              :same-as s2.c)
                 :ARG1 (s90.s / survive-01
                              :ARG0 s90.p)
                 :ARG1-of (s90.h / hard-02))
   :snt91 (s91.c / contrast-01
                 :ARG1 (s91.o / obligate-01
                              :ARG1 (s91.t / they
                                           :same-as s2.c)
                              :ARG2 (s91.f / force-01
                                           :ARG0 s91.t
                                           :ARG1 s91.t
                                           :ARG2 (s91.a / and
                                                        :op1 (s91.s / survive-01
                                                                    :ARG0 s91.t)
                                                        :op2 (s91.h2 / hopeful-03
                                                                     :ARG0 s91.t
                                                                     :ARG1 s91.s))))
                 :ARG2 (s91.p / possible-01
                              :ARG1 (s91.m / make-it-14
                                           :ARG0 s91.t
                                           :ARG1 (s91.i / it)
                                           :condition (s91.h / help-01
                                                             :ARG2 s91.t
                                                             :polarity "-"))
                              :polarity "-"))
   :snt92 (s92.m / message-01
                 :ARG0 (s92.i / i
                              :same-as s2.i)
                 :ARG1 (s92.t / this)
                 :ARG2 (s92.y / you))
   :snt93 (s93.c / contrast-01
                 :ARG1 (s93.h / have-03
                              :ARG0 (s93.y / you)
                              :ARG1 (s93.h3 / hopeful-03
                                            :ARG0 s93.y
                                            :ARG1 s93.y))
                 :ARG2 (s93.h2 / help-01
                               :ARG1 (s93.o / other
                                            :mod (s93.e / each))
                               :mod (s93.a / also)))
   :snt94 (s94.p / possible-01
                 :ARG1 (s94.h / hard-02
                              :ARG1 (s94.l / live-01)
                              :beneficiary (s94.e / everyone))
                 :location (s94.l3 / location
                                   :location-of (s94.l2 / live-01
                                                        :ARG0 (s94.y / you
                                                                     :same-as s92.y))))
   :snt95 (s95.i2 / intend-01
                  :ARG0 (s95.p / person
                               :ARG0-of (s95.h / have-rel-role-91
                                               :ARG1 (s95.i / i
                                                            :same-as s2.i)
                                               :ARG2 (s95.f / father
                                                            :mod (s95.f2 / foster)))
                               :same-as s13.p2)
                  :ARG1 (s95.c / change-01
                               :ARG0 s95.p
                               :ARG1 (s95.l / life
                                            :poss s95.i))
                  :polarity "-")
   :snt96 (s96.p / possible-01
                 :ARG1 (s96.c / change-01
                              :ARG0 (s96.y / you
                                           :same-as s92.y)
                              :ARG1 (s96.l / life
                                           :poss (s96.s3 / someone))
                              :instrument (s96.a / act-02
                                                 :ARG0 s96.y
                                                 :ARG1 (s96.l2 / love-01
                                                               :ARG0 s96.s3)
                                                 :ARG1-of (s96.h / have-degree-91
                                                                 :ARG2 (s96.s2 / small)
                                                                 :ARG3 (s96.m / most))
                                                 :mod (s96.e / even))
                              :mod (s96.a2 / also))
                 :manner (s96.w / way
                                :ARG1-of (s96.s / same-01)))
   :snt97 (s97.a / and
                 :op1 (s97.p2 / possible-01
                              :ARG1 (s97.s / satisfy-01
                                           :ARG0 (s97.p / piece
                                                        :consist-of (s97.b / bread))
                                           :ARG1 (s97.h3 / hunger-01
                                                         :ARG0 (s97.y / you))))
                 :op2 (s97.b2 / bring-01
                              :purpose (s97.k / keep-02
                                              :ARG0 s97.b
                                              :ARG1 (s97.l / live-01
                                                           :ARG0 s97.y))
                              :ARG0 (s97.h / have-03
                                           :ARG0 s97.y
                                           :ARG1 (s97.h2 / hopeful-03))
                              :ARG1 s97.b))
   :snt98 (s98.c4 / contrast-01
                  :ARG2 (s98.b / believe-01
                               :ARG0 (s98.i / i
                                            :same-as s2.i)
                               :ARG1 (s98.p3 / possible-01
                                             :ARG1 (s98.a4 / and
                                                           :op1 (s98.s / save-02
                                                                       :ARG0 (s98.a / act-02
                                                                                    :ARG0 (s98.y / you
                                                                                                 :same-as s92.y)
                                                                                    :ARG1 (s98.a3 / and
                                                                                                  :op1 (s98.l2 / love-01
                                                                                                               :ARG0 s98.y)
                                                                                                  :op2 (s98.c / care-01
                                                                                                              :ARG0 s98.y)))
                                                                       :ARG1 (s98.l / life
                                                                                    :poss (s98.p / person
                                                                                                 :name (s98.n / name
                                                                                                              :op1 "Joseph")
                                                                                                 :mod (s98.a5 / another))))
                                                           :op2 (s98.c2 / change-01
                                                                        :ARG0 s98.a
                                                                        :ARG1 (s98.p2 / person
                                                                                      :quant (s98.m / multiple
                                                                                                    :op1 "1000")
                                                                                      :ARG0-of (s98.h / hope-01
                                                                                                      :ARG1 (s98.s3 / survive-01
                                                                                                                    :ARG0 s98.p2)
                                                                                                      :mod (s98.s2 / still))
                                                                                      :mod (s98.o / other)
                                                                                      :mod (s98.r / religious-group
                                                                                                  :name (s98.n2 / name
                                                                                                                :op1 "John")))))
                                             :mod (s98.a2 / also))
                               :ARG2-of (s98.c3 / confident-01)))
   :snt99 (s99.t / thank-01
                 :ARG1 (s99.y / you
                              :same-as s2.i))
   :snt100 (s100.s / say-01
                   :ARG0 (s100.p / person
                                 :name (s100.n / name
                                               :op1 "Adrian"
                                               :op2 "Hong"))
                   :ARG1 (s100.t / thank-01
                                 :ARG0 s100.p
                                 :ARG1 (s100.p2 / person
                                                :name (s100.n2 / name
                                                               :op1 "Joseph")
                                                :same-as s2.i)
                                 :ARG2 (s100.s2 / share-01
                                                :ARG0 s100.p2
                                                :ARG1 (s100.s4 / story
                                                               :ARG1-of (s100.s3 / special-02
                                                                                 :degree (s100.v / very))
                                                               :ARG1-of (s100.p3 / personal-02
                                                                                 :degree s100.v))
                                                :ARG2 (s100.w / we))))
   :snt101 (s101.a2 / and
                    :op1 (s101.k / know-01
                                 :ARG0 (s101.i / i
                                               :same-as s100.p)
                                 :ARG1 (s101.s2 / see-01
                                                :ARG0 (s101.y / you
                                                              :same-as s2.i)
                                                :ARG1 (s101.p / person
                                                              :ARG0-of (s101.h / have-rel-role-91
                                                                               :ARG1 s101.y
                                                                               :ARG2 (s101.s5 / sister))
                                                              :same-as s6.i)
                                                :polarity "-"))
                    :op2 (s101.s / say-01
                                 :ARG0 s101.y
                                 :ARG1 (s101.b / before
                                               :duration (s101.a / almost
                                                                 :op1 (s101.e / exact
                                                                              :op1 (s101.t / temporal-quantity
                                                                                           :unit (s101.d / decade)
                                                                                           :quant "1")))
                                               :op1 (s101.n / now)))
                    :op3 (s101.w / want-01
                                 :ARG0 (s101.w2 / we
                                                :same-as s100.w)
                                 :ARG1 (s101.g / give-01
                                               :ARG0 s101.w2
                                               :ARG1 (s101.o2 / opportunity
                                                              :mod (s101.s4 / send-01
                                                                            :ARG0 s101.w2
                                                                            :ARG1 (s101.m / message)
                                                                            :ARG2 s101.p))
                                               :ARG2 s101.p)
                                 :condition (s101.c / chance-02
                                                    :ARG0 s101.w2
                                                    :ARG1 (s101.p2 / possible-01
                                                                   :ARG1 (s101.s3 / see-01
                                                                                  :ARG0 s101.p
                                                                                  :ARG1 (s101.t2 / this)))
                                                    :mod (s101.o / off))))
   :snt102 (s102.a2 / ask-01
                    :ARG0 (s102.p / person
                                  :name (s102.n / name
                                                :op1 "Joseph"
                                                :op2 "Kim")
                                  :same-as s2.i)
                    :ARG3 (s102.l / language
                                  :name (s102.n2 / name
                                                 :op1 "Korean"))
                    :polarity (s102.a / amr-unknown))
   :snt103 (s103.s / say-01
                   :ARG0 (s103.p / person
                                 :name (s103.n / name
                                               :op1 "AH"))
                   :ARG1 (s103.p2 / possible-01
                                  :ARG1 (s103.a / and
                                                :op1 (s103.d / do-02
                                                             :ARG0 (s103.y / you
                                                                           :same-as s2.i)
                                                             :ARG1 (s103.l / language
                                                                           :name (s103.n2 / name
                                                                                          :op1 "English")
                                                                           :same-as s53.l))
                                                :op2 (s103.d2 / do-02
                                                              :ARG0 s103.y
                                                              :ARG1 (s103.l2 / language
                                                                             :name (s103.n3 / name
                                                                                            :op1 "Korean"
                                                                                            :same-as s102.l))
                                                              :mod (s103.a2 / as-well)
                                                              :time (s103.t / then)))))
   :snt104 (s104.s / say-01
                   :ARG0 (s104.p / person
                                 :name (s104.n / name
                                               :op1 "JK"))
                   :ARG1 (s104.c / cause-01
                                 :ARG0 (s104.t2 / think-01
                                                :ARG0 (s104.i / i
                                                              :manner (s104.t / tear-up-04
                                                                              :polarity "-")
                                                              :ARG0-of s104.t
                                                              :same-as s2.i)
                                                :ARG1 (s104.p2 / possible-01
                                                               :ARG1 (s104.m / make-it-14
                                                                             :ARG0 s104.i
                                                                             :ARG1-of (s104.l2 / long-03)
                                                                             :medium (s104.l / language
                                                                                             :name (s104.n2 / name
                                                                                                            :op1 "Korean")
                                                                                             :same-as s102.l)
                                                                             :time (s104.a / anymore)
                                                                             :ARG1-of s104.c
                                                                             :polarity "-"))
                                                :polarity "-"))
                   :rel "-")
   :snt105 (s105.s / say-01
                   :ARG0 (s105.i / i
                                 :same-as s2.i)
                   :ARG1 (s105.s2 / see-01
                                  :ARG0 s105.i
                                  :ARG1 (s105.p / person
                                                :name (s105.n / name
                                                              :op1 "Nuna")
                                                :same-as s6.i)
                                  :duration (s105.t / temporal-quantity
                                                    :time (s105.a / already)
                                                    :unit (s105.y / year)
                                                    :quant "10")
                                  :polarity "-")
                   :ARG2 s105.p)
   :snt106 (s106.w / want-01
                   :ARG0 (s106.i / i
                                 :same-as s2.i)
                   :ARG1 (s106.s / say-01
                                 :ARG0 s106.i
                                 :ARG1 (s106.a / and
                                               :op1 (s106.m / miss-01
                                                            :ARG0 s106.i
                                                            :ARG1 "you")
                                               :op2 (s106.l2 / love-01
                                                             :ARG0 s106.i
                                                             :ARG1 "you")
                                               :op3 (s106.a2 / and
                                                             :op1 (s106.c / come-01
                                                                          :ARG4 s106.i
                                                                          :direction (s106.b / back)
                                                                          :ARG1 "you"
                                                                          :mode "you"
                                                                          :polite "+")
                                                             :op2 (s106.s2 / stay-01
                                                                           :ARG1 (s106.i2 / imperative)
                                                                           :ARG3 (s106.l / live-01
                                                                                         :ARG0 s106.i)))))
                   :mod (s106.j / just))
   :snt107 (s107.a / and
                   :mod (s107.g / gosh
                                :mod (s107.o / oh
                                             :mode "expressive"))
                   :op2 (s107.i / i
                                :same-as s2.i))
   :snt108 (s108.g / give-up-07
                   :ARG0 (s108.i / i
                                 :same-as s2.i)
                   :ARG1 (s108.h / hope-01
                                 :ARG0 s108.i
                                 :ARG1 (s108.s / see-01
                                               :ARG0 s108.i
                                               :ARG1 (s108.y / you
                                                             :same-as s6.i)))
                   :mod (s108.s2 / still)
                   :polarity "-")
   :snt109 (s109.a3 / and
                    :op1 (s109.a2 / and
                                  :op1 (s109.l2 / live-01
                                                :ARG0 (s109.i / i
                                                              :same-as s2.i)
                                                :ARG1 (s109.l / life
                                                              :poss s109.i)
                                                :ARG1-of (s109.h / happy-01))
                                  :op2 (s109.s2 / study-01
                                                :ARG0 s109.i
                                                :ARG1-of (s109.h2 / hard-02)
                                                :time (s109.u / until
                                                              :op1 (s109.s / see-01
                                                                           :ARG0 s109.i
                                                                           :ARG1 (s109.y / you
                                                                                         :same-as s6.i)))))
                    :op2 (s109.p / promise-01
                                 :ARG0 s109.i
                                 :ARG2 (s109.c / cry-02
                                               :ARG0 s109.i
                                               :mod (s109.a / again)
                                               :polarity "-")))
   :snt110 (s110.a2 / and
                    :op1 (s110.l2 / look-forward-03
                                  :ARG0 (s110.i / i
                                                :same-as s2.i)
                                  :ARG1 (s110.s / see-01
                                                :ARG0 s110.i
                                                :ARG1 (s110.y / you
                                                              :same-as s6.i))
                                  :mod (s110.j / just))
                    :op2 (s110.l / look-01
                                 :ARG0 s110.i
                                 :ARG1 s110.y
                                 :condition (s110.p / possible-01
                                                    :ARG1 (s110.f / find-01
                                                                  :ARG0 s110.y
                                                                  :ARG1 s110.i)
                                                    :polarity "-")
                                 :mod (s110.a / also))
                    :op3 (s110.h / hope-01
                                 :ARG0 s110.i
                                 :ARG1 (s110.s2 / see-01
                                                :ARG0 s110.i
                                                :ARG1 s110.y
                                                :time (s110.d / day
                                                              :mod (s110.o / one)))))
   :snt111 (s111.a3 / and
                    :op2 (s111.p2 / possible-01
                                  :ARG1 (s111.m / make-01
                                                :ARG0 (s111.i / i
                                                              :same-as s2.i)
                                                :ARG1 (s111.m2 / message-01
                                                               :ARG0 s111.i
                                                               :ARG2 (s111.p / person
                                                                             :ARG0-of (s111.h / have-rel-role-91
                                                                                              :ARG1 s111.i
                                                                                              :ARG2 (s111.m3 / mom))
                                                                             :same-as s15.i)
                                                               :mod (s111.s / small))
                                                :mod (s111.a / also))
                                  :polarity (s111.a2 / amr-unknown)))
   :snt112 (s112.s / say-01
                   :ARG0 (s112.p / person
                                 :name (s112.n / name
                                               :op1 "AH"))
                   :ARG1 (s112.s2 / sure-02
                                  :ARG0 (s112.y / you))
                   :mode "imperative"
                   :polite "+")
   :snt113 (s113.s / say-01
                   :ARG0 (s113.p / person
                                 :name (s113.n / name
                                               :op1 "JK")
                                 :same-as s104.p)
                   :ARG1 (s113.c / contrast-01
                                 :ARG1 (s113.s2 / spend-02
                                                :ARG0 (s113.i / i
                                                              :same-as s2.i)
                                                :ARG1 (s113.t2 / time
                                                               :quant (s113.m / much))
                                                :accompanier (s113.y / you
                                                                     :same-as s15.i)
                                                :polarity "-")
                                 :ARG2 (s113.k / know-01
                                               :ARG0 s113.i
                                               :ARG1 (s113.a / and
                                                             :op1 (s113.l / love-01
                                                                          :ARG0 s113.y
                                                                          :ARG1 s113.i
                                                                          :time (s113.s3 / still))
                                                             :op2 (s113.p3 / probable
                                                                           :domain (s113.a2 / and
                                                                                            :op1 (s113.p2 / pray-01
                                                                                                          :ARG0 s113.y
                                                                                                          :ARG1 s113.i
                                                                                                          :mod s113.s3)
                                                                                            :op2 (s113.t / think-01
                                                                                                         :ARG0 s113.y
                                                                                                         :ARG1 s113.i)))))))
   :snt114 (s114.w / want-01
                   :ARG0 (s114.i / i
                                 :same-as s2.i)
                   :ARG1 (s114.s / say-01
                                 :ARG0 s114.i
                                 :ARG1 (s114.t / thank-01
                                               :ARG0 s114.i
                                               :ARG1 (s114.y / you
                                                             :same-as s15.i)
                                               :ARG2 (s114.l / let-01
                                                             :ARG0 s114.y
                                                             :ARG1 s114.i
                                                             :ARG2 (s114.b / be-located-at-91
                                                                           :ARG1 s114.i
                                                                           :ARG2 (s114.w2 / world
                                                                                          :mod (s114.t2 / this))))))
                   :mod (s114.j / just))
   :snt115 (s115.t / thank-01
                   :ARG1 (s115.y / you
                                 :same-as s2.i)))

