# ::id doc-590
# ::doc_file doc-590
# ::tok http : / / www . ted . com / talks / hans_rosling_religions_and_babies< / url> <next_sent> I 'm going to talk about religion . <next_sent> But it 's a broad and very delicate subject , so I have to limit myself . <next_sent> And therefore I will limit myself to only talk about the links between religion and sexuality . <next_sent> This is a very serious talk . <next_sent> So I will talk of what I remember as the most wonderful . <next_sent> It 's when the young couple whisper , " Tonight we are going to make a baby . " <next_sent> My talk will be about the impact of religions on the number of babies per woman . <next_sent> This is indeed important , because everyone understands that there is some sort of limit on how many people we can be on this planet . <next_sent> And there are some people who say that the world population is growing like this -- three billion in 1960 , seven billion just last year -- and it will continue to grow because there are religions that stop women from having few babies , and it may continue like this . <next_sent> To what extent are these people right ? <next_sent> When I was born there was less than one billion children in the world , and today , 2000 , there 's almost two billion . <next_sent> What has happened since , and what do the experts predict will happen with the number of children during this century ? <next_sent> This is a quiz . <next_sent> What do you think ? <next_sent> Do you think it will decrease to one billion ? <next_sent> Will it remain the same and be two billion by the end of the century ? <next_sent> Will the number of children increase each year up to 15 years , or will it continue in the same fast rate and be four billion children up there ? <next_sent> I will tell you by the end of my speech . <next_sent> But now , what does religion have to do with it ? <next_sent> When you want to classify religion , it 's more difficult than you think . <next_sent> You go to Wikipedia and the first map you find is this . <next_sent> It divides the world into Abrahamic religions and Eastern religion , but that 's not detailed enough . <next_sent> So we went on and we looked in Wikipedia , we found this map . <next_sent> But that subdivides Christianity , Islam and Buddhism into many subgroups , which was too detailed . <next_sent> Therefore at Gapminder we made our own map , and it looks like this . <next_sent> Each country 's a bubble . <next_sent> The size is the population -- big China , big India here . <next_sent> And the color now is the majority religion . <next_sent> It 's the religion where more than 50 percent of the people say that they belong . <next_sent> It 's Eastern religion in India and China and neighboring Asian countries . <next_sent> Islam is the majority religion all the way from the Atlantic Ocean across the Middle East , Southern Europe and through Asia all the way to Indonesia . <next_sent> That 's where we find Islamic majority . <next_sent> And Christian majority religions , we see in these countries . <next_sent> They are blue . <next_sent> And that is most countries in America and Europe , many countries in Africa and a few in Asia . <next_sent> The white here are countries which cannot be classified , because one religion does not reach 50 percent or there is doubt about the data or there 's some other reason . <next_sent> So we were careful with that . <next_sent> So bear with our simplicity now when I take you over to this shot . <next_sent> This is in 1960 . <next_sent> And now I show the number of babies per woman here : two , four or six -- many babies , few babies . <next_sent> And here the income per person in comparable dollars . <next_sent> The reason for that is that many people say you have to get rich first before you get few babies . <next_sent> So low income here , high income there . <next_sent> And indeed in 1960 , you had to be a rich Christian to have few babies . <next_sent> The exception was Japan . <next_sent> Japan here was regarded as an exception . <next_sent> Otherwise it was only Christian countries . <next_sent> But there was also many Christian countries that had six to seven babies per woman . <next_sent> But they were in Latin America or they were in Africa . <next_sent> And countries with Islam as the majority religion , all of them almost had six to seven children per woman , irregardless of the income level . <next_sent> And all the Eastern religions except Japan had the same level . <next_sent> Now let 's see what has happened in the world . <next_sent> I start the world , and here we go . <next_sent> Now 1962 -- can you see they 're getting a little richer , but the number of babies per woman is falling ? <next_sent> Look at China . <next_sent> They 're falling fairly fast . <next_sent> And all of the Muslim majority countries across the income are coming down , as do the Christian majority countries in the middle income range . <next_sent> And when we enter into this century , you 'll find more than half of mankind down here . <next_sent> And by 2010 , we are actually 80 percent of humans who live in countries with about two children per woman . <next_sent> It 's a quite amazing development which has happened . <next_sent> And these are countries from United States here , with $ 40,000 per capita , France , Russia , Iran , Mexico , Turkey , Algeria , Indonesia , India and all the way to Bangladesh and Vietnam , which has less than five percent of the income per person of the United States and the same amount of babies per woman . <next_sent> I can tell you that the data on the number of children per woman is surprisingly good in all countries . <next_sent> We get that from the census data . <next_sent> It 's not one of these statistics which is very doubtful . <next_sent> So what we can conclude is you do n't have to get rich to have few children . <next_sent> It has happened across the world . <next_sent> And then when we look at religions , we can see that the Eastern religions , indeed there 's not one single country with a majority of that religion that has more than three children . <next_sent> Whereas with Islam as a majority religion and Christianity , you see countries all the way . <next_sent> But there 's no major difference . <next_sent> There 's no major difference between these religions . <next_sent> There is a difference with income . <next_sent> The countries which have many babies per woman here , they have quite low income . <next_sent> Most of them are in sub - Saharan Africa . <next_sent> But there are also countries here like Guatemala , like Papua New Guinea , like Yemen and Afghanistan . <next_sent> Many think that Afghanistan here and Congo , which have suffered severe conflicts , that they do n't have fast population growth . <next_sent> It 's the other way around . <next_sent> In the world today , it 's the countries that have the highest mortality rates that have the fastest population growth . <next_sent> Because the death of a child is compensated by one more child . <next_sent> These countries have six children per woman . <next_sent> They have a sad death rate of one to two children per woman . <next_sent> But 30 years from now , Afghanistan will go from 30 million to 60 million . <next_sent> Congo will go from 60 to 120 . <next_sent> That 's where we have the fast population growth . <next_sent> And many think that these countries are stagnant , but they are not . <next_sent> Let me compare Senegal , a Muslim dominated country , with a Christian dominated country , Ghana . <next_sent> I take them backwards here to their independence , when they were up here in the beginning of the 1960 s . <next_sent> Just look what they have done . <next_sent> It 's an amazing improvement , from seven children per woman , they 've gone all the way down to between four and five . <next_sent> It 's a tremendous improvement . <next_sent> So what does it take ? <next_sent> Well we know quite well what is needed in these countries . <next_sent> You need to have children to survive . <next_sent> You need to get out of the deepest poverty so children are not of importance for work in the family . <next_sent> You need to have access to some family planning . <next_sent> And you need the fourth factor , which perhaps is the most important factor . <next_sent> But let me illustrate that fourth factor by looking at Qatar . <next_sent> Here we have Qatar today , and there we have Bangladesh today . <next_sent> If I take these countries back to the years of their independence , which is almost the same year -- ' 71 , ' 72 -- it 's a quite amazing development which had happened . <next_sent> Look at Bangladesh and Qatar . <next_sent> With so different incomes , it 's almost the same drop in number of babies per woman . <next_sent> And what is the reason in Qatar ? <next_sent> Well I do as I always do . <next_sent> I went to the statistical authority of Qatar , to their webpage -- <next_sent> It 's a very good webpage . <next_sent> I recommend it -- <next_sent> and I looked up -- <next_sent> oh yeah , you can have lots of fun here -- <next_sent> and provided free of charge , I found Qatar 's social trends . <next_sent> Very interesting . <next_sent> Lots to read . <next_sent> I found fertility at birth , and I looked at total fertility rate per woman . <next_sent> These are the scholars and experts in the government agency in Qatar , and they say the most important factors are : " Increased age at first marriage , increased educational level of Qatari woman and more women integrated in the labor force . " <next_sent> I could n't agree more . <next_sent> Science could n't agree more . <next_sent> This is a country that indeed has gone through a very , very interesting modernization . <next_sent> So what it is , is these four : Children should survive , children should n't be needed for work , women should get education and join the labor force and family planning should be accessible . <next_sent> Now look again at this . <next_sent> The average number of children in the world is like in Colombia -- it 's 2.4 today . <next_sent> There are countries up here which are very poor . <next_sent> And that 's where family planning , better child survival is needed . <next_sent> I strongly recommend Melinda Gates ' last TEDTalk . <next_sent> And here , down , there are many countries which are less than two children per woman . <next_sent> So when I go back now to give you the answer of the quiz , it 's two . <next_sent> We have reached peak child . <next_sent> The number of children is not growing any longer in the world . <next_sent> We are still debating peak oil , but we have definitely reached peak child . <next_sent> And the world population will stop growing . <next_sent> The United Nations Population Division has said it will stop growing at 10 billion . <next_sent> But why do they grow if the number of children does n't grow ? <next_sent> Well I will show you here . <next_sent> I will use these card boxes in which your notebooks came . <next_sent> They are quite useful for educational purposes . <next_sent> Each card box is one billion people . <next_sent> And there are two billion children in the world . <next_sent> There are two billion young people between 15 and 30 . <next_sent> These are rounded numbers . <next_sent> Then there is one billion between 30 and 45 , almost one between 45 and 60 . <next_sent> And then it 's my box . <next_sent> This is me : 60 - plus . <next_sent> We are here on top . <next_sent> So what will happen now is what we call " the big fill - up . " <next_sent> You can see that it 's like three billion missing here . <next_sent> They are not missing because they 've died ; they were never born . <next_sent> Because before 1980 , there were much fewer people born than there were during the last 30 years . <next_sent> So what will happen now is quite straightforward . <next_sent> The old , sadly , we will die . <next_sent> The rest of you , you will grow older and you will get two billion children . <next_sent> Then the old will die . <next_sent> The rest will grow older and get two billion children . <next_sent> And then again the old will die and you will get two billion children . <next_sent> This is the great fill - up . <next_sent> It 's inevitable . <next_sent> And can you see that this increase took place without life getting longer and without adding children ? <next_sent> Religion has very little to do with the number of babies per woman . <next_sent> All the religions in the world are fully capable to maintain their values and adapt to this new world . <next_sent> And we will be just 10 billion in this world , if the poorest people get out of poverty , their children survive , they get access to family planning . <next_sent> That is needed . <next_sent> But it 's inevitable that we will be two to three billion more . <next_sent> So when you discuss and when you plan for the resources and the energy needed for the future , for human beings on this planet , you have to plan for 10 billion . <next_sent> Thank you very much .
(d / document
   :snt1 (s1.u / url-entity
               :topic (s1.b / bear-02
                            :ARG0 (s1.p / person
                                        :name (s1.n / name
                                                    :op1 "ossobuco"))))
   :snt2 (s2.t / talk-01
               :ARG0 (s2.i / i)
               :ARG1 (s2.r / religion))
   :snt3 (s3.c2 / contrast-01
                :ARG2 (s3.c / cause-01
                            :ARG0 (s3.s / subject
                                        :ARG1-of (s3.b / broad-02)
                                        :domain (s3.i2 / it
                                                       :same-as s2.r)
                                        :mod (s3.d / delicate
                                                   :degree (s3.v / very)))
                            :ARG1 (s3.o / obligate-01
                                        :ARG1 (s3.i / i
                                                    :same-as s2.i)
                                        :ARG2 (s3.l / limit-01
                                                    :ARG0 s3.i
                                                    :ARG1 s3.i))))
   :snt4 (s4.a / and
               :op2 (s4.c / cause-01
                          :ARG1 (s4.l / limit-01
                                      :ARG0 (s4.i / i
                                                  :same-as s2.i)
                                      :ARG1 s4.i
                                      :ARG2 (s4.t / talk-01
                                                  :ARG0 s4.i
                                                  :ARG1 (s4.l2 / link-01
                                                               :ARG1 (s4.r / religion)
                                                               :ARG2 (s4.s / sexuality))
                                                  :mod (s4.o / only)))))
   :snt5 (s5.t / talk-01
               :ARG1-of (s5.s / serious-01
                              :degree (s5.v / very))
               :domain (s5.t2 / this))
   :snt6 (s6.c / cause-01
               :ARG1 (s6.t / talk-01
                           :ARG0 (s6.i / i
                                       :same-as s2.i)
                           :ARG1 (s6.t2 / thing
                                        :ARG1-of (s6.r / remember-01
                                                       :ARG0 s6.i
                                                       :ARG2 (s6.w / wonderful-03
                                                                   :ARG1 s6.t2
                                                                   :ARG2-of (s6.h / have-degree-91
                                                                                  :ARG1 s6.t2
                                                                                  :ARG3 (s6.m / most)))))))
   :snt7 (s7.b2 / be-temporally-at-91
                :ARG1 (s7.w / whisper-01
                            :ARG0 (s7.c / couple
                                        :mod (s7.y / young))
                            :ARG1 (s7.m / make-01
                                        :ARG0 s7.c
                                        :ARG1 (s7.b / baby)
                                        :time (s7.d / date-entity
                                                    :dayperiod (s7.n / night)
                                                    :mod (s7.t / today))))
                :ARG2 (s7.i / it))
   :snt8 (s8.t / talk-01
               :ARG0 (s8.i / i
                           :same-as s2.i)
               :ARG1 (s8.i2 / impact-01
                            :ARG0 (s8.r2 / religion)
                            :ARG1 (s8.r / rate-entity-91
                                        :ARG1 (s8.n / number
                                                    :quant-of (s8.b / baby))
                                        :ARG2 (s8.w / woman))))
   :snt9 (s9.i / important-01
               :ARG1 (s9.t / this
                           :same-as s8.i2)
               :ARG1-of (s9.c / cause-01
                              :ARG0 (s9.u / understand-01
                                          :ARG0 (s9.e / everyone)
                                          :ARG1 (s9.l / limit-01
                                                      :ARG1 (s9.n / number
                                                                  :quant-of (s9.p / person
                                                                                  :ARG1-of (s9.p3 / possible-01)
                                                                                  :domain (s9.w / we)
                                                                                  :location (s9.p2 / planet
                                                                                                   :mod (s9.t2 / this))))
                                                      :mod (s9.s2 / sort
                                                                  :mod (s9.s / some)))))
               :mod (s9.i2 / indeed))
   :snt10 (s10.a / and
                 :op2 (s10.s / say-01
                             :ARG0 (s10.p / person
                                          :mod (s10.s2 / some))
                             :ARG1 (s10.a3 / and
                                           :op1 (s10.g / grow-01
                                                       :ARG1 (s10.p2 / population
                                                                     :mod (s10.w2 / world))
                                                       :ARG1-of (s10.r2 / resemble-01
                                                                        :ARG2 (s10.t / this))
                                                       :example (s10.a2 / and
                                                                        :op1 (s10.d / date-entity
                                                                                    :year "1960")
                                                                        :time (s10.y / year
                                                                                     :mod (s10.l / last)
                                                                                     :mod (s10.j / just))
                                                                        :op2 "7"))
                                           :op2 (s10.c2 / continue-01
                                                        :ARG1 s10.g
                                                        :ARG1-of (s10.c / cause-01
                                                                        :ARG0 (s10.a4 / and
                                                                                      :op1 (s10.s3 / stop-03
                                                                                                   :ARG0 (s10.r / religion)
                                                                                                   :ARG1 (s10.w / woman)
                                                                                                   :ARG2 (s10.h / have-05
                                                                                                                :ARG0 s10.w
                                                                                                                :ARG1 (s10.b / baby
                                                                                                                             :quant (s10.f / few))))
                                                                                      :op2 (s10.p3 / possible-01
                                                                                                   :ARG1 (s10.c3 / continue-01
                                                                                                                 :ARG1 s10.g
                                                                                                                 :ARG1-of (s10.r3 / resemble-01
                                                                                                                                  :ARG2 s10.t))))))))
                 :rel "3000000000")
   :snt11 (s11.r / right-06
                 :ARG1 (s11.p / person
                              :mod (s11.t / this))
                 :extent (s11.a / amr-unknown))
   :snt12 (s12.a2 / and
                  :op1 (s12.c2 / child)
                  :op2 (s12.h / have-quant-91
                              :ARG1 s12.c2
                              :ARG2 (s12.a / almost
                                           :op1 "2000000000")
                              :time (s12.d / date-entity
                                           :year "2000")
                              :time (s12.t / today))
                  :rel (s12.c / child
                              :quant (s12.l / less-than
                                            :op1 "1000000000")
                              :location (s12.w / world
                                               :same-as s9.p2)
                              :time (s12.b / bear-02
                                           :ARG1 (s12.i / i
                                                        :same-as s2.i))))
   :snt13 (s13.a3 / and
                  :op1 (s13.a / amr-unknown
                              :time (s13.s / since))
                  :op2 (s13.p2 / predict-01
                               :ARG0 (s13.p / person
                                            :ARG1-of (s13.e / expert-01))
                               :ARG1 (s13.a2 / amr-unknown)
                               :topic (s13.n / number
                                             :quant-of (s13.c2 / child)
                                             :time (s13.c / century
                                                          :mod (s13.t / this)))))
   :snt14 (s14.q / question-01
                 :domain (s14.t / this))
   :snt15 (s15.t2 / think-01
                  :ARG0 (s15.y / you)
                  :ARG1 (s15.t / thing)
                  :polarity (s15.a / amr-unknown))
   :snt16 (s16.t / think-01
                 :ARG0 (s16.y / you
                              :same-as s15.y)
                 :ARG1 (s16.d / decrease-01
                              :ARG1 (s16.i / it
                                           :same-as s13.c2)
                              :ARG4 (s16.m / monetary-quantity
                                           :unit (s16.d2 / dollar)
                                           :quant "1000000000"))
                 :polarity (s16.a / amr-unknown))
   :snt17 (s17.a3 / and
                  :op1 (s17.r / remain-01
                              :ARG1 (s17.i / it
                                           :same-as s13.c2)
                              :ARG3 (s17.s / same-01
                                           :ARG1 s17.i))
                  :op2 (s17.a / 2000000000
                              :time (s17.e / end-01
                                           :ARG1 (s17.t / temporal-quantity
                                                        :unit (s17.c / century)
                                                        :quant "1"
                                                        :same-as s13.c)))
                  :polarity (s17.a2 / amr-unknown))
   :snt18 (s18.a / amr-choice
                 :op1 (s18.i / increase-01
                             :ARG1 (s18.n / number
                                          :quant-of (s18.c / child)
                                          :same-as s13.c2)
                             :duration (s18.u2 / up-to
                                               :op1 (s18.t2 / temporal-quantity
                                                            :unit (s18.y2 / year)
                                                            :quant "15"))
                             :frequency (s18.r2 / rate-entity-91
                                                :ARG2 (s18.t / temporal-quantity
                                                             :unit (s18.y / year)
                                                             :quant "1")))
                 :op2 (s18.a2 / and
                              :op1 (s18.c3 / continue-01
                                           :ARG1 s18.n
                                           :manner (s18.r / rate
                                                          :ARG1-of (s18.f / fast-02)
                                                          :ARG1-of (s18.s / same-01)))
                              :op2 (s18.c2 / child
                                           :domain s18.c
                                           :location (s18.t3 / there
                                                             :mod (s18.u / up))
                                           :quant "4000000")))
   :snt19 (s19.t / tell-01
                 :ARG0 (s19.i / i
                              :same-as s2.i)
                 :ARG2 (s19.y / you)
                 :time (s19.b / by
                              :op1 (s19.e / end-01
                                          :ARG1 (s19.s / speak-01
                                                       :ARG0 s19.i
                                                       :same-as s8.i))))
   :snt20 (s20.c / contrast-01
                 :ARG2 (s20.h / have-to-do-with-04
                              :ARG0 (s20.r / religion)
                              :ARG1 (s20.i / it)
                              :ARG2 (s20.a / amr-unknown))
                 :time (s20.n / now))
   :snt21 (s21.h / have-degree-91
                 :ARG1 (s21.c / classify-01
                              :ARG0 (s21.y / you)
                              :ARG1 (s21.r / religion))
                 :ARG2 (s21.d / difficult
                              :condition s21.c)
                 :ARG3 (s21.m / more)
                 :ARG4 (s21.t / thing
                              :ARG1-of (s21.t2 / think-01
                                               :ARG0 s21.y))
                 :rel (s21.w / want-01
                             :ARG0 s21.y
                             :ARG1 s21.c))
   :snt22 (s22.a / and
                 :op1 (s22.g / go-02
                             :ARG0 (s22.y / you)
                             :ARG4 (s22.p / publication
                                          :name (s22.n / name
                                                       :op1 "Wikipedia")))
                 :op2 (s22.f / find-01
                             :ARG0 s22.y
                             :ARG1 (s22.m / map
                                          :mod (s22.t / this)
                                          :ord (s22.o / ordinal-entity
                                                      :value "1"))))
   :snt23 (s23.c / contrast-01
                 :ARG1 (s23.d2 / divide-02
                               :ARG0 (s23.i / it
                                            :same-as s22.o)
                               :ARG1 (s23.w / world
                                            :same-as s9.p2)
                               :ARG2 (s23.a / and
                                            :op1 (s23.r / religion
                                                        :name (s23.n / name
                                                                     :op1 "Africa"))
                                            :op2 (s23.r2 / religion
                                                         :mod (s23.w2 / world-region
                                                                      :name (s23.n2 / name
                                                                                    :op1 "East")))))
                 :ARG2 (s23.h / have-degree-91
                              :ARG1 s23.d2
                              :ARG2 (s23.d / detail-01
                                           :ARG1 s23.d2)
                              :ARG3 (s23.e / enough)
                              :polarity "-"))
   :snt24 (s24.a / and
                 :op1 (s24.g / go-02
                             :ARG0 (s24.w / we))
                 :op2 (s24.l / look-01
                             :ARG0 s24.w
                             :ARG1 (s24.p / publication
                                          :name (s24.n / name
                                                       :op1 "Wikipedia")
                                          :same-as s22.p))
                 :op3 (s24.f / find-01
                             :ARG0 s24.w
                             :ARG1 (s24.m / map
                                          :mod (s24.t / this)
                                          :same-as s22.o)))
   :snt25 (s25.c / contrast-01
                 :ARG2 (s25.s / subdivide-01
                              :ARG0 (s25.t / that
                                           :same-as s22.o)
                              :ARG1 (s25.a / and
                                           :op1 (s25.r / religious-group
                                                       :name (s25.n / name
                                                                    :op1 "Christianity"))
                                           :op2 (s25.r2 / religious-group
                                                        :name (s25.n2 / name
                                                                      :op1 "Islam"))
                                           :op3 (s25.r3 / religious-group
                                                        :name (s25.n3 / name
                                                                      :op1 "Buddhism")))
                              :ARG1-of (s25.h / have-degree-91
                                              :ARG2 (s25.d / detail-01
                                                           :ARG1 s25.s)
                                              :ARG3 (s25.t2 / too))
                              :ARG2 (s25.g / group
                                           :quant (s25.m / many))))
   :snt26 (s26.c / cause-01
                 :ARG1 (s26.m / make-01
                              :ARG0 (s26.w / we
                                           :same-as s24.w)
                              :ARG1 (s26.m2 / map
                                            :poss s26.w)
                              :location (s26.c2 / company
                                                :name (s26.n / name
                                                             :op1 "Gapminder")))
                 :ARG2 (s26.l / look-02
                              :ARG0 s26.m2
                              :ARG1 (s26.r / resemble-01
                                           :ARG2 (s26.t / this))))
   :snt27 (s27.b / bubble
                 :domain (s27.c / country
                                :mod (s27.e / each)))
   :snt28 (s28.p / populate-01
                 :ARG2 (s28.s / size)
                 :example (s28.a / and
                                 :op1 (s28.c / country
                                             :name (s28.n / name
                                                          :op1 "China")
                                             :mod (s28.b / big))
                                 :op2 (s28.c2 / country
                                              :name (s28.n2 / name
                                                            :op1 "India")
                                              :location (s28.h / here)
                                              :mod (s28.b2 / big))))
   :snt29 (s29.a / and
                 :op2 (s29.c / color-01
                             :ARG2 (s29.r / religion
                                          :mod (s29.m / majority))
                             :time (s29.n / now)))
   :snt30 (s30.r / religion
                 :location-of (s30.s / say-01
                                     :ARG0 (s30.p2 / person
                                                   :quant (s30.m / more-than
                                                                 :op1 (s30.p / percentage-entity
                                                                             :value "50")))
                                     :ARG1 (s30.b / belong-01
                                                  :ARG0 s30.p2)))
   :snt31 (s31.r / religion
                 :location (s31.a / and
                                  :op1 (s31.c2 / country
                                               :name (s31.n2 / name
                                                             :op1 "India")
                                               :same-as s28.n2)
                                  :op2 (s31.c3 / country
                                               :name (s31.n3 / name
                                                             :op1 "China")
                                               :same-as s28.n)
                                  :op3 (s31.c4 / country
                                               :ARG1-of (s31.n5 / neighbor-01)
                                               :location (s31.c / continent
                                                                :name (s31.n4 / name
                                                                              :op1 "Asia"))))
                 :mod (s31.w / world-region
                             :name (s31.n / name
                                          :op1 "East")))
   :snt32 (s32.r / religion
                 :domain (s32.r2 / religious-group
                                 :name (s32.n / name
                                              :op1 "Islam"))
                 :mod (s32.m / majority)
                 :rel (s32.o / ocean
                             :name (s32.n2 / name
                                           :op1 "Atlantic"
                                           :op2 "Ocean"))
                 :source (s32.a3 / and
                                 :extent (s32.a2 / all-the-way)
                                 :op1 (s32.a / across
                                             :op1 (s32.w / world-region
                                                         :name (s32.n3 / name
                                                                       :op1 "Middle"
                                                                       :op2 "East"))
                                             :op2 (s32.w2 / world-region
                                                          :name (s32.n4 / name
                                                                        :op1 "Southern"
                                                                        :op2 "Europe")))
                                 :op3 (s32.c / continent
                                             :name (s32.n5 / name
                                                           :op1 "Asia"))
                                 :op4 (s32.c2 / country
                                              :name (s32.n6 / name
                                                            :op1 "Indonesia"))))
   :snt33 (s33.f / find-01
                 :ARG0 (s33.w / we)
                 :ARG1 (s33.m / majority
                              :mod (s33.r / religious-group
                                          :name (s33.n / name
                                                       :op1 "Islam")))
                 :location (s33.t / that))
   :snt34 (s34.a / and
                 :ARG1-of (s34.s / see-01
                                 :ARG0 (s34.w / we)
                                 :location (s34.c / country
                                                  :mod (s34.t / this)))
                 :op1 (s34.r / religion
                             :mod (s34.m / majority)
                             :mod (s34.r2 / religious-group
                                          :name (s34.n / name
                                                       :op1 "Christian"))))
   :snt35 (s35.b / blue
                 :domain (s35.t / they
                                :same-as s34.c))
   :snt36 (s36.a / and
                 :domain (s36.t / that)
                 :op2 (s36.a3 / and
                              :op1 (s36.c5 / country
                                           :quant (s36.m2 / most)
                                           :location (s36.a2 / and
                                                             :op2 (s36.c2 / continent
                                                                          :name (s36.n2 / name
                                                                                        :op1 "Europe")))
                                           :op1-of s36.a2)
                              :op2 (s36.c7 / country
                                           :quant (s36.f / few)
                                           :location (s36.c4 / continent
                                                             :name (s36.n4 / name
                                                                           :op1 "Asia")
                                                             :same-as s32.c)))
                 :rel (s36.c / continent
                             :name (s36.n / name
                                          :op1 "America"))
                 :rel (s36.c6 / country
                              :quant (s36.m / many)
                              :location (s36.c3 / continent
                                                :name (s36.n3 / name
                                                              :op1 "Africa"))))
   :snt37 (s37.c3 / country
                  :ARG1-of (s37.w / white-02)
                  :ARG1-of (s37.c2 / classify-01
                                   :ARG1-of (s37.p2 / possible-01
                                                    :ARG1-of (s37.c / cause-01
                                                                    :ARG0 (s37.o / or
                                                                                 :op1 (s37.r / reach-01
                                                                                             :ARG0 (s37.r3 / religion
                                                                                                           :quant "1")
                                                                                             :ARG1 (s37.p / percentage-entity
                                                                                                          :value "50")
                                                                                             :polarity "-")
                                                                                 :op2 (s37.d2 / doubt-01
                                                                                              :ARG1 (s37.d / data))
                                                                                 :op3 (s37.r2 / reason
                                                                                              :mod (s37.o2 / other)
                                                                                              :mod (s37.s / some))))
                                                    :polarity "-"))
                  :location (s37.h / here))
   :snt38 (s38.c2 / cause-01
                  :ARG1 (s38.c / care-04
                               :ARG0 (s38.w / we)
                               :ARG1 (s38.t / that)))
   :snt39 (s39.b / bear-01
                 :ARG0 (s39.y / you)
                 :ARG1 s39.y
                 :prep-with (s39.s2 / simplicity
                                    :poss (s39.w / we))
                 :time (s39.n / now)
                 :time (s39.t / take-01
                              :ARG0 (s39.i / i
                                           :same-as s2.i)
                              :ARG1 s39.y
                              :ARG3 (s39.s / shot
                                           :mod (s39.t2 / this))
                              :direction (s39.o / over))
                 :mode "imperative")
   :snt40 (s40.b / be-temporally-at-91
                 :ARG1 (s40.t / this)
                 :ARG2 (s40.d / date-entity
                              :year "1960"))
   :snt41 (s41.a / and
                 :op2 (s41.s / show-01
                             :ARG0 (s41.i / i
                                          :same-as s2.i)
                             :ARG1 (s41.n2 / number
                                           :quant (s41.o / or
                                                         :quant-of (s41.b2 / baby)
                                                         :op1 "4"
                                                         :op2 "6")
                                           :ARG1-of (s41.r / rate-entity-91
                                                           :ARG2 (s41.w / woman)
                                                           :location (s41.h / here))
                                           :quant-of (s41.b / baby
                                                            :quant (s41.m / many)
                                                            :quant (s41.f / few)))
                             :time (s41.n / now))
                 :rel "2")
   :snt42 (s42.a / and
                 :op2 (s42.r / rate-entity-91
                             :ARG1 (s42.i / income)
                             :ARG2 (s42.p / person)
                             :ARG3 (s42.d / dollar
                                          :ARG1-of (s42.c / compare-01
                                                          :ARG1-of (s42.p2 / possible-01)))
                             :location (s42.h / here)))
   :snt43 (s43.c / cause-01
                 :ARG0 (s43.s / say-01
                              :ARG0 (s43.p / person
                                           :quant (s43.m / many))
                              :ARG1 (s43.o / obligate-01
                                           :ARG1 (s43.y / you)
                                           :ARG2 (s43.g2 / get-03
                                                         :ARG1 s43.y
                                                         :ARG2 (s43.r / rich)
                                                         :ord (s43.o2 / ordinal-entity
                                                                      :value "1")
                                                         :time (s43.b2 / before
                                                                       :op1 (s43.g / get-01
                                                                                   :ARG0 s43.y
                                                                                   :ARG1 (s43.b / baby
                                                                                                :quant (s43.f / few)))))))
                 :ARG1 (s43.t / that))
   :snt44 (s44.a / and
                 :op1 (s44.i / income
                             :ARG1-of (s44.l / low-04)
                             :location (s44.h / here))
                 :op2 (s44.i2 / income
                              :ARG1-of (s44.h2 / high-02)
                              :location (s44.t / there)))
   :snt45 (s45.a / and
                 :op2 (s45.o / obligate-01
                             :ARG1 (s45.y / you)
                             :ARG2 (s45.p / person
                                          :domain s45.y
                                          :mod (s45.r2 / rich)
                                          :mod (s45.r / religious-group
                                                      :name (s45.n / name
                                                                   :op1 "Christian")))
                             :condition (s45.h / have-05
                                               :ARG0 s45.y
                                               :ARG1 (s45.b / baby
                                                            :quant (s45.f / few)))
                             :mod (s45.i / indeed)
                             :time (s45.d / date-entity
                                          :year "1960"
                                          :same-as s40.d)))
   :snt46 (s46.e / except-01
                 :ARG1 (s46.c / country
                              :name (s46.n / name
                                           :op1 "Japan")))
   :snt47 (s47.r / regard-01
                 :ARG1 (s47.c / country
                              :name (s47.n / name
                                           :op1 "Japan"))
                 :ARG2 (s47.e / except-01
                              :ARG1 s47.c)
                 :location (s47.h / here
                                  :same-as s46.c))
   :snt48 (s48.c / country
                 :condition (s48.h / have-polarity-91)
                 :mod (s48.r / religious-group
                             :name (s48.n / name
                                          :op1 "Christian"))
                 :mod (s48.o / only))
   :snt49 (s49.c / contrast-01
                 :ARG2 (s49.c2 / country
                               :quant (s49.m / many)
                               :ARG0-of (s49.h / have-03
                                               :ARG1 (s49.r / rate-entity-91
                                                            :ARG1 (s49.b / baby
                                                                         :quant (s49.b2 / between
                                                                                        :op1 "6"
                                                                                        :op2 "7"))
                                                            :ARG2 (s49.w / woman)))
                               :mod (s49.r2 / religious-group
                                            :name (s49.n / name
                                                         :op1 "Christian"))
                               :mod (s49.a / also)))
   :snt50 (s50.c2 / contrast-01
                  :ARG2 (s50.o / or
                               :op1 (s50.b / be-located-at-91
                                           :ARG1 (s50.t / they
                                                        :same-as s49.h)
                                           :ARG2 (s50.w / world-region
                                                        :name (s50.n / name
                                                                     :op1 "Latin"
                                                                     :op2 "America")))
                               :op2 (s50.b2 / be-located-at-91
                                            :ARG1 s50.t
                                            :ARG2 (s50.c / continent
                                                         :name (s50.n2 / name
                                                                       :op1 "Africa")
                                                         :same-as s36.c3))))
   :snt51 (s51.a3 / and
                  :op2 (s51.h / have-03
                              :ARG0 (s51.c2 / country
                                            :ARG1-of (s51.i / include-91
                                                            :ARG2 (s51.c3 / country))
                                            :mod (s51.r3 / religion
                                                         :mod (s51.r4 / religious-group
                                                                      :name (s51.n / name
                                                                                   :op1 "Islam")
                                                                      :prep-as (s51.m / majority)))
                                            :mod (s51.a / all
                                                        :same-as s51.r3))
                              :ARG1 (s51.r / rate-entity-91
                                           :ARG1 (s51.c / child
                                                        :quant (s51.b / between
                                                                      :op1 "6"
                                                                      :op2 "7"))
                                           :ARG2 (s51.w / woman))
                              :ARG1-of (s51.r2 / regard-01
                                               :ARG2 (s51.l / level
                                                            :mod (s51.i2 / income))
                                               :polarity "-")
                              :mod (s51.a2 / almost)))
   :snt52 (s52.a2 / and
                  :op2 (s52.h / have-03
                              :ARG0 (s52.r / religion
                                           :ARG2-of (s52.e / except-01
                                                           :ARG1 (s52.c / country
                                                                        :name (s52.n2 / name
                                                                                      :op1 "Japan")
                                                                        :same-as s46.c))
                                           :mod (s52.w / world-region
                                                       :name (s52.n / name
                                                                    :op1 "East"))
                                           :mod (s52.a / all))
                              :ARG1 (s52.l / level
                                           :ARG1-of (s52.s / same-01))))
   :snt53 (s53.s / see-01
                 :ARG0 (s53.w / we)
                 :ARG1 (s53.e / event
                              :location (s53.w2 / world
                                                :same-as s9.p2))
                 :time (s53.n / now))
   :snt54 (s54.a / and
                 :op1 (s54.s / start-01
                             :ARG0 (s54.i / i
                                          :same-as s2.i)
                             :ARG1 (s54.w2 / world
                                           :same-as s9.p2))
                 :op2 (s54.g / go-02
                             :ARG0 (s54.w / we)
                             :ARG4 (s54.h / here)))
   :snt55 (s55.p / possible-01
                 :ARG1 (s55.s / see-01
                              :ARG0 (s55.y / you)
                              :ARG1 (s55.c / contrast-01
                                           :ARG1 (s55.g / get-03
                                                        :ARG1 (s55.t / they)
                                                        :ARG2 (s55.h / have-degree-91
                                                                     :ARG1 s55.t
                                                                     :ARG2 (s55.r2 / rich)
                                                                     :ARG3 (s55.m / more
                                                                                  :quant (s55.l / little))))
                                           :ARG2 (s55.f / fall-01
                                                        :ARG1 (s55.r / rate-entity-91
                                                                     :ARG1 (s55.n2 / number
                                                                                   :quant-of (s55.b / baby))
                                                                     :ARG2 (s55.w / woman)))))
                 :polarity (s55.a / amr-unknown)
                 :time (s55.d / date-entity
                              :mod (s55.n / now)
                              :year "1962"))
   :snt56 (s56.l / look-01
                 :ARG0 (s56.y / you)
                 :ARG1 (s56.c / country
                              :name (s56.n / name
                                           :op1 "China")
                              :same-as s28.n)
                 :mode "imperative")
   :snt57 (s57.f2 / fall-01
                  :ARG1 (s57.t / they
                               :same-as s55.r)
                  :ARG1-of (s57.f3 / fast-02
                                   :ARG1-of (s57.f / fair-04)))
   :snt58 (s58.a3 / and
                  :op2 (s58.c / come-01
                              :ARG1 (s58.c2 / country
                                            :location (s58.a / across
                                                             :op1 (s58.i / income))
                                            :mod (s58.m / majority
                                                        :mod (s58.r2 / religious-group
                                                                     :name (s58.n / name
                                                                                  :op1 "Islam")))
                                            :mod (s58.a2 / all))
                              :direction (s58.d / down)
                              :op3 (s58.b / be-located-at-91
                                          :ARG1 (s58.c3 / country
                                                        :mod (s58.m2 / majority
                                                                     :mod (s58.r3 / religious-group
                                                                                  :name (s58.n2 / name
                                                                                                :op1 "Christian"))))
                                          :ARG2 (s58.r / range-01
                                                       :ARG4 (s58.i2 / income
                                                                     :mod (s58.m3 / middle))))))
   :snt59 (s59.a / and
                 :op2 (s59.f / find-01
                             :ARG0 (s59.y / you)
                             :ARG1 (s59.m / mankind
                                          :ARG1-of (s59.i / include-91
                                                          :ARG2 (s59.m2 / mankind)
                                                          :ARG3 (s59.m3 / more-than
                                                                        :op1 "1/2")))
                             :location (s59.h / here
                                              :direction (s59.d / down))
                             :time (s59.e / enter-01
                                          :ARG0 (s59.w / we)
                                          :ARG1 (s59.c / century
                                                       :mod (s59.t / this)
                                                       :same-as s13.c))))
   :snt60 (s60.a3 / and
                  :op2 (s60.i / include-91
                              :ARG1 (s60.w / we)
                              :ARG1-of (s60.a2 / actual-02)
                              :ARG2 (s60.h / human
                                           :ARG0-of (s60.l / live-01
                                                           :location (s60.c2 / country
                                                                             :prep-with (s60.r / rate-entity-91
                                                                                               :ARG1 (s60.c / child
                                                                                                            :quant (s60.a / about
                                                                                                                          :op1 "2"))
                                                                                               :ARG2 (s60.w2 / woman)))))
                              :ARG3 (s60.p / percentage-entity
                                           :value "80")
                              :time (s60.b / by
                                           :op1 (s60.d / date-entity
                                                       :year "2010"))))
   :snt61 (s61.a / amaze-01
                 :ARG0 (s61.d / develop-01)
                 :degree (s61.q / quite))
   :snt62 (s62.a3 / and
                  :op2 (s62.c / country
                              :ARG0-of (s62.h / have-03)
                              :domain (s62.t / this
                                             :same-as s34.c)
                              :example (s62.a5 / and
                                               :extent (s62.a / all-the-way)
                                               :op1 (s62.c9 / country
                                                            :name (s62.n8 / name
                                                                          :op1 "Indonesia"))
                                               :op11 (s62.a4 / and
                                                             :op1 s62.c9
                                                             :op2 (s62.a6 / and
                                                                          :ARG0-of (s62.h2 / have-03
                                                                                           :ARG1 (s62.r3 / rate-entity-91
                                                                                                         :ARG1 (s62.b / baby)
                                                                                                         :ARG2 (s62.a2 / amount
                                                                                                                       :ARG1-of (s62.s / same-01))
                                                                                                         :ARG2 (s62.w / woman)))
                                                                          :extent (s62.c11 / country
                                                                                           :name (s62.n9 / name
                                                                                                         :op1 "Bangladesh"
                                                                                                         :op1 "India")
                                                                                           :op1-of s62.a6)
                                                                          :op2 (s62.c12 / country
                                                                                        :name (s62.n10 / name
                                                                                                       :op1 "Vietnam")))))
                              :location (s62.h3 / here)
                              :source (s62.c2 / country
                                              :name (s62.n / name
                                                           :op1 "United"
                                                           :op2 "States")))
                  :rel (s62.r2 / rate-entity-91
                               :ARG1 (s62.i / income
                                            :quant (s62.l / less-than
                                                          :op1 (s62.p / percentage-entity
                                                                      :value "5")))
                               :ARG2 (s62.p3 / person
                                             :poss s62.c2))
                  :rel (s62.r / rate-entity-91
                              :ARG1 (s62.m / monetary-quantity
                                           :unit (s62.d / dollar)
                                           :quant "40000")
                              :ARG2 (s62.p2 / person))
                  :rel (s62.c3 / country
                               :name (s62.n2 / name
                                             :op1 "France"))
                  :rel (s62.c4 / country
                               :name (s62.n3 / name
                                             :op1 "Russia"))
                  :rel (s62.c5 / country
                               :name (s62.n4 / name
                                             :op1 "Iran"))
                  :rel (s62.c6 / country
                               :name (s62.n5 / name
                                             :op1 "Mexico"))
                  :rel (s62.c7 / country
                               :name (s62.n6 / name
                                             :op1 "Turkey"))
                  :rel (s62.c8 / country
                               :name (s62.n7 / name
                                             :op1 "Algeria"))
                  :rel (s62.c10 / country
                                :name s62.n9))
   :snt63 (s63.p / possible-01
                 :ARG1 (s63.t / tell-01
                              :ARG0 (s63.i / i
                                           :same-as s2.i)
                              :ARG1 (s63.g / good-02
                                           :ARG0-of (s63.s / surprise-01)
                                           :ARG1 (s63.d / data
                                                        :topic (s63.n / number
                                                                      :ARG1-of (s63.r / rate-entity-91
                                                                                      :ARG2 (s63.w / woman))
                                                                      :quant-of (s63.c / child)))
                                           :location (s63.c2 / country
                                                             :mod (s63.a / all)))
                              :ARG2 (s63.y / you
                                           :same-as s19.y)))
   :snt64 (s64.g / get-01
                 :ARG0 (s64.w / we)
                 :ARG1 (s64.t / that
                              :same-as s63.d)
                 :ARG2 (s64.d / data
                              :source (s64.c / census)))
   :snt65 (s65.s / statistics
                 :ARG1-of (s65.i / include-91
                                 :ARG2 (s65.s2 / statistics
                                               :mod (s65.t / this))
                                 :polarity "-")
                 :ARG1-of (s65.d / doubt-01
                                 :degree (s65.v / very)))
   :snt66 (s66.c / cause-01
                 :ARG1 (s66.p2 / possible-01
                               :ARG1 (s66.c3 / conclude-01
                                             :ARG0 (s66.w / we)
                                             :ARG1 (s66.o / obligate-01
                                                          :purpose (s66.h / have-05
                                                                          :ARG0 (s66.y / you)
                                                                          :ARG1 (s66.p / person
                                                                                       :quant (s66.f / few)
                                                                                       :ARG0-of (s66.h2 / have-rel-role-91
                                                                                                        :ARG1 s66.y
                                                                                                        :ARG2 (s66.c2 / child))))
                                                          :ARG2 (s66.g / get-03
                                                                       :ARG1 s66.y
                                                                       :ARG2 (s66.r / rich))
                                                          :polarity "-"))))
   :snt67 (s67.b / be-located-at-91
                 :ARG1 (s67.i / it
                              :same-as s66.h)
                 :ARG2 (s67.a / across
                              :op1 (s67.w / world
                                          :same-as s9.p2)))
   :snt68 (s68.a / and
                 :op2 (s68.p / possible-01
                             :ARG1 (s68.s / see-01
                                          :ARG0 (s68.w / we)
                                          :ARG1 (s68.a2 / and
                                                        :op1 (s68.r2 / religion
                                                                     :mod (s68.w2 / world-region
                                                                                  :name (s68.n / name
                                                                                               :op1 "East")))
                                                        :op2 (s68.c2 / country
                                                                     :ARG0-of (s68.h / have-03
                                                                                     :ARG1 (s68.m / majority
                                                                                                  :ARG1-of (s68.i / include-91
                                                                                                                  :ARG2 s68.r2))
                                                                                     :ARG1 (s68.c / child
                                                                                                  :quant (s68.m2 / more-than
                                                                                                                 :op1 "3")))
                                                                     :ARG1-of (s68.s2 / single-02)
                                                                     :mod (s68.i2 / indeed)
                                                                     :polarity "-")))
                             :time (s68.l / look-01
                                          :ARG0 s68.w
                                          :ARG1 (s68.r / religion))
                             :time (s68.t / then)))
   :snt69 (s69.c / contrast-01
                 :ARG2 (s69.s / see-01
                              :ARG0 (s69.y / you)
                              :ARG1 (s69.c2 / country)
                              :condition (s69.a2 / and
                                                 :op1 (s69.r2 / religious-group
                                                              :name (s69.n / name
                                                                           :op1 "Islam")
                                                              :mod (s69.r / religion
                                                                          :mod (s69.m / majority)))
                                                 :op2 (s69.r3 / religious-group
                                                              :name (s69.n2 / name
                                                                            :op1 "Christianity")))
                              :extent (s69.a / all-the-way)))
   :snt70 (s70.c / contrast-01
                 :ARG2 (s70.d / differ-02
                              :ARG1-of (s70.m / major-02)
                              :polarity "-"))
   :snt71 (s71.d / differ-02
                 :ARG1 (s71.r / religion
                              :mod (s71.t / this))
                 :ARG1-of (s71.m / major-02)
                 :polarity "-")
   :snt72 (s72.d / differ-02
                 :ARG3 (s72.i / income))
   :snt73 (s73.h / have-03
                 :ARG0 (s73.c / country
                              :ARG0-of (s73.h2 / have-05
                                               :ARG1 (s73.r / rate-entity-91
                                                            :ARG1 (s73.b / baby
                                                                         :quant (s73.m / many))
                                                            :ARG2 (s73.w / woman))
                                               :location (s73.h3 / here)))
                 :ARG1 (s73.i / income
                              :ARG1-of (s73.l / low-04
                                              :degree (s73.q / quite))))
   :snt74 (s74.b / be-located-at-91
                 :ARG1 (s74.t / they
                              :quant (s74.m / most)
                              :same-as s73.c)
                 :ARG2 (s74.w / world-region
                              :name (s74.n / name
                                           :op1 "Sub-Saharan"
                                           :op2 "Africa")))
   :snt75 (s75.c / contrast-01
                 :ARG2 (s75.c2 / country
                               :ARG1-of (s75.r2 / resemble-01
                                                :ARG2 (s75.a2 / and
                                                              :op1 (s75.c5 / country
                                                                           :name (s75.n3 / name
                                                                                         :op1 "Yemen"))
                                                              :op2 (s75.c6 / country
                                                                           :name (s75.n4 / name
                                                                                         :op1 "Afghanistan"))))
                               :location (s75.h / here)
                               :mod (s75.a / also))
                 :rel (s75.c3 / country
                              :name (s75.n / name
                                           :op1 "Guatemala")
                              :ARG1-of (s75.r / resemble-01
                                              :ARG2 (s75.c4 / country
                                                            :name (s75.n2 / name
                                                                          :op1 "Papua"
                                                                          :op2 "New"
                                                                          :op3 "Guinea")))))
   :snt76 (s76.t / think-01
                 :ARG0 (s76.p / person
                              :quant (s76.m / many))
                 :ARG1 (s76.h / have-03
                              :ARG0 (s76.a / and
                                           :ARG0-of (s76.s2 / suffer-01
                                                            :ARG1 (s76.c / conflict-01
                                                                         :mod (s76.s / severe)))
                                           :op1 (s76.c2 / country
                                                        :name (s76.n / name
                                                                     :op1 "Afghanistan")
                                                        :location (s76.h2 / here)
                                                        :same-as s75.c6)
                                           :op2 (s76.c3 / country
                                                        :name (s76.n2 / name
                                                                      :op1 "Congo")))
                              :ARG1 (s76.g / grow-01
                                           :ARG1 (s76.p2 / population)
                                           :ARG1-of (s76.f / fast-02))
                              :polarity "-"))
   :snt77 (s77.w / way
                 :mod (s77.o / other)
                 :mod (s77.a / around))
   :snt78 (s78.a / and
                 :location (s78.w / world
                                  :time (s78.t / today)
                                  :same-as s9.p2)
                 :op1 (s78.c / country
                             :ARG0-of (s78.g / grow-01
                                             :ARG1 (s78.p / population)
                                             :ARG1-of (s78.h2 / have-degree-91
                                                              :ARG2 (s78.f / fast-02
                                                                           :ARG1 s78.g)
                                                              :ARG3 (s78.m2 / most)))
                             :ARG1-of (s78.h / have-degree-91
                                             :ARG1 (s78.r / rate
                                                          :mod (s78.d / die-01))
                                             :ARG2 (s78.h3 / high-02)
                                             :ARG3 (s78.m / most)))
                 :op2 (s78.c2 / country))
   :snt79 (s79.c / cause-01
                 :ARG0 (s79.c4 / compensate-01
                               :ARG0 (s79.c3 / child
                                             :mod (s79.m / more)
                                             :quant "1")
                               :ARG2 (s79.d / die-01
                                            :ARG1 (s79.c2 / child))))
   :snt80 (s80.h / have-03
                 :ARG0 (s80.c2 / country
                               :mod (s80.t / this)
                               :same-as s73.c)
                 :ARG1 (s80.r / rate-entity-91
                              :ARG1 (s80.c / child
                                           :quant "6")
                              :ARG2 (s80.w / woman)))
   :snt81 (s81.h / have-03
                 :ARG0 (s81.t / they
                              :same-as s73.c)
                 :ARG1 (s81.r / rate
                              :ARG1-of (s81.s / sad-02)
                              :mod (s81.d / die-01)
                              :mod (s81.r2 / rate-entity-91
                                           :ARG1 (s81.c / child
                                                        :quant (s81.b / between
                                                                      :op1 "1"
                                                                      :op2 "2"))
                                           :ARG2 (s81.w / woman))))
   :snt82 (s82.c / contrast-01
                 :ARG2 (s82.g / go-01
                              :ARG1 (s82.c2 / country
                                            :name (s82.n / name
                                                         :op1 "Afghanistan")
                                            :same-as s75.c6)
                              :time (s82.a / after
                                           :duration (s82.t / temporal-quantity
                                                            :unit (s82.y / year)
                                                            :quant "30")
                                           :op1 (s82.n2 / now))
                              :ARG3 "30000000"
                              :ARG4 "60000000"))
   :snt83 (s83.g / go-01
                 :ARG1 (s83.c / country
                              :name (s83.n / name
                                           :op1 "Congo")
                              :same-as s76.c3)
                 :ARG3 "60"
                 :ARG4 "120")
   :snt84 (s84.t / thing
                 :location-of (s84.h / have-03
                                     :ARG0 (s84.w / we)
                                     :ARG1 (s84.g / grow-01
                                                  :ARG1 (s84.p / population)
                                                  :ARG1-of (s84.f / fast-02))))
   :snt85 (s85.a / and
                 :rel (s85.t / think-01
                             :ARG0 (s85.m / many)
                             :ARG1 (s85.s / stagnate-01
                                          :ARG1 (s85.c2 / country
                                                        :mod (s85.t2 / this)
                                                        :same-as s73.c))
                             :ARG1-of (s85.c / contrast-01
                                             :ARG2 (s85.s2 / stagnate-01
                                                           :ARG1 s85.c2
                                                           :polarity "-"))))
   :snt86 (s86.l / let-01
                 :ARG0 (s86.y / you)
                 :ARG1 (s86.c / compare-01
                              :ARG0 (s86.i / i
                                           :same-as s2.i)
                              :ARG1 (s86.c2 / country
                                            :name (s86.n / name
                                                         :op1 "Senegal")
                                            :ARG1-of (s86.d / dominate-01
                                                            :ARG0 (s86.r / religious-group
                                                                         :name (s86.n2 / name
                                                                                       :op1 "Muslim"))))
                              :ARG2 (s86.c3 / country
                                            :name (s86.n4 / name
                                                          :op1 "Ghana")
                                            :ARG1-of (s86.d2 / dominate-01
                                                             :ARG0 (s86.r2 / religious-group
                                                                           :name (s86.n3 / name)))))
                 :mode "imperative")
   :snt87 (s87.t / take-01
                 :ARG0 (s87.i / i
                              :same-as s2.i)
                 :ARG1 (s87.t2 / they
                               :same-as s86.c2)
                 :ARG3 (s87.d2 / depend-01
                               :ARG0 s87.t2
                               :time (s87.b2 / be-located-at-91
                                             :ARG1 s87.t2
                                             :ARG2 (s87.h2 / here
                                                           :mod (s87.u / up))
                                             :time (s87.b3 / begin-01
                                                           :ARG1 (s87.d / date-entity
                                                                        :decade "1960")))
                               :polarity "-")
                 :direction (s87.b / backwards)
                 :location (s87.h / here))
   :snt88 (s88.l / look-01
                 :ARG0 (s88.y / you)
                 :ARG1 (s88.t2 / thing
                               :ARG1-of (s88.d / do-02
                                               :ARG0 (s88.t / they
                                                            :same-as s86.c2)))
                 :mod (s88.j / just)
                 :mode "imperative")
   :snt89 (s89.i / improve-01
                 :ARG0 (s89.g / go-01
                              :ARG1 (s89.t / they
                                           :same-as s86.c2)
                              :ARG2 (s89.r2 / rate-entity-91
                                            :ARG1 (s89.c2 / child
                                                          :quant "4")
                                            :ARG2 (s89.w / woman))
                              :ARG2 (s89.a / all-the-way))
                 :ARG0-of (s89.a2 / amaze-01)
                 :ARG4 (s89.b / between
                              :op1 (s89.c / child
                                          :quant "7")
                              :op2 s89.c2)
                 :rel (s89.c3 / child
                              :quant "5")
                 :rel (s89.r / rate-entity-91
                             :ARG1 s89.c
                             :ARG2 s89.w))
   :snt90 (s90.i / improve-01
                 :domain (s90.i2 / it
                                 :same-as s89.g)
                 :mod (s90.t / tremendous))
   :snt91 (s91.i / infer-01
                 :ARG1 (s91.t / take-10
                              :ARG0 (s91.i2 / it)
                              :ARG1 (s91.a / amr-unknown)))
   :snt92 (s92.k / know-01
                 :ARG0 (s92.w / we)
                 :ARG1 (s92.t / thing
                              :ARG1-of (s92.n / need-01
                                              :location (s92.c / country
                                                               :mod (s92.t2 / this)
                                                               :same-as s73.c)))
                 :degree (s92.w2 / well
                                 :degree (s92.q / quite)))
   :snt93 (s93.n / need-01
                 :purpose (s93.s / survive-01
                                 :ARG0 (s93.y / you))
                 :ARG0 s93.y
                 :ARG1 (s93.h / have-05
                              :ARG0 s93.y
                              :ARG1 (s93.p / person
                                           :ARG0-of (s93.h2 / have-rel-role-91
                                                            :ARG1 s93.y
                                                            :ARG2 (s93.c / child)))))
   :snt94 (s94.n / need-01
                 :ARG0 (s94.y / you)
                 :ARG0-of (s94.c / cause-01
                                 :ARG1 (s94.i / important-01
                                              :ARG1 (s94.c2 / child)
                                              :ARG2 (s94.w / work-01
                                                           :ARG0 (s94.f / family))
                                              :polarity "-"))
                 :ARG1 (s94.g / get-05
                              :ARG1 s94.y
                              :ARG2 (s94.o / out-06
                                           :ARG1 s94.y
                                           :ARG2 (s94.p / poor
                                                        :ARG1-of (s94.h / have-degree-91
                                                                        :ARG2 (s94.d / deep-02
                                                                                     :ARG1 s94.p)
                                                                        :ARG3 (s94.m / most))))))
   :snt95 (s95.n / need-01
                 :ARG0 (s95.y / you)
                 :ARG1 (s95.a / access-01
                              :ARG0 s95.y
                              :ARG1 (s95.p / plan-01
                                           :ARG1 (s95.f / family)
                                           :mod (s95.s / some))))
   :snt96 (s96.a / and
                 :op2 (s96.n / need-01
                             :ARG0 (s96.y / you)
                             :ARG1 (s96.f / factor
                                          :mod (s96.f2 / factor
                                                       :ARG1-of (s96.h / have-degree-91
                                                                       :ARG1-of (s96.p / possible-01)
                                                                       :ARG2 (s96.i / important-01
                                                                                    :ARG1 s96.f2)
                                                                       :ARG3 (s96.m / most)))
                                          :ord (s96.o / ordinal-entity
                                                      :value "4"))))
   :snt97 (s97.c / contrast-01
                 :ARG2 (s97.l / let-01
                              :ARG0 (s97.y / you)
                              :ARG1 (s97.i2 / illustrate-01
                                            :ARG0 (s97.i / i
                                                         :same-as s2.i)
                                            :ARG1 (s97.f / factor
                                                         :mod (s97.t / that)
                                                         :ord (s97.o / ordinal-entity
                                                                     :value "4")
                                                         :same-as s96.f)
                                            :manner (s97.l2 / look-01
                                                            :ARG0 s97.i
                                                            :ARG1 (s97.c2 / country
                                                                          :name (s97.n / name
                                                                                       :op1 "Qatar"))))
                              :mode "imperative"))
   :snt98 (s98.a / and
                 :op1 (s98.h / have-03
                             :ARG0 (s98.w / we)
                             :ARG1 (s98.c / country
                                          :name (s98.n / name
                                                       :op1 "Qatar")
                                          :same-as s97.c2)
                             :location (s98.h3 / here)
                             :time (s98.t2 / today
                                           :same-as s12.t))
                 :op2 (s98.h2 / have-03
                              :ARG0 s98.w
                              :ARG1 (s98.c2 / country
                                            :name (s98.n2 / name
                                                          :op1 "Bangladesh"))
                              :location (s98.t / there)
                              :time (s98.t3 / today
                                            :same-as s12.t)))
   :snt99 (s99.a2 / amaze-01
                  :ARG0 (s99.d4 / develop-01
                                :condition (s99.t / take-01
                                                  :ARG0 (s99.i / i
                                                               :same-as s2.i)
                                                  :ARG1 (s99.c / country
                                                               :mod (s99.t2 / this)
                                                               :same-as s73.c)
                                                  :ARG2 (s99.d3 / depend-01
                                                                :ARG0 s99.c
                                                                :time (s99.y / year
                                                                             :ARG1-of (s99.s / same-01
                                                                                             :ARG2 (s99.y2 / year)
                                                                                             :mod (s99.a / almost))
                                                                             :consist-of (s99.a3 / and
                                                                                                 :op1 (s99.d / date-entity
                                                                                                             :year s99.y2
                                                                                                             :year "1970")
                                                                                                 :op2 (s99.d2 / date-entity
                                                                                                              :year "1970")))
                                                                :polarity "-")
                                                  :direction (s99.b / back)))
                  :degree (s99.q / quite))
   :snt100 (s100.l / look-01
                   :ARG0 (s100.y / you)
                   :ARG1 (s100.a / and
                                 :op1 (s100.c / country
                                              :name (s100.n / name
                                                            :op1 "Bangladesh"))
                                 :op2 (s100.c2 / country
                                               :name (s100.n2 / name
                                                              :op1 "Qatar")
                                               :same-as s97.c2))
                   :mode "imperative")
   :snt101 (s101.d2 / drop-01
                    :ARG1 (s101.n / number
                                  :ARG1-of (s101.r / rate-entity-91
                                                   :ARG2 (s101.w / woman))
                                  :quant-of (s101.b / baby))
                    :ARG1-of (s101.s / same-01
                                     :mod (s101.a / almost))
                    :condition (s101.i / income
                                       :ARG1-of (s101.d / differ-02
                                                        :degree (s101.s2 / so))))
   :snt102 (s102.a2 / and
                    :op2 (s102.c / cause-01
                                 :ARG0 (s102.a / amr-unknown)
                                 :location (s102.c2 / country
                                                    :name (s102.n / name
                                                                  :op1 "Qatar")
                                                    :same-as s97.c2)))
   :snt103 (s103.d / do-02
                   :ARG0 (s103.i / i
                                 :same-as s2.i)
                   :ARG1 (s103.t / thing
                                 :ARG1-of (s103.d2 / do-02
                                                   :ARG0 s103.i
                                                   :time (s103.a / always)))
                   :mod (s103.w / well))
   :snt104 (s104.g / go-02
                   :ARG0 (s104.i / i
                                 :same-as s2.i)
                   :ARG4 (s104.a / authority
                                 :poss (s104.c / country
                                               :name (s104.n / name
                                                             :op1 "Qatar")
                                               :same-as s97.c2)
                                 :topic (s104.s / statistic))
                   :ARG4 (s104.w / webpage
                                 :poss s104.a))
   :snt105 (s105.w / webpage
                   :ARG1-of (s105.g / good-02
                                    :degree (s105.v / very))
                   :domain (s105.i / it
                                   :same-as s104.w))
   :snt106 (s106.r / recommend-01
                   :ARG0 (s106.i / i
                                 :same-as s2.i)
                   :ARG1 (s106.i2 / it
                                  :same-as s104.w))
   :snt107 (s107.a / and
                   :op2 (s107.l / look-01
                                :ARG0 (s107.i / i
                                              :same-as s2.i)
                                :direction (s107.u / up)))
   :snt108 (s108.p / possible-01
                   :ARG1 (s108.f / fun-01
                                 :quant (s108.l / lot)
                                 :ARG0 (s108.y / you))
                   :location (s108.h / here)
                   :mod (s108.o / oh-yeah
                                :mode "expressive"))
   :snt109 (s109.a / and
                   :op2 (s109.p / provide-01
                                :ARG1-of (s109.f2 / free-03
                                                  :ARG2 (s109.c / charge-01)))
                   :op3 (s109.f / find-01
                                :ARG0 (s109.i / i
                                              :same-as s2.i)
                                :ARG1 (s109.t / trend
                                              :mod (s109.s / society)
                                              :poss (s109.c2 / country
                                                             :name (s109.n / name
                                                                           :op1 "Qatar")
                                                             :same-as s97.c2))))
   :snt110 (s110.i / interest-01
                   :degree (s110.v / very))
   :snt111 (s111.l / lot
                   :ARG1-of (s111.r / read-01))
   :snt112 (s112.a / and
                   :op1 (s112.f3 / find-01
                                 :ARG0 (s112.i / i
                                               :same-as s2.i)
                                 :ARG1 (s112.f / fertility)
                                 :time (s112.b / bear-02))
                   :op2 (s112.l / look-01
                                :ARG0 s112.i
                                :ARG1 (s112.r2 / rate-entity-91
                                               :ARG1 (s112.r / rate
                                                             :ARG2-of (s112.t / total-01)
                                                             :mod (s112.f2 / fertility))
                                               :ARG2 (s112.w / woman))))
   :snt113 (s113.a4 / and
                    :op1 (s113.a3 / and
                                  :domain (s113.t / this)
                                  :op1 (s113.s2 / scholar)
                                  :op2 (s113.p / person
                                               :ARG1-of (s113.e2 / expert-01
                                                                 :ARG2 (s113.a2 / agency
                                                                                :location (s113.c / country
                                                                                                  :name (s113.n / name
                                                                                                                :op1 "Qatar")
                                                                                                  :same-as s97.c2)
                                                                                :mod (s113.g2 / government-organization
                                                                                              :ARG0-of (s113.g / govern-01))))))
                    :op2 (s113.s / say-01
                                 :ARG0 s113.a3
                                 :ARG1 (s113.f / factor
                                               :ARG1-of (s113.h / have-degree-91
                                                                :ARG2 (s113.i / important-01
                                                                              :ARG1 s113.f)
                                                                :ARG3 (s113.m3 / most))
                                               :domain (s113.a5 / and
                                                                :op1 (s113.a / age
                                                                             :ARG1-of (s113.i2 / increase-01)
                                                                             :time (s113.m / marry-01
                                                                                           :ord (s113.o / ordinal-entity
                                                                                                        :value "1")))
                                                                :op2 (s113.l2 / level
                                                                              :ARG1-of (s113.i3 / increase-01)
                                                                              :mod (s113.e / educate-01)
                                                                              :poss (s113.w / woman
                                                                                            :mod s113.c))
                                                                :op3 (s113.i4 / integrate-01
                                                                              :ARG1 (s113.w2 / woman
                                                                                             :quant (s113.m2 / more))
                                                                              :ARG2 (s113.f2 / force
                                                                                             :ARG0-of (s113.l / labor-01)))))))
   :snt114 (s114.p / possible-01
                   :ARG1 (s114.a / agree-01
                                 :ARG0 (s114.i / i
                                               :same-as s2.i)
                                 :ARG1-of (s114.h / have-quant-91
                                                  :ARG3 (s114.m / more)))
                   :polarity "-")
   :snt115 (s115.p / possible-01
                   :ARG1 (s115.a / agree-01
                                 :ARG0 (s115.s / science)
                                 :ARG1-of (s115.h / have-quant-91
                                                  :ARG3 (s115.m / more)))
                   :polarity "-")
   :snt116 (s116.c / country
                   :ARG0-of (s116.g / go-through-20
                                    :ARG1 (s116.m / modernize-01
                                                  :ARG0-of (s116.i2 / interest-01
                                                                    :degree (s116.v / very)))
                                    :mod (s116.i / indeed))
                   :domain (s116.t / this
                                   :same-as s97.c2)
                   :ARG1-of s116.m)
   :snt117 (s117.a2 / and
                    :domain (s117.t / thing
                                    :domain (s117.t2 / this)
                                    :op1-of s117.a2
                                    :quant "4")
                    :op2 (s117.r2 / recommend-01
                                  :ARG1 (s117.n / need-01
                                                :purpose (s117.w2 / work-01
                                                                  :ARG0 (s117.c / child))
                                                :ARG1 s117.c
                                                :polarity "-"))
                    :op3 (s117.r3 / recommend-01
                                  :ARG1 (s117.a3 / and
                                                 :op1 (s117.g / get-01
                                                              :ARG0 (s117.w / woman)
                                                              :ARG1 (s117.e / educate-01
                                                                            :ARG1 s117.w))
                                                 :op2 (s117.j / join-01
                                                              :ARG0 s117.w
                                                              :ARG1 (s117.f2 / force
                                                                             :mod (s117.l / labor-01)))))
                    :op4 (s117.r4 / recommend-01
                                  :ARG1 (s117.a / access-01
                                                :ARG1 (s117.p / plan-01
                                                              :ARG1 (s117.f / family))))
                    :rel (s117.r / recommend-01
                                 :ARG1 (s117.s / survive-01
                                               :ARG0 s117.c)))
   :snt118 (s118.l / look-01
                   :ARG0 (s118.y / you)
                   :ARG1 (s118.t / this)
                   :mod (s118.a / again)
                   :time (s118.n / now)
                   :mode "imperative")
   :snt119 (s119.r / resemble-01
                   :ARG1 (s119.n2 / number
                                  :ARG1-of (s119.a2 / average-01)
                                  :location (s119.w / world
                                                    :same-as s9.p2)
                                  :quant-of (s119.c / child))
                   :ARG2 (s119.a / 2.4
                                 :time (s119.t / today
                                               :same-as s12.t))
                   :location (s119.c2 / country
                                      :name (s119.n / name
                                                    :op1 "Colombia")))
   :snt120 (s120.c / country
                   :location (s120.h / here
                                     :direction (s120.u / up))
                   :mod (s120.p / poor
                                :degree (s120.v / very)))
   :snt121 (s121.a / and
                   :op2 (s121.n / need-01
                                :ARG1 (s121.a2 / and
                                               :op1 (s121.p / plan-01
                                                            :ARG1 (s121.f / family))
                                               :op2 (s121.s / survive-01
                                                            :ARG1 (s121.c / child)
                                                            :ARG1-of (s121.h / have-degree-91
                                                                             :ARG2 (s121.g / good-02
                                                                                           :ARG1 s121.s)
                                                                             :ARG3 (s121.m / more))))
                                :location (s121.t / that
                                                  :same-as s120.c)))
   :snt122 (s122.r / recommend-01
                   :ARG0 (s122.i / i
                                 :same-as s2.i)
                   :ARG1 (s122.t / talk-01
                                 :ARG0 (s122.p / person
                                               :name (s122.n / name
                                                             :op1 "Melinda"
                                                             :op2 "Gates"))
                                 :medium (s122.p2 / publication
                                                  :name (s122.n2 / name
                                                                 :op1 "TEDTalk"))
                                 :mod (s122.l / last))
                   :ARG1-of (s122.s / strong-02))
   :snt123 (s123.a / and
                   :op2 (s123.c2 / country
                                 :quant (s123.m / many)
                                 :ARG0-of (s123.r / rate-entity-91
                                                  :ARG1 (s123.l / less-than
                                                                :op1 (s123.c / child
                                                                             :quant "2"))
                                                  :ARG2 (s123.w / woman))
                                 :location (s123.h / here
                                                   :direction (s123.d / down))))
   :snt124 (s124.c / cause-01
                   :ARG1 (s124.t2 / thing
                                  :time (s124.g2 / go-back-19
                                                 :purpose (s124.g / give-01
                                                                  :ARG0 (s124.i / i
                                                                                :same-as s2.i)
                                                                  :ARG1 (s124.t / thing
                                                                                :ARG2-of (s124.a / answer-01
                                                                                                 :ARG1 (s124.q / quiz
                                                                                                               :same-as s14.q)))
                                                                  :ARG2 (s124.y / you
                                                                                :same-as s19.y))
                                                 :ARG1 s124.i
                                                 :time (s124.n / now))
                                  :quant "2"))
   :snt125 (s125.r / reach-01
                   :ARG0 (s125.w / we)
                   :ARG1 (s125.p / peak-01
                                 :ARG1 (s125.c / child)))
   :snt126 (s126.g / grow-01
                   :ARG1 (s126.n / number
                                 :quant-of (s126.c / child)
                                 :same-as s13.c2)
                   :ARG1-of (s126.l / long-03
                                    :mod (s126.a / any))
                   :location (s126.w / world
                                     :same-as s9.p2)
                   :polarity "-")
   :snt127 (s127.c2 / contrast-01
                    :ARG1 (s127.d / debate-01
                                  :ARG0 (s127.w / we)
                                  :ARG1 (s127.p / peak-01
                                                :ARG1 (s127.o / oil))
                                  :mod (s127.s / still))
                    :ARG2 (s127.r / reach-01
                                  :ARG0 s127.w
                                  :ARG1 (s127.p2 / peak-01
                                                 :ARG1 (s127.c / child))
                                  :mod (s127.d2 / definite)))
   :snt128 (s128.a / and
                   :op2 (s128.s / stop-01
                                :ARG1 (s128.g / grow-01
                                              :ARG1 (s128.p / person
                                                            :ARG2-of (s128.p2 / populate-01)
                                                            :location (s128.w / world)
                                                            :same-as s10.p2))))
   :snt129 (s129.s / say-01
                   :ARG0 (s129.o / organization
                                 :name (s129.n / name
                                               :op1 "United"
                                               :op2 "Nations"
                                               :op3 "Population"
                                               :op4 "Division"))
                   :ARG1 (s129.s2 / stop-01
                                  :ARG1 (s129.g / grow-01
                                                :ARG1 s129.o
                                                :ARG4 "10000000000")))
   :snt130 (s130.c3 / contrast-01
                    :ARG2 (s130.g / grow-01
                                  :ARG1 (s130.t / they
                                                :same-as s129.o)
                                  :ARG1-of (s130.c / cause-01
                                                   :ARG0 (s130.a / amr-unknown))
                                  :condition (s130.g2 / grow-01
                                                      :ARG1 (s130.n / number
                                                                    :quant-of (s130.c2 / child)
                                                                    :same-as s13.c2)
                                                      :polarity "-")))
   :snt131 (s131.s / show-01
                   :ARG0 (s131.i / i
                                 :same-as s2.i)
                   :ARG2 (s131.y / you
                                 :same-as s19.y)
                   :location (s131.h / here))
   :snt132 (s132.u / use-01
                   :ARG0 (s132.i / i
                                 :same-as s2.i)
                   :ARG1 (s132.b / box
                                 :ARG2-of (s132.c2 / come-01
                                                   :ARG1 (s132.j / journal
                                                                 :poss (s132.y / you
                                                                               :same-as s19.y)))
                                 :mod (s132.c / card)
                                 :mod (s132.t / this)))
   :snt133 (s133.u / useful-05
                   :ARG1 (s133.t / they
                                 :same-as s132.b)
                   :ARG2 (s133.e / educate-01)
                   :degree (s133.q / quite))
   :snt134 (s134.p / person
                   :domain (s134.b / box
                                   :mod (s134.c / card)
                                   :mod (s134.e / each))
                   :quant "1000000000")
   :snt135 (s135.a / and
                   :op2 (s135.c / child
                                :location (s135.w / world
                                                  :same-as s9.p2)
                                :quant "2000000000"))
   :snt136 (s136.p / person
                   :age (s136.b / between
                                :op1 (s136.t / temporal-quantity
                                             :unit (s136.y / year)
                                             :quant "15")
                                :op2 (s136.t2 / temporal-quantity
                                              :unit (s136.y2 / year)
                                              :quant "30"))
                   :mod (s136.y3 / young)
                   :quant "2000000000")
   :snt137 (s137.n / number
                   :ARG1-of (s137.r / round-04)
                   :domain (s137.t / this))
   :snt138 (s138.a2 / and
                    :mod (s138.t4 / then)
                    :op1 (s138.b / between
                                 :op1 (s138.t / temporal-quantity
                                              :unit (s138.y / year)
                                              :quant "30")
                                 :op2 (s138.t2 / temporal-quantity
                                               :unit (s138.y2 / year)
                                               :quant "45"))
                    :op2 (s138.o / one
                                 :quant (s138.b2 / between
                                                 :op1 (s138.t3 / temporal-quantity
                                                               :unit (s138.y3 / year)
                                                               :quant "60")
                                                 :op2 s138.t2)
                                 :mod (s138.a / almost))
                    :rel "1000000000")
   :snt139 (s139.a / and
                   :op2 (s139.b / box
                                :domain (s139.i2 / it)
                                :poss (s139.i / i
                                              :same-as s2.i)
                                :time (s139.t / then)))
   :snt140 (s140.i / i
                   :domain (s140.t2 / this)
                   :mod (s140.m / more-than
                                :op1 (s140.t / temporal-quantity
                                             :unit (s140.y / year)
                                             :quant "60")
                                :same-as s2.i))
   :snt141 (s141.b / be-located-at-91
                   :ARG1 (s141.w / we
                                 :location (s141.t / top)
                                 :same-as s24.w)
                   :ARG2 (s141.h / here))
   :snt142 (s142.t / thing
                   :ARG1-of (s142.c / call-01
                                    :ARG0 (s142.w / we
                                                  :same-as s24.w)
                                    :ARG2 (s142.f / fill-up-02
                                                  :mod (s142.b / big)))
                   :time (s142.n / now))
   :snt143 (s143.p / possible-01
                   :ARG1 (s143.s / see-01
                                 :ARG0 (s143.y / you)
                                 :ARG1 (s143.m / miss-01
                                               :ARG1-of (s143.r / resemble-01
                                                                :ARG2 "3000000000")
                                               :location (s143.h / here))))
   :snt144 (s144.c2 / contrast-01
                    :ARG1 (s144.c / cause-01
                                  :ARG0 (s144.d / die-01
                                                :ARG1 (s144.t / they))
                                  :ARG1 (s144.m / miss-01
                                                :ARG1 s144.t
                                                :polarity "-"))
                    :ARG2 (s144.b / bear-02
                                  :ARG1 s144.t
                                  :time (s144.e / ever)
                                  :polarity "-"))
   :snt145 (s145.c / cause-01
                   :ARG0 (s145.h / have-quant-91
                                 :ARG1 (s145.p / person
                                               :ARG1-of (s145.b / bear-02))
                                 :ARG3 (s145.l / less
                                               :quant (s145.m / much))
                                 :ARG4 (s145.p2 / person
                                                :ARG1-of (s145.b2 / bear-02
                                                                  :time (s145.b4 / before
                                                                                 :duration (s145.t / temporal-quantity
                                                                                                   :unit (s145.y / year)
                                                                                                   :quant "30")
                                                                                 :op1 (s145.n / now))))
                                 :time (s145.b3 / before
                                                :op1 (s145.d / date-entity
                                                             :year "1980"))))
   :snt146 (s146.s / straightforward
                   :degree (s146.q / quite)
                   :domain (s146.t / thing
                                   :time (s146.n / now)))
   :snt147 (s147.d / die-01
                   :ARG0-of (s147.s / sad-02)
                   :ARG1 (s147.w / we
                                 :same-as s24.w)
                   :mod (s147.o / old))
   :snt148 (s148.a / and
                   :op1 (s148.g2 / grow-02
                                 :ARG1 (s148.y / you
                                               :mod (s148.r / rest)
                                               :same-as s19.y)
                                 :ARG2 (s148.h / have-degree-91
                                               :ARG1 s148.y
                                               :ARG2 (s148.o / old)
                                               :ARG3 (s148.m / more)))
                   :op2 (s148.g / get-01
                                :ARG0 s148.y
                                :ARG1 (s148.c / child
                                              :quant "2000000000")))
   :snt149 (s149.d / die-01
                   :ARG1 (s149.p / person
                                 :mod (s149.o / old)
                                 :same-as s147.o)
                   :time (s149.t / then))
   :snt150 (s150.a / and
                   :op1 (s150.g2 / grow-01
                                 :ARG1 (s150.r / rest
                                               :same-as s148.r)
                                 :ARG2 (s150.o / old
                                               :ARG2-of (s150.h / have-degree-91
                                                                :ARG1 s150.r
                                                                :ARG3 (s150.m / more))))
                   :op2 (s150.g / get-01
                                :ARG0 s150.r
                                :ARG1 (s150.c / child
                                              :quant "2000000000")))
   :snt151 (s151.a2 / and
                    :op2 (s151.a3 / and
                                  :mod (s151.a / again
                                               :time (s151.t / then))
                                  :op1 (s151.d / die-01
                                               :ARG1 (s151.p / person
                                                             :mod (s151.o / old)))
                                  :op2 (s151.g / get-01
                                               :ARG0 (s151.y / you)
                                               :ARG1 (s151.c / child
                                                             :quant "2000000000"))))
   :snt152 (s152.f / fill-up-02
                   :domain (s152.t / this)
                   :mod (s152.g / great))
   :snt153 (s153.p / possible-01
                   :ARG1 (s153.a / avoid-01
                                 :ARG1 (s153.i / it
                                               :same-as s152.t))
                   :polarity "-")
   :snt154 (s154.a3 / and
                    :op2 (s154.p / possible-01
                                 :ARG1 (s154.s / see-01
                                               :ARG0 (s154.y / you
                                                             :same-as s19.y)
                                               :ARG1 (s154.i / increase-01
                                                             :manner (s154.a4 / and
                                                                              :op1 (s154.g / get-03
                                                                                           :ARG1 (s154.l / live-01)
                                                                                           :ARG2 (s154.l2 / long-03
                                                                                                          :ARG1 s154.l
                                                                                                          :ARG2-of (s154.h / have-degree-91
                                                                                                                           :ARG1 s154.l
                                                                                                                           :ARG3 (s154.m / more)))
                                                                                           :polarity "-")
                                                                              :op2 (s154.a / add-02
                                                                                           :ARG1 (s154.c / child)
                                                                                           :polarity "-"))
                                                             :mod (s154.t / this)))
                                 :polarity (s154.a2 / amr-unknown)))
   :snt155 (s155.h / have-to-do-with-04
                   :ARG0 (s155.r2 / religion)
                   :ARG1 (s155.n / number-01
                                 :ARG1 (s155.b / baby
                                               :ARG1-of (s155.r / rate-entity-91
                                                                :ARG2 (s155.w / woman))))
                   :ARG2 (s155.l / little
                                 :degree (s155.v / very)))
   :snt156 (s156.c / capable-01
                   :ARG1 (s156.r / religion
                                 :location (s156.w / world
                                                   :same-as s9.p2)
                                 :mod (s156.a2 / all))
                   :ARG2 (s156.a3 / and
                                  :op1 (s156.m / maintain-01
                                               :ARG0 s156.r
                                               :ARG1 (s156.v / value
                                                             :poss s156.r))
                                  :op2 (s156.a / adapt-01
                                               :ARG0 s156.r
                                               :ARG2 (s156.w2 / world
                                                              :ARG1-of (s156.n / new-01)
                                                              :mod (s156.t / this))))
                   :degree (s156.f / full))
   :snt157 (s157.a2 / and
                    :condition (s157.a3 / and
                                        :op1 (s157.g / get-out-07
                                                     :ARG1 (s157.p / person
                                                                   :ARG1-of (s157.h / have-degree-91
                                                                                    :ARG2 (s157.p4 / poor)
                                                                                    :ARG3 (s157.m / most)))
                                                     :ARG2 (s157.p5 / poor))
                                        :op2 (s157.s / survive-01
                                                     :ARG0 (s157.p2 / person
                                                                    :ARG0-of (s157.h2 / have-rel-role-91
                                                                                      :ARG1 s157.p
                                                                                      :ARG2 (s157.c / child))))
                                        :op3 (s157.a / access-01
                                                     :ARG0 s157.p2
                                                     :ARG1 (s157.p3 / plan-01
                                                                    :ARG1 (s157.f / family))))
                    :op2 (s157.w / we
                                 :location (s157.w2 / world
                                                    :mod (s157.t / this)
                                                    :same-as s9.p2)
                                 :mod (s157.j / just)
                                 :quant "10000000000"
                                 :same-as s24.w))
   :snt158 (s158.n / need-01
                   :ARG1 (s158.t / that))
   :snt159 (s159.c / contrast-01
                   :ARG2 (s159.p / possible-01
                                 :ARG1 (s159.a / avoid-01
                                               :ARG1 (s159.m / more
                                                             :quant (s159.b / between
                                                                            :op1 (s159.t / temporal-quantity
                                                                                         :unit (s159.d / dollar)
                                                                                         :quant "3000000000")
                                                                            :op2 (s159.t2 / temporal-quantity
                                                                                          :unit (s159.d2 / dollar)
                                                                                          :quant "3000000"))
                                                             :domain (s159.w / we
                                                                             :same-as s24.w)))))
   :snt160 (s160.i / infer-01
                   :ARG1 (s160.o / obligate-01
                                 :ARG2 (s160.p2 / plan-01
                                                :ARG0 (s160.y / you)
                                                :ARG2 "10000000000")
                                 :time s160.y)
                   :rel (s160.a / and
                                :op1 (s160.d / discuss-01
                                             :ARG0 s160.y)
                                :op2 (s160.p / plan-01
                                             :ARG0 s160.y
                                             :ARG2 (s160.a2 / and
                                                            :ARG1-of (s160.n / need-01
                                                                             :purpose (s160.f / future))
                                                            :op1 (s160.r / resource)
                                                            :op2 (s160.e / energy)
                                                            :op3 (s160.b / being
                                                                         :location (s160.p3 / planet
                                                                                            :mod (s160.t / this)
                                                                                            :same-as s9.p2)
                                                                         :mod (s160.h / human))))))
   :snt161 (s161.t / thank-01
                   :ARG0 (s161.i / i)
                   :ARG1 (s161.y / you
                                 :same-as s2.i)
                   :mod (s161.m / much
                                :degree (s161.v / very))))

