# ::id doc-1188
# ::doc_file doc-1188
# ::tok http : / / www . ted . com / talks / stuart_firestein_the_pursuit_of_ignorance< / url> <next_sent> There is an ancient proverb that says it 's very difficult to find a black cat in a dark room , especially when there is no cat . <next_sent> I find this a particularly apt description of science and how science works -- bumbling around in a dark room , bumping into things , trying to figure out what shape this might be , what that might be , there are reports of a cat somewhere around , they may not be reliable , they may be , and so forth and so on . <next_sent> Now I know this is different than the way most people think about science . <next_sent> Science , we generally are told , is a very well - ordered mechanism for understanding the world , for gaining facts , for gaining data , that it 's rule - based , that scientists use this thing called the scientific method and we 've been doing this for 14 generations or so now , and the scientific method is a set of rules for getting hard , cold facts out of the data . <next_sent> I 'd like to tell you that 's not the case . <next_sent> So there 's the scientific method , but what 's really going on is this . <next_sent> [ The Scientific Method vs . <next_sent> Farting Around ] And it 's going on kind of like that . <next_sent> [ ... in the dark ] So what is the difference , then , between the way I believe science is pursued and the way it seems to be perceived ? <next_sent> So this difference first came to me in some ways in my dual role at Columbia University , where I 'm both a professor and run a laboratory in neuroscience where we try to figure out how the brain works . <next_sent> We do this by studying the sense of smell , the sense of olfaction , and in the laboratory , it 's a great pleasure and fascinating work and exciting to work with graduate students and post - docs and think up cool experiments to understand how this sense of smell works and how the brain might be working , and , well , frankly , it 's kind of exhilarating . <next_sent> But at the same time , it 's my responsibility to teach a large course to undergraduates on the brain , and that 's a big subject , and it takes quite a while to organize that , and it 's quite challenging and it 's quite interesting , but I have to say , it 's not so exhilarating . <next_sent> So what was the difference ? <next_sent> Well , the course I was and am teaching is called Cellular and Molecular Neuroscience - I. <next_sent> It 's 25 lectures full of all sorts of facts , it uses this giant book called " Principles of Neural Science " by three famous neuroscientists . <next_sent> This book comes in at 1,414 pages , it weighs a hefty seven and a half pounds . <next_sent> Just to put that in some perspective , that 's the weight of two normal human brains . <next_sent> So I began to realize , by the end of this course , that the students maybe were getting the idea that we must know everything there is to know about the brain . <next_sent> That 's clearly not true . <next_sent> And they must also have this idea , I suppose , that what scientists do is collect data and collect facts and stick them in these big books . <next_sent> And that 's not really the case either . <next_sent> When I go to a meeting , after the meeting day is over and we collect in the bar over a couple of beers with my colleagues , we never talk about what we know . <next_sent> We talk about what we do n't know . <next_sent> We talk about what still has to get done , what 's so critical to get done in the lab . <next_sent> Indeed , this was , I think , best said by Marie Curie who said that one never notices what has been done but only what remains to be done . <next_sent> This was in a letter to her brother after obtaining her second graduate degree , I should say . <next_sent> I have to point out this has always been one of my favorite pictures of Marie Curie , because I am convinced that that glow behind her is not a photographic effect . <next_sent> That 's the real thing . <next_sent> It is true that her papers are , to this day , stored in a basement room in the Bibliothèque Française in a concrete room that 's lead - lined , and if you 're a scholar and you want access to these notebooks , you have to put on a full radiation hazmat suit , so it 's pretty scary business . <next_sent> Nonetheless , this is what I think we were leaving out of our courses and leaving out of the interaction that we have with the public as scientists , the what - remains - to - be - done . <next_sent> This is the stuff that 's exhilarating and interesting . <next_sent> It is , if you will , the ignorance . <next_sent> That 's what was missing . <next_sent> So I thought , well , maybe I should teach a course on ignorance , something I can finally excel at , perhaps , for example . <next_sent> So I did start teaching this course on ignorance , and it 's been quite interesting and I 'd like to tell you to go to the website . <next_sent> You can find all sorts of information there . <next_sent> It 's wide open . <next_sent> And it 's been really quite an interesting time for me to meet up with other scientists who come in and talk about what it is they do n't know . <next_sent> Now I use this word " ignorance , " of course , to be at least in part intentionally provocative , because ignorance has a lot of bad connotations and I clearly do n't mean any of those . <next_sent> So I do n't mean stupidity , I do n't mean a callow indifference to fact or reason or data . <next_sent> The ignorant are clearly unenlightened , unaware , uninformed , and present company today excepted , often occupy elected offices , it seems to me . <next_sent> That 's another story , perhaps . <next_sent> I mean a different kind of ignorance . <next_sent> I mean a kind of ignorance that 's less pejorative , a kind of ignorance that comes from a communal gap in our knowledge , something that 's just not there to be known or is n't known well enough yet or we ca n't make predictions from , the kind of ignorance that 's maybe best summed up in a statement by James Clerk Maxwell , perhaps the greatest physicist between Newton and Einstein , who said , " Thoroughly conscious ignorance is the prelude to every real advance in science . " <next_sent> I think it 's a wonderful idea : thoroughly conscious ignorance . <next_sent> So that 's the kind of ignorance that I want to talk about today , but of course the first thing we have to clear up is what are we going to do with all those facts ? <next_sent> So it is true that science piles up at an alarming rate . <next_sent> We all have this sense that science is this mountain of facts , and it seems impregnable , it seems impossible . <next_sent> How can you ever know all of this ? <next_sent> And indeed , the scientific literature grows at an alarming rate . <next_sent> In 2006 , there were 1.3 million papers published . <next_sent> There 's about a two - and - a - half - percent yearly growth rate , and so last year we saw over one and a half million papers being published . <next_sent> Divide that by the number of minutes in a year , and you wind up with three new papers per minute . <next_sent> So I 've been up here a little over 10 minutes , I 've already lost three papers . <next_sent> So what do we do about this ? <next_sent> Well , the fact is that what scientists do about it is a kind of a controlled neglect , if you will . <next_sent> We just do n't worry about it , in a way . <next_sent> But knowing a lot of stuff does n't make you a scientist . <next_sent> You need to know a lot of stuff to be a lawyer or an accountant or an electrician or a carpenter . <next_sent> But in science , knowing a lot of stuff is not the point . <next_sent> Knowing a lot of stuff is there to help you get to more ignorance . <next_sent> So knowledge is a big subject , but I would say ignorance is a bigger one . <next_sent> So this leads us to maybe think about , a little bit about , some of the models of science that we tend to use , and I 'd like to disabuse you of some of them . <next_sent> So one of them , a popular one , is that scientists are patiently putting the pieces of a puzzle together to reveal some grand scheme or another . <next_sent> This is clearly not true . <next_sent> For one , with puzzles , the manufacturer has guaranteed that there 's a solution . <next_sent> We do n't have any such guarantee . <next_sent> Indeed , there are many of us who are n't so sure about the manufacturer . <next_sent> So I think the puzzle model does n't work . <next_sent> Another popular model is that science is busy unraveling things the way you unravel the peels of an onion . <next_sent> So peel by peel , you take away the layers of the onion to get at some fundamental kernel of truth . <next_sent> I do n't think that 's the way it works either . <next_sent> Another one , a kind of popular one , is the iceberg idea , that we only see the tip of the iceberg but underneath is where most of the iceberg is hidden . <next_sent> But all of these models are based on the idea of a large body of facts that we can somehow or another get completed . <next_sent> We can chip away at this iceberg and figure out what it is , or we could just wait for it to melt , I suppose , these days , but one way or another we could get to the whole iceberg . Right ? <next_sent> I think what really happens in science is a model more like the magic well , where no matter how many buckets you take out , there 's always another bucket of water to be had , or my particularly favorite one , with the effect and everything , the ripples on a pond . <next_sent> the important thing to realize is that our ignorance , the circumference of this knowledge , also grows with knowledge . <next_sent> So the knowledge generates ignorance . <next_sent> This is really well said , I thought , by George Bernard Shaw . <next_sent> As it turns out , he kind of cribbed that from the philosopher Immanuel Kant who a hundred years earlier had come up with this idea of question propagation , that every answer begets more questions . <next_sent> I love that term , " question propagation , " this idea of questions propagating out there . <next_sent> So I 'd say the model we want to take is not that we start out kind of ignorant and we get some facts together and then we gain knowledge . <next_sent> It 's rather kind of the other way around , really . <next_sent> What do we use this knowledge for ? <next_sent> What are we using this collection of facts for ? <next_sent> We 're using it to make better ignorance , to come up with , if you will , higher - quality ignorance . <next_sent> Scientists argue about this all the time . <next_sent> Sometimes we call them bull sessions . <next_sent> Sometimes we call them grant proposals . <next_sent> But nonetheless , it 's what the argument is about . <next_sent> It 's what makes a good question . <next_sent> So how do we think about these questions ? <next_sent> I 'm going to show you a graph that shows up quite a bit on happy hour posters in various science departments . <next_sent> This graph asks the relationship between what you know and how much you know about it . <next_sent> So what you know , you can know anywhere from nothing to everything , of course , and how much you know about it can be anywhere from a little to a lot . <next_sent> So let 's put a point on the graph . <next_sent> There 's an undergraduate . <next_sent> Does n't know much but they have a lot of interest . <next_sent> They 're interested in almost everything . <next_sent> Now you look at a master 's student , a little further along in their education , and you see they know a bit more , but it 's been narrowed somewhat . <next_sent> That 's where you find people like me , I 'm afraid . <next_sent> So the important thing here is that this can all be changed . <next_sent> This whole view can be changed by just changing the label on the x - axis . <next_sent> So instead of how much you know about it , we could say , " What can you ask about it ? " <next_sent> So yes , you do need to know a lot of stuff as a scientist , but the purpose of knowing a lot of stuff is not just to know a lot of stuff . <next_sent> That just makes you a geek , right ? <next_sent> Knowing a lot of stuff , the purpose is to be able to ask lots of questions , to be able to frame thoughtful , interesting questions , because that 's where the real work is . <next_sent> Let me give you a quick idea of a couple of these sorts of questions . <next_sent> I 'm a neuroscientist , so how would we come up with a question in neuroscience ? <next_sent> Because it 's not always quite so straightforward . <next_sent> So , for example , we could say , well what is it that the brain does ? <next_sent> Well , one thing the brain does , it moves us around . <next_sent> We walk around on two legs . <next_sent> That seems kind of simple , somehow or another . <next_sent> I mean , virtually everybody over 10 months of age walks around on two legs , right ? <next_sent> So that maybe is not that interesting . <next_sent> So instead maybe we want to choose something a little more complicated to look at . <next_sent> How about the visual system ? <next_sent> There it is , the visual system . <next_sent> Indeed , there are over 12,000 neuroscientists who work on the visual system , from the retina to the visual cortex , in an attempt to understand not just the visual system but to also understand how general principles of how the brain might work . <next_sent> But now here 's the thing : Our technology has actually been pretty good at replicating what the visual system does . <next_sent> We have TV , we have movies , we have animation , we have photography , we have pattern recognition , all of these sorts of things . <next_sent> They work differently than our visual systems in some cases , but nonetheless we 've been pretty good at making a technology work like our visual system . <next_sent> Somehow or another , a hundred years of robotics , you never saw a robot walk on two legs , because robots do n't walk on two legs because it 's not such an easy thing to do . <next_sent> A hundred years of robotics , and we ca n't get a robot that can move more than a couple steps one way or the other . <next_sent> You ask them to go up an inclined plane , and they fall over . <next_sent> Turn around , and they fall over . <next_sent> It 's a serious problem . <next_sent> So what is it that 's the most difficult thing for a brain to do ? <next_sent> What ought we to be studying ? <next_sent> Perhaps it ought to be walking on two legs , or the motor system . <next_sent> I 'll give you an example from my own lab , my own particularly smelly question , since we work on the sense of smell . <next_sent> But here 's a diagram of five molecules and sort of a chemical notation . <next_sent> These are just plain old molecules , but if you sniff those molecules up these two little holes in the front of your face , you will have in your mind the distinct impression of a rose . <next_sent> If there 's a real rose there , those molecules will be the ones , but even if there 's no rose there , you 'll have the memory of a molecule . <next_sent> How do we turn molecules into perceptions ? <next_sent> What 's the process by which that could happen ? <next_sent> Here 's another example : two very simple molecules , again in this kind of chemical notation . <next_sent> It might be easier to visualize them this way , so the gray circles are carbon atoms , the white ones are hydrogen atoms and the red ones are oxygen atoms . <next_sent> Now these two molecules differ by only one carbon atom and two little hydrogen atoms that ride along with it , and yet one of them , heptyl acetate , has the distinct odor of a pear , and hexyl acetate is unmistakably banana . <next_sent> So there are two really interesting questions here , it seems to me . <next_sent> One is , how can a simple little molecule like that create a perception in your brain that 's so clear as a pear or a banana ? <next_sent> And secondly , how the hell can we tell the difference between two molecules that differ by a single carbon atom ? <next_sent> I mean , that 's remarkable to me , clearly the best chemical detector on the face of the planet . <next_sent> And you do n't even think about it , do you ? <next_sent> So this is a favorite quote of mine that takes us back to the ignorance and the idea of questions . <next_sent> I like to quote because I think dead people should n't be excluded from the conversation . <next_sent> And I also think it 's important to realize that the conversation 's been going on for a while , by the way . <next_sent> So Erwin Schrodinger , a great quantum physicist and , I think , philosopher , points out how you have to " abide by ignorance for an indefinite period " of time . <next_sent> And it 's this abiding by ignorance that I think we have to learn how to do . <next_sent> This is a tricky thing . <next_sent> This is not such an easy business . <next_sent> I guess it comes down to our education system , so I 'm going to talk a little bit about ignorance and education , because I think that 's where it really has to play out . <next_sent> So for one , let 's face it , in the age of Google and Wikipedia , the business model of the university and probably secondary schools is simply going to have to change . <next_sent> We just ca n't sell facts for a living anymore . <next_sent> They 're available with a click of the mouse , or if you want to , you could probably just ask the wall one of these days , wherever they 're going to hide the things that tell us all this stuff . <next_sent> So what do we have to do ? <next_sent> We have to give our students a taste for the boundaries , for what 's outside that circumference , for what 's outside the facts , what 's just beyond the facts . <next_sent> How do we do that ? <next_sent> Well , one of the problems , of course , turns out to be testing . <next_sent> We currently have an educational system which is very efficient but is very efficient at a rather bad thing . <next_sent> They like to play around . <next_sent> They 're in second grade . <next_sent> They 're interested . <next_sent> But by 11th or 12th grade , fewer than 10 percent of them have any interest in science whatsoever , let alone a desire to go into science as a career . <next_sent> So we have this remarkably efficient system for beating any interest in science out of everybody 's head . <next_sent> Is this what we want ? <next_sent> I think this comes from what a teacher colleague of mine calls " the bulimic method of education . " <next_sent> We just jam a whole bunch of facts down their throats over here and then they puke it up on an exam over here and everybody goes home with no added intellectual heft whatsoever . <next_sent> This ca n't possibly continue to go on . <next_sent> So what do we do ? <next_sent> Well the geneticists , I have to say , have an interesting maxim they live by . <next_sent> Geneticists always say , you always get what you screen for . <next_sent> And that 's meant as a warning . <next_sent> So we always will get what we screen for , and part of what we screen for is in our testing methods . <next_sent> Well , we hear a lot about testing and evaluation , and we have to think carefully when we 're testing whether we 're evaluating or whether we 're weeding , whether we 're weeding people out , whether we 're making some cut . <next_sent> Evaluation is one thing . <next_sent> You hear a lot about evaluation in the literature these days , in the educational literature , but evaluation really amounts to feedback and it amounts to an opportunity for trial and error . <next_sent> It amounts to a chance to work over a longer period of time with this kind of feedback . <next_sent> That 's different than weeding , and usually , I have to tell you , when people talk about evaluation , evaluating students , evaluating teachers , evaluating schools , evaluating programs , that they 're really talking about weeding . <next_sent> And that 's a bad thing , because then you will get what you select for , which is what we 've gotten so far . <next_sent> So I 'd say what we need is a test that says , " What is x ? " <next_sent> and the answers are " I do n't know , because no one does , " or " What 's the question ? " Even better . <next_sent> Or , " You know what , I 'll look it up , I 'll ask someone , I 'll phone someone . I 'll find out . " <next_sent> Because that 's what we want people to do , and that 's how you evaluate them . <next_sent> And maybe for the advanced placement classes , it could be , " Here 's the answer . What 's the next question ? " <next_sent> That 's the one I like in particular . <next_sent> So let me end with a quote from William Butler Yeats , who said " Education is not about filling buckets ; So I 'd say , let 's get out the matches . <next_sent> Thank you . <next_sent> Thank you .
(d / document
   :snt1 (s1.u / url-entity
               :mod (s1.b / by-oneself)
               :polarity "-")
   :snt2 (s2.p / proverb
               :ARG0-of (s2.s / say-01
                              :ARG1 (s2.d2 / difficult
                                           :condition (s2.h / have-polarity-91
                                                            :ARG1 (s2.c2 / cat)
                                                            :mod (s2.e / especially)
                                                            :ARG2 "-")
                                           :degree (s2.v / very)
                                           :domain (s2.f / find-01
                                                         :ARG1 (s2.c / cat
                                                                     :ARG1-of (s2.b / black-04))
                                                         :location (s2.r / room
                                                                         :ARG1-of (s2.d / dark-02)))))
               :mod (s2.a / ancient))
   :snt3 (s3.f2 / find-02
                :ARG0 (s3.i / i)
                :ARG1 (s3.d2 / describe-01
                             :ARG0 (s3.t5 / this
                                          :same-as s2.p)
                             :ARG1 (s3.a2 / and
                                          :op1 (s3.s / science)
                                          :op2 (s3.t2 / thing
                                                      :manner-of (s3.w / work-09
                                                                       :ARG1 s3.s)))
                             :ARG1-of (s3.a4 / apt-03
                                             :mod (s3.p / particular))
                             :example (s3.a3 / and
                                             :op1 (s3.a / B
                                                        :direction (s3.a5 / around
                                                                          :location (s3.r3 / room
                                                                                           :ARG1-of (s3.d / dark-02))))
                                             :op2 (s3.b / bump
                                                        :destination (s3.t3 / thing))
                                             :op3 (s3.t7 / try-01
                                                         :ARG1 (s3.f / figure-out-05
                                                                     :ARG1 (s3.t4 / thing
                                                                                  :ARG1-of (s3.p3 / possible-01))))
                                             :op4 (s3.r2 / report-01
                                                         :ARG1 (s3.c / cat)
                                                         :location (s3.s3 / somewhere
                                                                          :mod (s3.a6 / around)))
                                             :op5 (s3.p4 / possible-01
                                                         :ARG1 (s3.r / rely-01
                                                                     :ARG1 (s3.t / they
                                                                                 :same-as s3.r2)))
                                             :op6 (s3.p6 / possible-01
                                                         :ARG1 s3.r)
                                             :op7 (s3.f3 / forth)
                                             :op8 (s3.e / et-cetera)))
                :rel (s3.s2 / shape-01
                            :ARG1 (s3.t6 / this)
                            :ARG1-of (s3.p2 / possible-01))
                :rel (s3.p5 / possible-01
                            :polarity "-"))
   :snt4 (s4.k / know-01
               :ARG0 (s4.i / i
                           :same-as s3.i)
               :ARG1 (s4.d / differ-02
                           :ARG1 (s4.t2 / this)
                           :ARG2 (s4.w / way
                                       :manner-of (s4.t / think-01
                                                        :ARG0 (s4.p / person
                                                                    :quant (s4.m / most))
                                                        :ARG1 (s4.s / science))))
               :time (s4.n / now))
   :snt5 (s5.t / tell-01
               :ARG1 (s5.m / mechanism
                           :purpose (s5.a / and
                                          :op1 (s5.u / understand-01
                                                     :ARG1 (s5.w4 / world))
                                          :op2 (s5.g / gain-02
                                                     :ARG1 (s5.f / fact))
                                          :op3 (s5.g2 / gain-02
                                                      :ARG1 (s5.d / data))
                                          :op4 (s5.b / base-02
                                                     :ARG1 (s5.s / science)
                                                     :ARG2 (s5.r / rule))
                                          :op5 (s5.u2 / use-01
                                                      :ARG0 (s5.s3 / scientist)
                                                      :ARG1 (s5.t2 / thing
                                                                   :ARG1-of (s5.c / call-01
                                                                                  :ARG2 (s5.m2 / method
                                                                                               :mod (s5.s2 / science)))))
                                          :op6 (s5.d3 / do-02
                                                      :ARG0 (s5.w2 / we)
                                                      :ARG1 s5.a
                                                      :duration (s5.o / or
                                                                      :op1 (s5.g4 / generation
                                                                                  :quant "14")
                                                                      :op2 (s5.s5 / so))
                                                      :time (s5.n / now))
                                          :op7 (s5.s4 / set
                                                      :purpose (s5.g5 / get-05
                                                                      :ARG1 (s5.f2 / fact
                                                                                   :ARG1-of (s5.c2 / cold-01)
                                                                                   :ARG1-of (s5.h / hard-02))
                                                                      :ARG2 (s5.o3 / out-06
                                                                                   :ARG1 s5.f2
                                                                                   :ARG2 (s5.d2 / data)))
                                                      :consist-of (s5.r2 / rule)))
                           :ARG1-of (s5.o2 / order-03
                                           :manner (s5.w3 / well
                                                          :degree (s5.v / very)))
                           :domain s5.s)
               :ARG1-of (s5.g3 / general-02)
               :ARG2 (s5.w / we))
   :snt6 (s6.l / like-02
               :ARG0 (s6.i / i
                           :same-as s3.i)
               :ARG1 (s6.t / tell-01
                           :ARG0 s6.i
                           :ARG1 (s6.h / have-polarity-91
                                       :ARG1 (s6.t2 / that)
                                       :ARG2 "-")
                           :ARG2 (s6.y / you)))
   :snt7 (s7.c / contrast-01
               :ARG1 (s7.m / method
                           :location (s7.t / there)
                           :mod (s7.s / science
                                      :same-as s5.t2))
               :ARG2 (s7.g / go-on-15
                           :ARG1 (s7.t2 / this)
                           :ARG1-of (s7.r / real-04)))
   :snt8 (s8.v / versus
               :op1 (s8.m / method
                          :mod (s8.s / science)
                          :same-as s5.t2))
   :snt9 (s9.a / and
               :op1 (s9.f / fart-01
                          :direction (s9.a3 / around))
               :op2 (s9.a2 / and
                           :op2 (s9.g / go-on-15
                                      :ARG1 (s9.i / it)
                                      :ARG1-of (s9.r / resemble-01
                                                     :ARG2 (s9.t / that)
                                                     :degree (s9.k / kind-of)))))
   :snt10 (s10.i2 / infer-01
                  :ARG1 (s10.d2 / differ-02
                                :ARG1 (s10.w / way
                                             :manner-of (s10.b / believe-01
                                                               :ARG0 (s10.i / i
                                                                            :same-as s3.i)
                                                               :ARG1 (s10.p2 / pursue-01
                                                                             :ARG1 (s10.s / science))))
                                :ARG2 (s10.w2 / way
                                              :ARG2-of (s10.p / perceive-01
                                                              :ARG1 s10.s
                                                              :ARG1-of (s10.s2 / seem-01)))
                                :ARG3 (s10.a / amr-unknown))
                  :ARG1-of (s10.d / dark-02)
                  :mod (s10.t / then))
   :snt11 (s11.c / cause-01
                 :ARG1 (s11.c2 / come-01
                               :ARG1 (s11.d / differ-02
                                            :mod (s11.t2 / this)
                                            :same-as s10.d2)
                               :ARG4 (s11.i / i
                                            :same-as s3.i)
                               :manner (s11.w / way
                                              :mod (s11.s / some))
                               :time (s11.f2 / first)
                               :time (s11.r / role
                                            :location (s11.u / university
                                                             :name (s11.n / name
                                                                          :op1 "Columbia"
                                                                          :op2 "University")
                                                             :ARG2-of (s11.h / have-org-role-91
                                                                             :ARG0 s11.i
                                                                             :ARG1 (s11.a / and
                                                                                          :op1 (s11.p / professor)
                                                                                          :op2 (s11.r2 / run-01
                                                                                                       :ARG0 s11.i
                                                                                                       :ARG1 (s11.l / laboratory
                                                                                                                    :location-of (s11.t3 / try-01
                                                                                                                                         :ARG0 (s11.w2 / we)
                                                                                                                                         :ARG1 (s11.f / figure-out-05
                                                                                                                                                      :ARG0 s11.w2
                                                                                                                                                      :ARG1 (s11.t / thing
                                                                                                                                                                   :manner-of (s11.w3 / work-09
                                                                                                                                                                                      :ARG1 (s11.b / brain)))))
                                                                                                                    :mod (s11.n2 / neuroscience))))))
                                            :mod (s11.d2 / dual)
                                            :poss s11.i)))
   :snt12 (s12.a6 / and
                  :op1 (s12.d / do-02
                              :ARG0 (s12.w / we
                                           :same-as s11.w2)
                              :ARG1 (s12.t3 / this
                                            :same-as s11.t3)
                              :manner (s12.s5 / study-01
                                              :ARG0 s12.w
                                              :ARG1 (s12.a2 / and
                                                            :op1 (s12.s / sense-01
                                                                        :ARG1 (s12.s4 / smell-02))
                                                            :op2 (s12.s2 / sense-01
                                                                         :ARG1 (s12.o / olfaction)))))
                  :op2 (s12.a3 / and
                               :location (s12.l / laboratory)
                               :op1 (s12.p2 / pleasure
                                            :domain (s12.w4 / work-01
                                                            :ARG0 s12.w
                                                            :ARG3 (s12.a4 / and
                                                                          :op1 (s12.p / person
                                                                                      :ARG0-of (s12.s6 / study-01
                                                                                                       :mod (s12.g / graduate))
                                                                                      :time (s12.a / after
                                                                                                   :op1 (s12.d2 / doctor)))))
                                            :mod (s12.g2 / great))
                               :op2 (s12.w3 / work-01
                                            :ARG0-of (s12.f / fascinate-01))
                               :op3 (s12.e / excite-01
                                           :ARG0 s12.w4)
                               :op4 (s12.t2 / think-up-02
                                            :ARG1 (s12.e3 / experiment-01
                                                          :purpose (s12.u / understand-01
                                                                          :ARG0 s12.w
                                                                          :ARG1 (s12.a5 / and
                                                                                        :op1 (s12.t / thing
                                                                                                    :manner-of (s12.w5 / work-09
                                                                                                                       :ARG1 (s12.s3 / sense-01
                                                                                                                                     :ARG1 s12.s4
                                                                                                                                     :mod (s12.t4 / this)
                                                                                                                                     :same-as s12.s)))
                                                                                        :op2 (s12.p3 / possible-01
                                                                                                     :ARG1 (s12.w6 / work-09
                                                                                                                   :ARG1 (s12.b / brain)))))
                                                          :ARG1-of (s12.c / cool-04))))
                  :op3 (s12.e2 / excite-01
                               :ARG0 s12.w4
                               :degree (s12.k / kind-of)
                               :mod (s12.f2 / frank)
                               :mod (s12.w2 / well)))
   :snt13 (s13.c2 / contrast-01
                  :ARG2 (s13.r / responsible-03
                               :ARG0 (s13.i / i
                                            :same-as s3.i)
                               :ARG1 (s13.t2 / teach-01
                                             :ARG0 s13.i
                                             :ARG1 (s13.c3 / course-91
                                                           :mod (s13.l / large)
                                                           :mod (s13.b2 / brain)
                                                           :mod (s13.s4 / subject
                                                                        :mod (s13.b / big))
                                                           :op3 (s13.t / take-10
                                                                       :ARG0 (s13.o2 / organize-01
                                                                                     :ARG1 s13.c3)
                                                                       :ARG1 (s13.w / while
                                                                                    :degree (s13.q / quite)))
                                                           :op4 (s13.c / challenge-01
                                                                       :degree (s13.q2 / quite
                                                                                       :op5 (s13.i2 / interest-01
                                                                                                    :degree (s13.q3 / quite)))))
                                             :ARG2 (s13.u / undergraduate)))
                  :concession (s13.o / obligate-01
                                     :ARG2 (s13.s2 / say-01
                                                   :ARG0 s13.i
                                                   :ARG1 (s13.e / excite-01
                                                                :ARG0 s13.c3
                                                                :degree (s13.s3 / so)
                                                                :polarity "-")))
                  :time (s13.t3 / time
                                :ARG1-of (s13.s / same-01)))
   :snt14 (s14.i / infer-01
                 :ARG1 (s14.d / differ-02
                              :ARG3 (s14.a / amr-unknown)))
   :snt15 (s15.c / call-01
                 :ARG1 (s15.c3 / course
                               :name (s15.n / name)
                               :ARG1-of (s15.t / teach-01
                                               :ARG0 (s15.i / i
                                                            :same-as s3.i
                                                            :same-as s13.b2)
                                               :ARG0 (s15.i2 / i)))
                 :ARG2 (s15.a / and
                              :op1 (s15.c2 / cell)
                              :op2 (s15.n2 / neuroscience
                                           :mod (s15.m / molecule)))
                 :mod (s15.w / well))
   :snt16 (s16.a2 / and
                  :op1 (s16.l / lecture-01
                              :ARG1-of (s16.f3 / full-09
                                               :ARG2 (s16.f / fact
                                                            :mod (s16.s2 / sort
                                                                         :mod (s16.a / all))))
                              :domain (s16.i / it
                                             :same-as s13.b2)
                              :quant "25")
                  :op2 (s16.u / use-01
                              :ARG0 s16.i
                              :ARG1 (s16.b / book
                                           :ARG1-of (s16.c / call-01
                                                           :ARG0 (s16.s / scientist
                                                                        :ARG1-of (s16.f2 / fame-01)
                                                                        :quant "3"))
                                           :mod (s16.g / giant)
                                           :mod (s16.t / this)))
                  :rel (s16.n / name
                              :op1 "Principles"
                              :op2 "of"
                              :op3 "Neural"
                              :op4 "Science"))
   :snt17 (s17.a / and
                 :op1 (s17.c / come-in-07
                             :ARG1 (s17.b / book
                                          :mod (s17.t / this)
                                          :same-as s16.b)
                             :ARG2 (s17.p / page
                                          :quant (s17.c2 / continent
                                                         :name (s17.n / name
                                                                      :op1 "10"))))
                 :op2 (s17.w / weigh-01
                             :ARG1 s17.b
                             :ARG3 (s17.m / mass-quantity
                                          :mod (s17.h / hefty)
                                          :unit (s17.p2 / pound)
                                          :quant "2.5")))
   :snt18 (s18.w / weight
                 :ARG1-of (s18.p2 / put-01
                                  :ARG1 (s18.t / that
                                               :same-as s17.w)
                                  :ARG2 (s18.p / perspective
                                               :mod (s18.s / some))
                                  :mod (s18.j / just))
                 :domain s18.t
                 :poss (s18.b / brain
                              :ARG1-of (s18.n / normal-02)
                              :part-of (s18.h / human)
                              :quant "2"))
   :snt19 (s19.b / begin-01
                 :ARG0 (s19.i / i
                              :same-as s3.i)
                 :ARG1 (s19.r / realize-01
                              :ARG0 s19.i
                              :ARG1 (s19.p2 / possible-01
                                            :ARG1 (s19.g / get-01
                                                         :ARG0 (s19.p / person
                                                                      :ARG0-of (s19.s / study-01))
                                                         :ARG1 (s19.i2 / idea
                                                                       :topic (s19.o / obligate-01
                                                                                     :ARG2 (s19.k / know-01
                                                                                                  :ARG0 (s19.w / we)
                                                                                                  :ARG1 (s19.e2 / everything
                                                                                                                :ARG1-of (s19.k2 / know-01)
                                                                                                                :topic (s19.b2 / brain)))))))
                              :time (s19.b3 / by
                                            :op1 (s19.e / end-01
                                                        :ARG1 (s19.c / course
                                                                     :mod (s19.t / this)
                                                                     :same-as s13.b2)))))
   :snt20 (s20.t2 / true-01
                  :ARG1 (s20.t / that
                               :same-as s19.k)
                  :ARG1-of (s20.c / clear-06)
                  :polarity "-")
   :snt21 (s21.a2 / and
                  :op2 (s21.o / obligate-01
                              :ARG1 (s21.t / they
                                           :same-as s19.p)
                              :ARG1-of (s21.s3 / suppose-01
                                               :ARG0 (s21.i / i
                                                            :same-as s3.i))
                              :ARG2 (s21.h / have-03
                                           :ARG0 s21.t
                                           :ARG1 (s21.i2 / idea
                                                         :consist-of (s21.a3 / and
                                                                             :op1 (s21.c / collect-01
                                                                                         :ARG0 (s21.s / scientist)
                                                                                         :ARG1 (s21.d / data))
                                                                             :op2 (s21.c2 / collect-01
                                                                                          :ARG0 s21.s
                                                                                          :ARG1 (s21.f / fact))
                                                                             :op3 (s21.s2 / stick-01
                                                                                          :ARG0 s21.s
                                                                                          :ARG1 s21.f
                                                                                          :ARG2 (s21.b2 / book
                                                                                                        :mod (s21.b / big)
                                                                                                        :mod (s21.t3 / this))))
                                                         :mod (s21.t2 / this))
                                           :mod (s21.a / also))))
   :snt22 (s22.a / and
                 :op2 (s22.c / case-04
                             :ARG1 (s22.t / that)
                             :ARG1-of (s22.r / real-04)
                             :mod (s22.e / either)
                             :polarity "-"))
   :snt23 (s23.t / talk-01
                 :ARG0 (s23.w / we)
                 :ARG1 (s23.t2 / thing
                               :ARG1-of (s23.k / know-01
                                               :ARG0 s23.w))
                 :time (s23.e / ever)
                 :time (s23.a / after
                              :op1 (s23.a2 / and
                                           :op1 (s23.o / over-01
                                                       :ARG1 (s23.d / day
                                                                    :mod (s23.m / meet-03
                                                                                :ARG0 (s23.i / i
                                                                                             :same-as s3.i))))
                                           :op2 (s23.c2 / collect-01
                                                        :ARG0 s23.w
                                                        :ARG2 (s23.b / bar)
                                                        :accompanier (s23.p / person
                                                                            :ARG0-of (s23.h / have-rel-role-91
                                                                                            :ARG1 s23.i
                                                                                            :ARG2 (s23.c / colleague)))
                                                        :duration (s23.b2 / beer
                                                                          :quant (s23.c3 / couple)))))
                 :time (s23.g / go-02
                              :ARG0 s23.i
                              :ARG4 s23.m)
                 :polarity "-")
   :snt24 (s24.t / talk-01
                 :ARG0 (s24.w / we
                              :same-as s23.w)
                 :ARG1 (s24.t2 / thing
                               :ARG1-of (s24.k / know-01
                                               :ARG0 s24.w
                                               :polarity "-")))
   :snt25 (s25.t / talk-01
                 :ARG0 (s25.w / we
                              :same-as s23.w)
                 :ARG1 (s25.a / and
                              :op1 (s25.t2 / thing
                                           :ARG1-of (s25.d / do-02
                                                           :ARG2-of (s25.o / obligate-01
                                                                           :mod (s25.s2 / still))))
                              :op2 (s25.t3 / thing
                                           :ARG1-of (s25.c / critical-02
                                                           :degree (s25.s / so))
                                           :ARG1-of (s25.d2 / do-02
                                                            :location (s25.l / lab)))))
   :snt26 (s26.t3 / think-01
                  :ARG0 (s26.i / i
                               :same-as s3.i)
                  :ARG1 (s26.h / have-degree-91
                               :ARG1 (s26.s / say-01
                                            :ARG0 (s26.p / person
                                                         :name (s26.n / name
                                                                      :op1 "Marie"
                                                                      :op2 "Curie")
                                                         :ARG0-of (s26.s2 / say-01
                                                                          :ARG1 (s26.c / contrast-01
                                                                                       :ARG1 (s26.n2 / notice-01
                                                                                                     :ARG0 (s26.o / one)
                                                                                                     :ARG1 (s26.t / thing
                                                                                                                  :ARG1-of (s26.d / do-02))
                                                                                                     :time (s26.e / ever)
                                                                                                     :polarity "-")
                                                                                       :ARG2 (s26.t2 / thing
                                                                                                     :ARG1-of (s26.r / remain-01)
                                                                                                     :ARG1-of (s26.d2 / do-02)
                                                                                                     :mod (s26.o2 / only)))))
                                            :ARG1 (s26.t4 / this))
                               :ARG2 (s26.g / good-02
                                            :ARG1 s26.s)
                               :ARG3 (s26.m / most))
                  :mod (s26.i2 / indeed))
   :snt27 (s27.r / recommend-01
                 :ARG1 (s27.s / say-01
                              :ARG0 (s27.i / i
                                           :same-as s3.i)
                              :ARG1 (s27.t / this
                                           :location (s27.l / letter
                                                            :beneficiary (s27.p / person
                                                                                :ARG0-of (s27.h / have-rel-role-91
                                                                                                :ARG1 (s27.s2 / she
                                                                                                              :same-as s26.p)
                                                                                                :ARG2 (s27.b / brother)))
                                                            :time (s27.a / after
                                                                         :op1 (s27.o / obtain-01
                                                                                     :ARG0 s27.s2
                                                                                     :ARG1 (s27.d / degree
                                                                                                  :mod (s27.g / graduate)
                                                                                                  :ord (s27.o2 / ordinal-entity
                                                                                                               :value "2")
                                                                                                  :poss s27.s2)))))))
   :snt28 (s28.o / obligate-01
                 :ARG1 (s28.p4 / point-out-02
                               :ARG0 (s28.i / i
                                            :same-as s3.i)
                               :ARG1 (s28.i2 / include-91
                                             :ARG1 (s28.t2 / this)
                                             :ARG2 (s28.p3 / picture
                                                           :ARG1-of (s28.f / favor-01
                                                                           :ARG0 s28.i)
                                                           :topic (s28.p / person
                                                                         :name (s28.n / name
                                                                                      :op1 "Marie"
                                                                                      :op2 "Curie")
                                                                         :same-as s26.p))
                                             :time (s28.a / always)))
                 :ARG1-of (s28.c / cause-01
                                 :ARG0 (s28.c2 / convince-01
                                               :ARG1 s28.i
                                               :ARG2 (s28.e / effect-03
                                                            :ARG1 (s28.g / glow-01
                                                                         :location (s28.b / behind
                                                                                          :op1 s28.p)
                                                                         :mod (s28.t / that))
                                                            :mod (s28.p2 / photograph-01)
                                                            :polarity "-"))))
   :snt29 (s29.t2 / thing
                  :ARG1-of (s29.r / real-04)
                  :domain (s29.t / that
                                 :same-as s28.g))
   :snt30 (s30.t3 / true-01
                  :ARG1 (s30.a2 / and
                                :op1 (s30.s4 / store-01
                                             :ARG1 (s30.p / paper
                                                          :poss (s30.s3 / she
                                                                        :same-as s26.p))
                                             :ARG2 (s30.r2 / room
                                                           :ARG1-of (s30.c2 / concrete-02)
                                                           :ARG1-of (s30.l2 / line-01
                                                                            :ARG2 (s30.l / lead-01))
                                                           :location (s30.b / basement)
                                                           :part-of (s30.b2 / building
                                                                            :name (s30.n / name
                                                                                         :op1 "Bibliothèque"
                                                                                         :op2 "Française")))
                                             :time (s30.d / day
                                                          :mod (s30.t / this)))
                                :op2 (s30.o / obligate-01
                                            :ARG0-of (s30.c / cause-01
                                                            :ARG1 (s30.b3 / business
                                                                          :ARG0-of (s30.s / scary-03
                                                                                          :degree (s30.p2 / pretty))))
                                            :ARG1 (s30.y / you)
                                            :ARG2 (s30.p3 / put-on-08
                                                          :ARG0 s30.y
                                                          :ARG1 (s30.s5 / suit
                                                                        :mod (s30.h / hazmat)
                                                                        :mod (s30.r / radiate-01
                                                                                    :degree (s30.f / full))))
                                            :condition (s30.a3 / and
                                                               :op1 (s30.s2 / scholar
                                                                            :domain s30.y)
                                                               :op2 (s30.w / want-01
                                                                           :ARG0 s30.y
                                                                           :ARG1 (s30.a / access-01
                                                                                        :ARG0 s30.y
                                                                                        :ARG1 (s30.j / journal
                                                                                                     :mod (s30.t2 / this))))))))
   :snt31 (s31.h / have-concession-91
                 :ARG2 (s31.t3 / think-01
                               :ARG0 (s31.i / i
                                            :same-as s3.i)
                               :ARG1 (s31.a / and
                                            :op1 (s31.l / leave-15
                                                        :ARG0 (s31.w / we)
                                                        :ARG1 (s31.t / thing
                                                                     :domain (s31.t4 / this))
                                                        :source (s31.c / course
                                                                       :poss s31.w))
                                            :op2 (s31.i2 / interact-01
                                                         :ARG0 s31.w
                                                         :ARG1 (s31.p / public)
                                                         :manner (s31.h2 / have-mod-91
                                                                         :ARG1 s31.w
                                                                         :ARG2 (s31.s / scientist)))
                                            :op2 (s31.a2 / and
                                                         :op1 s31.t
                                                         :op2 (s31.t2 / thing
                                                                      :ARG1-of (s31.r / remain-01)
                                                                      :ARG1-of (s31.d / do-02))))))
   :snt32 (s32.s / stuff
                 :ARG0-of (s32.t2 / thrill-01)
                 :ARG0-of (s32.i / interest-01)
                 :domain (s32.t / this
                                :same-as s31.t4))
   :snt33 (s33.i / ignorance
                 :ARG1-of (s33.w / will-02
                                 :ARG0 (s33.y / you)))
   :snt34 (s34.t2 / thing
                  :ARG1-of (s34.m / miss-01)
                  :domain (s34.t / that
                                 :same-as s33.i))
   :snt35 (s35.c / cause-01
                 :ARG1 (s35.t2 / think-01
                               :ARG0 (s35.i / i
                                            :same-as s3.i)
                               :ARG1 (s35.p2 / possible-01
                                             :ARG1 (s35.r / recommend-01
                                                          :ARG1 (s35.t / teach-01
                                                                       :ARG0 s35.i
                                                                       :ARG1 (s35.c2 / course-91
                                                                                     :ARG1 (s35.i2 / ignorance)
                                                                                     :ARG1-of (s35.e / excel-01
                                                                                                     :ARG0 s35.i
                                                                                                     :ARG1-of (s35.p3 / possible-01
                                                                                                                      :ARG0-of (s35.e2 / exemplify-01))
                                                                                                     :mod (s35.f / final)
                                                                                                     :mod (s35.p / perhaps))))
                                                          :ARG2 s35.i))))
   :snt36 (s36.a / and
                 :op1 (s36.s / start-01
                             :ARG0 (s36.i / i
                                          :same-as s3.i)
                             :ARG1 (s36.t / teach-01
                                          :ARG0 s36.i
                                          :ARG1 (s36.c / course
                                                       :mod (s36.t3 / this)
                                                       :topic (s36.i2 / ignorance)
                                                       :same-as s13.b2)))
                 :op2 (s36.i3 / interest-01
                              :ARG1 s36.i
                              :ARG2 s36.c
                              :degree (s36.q / quite))
                 :op3 (s36.l / like-02
                             :ARG0 s36.i
                             :ARG1 (s36.t2 / tell-01
                                           :ARG0 s36.i
                                           :ARG1 (s36.g / go-02
                                                        :ARG0 (s36.y / you
                                                                     :same-as s6.y)
                                                        :ARG4 (s36.w / website))
                                           :ARG2 s36.y)))
   :snt37 (s37.p / possible-01
                 :ARG1 (s37.f / find-01
                              :ARG0 (s37.y / you)
                              :ARG1 (s37.i / information
                                           :mod (s37.s / sort
                                                       :mod (s37.a / all)))
                              :location (s37.t / there)))
   :snt38 (s38.o / open-01
                 :ARG1 (s38.i / it
                              :same-as s36.w)
                 :extent (s38.w / wide))
   :snt39 (s39.a / and
                 :op2 (s39.t3 / time
                              :ARG2-of (s39.i2 / interest-01
                                               :ARG0 (s39.m / meet-up-04
                                                            :ARG0 (s39.i / i
                                                                         :same-as s3.i)
                                                            :ARG1 (s39.s / scientist
                                                                         :ARG0-of (s39.t / talk-01
                                                                                         :ARG1 (s39.t2 / thing
                                                                                                       :ARG1-of (s39.k / know-01
                                                                                                                       :ARG0 s39.s
                                                                                                                       :polarity "-")))
                                                                         :ARG1-of (s39.c / come-01)
                                                                         :mod (s39.o / other)))
                                               :ARG1-of (s39.r / real-04)
                                               :degree (s39.q / quite))))
   :snt40 (s40.u / use-01
                 :purpose (s40.p2 / provoke-01
                                  :ARG1-of (s40.i5 / intend-01
                                                   :ARG0 (s40.i / i
                                                                :same-as s3.i))
                                  :degree (s40.p / part
                                                 :mod (s40.a3 / at-least)))
                 :ARG0 s40.i
                 :ARG1 (s40.w / word-01
                              :ARG1 (s40.i2 / ignorance)
                              :mod (s40.t / this))
                 :ARG1-of (s40.c / cause-01
                                 :ARG0 (s40.a / and
                                              :op1 (s40.i3 / imply-01
                                                           :quant (s40.l / lot)
                                                           :ARG1 s40.i2
                                                           :ARG1-of (s40.b / bad-07))
                                              :op2 (s40.m / mean-01
                                                          :ARG0 s40.i
                                                          :ARG1 (s40.a2 / any
                                                                        :ARG1-of (s40.i4 / include-91
                                                                                         :ARG2 s40.i3))
                                                          :ARG1-of (s40.c2 / clear-06)
                                                          :polarity "-")))
                 :mod (s40.o / of-course)
                 :time (s40.n / now)
                 :ARG0-of s40.p2)
   :snt41 (s41.c2 / cause-01
                  :ARG1 (s41.m / mean-01
                               :ARG0 (s41.i / i
                                            :same-as s3.i)
                               :ARG2 (s41.s / stupidity)
                               :ARG2 (s41.i2 / indifferent-01
                                             :ARG2 (s41.o / or
                                                          :op1 (s41.f / fact)
                                                          :op2 (s41.r / reason-01)
                                                          :op3 (s41.d / data))
                                             :mod (s41.c / callow))
                               :polarity "-"))
   :snt42 (s42.s / seem-01
                 :ARG1 (s42.o / occupy-01
                              :ARG0 (s42.c2 / company
                                            :ARG2-of (s42.e2 / except-01
                                                             :time (s42.t / today))
                                            :time (s42.p2 / present))
                              :ARG1 (s42.o2 / office
                                            :ARG2-of (s42.e / elect-01))
                              :frequency (s42.o3 / often))
                 :ARG2 (s42.i / i
                              :same-as s3.i)
                 :rel (s42.a / and
                             :ARG1-of (s42.c / clear-06)
                             :op1 (s42.i3 / inform-01
                                          :ARG1 (s42.p / person
                                                       :ARG1-of (s42.i2 / ignorant-02))
                                          :polarity "-")
                             :op2 (s42.r / realize-01
                                         :ARG0 s42.p
                                         :polarity "-")
                             :op3 (s42.i4 / inform-01
                                          :ARG1 s42.p
                                          :polarity "-")
                             :op4 s42.o))
   :snt43 (s43.p / possible-01
                 :ARG1 (s43.s / story
                              :domain (s43.t / that)
                              :mod (s43.a / another)))
   :snt44 (s44.m / mean-01
                 :ARG0 (s44.i / i
                              :same-as s3.i)
                 :ARG2 (s44.i2 / ignorance
                               :mod (s44.k / kind
                                           :ARG1-of (s44.d / differ-02))))
   :snt45 (s45.m / mean-01
                 :ARG0 (s45.i / i
                              :same-as s3.i)
                 :ARG2 (s45.a2 / and
                               :op1 (s45.i2 / ignorance
                                            :ARG1-of (s45.h / have-degree-91
                                                            :ARG2 (s45.p / pejorative)
                                                            :ARG3 (s45.l / less))
                                            :mod (s45.k / kind)
                                            :mod (s45.k2 / kind))
                               :op2 (s45.c / come-03
                                           :ARG1 s45.i2
                                           :ARG2 (s45.g / gap
                                                        :mod (s45.c2 / commune)
                                                        :mod (s45.k3 / know-01
                                                                     :ARG0 (s45.w / we))
                                                        :op3 (s45.o / or
                                                                    :op1 (s45.b / be-located-at-91
                                                                                :ARG1 (s45.s3 / something
                                                                                              :ARG1-of (s45.k4 / know-01
                                                                                                               :polarity "-")
                                                                                              :mod-of s45.k4)
                                                                                :ARG2 (s45.t / there)
                                                                                :mod (s45.j / just)
                                                                                :polarity "-")
                                                                    :op2 s45.k4
                                                                    :op3 (s45.k5 / know-01
                                                                                 :ARG0 s45.s3
                                                                                 :ARG1-of (s45.h2 / have-degree-91
                                                                                                  :ARG2 (s45.w2 / well)
                                                                                                  :ARG3 (s45.e / enough))
                                                                                 :time (s45.y / yet))
                                                                    :op4 (s45.p7 / possible-01
                                                                                 :ARG1 (s45.p11 / predict-01
                                                                                                :ARG0 s45.w
                                                                                                :ARG2 s45.s3)
                                                                                 :polarity "-"))))
                               :op2 (s45.i3 / ignorance
                                            :ARG1-of (s45.h3 / have-degree-91
                                                             :ARG1-of (s45.p8 / possible-01
                                                                              :ARG1 s45.s5)
                                                             :ARG2 (s45.g2 / good-02
                                                                           :ARG1 s45.p8)
                                                             :ARG3 (s45.m2 / most)
                                                             :ARG3 (s45.m3 / most))
                                            :ARG1-of (s45.s5 / sum-up-01
                                                             :ARG2 (s45.t2 / thing
                                                                           :ARG1-of (s45.s4 / state-01
                                                                                            :ARG0 (s45.p5 / physicist
                                                                                                          :ARG1-of (s45.h4 / have-degree-91
                                                                                                                           :ARG2 (s45.g3 / great)
                                                                                                                           :ARG5 (s45.p6 / physicist
                                                                                                                                         :mod (s45.b2 / between
                                                                                                                                                      :op1 (s45.p2 / person
                                                                                                                                                                   :name (s45.n / name
                                                                                                                                                                                :op1 "James"
                                                                                                                                                                                :op2 "Clerk"
                                                                                                                                                                                :op3 "Maxwell"))
                                                                                                                                                      :op1 (s45.p4 / person
                                                                                                                                                                   :name (s45.n3 / name
                                                                                                                                                                                 :op1 "Einstein")
                                                                                                                                                                   :ARG0-of (s45.s / say-01
                                                                                                                                                                                   :ARG1 (s45.p10 / precede-01
                                                                                                                                                                                                  :ARG1 (s45.i4 / ignorance
                                                                                                                                                                                                                :mod (s45.c3 / conscious
                                                                                                                                                                                                                             :degree "13"))
                                                                                                                                                                                                  :ARG2 (s45.a / advance-01
                                                                                                                                                                                                               :ARG1 (s45.s2 / science)
                                                                                                                                                                                                               :ARG1-of (s45.r / real-04)
                                                                                                                                                                                                               :mod (s45.e2 / every)))))
                                                                                                                                                      :op2 (s45.p3 / person
                                                                                                                                                                   :name (s45.n2 / name
                                                                                                                                                                                 :op1 "Newton")))))))))
                                            :mod s45.k2))
                 :rel (s45.p9 / possible-01))
   :snt46 (s46.t / think-01
                 :ARG0 (s46.i / i
                              :same-as s3.i)
                 :ARG1 (s46.i2 / idea
                               :ARG1-of (s46.w / wonderful-03)
                               :ARG1-of (s46.m / mean-01
                                               :ARG2 (s46.i3 / ignorance
                                                             :mod (s46.c / conscious
                                                                         :degree (s46.t2 / thorough))))))
   :snt47 (s47.c2 / contrast-01
                  :ARG1 (s47.k / kind
                               :ARG1-of (s47.t / talk-01
                                               :ARG0 (s47.i / i
                                                            :same-as s3.i)
                                               :ARG1-of (s47.w / want-01
                                                               :ARG0 s47.i)
                                               :time (s47.t4 / today))
                               :domain (s47.t2 / that
                                               :same-as s46.i3)
                               :mod (s47.i2 / ignorance))
                  :ARG2 (s47.o / obligate-01
                               :ARG1 (s47.w2 / we)
                               :ARG2 (s47.c / clear-up-04
                                            :ARG0 s47.w2
                                            :ARG1 (s47.d / do-02
                                                         :ARG0 s47.w2
                                                         :ARG1 (s47.a2 / amr-unknown)
                                                         :ARG2 (s47.f / fact
                                                                      :mod (s47.t3 / that)
                                                                      :mod (s47.a / all))))
                               :mod (s47.o2 / of-course))
                  :rel (s47.o3 / ordinal-entity
                               :value "1"))
   :snt48 (s48.t / true-01
                 :ARG1 (s48.p / pile-up-02
                              :ARG1 (s48.s / science)
                              :manner (s48.r / rate
                                             :ARG0-of (s48.a / alarm-01)))
                 :mod (s48.s2 / so))
   :snt49 (s49.a2 / and
                  :op1 (s49.s3 / sense-01
                               :ARG0 (s49.w / we
                                            :mod (s49.a / all))
                               :ARG1 (s49.m / mountain
                                            :consist-of (s49.f / fact)
                                            :domain (s49.s / science)
                                            :mod (s49.t / this)))
                  :op2 (s49.s2 / seem-01
                               :ARG1 (s49.p / possible-01
                                            :ARG1 (s49.d / destroy-01
                                                         :ARG1 s49.s)
                                            :polarity "-"))
                  :op3 (s49.p2 / possible-01
                               :ARG1 s49.d
                               :polarity "-"))
   :snt50 (s50.p / possible-01
                 :ARG1 (s50.k / know-01
                              :ARG0 (s50.y / you)
                              :ARG1 (s50.t / this
                                           :mod (s50.a / all))
                              :time (s50.e / ever))
                 :manner (s50.a2 / amr-unknown))
   :snt51 (s51.a2 / and
                  :op2 (s51.g / grow-01
                              :ARG1 (s51.l / literature
                                           :mod (s51.s / science))
                              :manner (s51.r / rate
                                             :ARG0-of (s51.a / alarm-01))
                              :mod (s51.i / indeed)))
   :snt52 (s52.p2 / publish-01
                  :ARG1 (s52.p / paper
                               :quant "1300000000")
                  :time (s52.d / date-entity
                               :year "2006"))
   :snt53 (s53.c / cause-01
                 :ARG0 (s53.r2 / rate-entity-91
                               :ARG1 (s53.a / about
                                            :op1 (s53.p2 / percentage-entity
                                                         :value "2.5")
                                            :op1 (s53.r / rate
                                                        :mod (s53.g / grow-01)
                                                        :mod s53.r2))
                               :ARG2 (s53.t / temporal-quantity
                                            :unit (s53.y / year)
                                            :quant "1"))
                 :ARG1 (s53.s / see-01
                              :ARG0 (s53.w / we)
                              :ARG1 (s53.p3 / publish-01
                                            :ARG1 (s53.p / paper
                                                         :quant (s53.o / over
                                                                       :op1 "500000")))
                              :time (s53.y2 / year
                                            :mod (s53.l / last)))
                 :rel "2")
   :snt54 (s54.a / and
                 :op1 (s54.d / divide-02
                             :ARG1 (s54.t4 / that
                                           :same-as s53.p)
                             :ARG2 (s54.n2 / number
                                           :quant-of (s54.t / temporal-quantity
                                                            :prep-in (s54.t2 / temporal-quantity
                                                                             :unit (s54.y / year)
                                                                             :quant "1")
                                                            :unit (s54.m / minute))))
                 :op2 (s54.w / wind-up-02
                             :ARG1 (s54.y2 / you)
                             :ARG2 (s54.r / rate-entity-91
                                          :ARG1 (s54.p / paper
                                                       :ARG1-of (s54.n / new-01)
                                                       :quant "3")
                                          :ARG2 (s54.t3 / temporal-quantity
                                                        :unit (s54.m2 / minute)
                                                        :quant "1"))))
   :snt55 (s55.a2 / and
                  :op1 (s55.b / be-located-at-91
                              :ARG1 (s55.i / i
                                           :same-as s3.i)
                              :ARG2 (s55.u / up
                                           :op1 (s55.h / here))
                              :duration (s55.o / over
                                               :degree (s55.l / little)
                                               :op1 (s55.t / temporal-quantity
                                                           :unit (s55.m / minute)
                                                           :quant "10")))
                  :op2 (s55.l2 / lose-02
                               :ARG0 s55.i
                               :ARG1 (s55.p / paper
                                            :quant "3")
                               :time (s55.a / already)))
   :snt56 (s56.d / do-02
                 :ARG0 (s56.w / we)
                 :ARG1 (s56.a / amr-unknown)
                 :ARG2 (s56.t / this
                              :same-as s55.l2))
   :snt57 (s57.f / fact
                 :condition (s57.w / will-02
                                   :ARG0 (s57.y / you)
                                   :ARG1 s57.f)
                 :domain (s57.t / thing
                                :ARG1-of (s57.d / do-02
                                                :ARG0 (s57.s / scientist)
                                                :ARG2 (s57.i / it
                                                             :same-as s55.l2))
                                :domain (s57.n / neglect-01
                                               :ARG1-of (s57.c / control-01)
                                               :mod (s57.k / kind))))
   :snt58 (s58.w3 / worry-01
                  :ARG0 (s58.i / it
                               :same-as s55.l2)
                  :ARG1 (s58.w2 / we
                                :same-as s57.s)
                  :manner (s58.w / way)
                  :mod (s58.j / just)
                  :polarity "-")
   :snt59 (s59.c / contrast-01
                 :ARG2 (s59.m / make-02
                              :ARG0 (s59.k / know-01
                                           :ARG0 (s59.y / you)
                                           :ARG1 (s59.s2 / stuff
                                                         :quant (s59.l / lot)))
                              :ARG1 (s59.s / scientist
                                           :domain s59.y)
                              :polarity "-"))
   :snt60 (s60.n / need-01
                 :ARG0 (s60.y / you)
                 :ARG1 (s60.k / know-01
                              :purpose (s60.o / or
                                              :op1 (s60.l / lawyer)
                                              :op2 (s60.p / person
                                                          :ARG0-of (s60.a / account-01))
                                              :op3 (s60.p2 / person
                                                           :mod (s60.e / electrician))
                                              :op4 (s60.p3 / person
                                                           :part (s60.c / car)))
                              :ARG0 s60.y
                              :ARG1 (s60.s / stuff
                                           :quant (s60.l2 / lot))))
   :snt61 (s61.c / contrast-01
                 :ARG2 (s61.p / point-03
                              :ARG2 (s61.k / know-01
                                           :ARG1 (s61.s2 / stuff
                                                         :quant (s61.l / lot)))
                              :prep-in (s61.s / science)
                              :polarity "-"))
   :snt62 (s62.k / know-01
                 :ARG0 (s62.y / you)
                 :ARG0-of (s62.h / help-01
                                 :ARG1 (s62.g / get-03
                                              :ARG1 s62.y
                                              :ARG2 (s62.i / ignorant-02
                                                           :ARG1 s62.y
                                                           :mod (s62.m / more)))
                                 :ARG2 s62.y)
                 :ARG1 (s62.s / stuff
                              :quant (s62.l / lot)
                              :location (s62.t / there)))
   :snt63 (s63.c / contrast-01
                 :ARG1 (s63.i3 / infer-01
                               :ARG1 (s63.s2 / subject
                                             :domain (s63.k / know-01)
                                             :mod (s63.b / big)))
                 :ARG2 (s63.s / say-01
                              :ARG0 (s63.i / i
                                           :same-as s3.i)
                              :ARG1 (s63.s3 / subject
                                            :ARG1-of (s63.h / have-degree-91
                                                            :ARG2 (s63.b2 / big)
                                                            :ARG3 (s63.m / more)
                                                            :ARG4 s63.s2)
                                            :domain (s63.i2 / ignorance))))
   :snt64 (s64.a / and
                 :op1 (s64.l / lead-03
                             :ARG0 (s64.t3 / this)
                             :ARG1 (s64.w / we)
                             :ARG2 (s64.p / possible-01
                                          :ARG1 (s64.t2 / think-01
                                                        :ARG0 s64.w
                                                        :ARG2 (s64.m / model-01
                                                                     :quant (s64.s2 / some)
                                                                     :ARG1-of (s64.i2 / include-91
                                                                                      :ARG2 (s64.m2 / model-01
                                                                                                    :ARG1 (s64.s / science)
                                                                                                    :ARG1-of (s64.u / use-01
                                                                                                                    :ARG0 s64.w
                                                                                                                    :ARG2-of (s64.t / tend-02
                                                                                                                                    :ARG1 s64.w))
                                                                                                    :ARG1-of (s64.i3 / include-91
                                                                                                                     :ARG2 s64.m))))
                                                        :degree (s64.b / bit
                                                                       :mod (s64.l3 / little)))))
                 :op2 (s64.l2 / like-02
                              :ARG0 (s64.i / i
                                           :same-as s3.i)
                              :ARG1 (s64.d / disallow-01
                                           :ARG0 s64.i
                                           :ARG1 s64.m)))
   :snt65 (s65.i2 / infer-01
                  :ARG1 (s65.p4 / put-01
                                :purpose (s65.r / reveal-01
                                                :ARG0 (s65.s3 / scientist)
                                                :ARG1 (s65.o / or
                                                             :op1 (s65.s / scheme
                                                                         :mod (s65.g / grand)
                                                                         :mod (s65.s4 / some))
                                                             :op2 (s65.s2 / scheme
                                                                          :mod (s65.a / another))))
                                :ARG0 s65.s3
                                :ARG1 (s65.p2 / piece
                                              :part-of (s65.p5 / puzzle))
                                :ARG1-of (s65.p3 / popular-02)
                                :ARG1-of (s65.i / include-91
                                                :ARG2 (s65.t / they
                                                             :same-as s64.u))
                                :ARG2 (s65.t2 / together)
                                :ARG2-of (s65.p / patient-01)))
   :snt66 (s66.c / clear-06
                 :ARG1 (s66.t2 / true-01
                               :ARG1 (s66.t / this)
                               :polarity "-"))
   :snt67 (s67.g / guarantee-01
                 :ARG0 (s67.p / person
                              :ARG0-of (s67.m / manufacture-01))
                 :ARG1 (s67.s / solve-01
                              :ARG2 (s67.p2 / puzzle-01))
                 :li "1")
   :snt68 (s68.g / guarantee-01
                 :ARG0 (s68.w / we)
                 :mod (s68.s / such)
                 :mod (s68.a / any)
                 :polarity "-")
   :snt69 (s69.s2 / sure-02
                  :ARG0 (s69.p / person
                               :quant (s69.m2 / many)
                               :ARG1-of (s69.i / include-91
                                               :ARG2 (s69.w / we
                                                            :same-as s68.w)))
                  :ARG1 (s69.p2 / person
                                :ARG0-of (s69.m / manufacture-01))
                  :degree (s69.s / so)
                  :mod (s69.i2 / indeed)
                  :polarity "-")
   :snt70 (s70.t / think-01
                 :ARG0 (s70.i / i
                              :same-as s3.i)
                 :ARG1 (s70.w / work-09
                              :ARG1 (s70.m / model-01
                                           :ARG1 (s70.p / puzzle-01)
                                           :same-as s65.i)
                              :polarity "-"))
   :snt71 (s71.t / thing
                 :ARG1-of (s71.m / model-01)
                 :ARG1-of (s71.p2 / popular-02)
                 :domain (s71.b / busy-01
                                :ARG1 (s71.s / science)
                                :ARG2 (s71.u / unravel-01
                                             :ARG0 s71.s
                                             :ARG1 (s71.t2 / thing)
                                             :manner (s71.u2 / unravel-01
                                                             :ARG0 (s71.y / you)
                                                             :ARG1 (s71.p / peep
                                                                          :part-of (s71.o / onion)))))
                 :mod (s71.a / another))
   :snt72 (s72.c / cause-01
                 :ARG1 (s72.t / take-away-05
                              :purpose (s72.g / get-05
                                              :ARG0 (s72.y / you)
                                              :ARG1 (s72.k / kernel
                                                           :mod (s72.f / fundamental)
                                                           :mod (s72.s / some)
                                                           :mod (s72.t2 / truth)))
                              :ARG0 s72.y
                              :ARG1 (s72.l / layer
                                           :part-of (s72.o / onion
                                                           :same-as s71.o))
                              :manner (s72.p / peel)))
   :snt73 (s73.t2 / think-01
                  :ARG0 (s73.i / i
                               :same-as s3.i)
                  :ARG1 (s73.w / way
                               :manner-of (s73.w2 / work-09
                                                  :ARG1 (s73.i2 / it
                                                                :same-as s71.s))
                               :mod (s73.t / that
                                           :same-as s72.t)
                               :mod (s73.e / either))
                  :polarity "-")
   :snt74 (s74.i3 / idea
                  :ARG1-of (s74.p / popular-02
                                  :mod (s74.k / kind))
                  :domain (s74.c / contrast-01
                                 :ARG1 (s74.s / see-01
                                              :ARG0 (s74.w / we)
                                              :ARG1 (s74.t / tip
                                                           :part-of (s74.i2 / iceberg))
                                              :mod (s74.o / only))
                                 :ARG2 (s74.h / hide-01
                                              :ARG1 (s74.m / most
                                                           :ARG1-of (s74.i4 / include-91
                                                                            :ARG2 (s74.i / iceberg)))
                                              :location (s74.u / underneath)))
                  :mod (s74.a / another)
                  :topic s74.i)
   :snt75 (s75.c2 / contrast-01
                  :ARG2 (s75.b / base-02
                               :ARG1 (s75.m / model
                                            :mod (s75.t / this)
                                            :mod (s75.a / all))
                               :ARG2 (s75.i / idea
                                            :domain (s75.b2 / body
                                                            :ARG1-of (s75.c / complete-01
                                                                            :ARG0 (s75.w / we)
                                                                            :ARG1-of (s75.p / possible-01)
                                                                            :manner (s75.o / or
                                                                                           :op1 (s75.s / somehow)
                                                                                           :op2 (s75.a2 / another)))
                                                            :consist-of (s75.f / fact)
                                                            :mod (s75.l / large)))))
   :snt76 (s76.c2 / contrast-01
                  :ARG1 (s76.s / suppose-01
                               :ARG0 (s76.i / i
                                            :same-as s3.i)
                               :ARG1 (s76.o2 / or
                                             :op1 (s76.p / possible-01
                                                         :ARG1 (s76.a / and
                                                                      :op1 (s76.c / chip-in-02
                                                                                  :ARG0 (s76.w4 / we)
                                                                                  :ARG1 (s76.i2 / iceberg
                                                                                                :mod (s76.t / this)
                                                                                                :same-as s74.i2))
                                                                      :op2 (s76.f / figure-out-05
                                                                                  :ARG0 s76.w4
                                                                                  :ARG1 s76.w4)))
                                             :op2 (s76.p2 / possible-01
                                                          :ARG1 (s76.w / wait-01
                                                                       :ARG1 s76.w4
                                                                       :ARG2 (s76.m / melt-01
                                                                                    :ARG1 s76.i2)
                                                                       :mod (s76.j / just)
                                                                       :time (s76.d / day
                                                                                    :mod (s76.t2 / this))))))
                  :ARG2 (s76.p3 / possible-01
                                :ARG1 (s76.g / get-05
                                             :ARG1 s76.w4
                                             :ARG2 (s76.i3 / iceberg
                                                           :extent (s76.w5 / whole)
                                                           :same-as s74.i2)
                                             :manner (s76.o3 / or
                                                             :op1 (s76.w2 / way
                                                                          :mod (s76.o / one))
                                                             :op2 (s76.w3 / way
                                                                          :mod (s76.a2 / another))))
                                :ARG1-of (s76.r / request-confirmation-91)))
   :snt77 (s77.t3 / think-01
                  :ARG0 (s77.i / i
                               :same-as s3.i)
                  :ARG1 (s77.m3 / model-01
                                :ARG1 (s77.e2 / event
                                              :ARG1-of (s77.r / real-04)
                                              :mod (s77.s / science))
                                :ARG1-of (s77.h2 / have-degree-of-resemblance-91
                                                 :ARG2 (s77.w2 / well
                                                               :location-of (s77.o / or
                                                                                   :op1 (s77.b2 / bucket
                                                                                                :ARG1-of (s77.r2 / regardless-91
                                                                                                                 :ARG2 (s77.t2 / thing
                                                                                                                               :quant-of (s77.b / bucket
                                                                                                                                                :ARG1-of (s77.t / take-out-11
                                                                                                                                                                :ARG0 (s77.y / you)))))
                                                                                                :ARG1-of (s77.h / have-03)
                                                                                                :consist-of (s77.w / water)
                                                                                                :mod (s77.a3 / another)
                                                                                                :time (s77.a / always))
                                                                                   :op2 (s77.b3 / bucket
                                                                                                :ARG1-of (s77.f / favor-01
                                                                                                                :ARG0 s77.i
                                                                                                                :degree (s77.p / particular))
                                                                                                :prep-with (s77.a2 / and
                                                                                                                   :ARG1-of (s77.m2 / mean-01
                                                                                                                                    :ARG2 (s77.r3 / rumble-01
                                                                                                                                                  :ARG1 (s77.p2 / pond)))
                                                                                                                   :op1 (s77.e / effect-03)
                                                                                                                   :op2 (s77.e3 / everything))))
                                                               :mod (s77.m / magic))
                                                 :ARG4 (s77.m4 / more))))
   :snt78 (s78.i2 / important-01
                  :ARG1 (s78.r / realize-01
                               :ARG1 (s78.g / grow-01
                                            :ARG1 (s78.i / ignorance
                                                         :ARG1-of (s78.m / mean-01
                                                                         :ARG2 (s78.c / circumference
                                                                                      :poss (s78.k / know-01
                                                                                                   :mod (s78.t / this))))
                                                         :poss (s78.w / we))
                                            :accompanier (s78.k2 / know-01)
                                            :mod (s78.a / also))))
   :snt79 (s79.c / cause-01
                 :ARG1 (s79.g / generate-01
                              :ARG0 (s79.k / know-01
                                           :same-as s78.k2)
                              :ARG1 (s79.k2 / know-01)))
   :snt80 (s80.t / think-01
                 :ARG0 (s80.i / i
                              :same-as s3.i)
                 :ARG1 (s80.s / say-01
                              :ARG0 (s80.p / person
                                           :name (s80.n / name
                                                        :op1 "George"
                                                        :op2 "Bernard"
                                                        :op3 "Shaw"))
                              :ARG1 (s80.t2 / this)
                              :ARG1-of (s80.w / well-09
                                              :degree (s80.r / really))))
   :snt81 (s81.t4 / turn-out-11
                  :ARG1 (s81.c2 / crib-00
                                :ARG0 (s81.h / he
                                             :same-as s80.p)
                                :degree (s81.k / kind-of))
                  :rel (s81.p / philosopher
                              :name (s81.n / name
                                           :op1 "Immanuel"
                                           :op2 "Kant")
                              :ARG0-of (s81.c / come-up-11
                                              :ARG1 (s81.i / idea
                                                           :topic (s81.p2 / propagate-01
                                                                          :ARG1 (s81.q / question-01))
                                                           :topic (s81.b2 / beg-01
                                                                          :ARG1 (s81.t2 / thing
                                                                                        :ARG2-of (s81.a / answer-01)
                                                                                        :mod (s81.e / every))
                                                                          :ARG2 (s81.t3 / thing
                                                                                        :quant (s81.m / more)
                                                                                        :ARG1-of (s81.q2 / question-01))))
                                              :time (s81.b / before
                                                           :quant (s81.t / temporal-quantity
                                                                         :unit (s81.y / year)
                                                                         :quant "100")
                                                           :op1 (s81.n2 / now)))))
   :snt82 (s82.l / love-01
                 :ARG0 (s82.i / i
                              :same-as s3.i)
                 :ARG1 (s82.t / term-01
                              :ARG1 (s82.p / propagate-01
                                           :ARG1 (s82.q / question-01)
                                           :location (s82.o / out-there)
                                           :mod (s82.i2 / idea
                                                        :mod (s82.t3 / this)))
                              :mod (s82.t2 / that)))
   :snt83 (s83.s / say-01
                 :ARG0 (s83.i / i
                              :same-as s3.i)
                 :ARG1 (s83.a / and
                              :domain (s83.m / model-01
                                             :ARG1-of (s83.t / take-01
                                                             :ARG0 (s83.w2 / we)
                                                             :ARG1-of (s83.w / want-01
                                                                             :ARG0 s83.w2))
                                             :polarity "-")
                              :op1 (s83.s3 / start-out-05
                                           :ARG0 s83.w2
                                           :ARG1 (s83.i2 / ignorant-02
                                                         :ARG1 s83.w2
                                                         :degree (s83.k / kind-of)))
                              :op2 (s83.g2 / get-04
                                           :ARG0 s83.w2
                                           :ARG1 (s83.t3 / together
                                                         :domain (s83.f / fact
                                                                        :quant (s83.s2 / some))))
                              :op3 (s83.g / gain-02
                                          :ARG0 s83.w2
                                          :ARG1 (s83.k2 / know-01
                                                        :ARG0 s83.w2)
                                          :time (s83.t2 / then))))
   :snt84 (s84.w / way
                 :ARG1-of (s84.r2 / real-04)
                 :degree (s84.k / kind-of
                                :mod (s84.r / rather))
                 :mod (s84.o / other)
                 :mod (s84.a / around))
   :snt85 (s85.u / use-01
                 :ARG0 (s85.w / we)
                 :ARG1 (s85.k / know-01
                              :mod (s85.t / this)
                              :same-as s83.k2)
                 :ARG2 (s85.a / amr-unknown))
   :snt86 (s86.u / use-01
                 :ARG0 (s86.w / we)
                 :ARG1 (s86.c / collect-01
                              :ARG1 (s86.f / fact)
                              :mod (s86.t / this)
                              :same-as s83.k2)
                 :ARG2 (s86.a / amr-unknown))
   :snt87 (s87.u / use-01
                 :ARG0 (s87.w / we)
                 :ARG1 (s87.i3 / it
                               :same-as s83.k2)
                 :ARG2 (s87.a / and
                              :op1 (s87.m / make-01
                                          :ARG0 s87.w
                                          :ARG1 (s87.i / ignorance
                                                       :ARG1-of (s87.h / have-degree-91
                                                                       :ARG2 (s87.g / good-02
                                                                                    :ARG1 s87.i)
                                                                       :ARG3 (s87.m2 / more))))
                              :op2 (s87.c / come-up-11
                                          :ARG0 s87.w
                                          :ARG1 (s87.i2 / ignorance
                                                        :mod (s87.q / quality
                                                                    :ARG1-of (s87.h2 / have-degree-91
                                                                                     :ARG2 (s87.h3 / high-02
                                                                                                   :ARG1 s87.q)
                                                                                     :ARG3 (s87.m3 / more))))
                                          :condition (s87.w2 / will-02
                                                             :ARG0 (s87.y / you)
                                                             :ARG1 s87.c))))
   :snt88 (s88.a2 / argue-02
                  :ARG0 (s88.s / scientist)
                  :ARG2 (s88.t / this)
                  :time (s88.t2 / time
                                :mod (s88.a / all)))
   :snt89 (s89.c / call-01
                 :ARG0 (s89.w / we)
                 :ARG1 (s89.t / they
                              :same-as s88.a2)
                 :ARG2 (s89.s / session
                              :mod (s89.b / bull))
                 :frequency (s89.s2 / sometimes))
   :snt90 (s90.c / call-01
                 :ARG0 (s90.w / we)
                 :ARG1 (s90.t / they
                              :same-as s88.a2)
                 :ARG2 (s90.t2 / thing
                               :ARG1-of (s90.g / grant-01)
                               :ARG1-of (s90.p / propose-01))
                 :frequency (s90.s / sometimes))
   :snt91 (s91.a / argue-01
                 :ARG1 (s91.i / it)
                 :ARG1-of (s91.h / have-concession-91))
   :snt92 (s92.m / make-02
                 :ARG0 (s92.i / it
                              :same-as s91.i)
                 :ARG1 (s92.q / question-01
                              :ARG1-of (s92.g / good-02)))
   :snt93 (s93.t / think-01
                 :ARG0 (s93.w / we)
                 :ARG1 (s93.q / question-01
                              :mod (s93.t2 / this))
                 :ARG2 (s93.a / amr-unknown))
   :snt94 (s94.s2 / show-01
                  :ARG0 (s94.i / i
                               :same-as s3.i)
                  :ARG1 (s94.g / graph
                               :ARG1-of (s94.s3 / show-up-02
                                                :degree (s94.m / much
                                                               :degree (s94.q / quite))
                                                :location (s94.p / poster
                                                                 :location (s94.d / department
                                                                                  :mod (s94.v / various)
                                                                                  :topic (s94.s / science))
                                                                 :mod (s94.h2 / hour
                                                                              :ARG1-of (s94.h / happy-01)))))
                  :ARG2 (s94.y / you))
   :snt95 (s95.a / ask-01
                 :ARG0 (s95.g / graph
                              :mod (s95.t3 / this)
                              :same-as s94.g)
                 :ARG1 (s95.r / relation-03
                              :ARG0 (s95.t / thing
                                           :ARG1-of (s95.k / know-01
                                                           :ARG0 (s95.y / you)))
                              :ARG1 (s95.t2 / thing
                                            :quant-of (s95.k2 / know-01
                                                              :ARG0 s95.y
                                                              :ARG1 (s95.i / it)))))
   :snt96 (s96.a / and
                 :op1 (s96.p / possible-01
                             :ARG1 (s96.k2 / know-01
                                           :ARG0 (s96.y / you)
                                           :ARG1 (s96.t / thing
                                                        :ARG1-of (s96.k / know-01
                                                                        :ARG0 s96.y))
                                           :location (s96.r / range-01
                                                            :ARG3 (s96.n / nothing)
                                                            :ARG4 (s96.e / everything)))
                             :mod (s96.o / of-course))
                 :op2 (s96.p2 / possible-01
                              :ARG1 (s96.b / between
                                           :op1 (s96.t3 / thing
                                                        :mod (s96.l / little))
                                           :op2 (s96.l2 / lot)))
                 :rel (s96.t2 / thing
                              :ARG1-of (s96.k3 / know-01
                                               :ARG0 s96.y
                                               :topic (s96.i / it
                                                             :same-as s95.i))))
   :snt97 (s97.l / let-01
                 :ARG1 (s97.p2 / put-01
                               :ARG0 (s97.w / we)
                               :ARG1 (s97.p / point)
                               :ARG2 (s97.g / graph
                                            :same-as s94.g)))
   :snt98 (s98.u / undergraduate)
   :snt99 (s99.c / contrast-01
                 :ARG1 (s99.k / know-01
                              :ARG0 (s99.i / i)
                              :ARG1 (s99.m / much)
                              :polarity "-")
                 :ARG2 (s99.i2 / interest-01
                               :quant (s99.l / lot)
                               :ARG0 (s99.t / they)))
   :snt100 (s100.i / interest-01
                   :ARG1 (s100.t / they
                                 :same-as s99.t)
                   :ARG2 (s100.e / everything
                                 :mod (s100.a / almost)))
   :snt101 (s101.c / contrast-01
                   :ARG1 (s101.a / and
                                 :op1 (s101.l2 / look-01
                                               :ARG0 (s101.y / you)
                                               :ARG1 (s101.p / person
                                                             :ARG0-of (s101.s3 / study-01
                                                                               :mod (s101.m / master))
                                                             :ARG1-of (s101.h / have-degree-91
                                                                              :ARG2 (s101.f / far)
                                                                              :ARG2 (s101.e / educate-01
                                                                                            :ARG1 s101.p)
                                                                              :ARG3 (s101.m2 / more
                                                                                             :quant (s101.l / little)))))
                                 :op2 (s101.s / see-01
                                              :ARG0 s101.y
                                              :ARG1 (s101.k / know-01
                                                            :ARG0 s101.p
                                                            :ARG1-of (s101.h2 / have-quant-91
                                                                              :ARG3 (s101.m3 / more
                                                                                             :quant (s101.b / bit)))))
                                 :time (s101.n2 / now))
                   :ARG2 (s101.n / narrow-01
                                 :ARG1 s101.e
                                 :degree (s101.s2 / somewhat)))
   :snt102 (s102.f / fear-01
                   :ARG0 (s102.i / i
                                 :same-as s3.i)
                   :ARG1 (s102.f2 / find-01
                                  :ARG0 (s102.y / you)
                                  :ARG1 (s102.p / person
                                                :ARG1-of (s102.r / resemble-01
                                                                 :ARG2 s102.i))
                                  :location (s102.t / that)))
   :snt103 (s103.i / important-01
                   :ARG1 (s103.t / thing
                                 :domain (s103.p / possible-01
                                                 :ARG1 (s103.c / change-01
                                                               :ARG1 (s103.t2 / this
                                                                              :mod (s103.a / all))))
                                 :location (s103.h / here)))
   :snt104 (s104.p / possible-01
                   :ARG1 (s104.c / change-01
                                 :ARG1 (s104.v / view
                                               :mod (s104.w / whole)
                                               :mod (s104.t / this))
                                 :manner (s104.c2 / change-01
                                                  :ARG1 (s104.l / label)
                                                  :mod (s104.j / just)
                                                  :location "X")))
   :snt105 (s105.c / cause-01
                   :ARG1 (s105.p / possible-01
                                 :ARG1 (s105.s / say-01
                                               :ARG0 (s105.w / we)
                                               :ARG1 (s105.a / amr-unknown
                                                             :ARG1-of (s105.a2 / ask-01
                                                                               :ARG0 (s105.y / you)
                                                                               :ARG1-of (s105.p2 / possible-01)
                                                                               :topic (s105.i2 / it
                                                                                               :same-as s95.i)))
                                               :ARG1-of (s105.i / instead-of-91
                                                                :ARG2 (s105.t / thing
                                                                              :ARG1-of (s105.k / know-01
                                                                                               :ARG0 s105.y
                                                                                               :ARG1 s105.i2))))))
   :snt106 (s106.c / cause-01
                   :ARG1 (s106.c2 / contrast-01
                                  :ARG1 (s106.n / need-01
                                                :ARG0 (s106.y / you)
                                                :ARG1 (s106.k / know-01
                                                              :ARG0 s106.y
                                                              :ARG1 (s106.s2 / stuff
                                                                             :quant (s106.l / lot))
                                                              :domain (s106.s / scientist)))
                                  :ARG2 (s106.h / have-purpose-91
                                                :ARG1 (s106.k2 / know-01
                                                               :ARG0 s106.y
                                                               :ARG1 s106.s2)
                                                :mod (s106.j / just
                                                             :polarity "-"))))
   :snt107 (s107.m / make-02
                   :ARG0 (s107.t / that
                                 :same-as s106.k2)
                   :ARG1 (s107.g / geek
                                 :domain (s107.y / you
                                                 :ARG1-of (s107.r / request-confirmation-91)
                                                 :ARG2-of s107.r))
                   :mod (s107.j / just))
   :snt108 (s108.a / and
                   :op1 (s108.k / know-01
                                :ARG1 (s108.s / stuff
                                              :quant (s108.l / lot)))
                   :op2 (s108.h / have-purpose-91
                                :ARG1 (s108.p / possible-01
                                              :ARG1 (s108.a2 / ask-01
                                                             :ARG1 (s108.q / question-01
                                                                           :quant (s108.l2 / lot)))))
                   :op2 (s108.p2 / possible-01
                                 :ARG1 (s108.f / frame-06
                                               :ARG1 (s108.q2 / question-01
                                                              :ARG2-of (s108.i / interest-01)
                                                              :mod (s108.t / thoughtful)))
                                 :ARG1-of (s108.c / cause-01
                                                  :ARG0 (s108.w / work-01
                                                                :ARG1-of (s108.r / real-04)))))
   :snt109 (s109.l / let-01
                   :ARG0 (s109.y / you)
                   :ARG1 (s109.g / give-01
                                 :ARG0 (s109.i / i
                                               :same-as s3.i)
                                 :ARG1 (s109.i2 / idea
                                                :ARG1-of (s109.q2 / quick-02)
                                                :topic (s109.q / question-01
                                                               :quant (s109.c / couple)
                                                               :mod (s109.s / sort
                                                                            :mod (s109.t / this))))
                                 :ARG2 s109.y)
                   :mode "imperative")
   :snt110 (s110.c / cause-01
                   :ARG0 (s110.h / have-mod-91
                                 :ARG1 (s110.i / i
                                               :same-as s3.i)
                                 :ARG2 (s110.n2 / neuroscientist))
                   :ARG1 (s110.c2 / come-up-11
                                  :ARG0 (s110.w / we)
                                  :ARG1 (s110.t / thing
                                                :ARG1-of (s110.q / question-01
                                                                 :topic (s110.n / neuroscience)))
                                  :manner (s110.a / amr-unknown)))
   :snt111 (s111.c / cause-01
                   :ARG0 (s111.s2 / straightforward
                                  :degree (s111.s / so
                                                  :mod (s111.q / quite))
                                  :domain (s111.i / it)
                                  :time (s111.a / always
                                                :polarity "-")))
   :snt112 (s112.p / possible-01
                   :ARG0-of (s112.e / exemplify-01)
                   :ARG1 (s112.s / say-01
                                 :ARG0 (s112.w / we)
                                 :ARG1 (s112.d / do-02
                                               :ARG0 (s112.b / brain)
                                               :ARG1 (s112.a / amr-unknown))))
   :snt113 (s113.m / move-01
                   :ARG0 (s113.b / brain
                                 :same-as s112.b)
                   :ARG1 (s113.w / we)
                   :ARG2 (s113.a / around)
                   :mod (s113.t / thing
                                :ARG1-of (s113.d / do-02
                                                 :ARG0 s113.b)
                                :quant "1")
                   :rel (s113.w2 / well))
   :snt114 (s114.w / walk-01
                   :ARG0 (s114.w2 / we)
                   :ARG2 (s114.a / around)
                   :manner (s114.l / leg
                                   :quant "2"))
   :snt115 (s115.s / seem-01
                   :ARG1 (s115.s2 / simple-02
                                  :ARG1 (s115.t / that
                                                :same-as s114.w)
                                  :degree (s115.k / kind-of)
                                  :manner (s115.o / or
                                                  :op1 (s115.s3 / somehow)
                                                  :op2 (s115.s4 / somehow
                                                                :mod (s115.a / another)))))
   :snt116 (s116.m / mean-01
                   :ARG0 (s116.i / i
                                 :same-as s3.i)
                   :ARG2 (s116.w / walk-01
                                 :ARG0 (s116.e / everybody
                                               :age (s116.o / over
                                                            :op1 (s116.t / temporal-quantity
                                                                         :unit (s116.m2 / month)
                                                                         :quant "10"))
                                               :mod (s116.v / virtual))
                                 :ARG1-of (s116.r / request-confirmation-91)
                                 :ARG2 (s116.a / around)
                                 :manner (s116.l / leg
                                                 :quant "2")))
   :snt117 (s117.c / cause-01
                   :ARG1 (s117.p / possible-01
                                 :ARG1 (s117.i / interest-01
                                               :ARG2 (s117.t / that
                                                             :same-as s116.w)
                                               :polarity "-")))
   :snt118 (s118.c / cause-01
                   :ARG1 (s118.p / possible-01
                                 :ARG1 (s118.w / want-01
                                               :ARG0 (s118.w2 / we)
                                               :ARG1 (s118.c2 / choose-01
                                                              :ARG0 s118.w2
                                                              :ARG1 (s118.s / something
                                                                            :purpose (s118.l2 / look-01)
                                                                            :ARG1-of s118.l2
                                                                            :ARG1-of (s118.h / have-degree-91
                                                                                             :ARG2 (s118.c3 / complicate-01
                                                                                                            :ARG1 s118.s)
                                                                                             :ARG3 (s118.m / more
                                                                                                           :quant (s118.l / little))))))
                                 :ARG1-of (s118.i / instead-of-91)))
   :snt119 (s119.s / system
                   :mod (s119.v / visual)
                   :mod (s119.a / amr-unknown))
   :snt120 (s120.s / system
                   :location (s120.t / there)
                   :mod (s120.v / visual
                                :same-as s119.v))
   :snt121 (s121.w / work-01
                   :purpose (s121.a3 / attempt-01
                                     :ARG0 (s121.s / scientist
                                                   :quant (s121.o / over
                                                                  :op1 "12000000000"))
                                     :ARG1 (s121.a2 / and
                                                    :op1 (s121.u / understand-01
                                                                 :ARG0 s121.s
                                                                 :ARG1 (s121.s2 / system
                                                                                :ARG1-of (s121.r / range-01
                                                                                                 :ARG3 (s121.r2 / retina)
                                                                                                 :ARG4 (s121.c / cortex
                                                                                                               :mod (s121.v2 / visual)))
                                                                                :mod (s121.v / visual
                                                                                             :same-as s119.v)))
                                                    :op2 (s121.u2 / understand-01
                                                                  :ARG0 s121.s
                                                                  :ARG1 (s121.t / thing
                                                                                :manner-of (s121.p2 / principle
                                                                                                    :ARG1-of (s121.g / general-02)
                                                                                                    :manner-of (s121.p / possible-01
                                                                                                                       :ARG1 (s121.w2 / work-09
                                                                                                                                      :ARG1 (s121.b / brain)))))
                                                                  :mod (s121.a / also))))
                   :ARG0 s121.s
                   :ARG1 s121.s2
                   :mod (s121.i / indeed))
   :snt122 (s122.c / contrast-01
                   :ARG2 (s122.t2 / thing
                                  :domain (s122.g / good-03
                                                  :ARG1 (s122.t / technology
                                                                :poss (s122.w / we))
                                                  :ARG1-of (s122.a / actual-02)
                                                  :ARG2 (s122.r / replicate-01
                                                                :ARG0 s122.t
                                                                :ARG1 (s122.t3 / thing
                                                                               :ARG1-of (s122.d / do-02
                                                                                                :ARG0 (s122.s / system
                                                                                                              :mod (s122.v / visual)
                                                                                                              :same-as s119.v))))
                                                  :degree (s122.p / pretty))
                                  :location (s122.h / here)
                                  :time (s122.n / now)))
   :snt123 (s123.h / have-03
                   :ARG0 (s123.w / we)
                   :ARG1 (s123.a2 / and
                                  :op1 (s123.t / television)
                                  :op2 (s123.m / movie)
                                  :op3 (s123.a3 / animation)
                                  :op4 (s123.r / recognize-02
                                               :ARG1 (s123.p / pattern-01))
                                  :op5 (s123.t2 / thing
                                                :mod (s123.s / sort
                                                             :mod (s123.t3 / this))
                                                :mod (s123.a / all)))
                   :rel (s123.p2 / photograph-01))
   :snt124 (s124.h / have-concession-91
                   :ARG1 (s124.g / good-03
                                 :ARG1 (s124.w / we)
                                 :ARG2 (s124.m / make-02
                                               :ARG0 s124.w
                                               :ARG1 (s124.w3 / work-09
                                                              :ARG1 (s124.t / technology)
                                                              :ARG1-of (s124.r / resemble-01
                                                                               :ARG2 (s124.s2 / system
                                                                                              :mod (s124.v / visual)
                                                                                              :poss s124.w))))
                                 :degree (s124.p / pretty))
                   :ARG2 (s124.d / differ-02
                                 :ARG1 (s124.w2 / work-09
                                                :ARG1 (s124.t2 / they
                                                               :same-as s123.t2)
                                                :time (s124.c / case-04
                                                              :quant (s124.s / some)))
                                 :ARG2 s124.s2))
   :snt125 (s125.s / see-01
                   :ARG0 (s125.y2 / you)
                   :ARG1 (s125.w / walk-01
                                 :ARG0 (s125.r2 / robot)
                                 :medium (s125.l / leg
                                                 :quant "2"))
                   :ARG1-of (s125.c / cause-01
                                    :ARG0 (s125.w2 / walk-01
                                                   :ARG0 s125.r2
                                                   :ARG1-of (s125.c2 / cause-01
                                                                     :ARG0 (s125.e / easy-05
                                                                                   :ARG1 (s125.t2 / thing
                                                                                                  :ARG1-of (s125.d / do-02))
                                                                                   :degree (s125.s3 / such)
                                                                                   :polarity "-"))
                                                   :ARG2 s125.l))
                   :duration (s125.r / robot
                                     :duration (s125.t / temporal-quantity
                                                       :unit (s125.y / year)
                                                       :quant "100")
                                     :duration (s125.o / or
                                                       :op1 (s125.s2 / somehow)
                                                       :op2 (s125.a / another)))
                   :time (s125.e2 / ever)
                   :polarity "-")
   :snt126 (s126.a / and
                   :op1 (s126.r / robot
                                :duration (s126.t / temporal-quantity
                                                  :unit (s126.y / year)
                                                  :quant "100"))
                   :op2 (s126.p / possible-01
                                :ARG1 (s126.g / get-01
                                              :ARG0 (s126.w3 / we)
                                              :ARG1 (s126.r2 / robot
                                                             :ARG0-of (s126.m2 / move-01
                                                                               :ARG1 (s126.s / step-01
                                                                                             :quant (s126.m / more-than
                                                                                                            :op1 (s126.c / couple))
                                                                                             :direction (s126.o2 / or
                                                                                                                 :op1 (s126.w / way
                                                                                                                              :mod (s126.o / one))
                                                                                                                 :op2 (s126.w2 / way
                                                                                                                               :mod (s126.o3 / other))))
                                                                               :ARG1-of (s126.p2 / possible-01))))
                                :polarity "-"))
   :snt127 (s127.a / and
                   :op1 (s127.a2 / ask-02
                                 :ARG0 (s127.y / you)
                                 :ARG1 (s127.g / go-02
                                               :ARG0 (s127.t / they
                                                             :same-as s126.r2)
                                               :ARG4 (s127.p / plane
                                                             :ARG0-of (s127.i / incline-01))
                                               :direction (s127.u / up))
                                 :ARG2 s127.t)
                   :op2 (s127.f / fall-over-11
                                :ARG1 s127.t))
   :snt128 (s128.a / and
                   :op1 (s128.t2 / turn-01
                                 :direction (s128.a2 / around))
                   :op2 (s128.f / fall-over-11
                                :ARG1 (s128.t / they
                                              :same-as s126.r2)))
   :snt129 (s129.p / problem
                   :ARG1-of (s129.s / serious-02))
   :snt130 (s130.t / thing
                   :ARG1-of (s130.h / have-degree-91
                                    :ARG2 (s130.d / difficult)
                                    :ARG3 (s130.m / most))
                   :ARG1-of (s130.d2 / do-02
                                     :ARG0 (s130.b / brain))
                   :domain (s130.a / amr-unknown))
   :snt131 (s131.r / recommend-01
                   :ARG1 (s131.s / study-01
                                 :ARG0 (s131.w / we)
                                 :ARG1 (s131.a / amr-unknown)))
   :snt132 (s132.p / possible-01
                   :ARG1 (s132.r / recommend-01
                                 :ARG1 (s132.w / walk-01
                                               :ARG0 (s132.i / it)
                                               :instrument (s132.o / or
                                                                   :op1 (s132.l / leg
                                                                                :quant "2")
                                                                   :op2 (s132.s / system
                                                                                :mod (s132.m / motor))))))
   :snt133 (s133.g / give-01
                   :ARG0 (s133.i / i
                                 :same-as s3.i)
                   :ARG1 (s133.e / example
                                 :ARG1-of (s133.m / mean-01
                                                  :ARG2 (s133.q / question-01
                                                                :ARG0 s133.i
                                                                :mod (s133.s3 / smelly
                                                                              :degree (s133.p / particular))))
                                 :source (s133.l / lab
                                                 :poss s133.i))
                   :ARG1-of (s133.c / cause-01
                                    :ARG0 (s133.w2 / work-01
                                                   :ARG0 (s133.w / we)
                                                   :ARG1 (s133.s / sense-01
                                                                 :ARG0 s133.w
                                                                 :ARG1 (s133.s2 / smell-02))))
                   :ARG2 (s133.y / you
                                 :same-as s6.y))
   :snt134 (s134.c2 / contrast-01
                    :ARG2 (s134.a / and
                                  :location (s134.h / here)
                                  :op1 (s134.d / diagram
                                               :topic (s134.m / molecule
                                                              :quant "5"))
                                  :op2 (s134.n / notation
                                               :mod (s134.c / chemical)
                                               :mod (s134.s / sort))))
   :snt135 (s135.c / contrast-01
                   :ARG1 (s135.s / small-molecule
                                 :domain (s135.t / this
                                                 :same-as s134.m)
                                 :mod (s135.o / old)
                                 :mod (s135.p / plain)
                                 :mod (s135.j / just))
                   :ARG2 (s135.i / impression-03
                                 :ARG0 (s135.y / you
                                               :part (s135.f / face
                                                             :part s135.f2)
                                               :part (s135.m / mind))
                                 :ARG1 (s135.r / rose)
                                 :condition (s135.s2 / sniff-01
                                                     :ARG0 s135.y
                                                     :ARG1 s135.s
                                                     :direction (s135.u / up)
                                                     :path (s135.h / hole
                                                                   :location (s135.f2 / front)
                                                                   :mod (s135.l / little)
                                                                   :mod (s135.t2 / this)
                                                                   :quant "2"))
                                 :location s135.m
                                 :mod (s135.d / distinct)))
   :snt136 (s136.c / contrast-01
                   :ARG1 (s136.r2 / rose
                                  :ARG1-of (s136.r / real-04)
                                  :domain (s136.m2 / molecule
                                                   :mod (s136.t / that)
                                                   :same-as s134.m)
                                  :location (s136.t2 / there))
                   :ARG2 (s136.h / have-03
                                 :ARG0 (s136.y / you)
                                 :ARG1 (s136.m / memory
                                               :mod (s136.m3 / molecule))
                                 :concession (s136.e / even-if
                                                     :op1 (s136.r3 / rose
                                                                   :location s136.t2
                                                                   :polarity "-"))))
   :snt137 (s137.t / turn-02
                   :ARG0 (s137.w / we)
                   :ARG1 (s137.m / molecule)
                   :ARG2 (s137.p / perceive-01)
                   :manner (s137.a / amr-unknown))
   :snt138 (s138.p2 / process-02
                    :ARG1 (s138.t / that
                                  :ARG1-of (s138.p / possible-01)
                                  :same-as s137.t)
                    :manner (s138.a / amr-unknown))
   :snt139 (s139.e / example
                   :domain (s139.m / molecule
                                   :ARG1-of (s139.s / simple-02
                                                    :degree (s139.v / very))
                                   :manner (s139.n / notation
                                                   :mod (s139.c / chemical)
                                                   :mod (s139.k / kind
                                                                :mod (s139.t / this))
                                                   :mod (s139.a / again))
                                   :quant "2")
                   :location (s139.h / here)
                   :mod (s139.a2 / another))
   :snt140 (s140.p / possible-01
                   :ARG1 (s140.h / have-degree-91
                                 :ARG1 (s140.v / visualize-01
                                               :ARG0-of (s140.c2 / cause-01
                                                                 :ARG1 (s140.a / and
                                                                               :op1 (s140.a2 / atom
                                                                                             :consist-of (s140.c / carbon)
                                                                                             :domain (s140.c3 / circle
                                                                                                              :ARG1-of (s140.g / gray-02)))
                                                                               :op2 (s140.a3 / atom
                                                                                             :mod (s140.h2 / hydrogen)
                                                                                             :poss (s140.o / one
                                                                                                           :ARG1-of (s140.w2 / white-03)))
                                                                               :op3 (s140.a4 / atom
                                                                                             :mod (s140.o2 / oxygen))))
                                               :ARG1 (s140.t / they
                                                             :same-as s139.m)
                                               :manner (s140.w / way
                                                               :mod (s140.t2 / this)))
                                 :ARG2 (s140.e / easy-05
                                               :ARG1 s140.v)
                                 :ARG3 (s140.m / more))
                   :rel (s140.r / red-02))
   :snt141 (s141.a2 / and
                    :op1 (s141.d / differ-02
                                 :ARG1 (s141.m2 / molecule
                                                :mod (s141.t / this)
                                                :quant "2"
                                                :same-as s139.m)
                                 :ARG3 (s141.a / and
                                               :op1 (s141.a3 / atom
                                                             :name (s141.n / name
                                                                           :op1 "carbon")
                                                             :mod (s141.o2 / only)
                                                             :quant "1")
                                               :op2 (s141.a4 / atom
                                                             :ARG0-of (s141.r / ride-01
                                                                              :ARG1 s141.a3)
                                                             :mod (s141.h2 / hydrogen)
                                                             :mod (s141.l / little)
                                                             :quant "2")))
                    :op2 (s141.h / have-03
                                 :ARG0 (s141.s / small-molecule
                                               :name (s141.n2 / name
                                                              :op1 "heptyl"
                                                              :op2 "acetate")
                                               :ARG1-of (s141.i / include-91
                                                                :ARG2 s141.m2))
                                 :ARG1 (s141.o / odor
                                               :mod (s141.d2 / distinct)
                                               :mod (s141.p / pear)))
                    :op3 (s141.b / banana
                                 :ARG1-of (s141.m / mistake-01
                                                  :polarity "-")
                                 :domain s141.s))
   :snt142 (s142.s / seem-01
                   :ARG1 (s142.q / question-01
                                 :ARG2-of (s142.i2 / interest-01
                                                   :degree (s142.r / really))
                                 :location (s142.h / here)
                                 :quant "2")
                   :ARG2 (s142.i / i
                                 :same-as s3.i))
   :snt143 (s143.p3 / possible-01
                    :ARG1 (s143.c2 / create-01
                                   :ARG0 (s143.m / molecule
                                                 :ARG1-of (s143.s / simple-02)
                                                 :ARG1-of (s143.r / resemble-01
                                                                  :ARG2 (s143.t / that))
                                                 :mod (s143.l / little))
                                   :ARG1 (s143.t2 / thing
                                                  :ARG1-of (s143.p2 / perceive-01)
                                                  :ARG1-of (s143.h / have-degree-91
                                                                   :ARG2 (s143.c / clear-08
                                                                                 :ARG1 s143.t2)
                                                                   :ARG3 (s143.s2 / so)
                                                                   :ARG4 (s143.o / or
                                                                                 :op1 (s143.p / pear)
                                                                                 :op2 (s143.b / banana))))
                                   :location (s143.b2 / brain
                                                      :part-of (s143.y / you)))
                    :manner (s143.a / amr-unknown)
                    :li "1")
   :snt144 (s144.a2 / and
                    :op2 (s144.p / possible-01
                                 :ARG1 (s144.k / know-04
                                               :ARG0 (s144.w / we)
                                               :ARG1 (s144.d / differ-02
                                                             :ARG1 (s144.m / molecule
                                                                           :ARG1-of (s144.d2 / differ-02
                                                                                             :ARG3 (s144.a3 / atom
                                                                                                            :ARG1-of (s144.s / single-02)
                                                                                                            :consist-of (s144.s2 / small-molecule
                                                                                                                                 :name (s144.n / name
                                                                                                                                               :op1 "carbon"))))
                                                                           :quant "2"))
                                               :manner (s144.a / amr-unknown))
                                 :mod (s144.h / hell)
                                 :li "2"))
   :snt145 (s145.m / mean-01
                   :ARG0 (s145.i / i
                                 :same-as s3.i)
                   :ARG2 (s145.r / remarkable-02
                                 :ARG1 (s145.t / thing
                                               :ARG0-of (s145.d / detect-01
                                                                :ARG1 (s145.c / chemical))
                                               :ARG1-of (s145.h / have-degree-91
                                                                :ARG1-of (s145.c2 / clear-06)
                                                                :ARG2 (s145.g / good-03
                                                                              :ARG1 s145.t)
                                                                :ARG3 (s145.m2 / most)
                                                                :ARG5 (s145.f / face
                                                                              :part-of (s145.p / planet))))
                                 :ARG2 s145.i))
   :snt146 (s146.a / and
                   :ARG1-of (s146.r / request-confirmation-91)
                   :op2 (s146.t / think-01
                                :ARG0 (s146.y / you)
                                :ARG1 (s146.i / it
                                              :same-as s144.k)
                                :mod (s146.e / even)
                                :polarity "-"))
   :snt147 (s147.c / cause-01
                   :ARG1 (s147.t2 / thing
                                  :ARG0-of (s147.t / take-01
                                                   :ARG1 (s147.w / we)
                                                   :ARG2 (s147.a / and
                                                                 :op1 (s147.i3 / ignorant-02)
                                                                 :op2 (s147.i2 / idea
                                                                               :topic (s147.q / question-01)))
                                                   :direction (s147.b / back))
                                  :ARG1-of (s147.f / favor-01)
                                  :ARG1-of (s147.q2 / quote-01
                                                    :ARG0 (s147.i / i
                                                                  :same-as s3.i))
                                  :domain (s147.t3 / this)))
   :snt148 (s148.l / like-01
                   :ARG0 (s148.i / i
                                 :same-as s3.i)
                   :ARG1 (s148.q / quote-01
                                 :ARG0 s148.i)
                   :ARG1-of (s148.c / cause-01
                                    :ARG0 (s148.t / think-01
                                                  :ARG0 s148.i
                                                  :ARG1 (s148.r / recommend-01
                                                                :ARG1 (s148.e / exclude-01
                                                                              :ARG1 (s148.p / person
                                                                                            :ARG1-of (s148.d / die-01))
                                                                              :ARG2 (s148.c2 / converse-01))
                                                                :polarity "-"))))
   :snt149 (s149.a2 / and
                    :mod (s149.b / by-the-way)
                    :op2 (s149.t / think-01
                                 :ARG0 (s149.i / i
                                               :same-as s3.i)
                                 :ARG1 (s149.i2 / important-01
                                                :ARG1 (s149.r / realize-01
                                                              :ARG1 (s149.g / go-on-15
                                                                            :ARG1 (s149.c / converse-01
                                                                                          :same-as s148.c2)
                                                                            :duration (s149.w / while))))
                                 :mod (s149.a / also)))
   :snt150 (s150.p4 / point-out-02
                    :ARG0 (s150.p / person
                                  :name (s150.n / name
                                                :op1 "Erwin"
                                                :op2 "Schrodinger")
                                  :mod (s150.p3 / physicist
                                                :mod (s150.q / quantum)
                                                :mod (s150.g / great))
                                  :mod (s150.p2 / philosopher
                                                :ARG1-of (s150.t2 / think-01
                                                                  :ARG0 (s150.i / i
                                                                                :same-as s3.i))))
                    :ARG1 (s150.t / thing
                                  :manner-of (s150.o / obligate-01
                                                     :ARG1 (s150.y / you)
                                                     :ARG2 (s150.a / abide-01
                                                                   :ARG0 s150.y
                                                                   :ARG1 (s150.i2 / ignorance)
                                                                   :duration (s150.d / definite
                                                                                     :polarity "-")))))
   :snt151 (s151.a2 / and
                    :op2 (s151.t2 / think-01
                                  :ARG0 (s151.i / i
                                                :same-as s3.i)
                                  :ARG1 (s151.o / obligate-01
                                                :ARG1 (s151.w / we)
                                                :ARG2 (s151.l / learn-01
                                                              :ARG0 s151.w
                                                              :ARG1 (s151.t / thing
                                                                            :ARG1-of (s151.d / do-02
                                                                                             :ARG0 s151.w)))))
                    :rel (s151.a / abide-01
                                 :ARG0 s151.w
                                 :ARG1 (s151.i2 / ignorance)
                                 :mod (s151.t3 / this)))
   :snt152 (s152.t / thing
                   :ARG1-of (s152.t3 / tricky-02)
                   :domain (s152.t2 / this
                                    :same-as s151.a))
   :snt153 (s153.b / business
                   :ARG1-of (s153.e / easy-05
                                    :degree (s153.s / such)
                                    :polarity "-")
                   :domain (s153.t / this
                                   :same-as s151.a))
   :snt154 (s154.c / cause-01
                   :ARG0 (s154.g / guess-01
                                 :ARG0 (s154.i / i
                                               :same-as s3.i)
                                 :ARG1 (s154.c3 / come-down-23
                                                :ARG1 (s154.i3 / it)
                                                :ARG2 (s154.s / system
                                                              :mod (s154.e / educate-01)
                                                              :poss (s154.w / we))))
                   :ARG1 (s154.t / talk-01
                                 :ARG0 s154.i
                                 :ARG1 (s154.a / and
                                               :op1 (s154.i2 / ignorance)
                                               :op2 s154.e)
                                 :ARG1-of (s154.c2 / cause-01
                                                   :ARG0 (s154.t2 / think-01
                                                                  :ARG0 s154.i
                                                                  :ARG1 (s154.o / obligate-01
                                                                                :ARG1-of (s154.r / real-04)
                                                                                :ARG2 (s154.p / play-out-03
                                                                                              :ARG1 (s154.i4 / it
                                                                                                             :same-as s154.i2)))))
                                 :degree (s154.b / bit
                                                 :mod (s154.l / little))))
   :snt155 (s155.o / obligate-01
                   :ARG1-of (s155.f / face-01
                                    :ARG0 (s155.w / we)
                                    :li "1"
                                    :mode "imperative")
                   :ARG2 (s155.c / change-01
                                 :ARG1 (s155.m / model
                                               :mod (s155.b / business)
                                               :poss (s155.a2 / and
                                                              :op1 (s155.u / university)
                                                              :op2 (s155.s / school
                                                                           :mod (s155.s2 / secondary)
                                                                           :mod (s155.p / probable)))))
                   :concession s155.f
                   :mod (s155.s3 / simple)
                   :rel (s155.a / and
                                :op1 (s155.c2 / company
                                              :name (s155.n / name
                                                            :op1 "Google"))
                                :op2 (s155.p2 / publication
                                              :name (s155.n2 / name
                                                             :op1 "Wikipedia"))))
   :snt156 (s156.p / possible-01
                   :ARG1 (s156.s / sell-01
                                 :purpose (s156.l / live-01
                                                  :ARG0 (s156.w / we))
                                 :ARG0 s156.w
                                 :ARG1 (s156.f / fact))
                   :mod (s156.j / just)
                   :time (s156.a / anymore)
                   :polarity "-")
   :snt157 (s157.o2 / or
                    :op1 (s157.a3 / available-02
                                  :ARG2 (s157.t2 / they
                                                 :same-as s156.f)
                                  :manner (s157.c / click-01
                                                  :ARG1 (s157.m / mouse)))
                    :op2 (s157.p / possible-01
                                 :ARG1 (s157.a2 / ask-01
                                                :ARG0 (s157.y / you)
                                                :ARG1 (s157.l / location
                                                              :location-of (s157.h / hide-01
                                                                                   :ARG0 (s157.t3 / they)
                                                                                   :ARG1 (s157.t4 / thing
                                                                                                  :ARG0-of (s157.t / tell-01
                                                                                                                   :ARG1 (s157.s / stuff
                                                                                                                                 :mod (s157.t6 / this)
                                                                                                                                 :mod (s157.a / all))
                                                                                                                   :ARG2 (s157.w3 / we)))))
                                                :ARG2 (s157.w / wall)
                                                :mod (s157.j / just)
                                                :time (s157.d / day
                                                              :ARG1-of (s157.i / include-91
                                                                               :ARG2 (s157.d2 / day
                                                                                              :mod (s157.t5 / this)))
                                                              :mod (s157.o / one)))
                                 :condition (s157.w2 / want-01
                                                     :ARG0 s157.y)
                                 :mod (s157.p2 / probable)))
   :snt158 (s158.o / obligate-01
                   :ARG1 (s158.w / we)
                   :ARG2 (s158.d / do-02
                                 :ARG0 s158.w
                                 :ARG1 (s158.a / amr-unknown)))
   :snt159 (s159.o / obligate-01
                   :ARG1 (s159.w / we)
                   :ARG2 (s159.g / give-01
                                 :ARG0 s159.w
                                 :ARG1 (s159.t / taste
                                               :topic (s159.a / and
                                                              :op1 (s159.b2 / boundary)
                                                              :op2 (s159.t3 / thing
                                                                            :location (s159.o2 / outside
                                                                                               :op1 (s159.c / circumference
                                                                                                            :mod (s159.t2 / that))))
                                                              :op3 (s159.t4 / thing
                                                                            :location (s159.o3 / outside
                                                                                               :op1 (s159.f / fact)))
                                                              :op4 (s159.t5 / thing
                                                                            :location (s159.b / beyond
                                                                                              :mod (s159.j / just)
                                                                                              :op1 s159.f))))
                                 :ARG2 (s159.p / person
                                               :ARG0-of (s159.s / study-01
                                                                :ARG2 s159.w))))
   :snt160 (s160.d / do-02
                   :ARG0 (s160.w / we
                                 :same-as s159.w)
                   :ARG1 (s160.t / that
                                 :same-as s159.g)
                   :manner (s160.a / amr-unknown))
   :snt161 (s161.t2 / turn-out-11
                    :ARG1 (s161.t / test-01
                                  :ARG1-of (s161.i / include-91
                                                   :ARG2 (s161.p2 / problem)
                                                   :ARG1 s161.p))
                    :mod (s161.o / of-course)
                    :rel (s161.p / problem)
                    :rel (s161.w / well))
   :snt162 (s162.h / have-03
                   :ARG0 (s162.w / we)
                   :ARG1 (s162.s / system
                                 :ARG1-of (s162.e2 / efficient-01
                                                   :ARG1-of (s162.c / contrast-01
                                                                    :ARG2 (s162.e3 / efficient-01
                                                                                   :ARG1 s162.s
                                                                                   :ARG2 (s162.t / thing
                                                                                                 :ARG1-of (s162.b / bad-07
                                                                                                                  :degree (s162.r / rather)))
                                                                                   :degree (s162.v / very)))
                                                   :degree s162.v)
                                 :mod (s162.e / educate-01))
                   :time (s162.c2 / current))
   :snt163 (s163.l / like-01
                   :ARG0 (s163.t / they
                                 :same-as s159.p)
                   :ARG1 (s163.p / play-01
                                 :ARG0 s163.t
                                 :mod (s163.a / around)))
   :snt164 (s164.g / grade
                   :domain (s164.t / they
                                   :same-as s159.p)
                   :ord (s164.o / ordinal-entity
                                :value "2"))
   :snt165 (s165.i / interest-01
                   :ARG1 (s165.t / they
                                 :same-as s159.p))
   :snt166 (s166.c2 / contrast-01
                    :ARG2 (s166.a / and
                                  :op1 (s166.i2 / interest-01
                                                :ARG1 (s166.p2 / person
                                                               :ARG1-of (s166.i / include-91
                                                                                :ARG2 (s166.t / they
                                                                                              :same-as s159.p)
                                                                                :ARG3 (s166.p / percentage-entity
                                                                                              :value "10")))
                                                :ARG2 (s166.s / science)
                                                :degree (s166.w / whatsoever)
                                                :mod (s166.a2 / any))
                                  :op2 (s166.d / desire-01
                                               :ARG0 s166.p2
                                               :ARG1 (s166.g / go-06
                                                             :ARG0 s166.p2
                                                             :ARG1 (s166.c / career)
                                                             :ARG4 s166.s)
                                               :mod (s166.l2 / let-alone))
                                  :time (s166.b / by
                                                :op1 (s166.g2 / grade
                                                              :ord (s166.o / or
                                                                           :op1 (s166.o2 / ordinal-entity
                                                                                         :value "11")
                                                                           :op2 (s166.o3 / ordinal-entity
                                                                                         :value "12")))))
                    :rel (s166.l / less-than))
   :snt167 (s167.h / have-03
                   :ARG0 (s167.w / we)
                   :ARG1 (s167.s3 / system
                                  :purpose (s167.b / beat-03
                                                   :ARG1 (s167.i / interest-01
                                                                 :ARG2 (s167.s / science)
                                                                 :mod (s167.a / any))
                                                   :manner (s167.o / out
                                                                   :op1 (s167.h2 / head
                                                                                 :part-of (s167.e2 / everybody))))
                                  :ARG1-of (s167.e / efficient-01
                                                   :ARG1-of (s167.r / remarkable-02))
                                  :mod (s167.t / this))
                   :mod (s167.s2 / so))
   :snt168 (s168.w / want-01
                   :ARG0 (s168.w2 / we)
                   :ARG1 (s168.t / this
                                 :same-as s167.s3)
                   :polarity (s168.a / amr-unknown))
   :snt169 (s169.t3 / think-01
                    :ARG0 (s169.i / i
                                  :same-as s3.i)
                    :ARG1 (s169.c3 / come-03
                                   :ARG1 (s169.t4 / this
                                                  :same-as s167.s3)
                                   :ARG2 (s169.t2 / thing
                                                  :ARG1-of (s169.c / call-01
                                                                   :ARG0 (s169.c2 / colleague
                                                                                  :ARG0-of (s169.t / teach-01)
                                                                                  :poss s169.i)
                                                                   :ARG2 (s169.m / method
                                                                                 :mod (s169.b / bulimic)
                                                                                 :mod (s169.e / educate-01))))))
   :snt170 (s170.a2 / and
                    :op1 (s170.j / jam-01
                                 :ARG0 (s170.w / we)
                                 :ARG1 (s170.f / fact
                                               :quant (s170.b / bunch
                                                              :mod (s170.w3 / whole)))
                                 :ARG2 (s170.d / down-03
                                               :path (s170.t3 / throat
                                                              :part-of (s170.t2 / they
                                                                                :same-as s159.p)))
                                 :location (s170.o / over
                                                   :op1 (s170.h2 / here))
                                 :mod (s170.j2 / just))
                    :op2 (s170.p / puke-01
                                 :ARG0 s170.t2
                                 :ARG1 s170.f
                                 :location (s170.e2 / exam
                                                    :location s170.o)
                                 :time (s170.t / then))
                    :op3 (s170.g / go-02
                                 :ARG0 (s170.e / everybody)
                                 :ARG4 (s170.h3 / home)
                                 :degree (s170.w2 / whatsoever)
                                 :manner (s170.h / heft
                                                 :ARG1-of (s170.a / add-02)
                                                 :mod (s170.i / intellectual)
                                                 :polarity "-")))
   :snt171 (s171.p / possible-01
                   :ARG1 (s171.c / continue-01
                                 :ARG1 (s171.g / go-on-15
                                               :ARG1 (s171.t / this)))
                   :polarity "-")
   :snt172 (s172.i / infer-01
                   :ARG1 (s172.d / do-02
                                 :ARG0 (s172.w / we)
                                 :ARG1 (s172.a / amr-unknown)))
   :snt173 (s173.o / obligate-01
                   :ARG1 (s173.i / i
                                 :same-as s3.i)
                   :ARG2 (s173.s / say-01
                                 :ARG0 s173.i
                                 :ARG1 (s173.h / have-03
                                               :ARG0 (s173.g / genetic)
                                               :ARG1 (s173.m / maxim
                                                             :ARG2-of (s173.i2 / interest-01)
                                                             :instrument-of (s173.l / live-01
                                                                                    :ARG0 s173.g))))
                   :mod (s173.w / well))
   :snt174 (s174.s / say-01
                   :ARG0 (s174.s2 / scientist)
                   :ARG1 (s174.g / get-01
                                 :ARG0 (s174.y / you)
                                 :ARG1 (s174.t / thing
                                               :purpose-of (s174.s3 / screen-03
                                                                    :ARG0 s174.y))
                                 :time (s174.a / always)))
   :snt175 (s175.a / and
                   :op2 (s175.m / mean-01
                                :ARG1 (s175.t / that
                                              :same-as s174.s)
                                :ARG2 (s175.w / warn-01)))
   :snt176 (s176.a2 / and
                    :op1 (s176.g / get-01
                                 :ARG0 (s176.w / we)
                                 :ARG1 (s176.t2 / thing
                                                :ARG2-of (s176.s / screen-03
                                                                 :ARG0 s176.w))
                                 :time (s176.a / always))
                    :op2 (s176.m / method
                                 :domain (s176.t3 / thing
                                                  :ARG1-of (s176.i / include-91
                                                                   :ARG2 s176.t2))
                                 :instrument-of (s176.t / test-01)
                                 :poss s176.w))
   :snt177 (s177.a2 / and
                    :mod (s177.w4 / well)
                    :op1 (s177.h / hear-01
                                 :ARG0 (s177.w / we)
                                 :ARG1 (s177.l / lot
                                               :topic (s177.a / and
                                                              :op1 (s177.t / test-01)
                                                              :op2 (s177.e / evaluate-01))))
                    :op2 (s177.o / obligate-01
                                 :ARG2 (s177.t3 / think-01
                                                :ARG1-of (s177.c / care-04)
                                                :time (s177.t2 / test-01
                                                               :ARG0 s177.w
                                                               :ARG1 (s177.t4 / truth-value
                                                                              :polarity-of (s177.o2 / or
                                                                                                    :op1 (s177.e2 / evaluate-01
                                                                                                                  :ARG0 s177.w)
                                                                                                    :op2 (s177.w2 / weed-01
                                                                                                                  :ARG0 s177.w)
                                                                                                    :op3 (s177.w3 / weed-01
                                                                                                                  :ARG0 s177.w
                                                                                                                  :ARG1 (s177.p / person)
                                                                                                                  :direction (s177.o3 / out))
                                                                                                    :op4 (s177.m / make-01
                                                                                                                 :ARG0 s177.w
                                                                                                                 :ARG1 (s177.c2 / cut-02
                                                                                                                                :mod (s177.s / some)))))))))
   :snt178 (s178.t / thing
                   :domain (s178.e / evaluate-01)
                   :quant "1")
   :snt179 (s179.c / contrast-01
                   :ARG1 (s179.h / hear-01
                                 :ARG0 (s179.y / you)
                                 :ARG1 (s179.l3 / lot)
                                 :location (s179.l / literature
                                                   :mod (s179.l2 / literature
                                                                 :mod (s179.e / educate-01)))
                                 :time (s179.d / day
                                               :mod (s179.t / this)
                                               :same-as s76.d)
                                 :topic (s179.e3 / evaluate-01))
                   :ARG2 (s179.a3 / and
                                  :op1 (s179.a / amount-01
                                               :ARG1 s179.e3
                                               :ARG1-of (s179.r / real-04)
                                               :ARG2 (s179.f / feedback))
                                  :op2 (s179.a2 / amount-01
                                                :ARG1 s179.e3
                                                :ARG2 (s179.o / opportunity
                                                              :purpose (s179.a4 / and
                                                                                :op1 (s179.t2 / try-01)
                                                                                :op2 (s179.e2 / err-01))))))
   :snt180 (s180.a / amount-01
                   :ARG1 (s180.i / it)
                   :ARG2 (s180.c / chance-02
                                 :ARG1 (s180.w / work-01
                                               :ARG1 (s180.f / feedback
                                                             :mod (s180.k / kind
                                                                          :mod (s180.t / this)))
                                               :duration (s180.p / period
                                                                 :ARG1-of (s180.h / have-degree-91
                                                                                  :ARG2 (s180.l / long-03
                                                                                                :ARG1 s180.p)
                                                                                  :ARG3 (s180.m / more))))))
   :snt181 (s181.a / and
                   :op1 (s181.d / differ-02
                                :ARG1 (s181.t5 / that
                                               :same-as s180.i)
                                :ARG2 (s181.w / weed-01))
                   :op2 (s181.o / obligate-01
                                :ARG1 (s181.i / i
                                              :same-as s3.i)
                                :ARG2 (s181.t4 / tell-01
                                               :ARG0 s181.i
                                               :ARG1 (s181.t2 / talk-01
                                                              :ARG0 (s181.p / person)
                                                              :ARG1 (s181.w2 / weed-01)
                                                              :ARG1-of (s181.r / real-04)
                                                              :mod (s181.u / usual)
                                                              :time (s181.t / talk-01
                                                                            :ARG0 s181.p
                                                                            :ARG1 (s181.a2 / and
                                                                                           :op1 (s181.e / evaluate-01)
                                                                                           :op2 (s181.p2 / person
                                                                                                         :ARG0-of (s181.s2 / study-01))
                                                                                           :op3 (s181.p3 / person
                                                                                                         :ARG0-of (s181.t3 / teach-01))
                                                                                           :op4 (s181.s / school)
                                                                                           :op5 (s181.e2 / evaluate-01)
                                                                                           :op5 (s181.p4 / program))))
                                               :ARG2 (s181.y / you
                                                             :same-as s6.y))))
   :snt182 (s182.a / and
                   :op2 (s182.c / cause-01
                                :ARG0 (s182.g / get-01
                                              :ARG0 (s182.y / you)
                                              :ARG1 (s182.t4 / thing
                                                             :ARG1-of (s182.s / select-01
                                                                              :ARG0 s182.y)
                                                             :ARG1-of (s182.g2 / get-01
                                                                               :ARG0 (s182.w / we)
                                                                               :time (s182.s2 / so-far)))
                                              :time (s182.t2 / then))
                                :ARG1 (s182.t3 / thing
                                               :ARG1-of (s182.b / bad-07)
                                               :domain (s182.t / that
                                                               :same-as s181.w2))))
   :snt183 (s183.c / cause-01
                   :ARG1 (s183.s / say-01
                                 :ARG0 (s183.i / i
                                               :same-as s3.i)
                                 :ARG1 (s183.n2 / need-01
                                                :ARG0 (s183.w / we)
                                                :ARG1 (s183.t / test-01
                                                              :ARG0-of (s183.s2 / say-01
                                                                                :ARG1 (s183.a / amr-unknown
                                                                                              :domain (s183.v / variable
                                                                                                              :name (s183.n / name
                                                                                                                            :op1 "x"))))))))
   :snt184 (s184.h / have-degree-91
                   :ARG1 (s184.a2 / and
                                  :op2 (s184.a3 / answer-01
                                                :ARG2 (s184.o / or
                                                              :op1 (s184.k / know-01
                                                                           :ARG0 (s184.i / i)
                                                                           :ARG1-of (s184.c / cause-01
                                                                                            :ARG0 (s184.k2 / know-01
                                                                                                           :ARG0 (s184.n / no-one)))
                                                                           :polarity "-")
                                                              :op2 (s184.q / question-01
                                                                           :ARG1 (s184.a / amr-unknown)))))
                   :ARG2 (s184.g / good-02
                                 :ARG1 s184.a3
                                 :mod (s184.e / even))
                   :ARG3 (s184.m / more))
   :snt185 (s185.o / or
                   :op2 (s185.t / thing
                                :ARG1-of (s185.k / know-01
                                                 :ARG0 (s185.y / you))
                                :domain (s185.a / and
                                                :op1 (s185.l / look-up-05
                                                             :ARG0 (s185.i / i)
                                                             :ARG1 (s185.i2 / it))
                                                :op2 (s185.a2 / ask-01
                                                              :ARG0 s185.i
                                                              :ARG2 (s185.s / someone))
                                                :op3 (s185.p / phone-01
                                                             :ARG0 s185.i
                                                             :ARG1 s185.s)
                                                :op4 (s185.f / find-out-03
                                                             :ARG0 s185.i))))
   :snt186 (s186.c / cause-01
                   :ARG0 (s186.a / and
                                 :op1 (s186.t2 / thing
                                               :ARG1-of (s186.d / do-02
                                                                :ARG0 (s186.p / person)
                                                                :ARG1-of (s186.w / want-01
                                                                                 :ARG0 (s186.w2 / we)))
                                               :domain (s186.t / that))
                                 :op2 (s186.t3 / thing
                                               :domain s186.t
                                               :manner-of (s186.e / evaluate-01
                                                                  :ARG0 (s186.y / you)
                                                                  :ARG1 s186.p))))
   :snt187 (s187.a3 / and
                    :op2 (s187.p2 / possible-01
                                  :ARG1 (s187.a4 / answer-01
                                                 :ARG2 (s187.c / class
                                                               :topic (s187.p / place-01
                                                                              :ARG1-of (s187.a / advanced-02)))
                                                 :location (s187.h / here))
                                  :op3 (s187.q / question-01
                                               :ARG1 (s187.a2 / amr-unknown)
                                               :mod (s187.n / next))))
   :snt188 (s188.l / like-01
                   :ARG0 (s188.i / i
                                 :same-as s3.i)
                   :ARG1 (s188.o / one
                                 :domain (s188.t / that))
                   :mod (s188.p / particular))
   :snt189 (s189.l / let-01
                   :ARG0 (s189.y / you)
                   :ARG1 (s189.e2 / end-01
                                  :ARG0 (s189.i / i
                                                :same-as s3.i)
                                  :ARG2 (s189.t / thing
                                                :ARG1-of (s189.q / quote-01
                                                                 :ARG0-of (s189.c / cause-01
                                                                                  :ARG1 (s189.g / get-05
                                                                                                :ARG0 s189.i
                                                                                                :ARG1 (s189.m / match-03)
                                                                                                :ARG2 (s189.o / out)
                                                                                                :mode "imperative"))
                                                                 :ARG2 (s189.p / person
                                                                               :name (s189.n / name
                                                                                             :op1 "William"
                                                                                             :op2 "Butler"
                                                                                             :op3 "Yeats")
                                                                               :ARG0-of (s189.s / say-01
                                                                                                :ARG1 (s189.f / fill-01
                                                                                                              :ARG0 (s189.e / educate-01)
                                                                                                              :ARG1 (s189.b / bucket)
                                                                                                              :polarity "-"))))))
                   :mode "imperative")
   :snt190 (s190.t / thank-01
                   :ARG1 (s190.y / you
                                 :same-as s3.i))
   :snt191 (s191.t / thank-01
                   :ARG1 (s191.y / you
                                 :same-as s3.i)))

