# ::id doc-203
# ::doc_file doc-203
# ::tok http : / / www . ted . com / talks / ariel_garten_know_thyself_with_a_brain_scanner< / url> <next_sent> The maxim , " Know thyself " has been around since the ancient Greeks . <next_sent> Some attribute this golden world knowledge to Plato , others to Pythagoras . <next_sent> But the truth is it does n't really matter which sage said it first , because it 's still sage advice , even today . <next_sent> " Know thyself . " <next_sent> It 's pithy almost to the point of being meaningless , but it rings familiar and true , does n't it ? <next_sent> " Know thyself . " <next_sent> I understand this timeless dictum as a statement about the problems , or more exactly the confusions , of consciousness . <next_sent> I 've always been fascinated with knowing the self . <next_sent> This fascination led me to submerge myself in art , study neuroscience and later to become a psychotherapist . <next_sent> Today I combine all my passions as the CEO of InteraXon , a thought - controlled computing company . <next_sent> My goal , quite simply , is to help people become more in tune with themselves . <next_sent> I take it from this little dictum , " Know thyself . " <next_sent> If you think about it , this imperative is kind of the defining characteristic of our species , is n't it ? <next_sent> I mean , it 's self - awareness that separates Homo sapiens from earlier instances of our mankind . <next_sent> Today we 're often too busy tending to our iPhones and iPods to really stop and get to know ourselves . <next_sent> Under the deluge of minute - to - minute text conversations , emails , relentless exchange of media channels and passwords and apps and reminders and Tweets and tags , we lose sight of what all this fuss is supposed to be about in the first place : ourselves . <next_sent> Much of the time we 're transfixed by all of the ways we can reflect ourselves into the world . <next_sent> And we can barely find the time to reflect deeply back in on our own selves . <next_sent> We 've cluttered ourselves up with all this . <next_sent> And we feel like we have to get far , far away to a secluded retreat , leaving it all behind . <next_sent> So we go far away to the top of a mountain , assuming that perching ourselves on a piece is bound to give us the respite we need to sort the clutter , the chaotic everyday , and find ourselves again . <next_sent> But on that mountain where we gain that beautiful peace of mind , what are we really achieving ? <next_sent> It 's really only a successful escape . <next_sent> Think of the term we use , " Retreat . " <next_sent> This is the term that armies use when they 've lost a battle . <next_sent> It means we 've got to get out of here . <next_sent> Is this how we feel about the pressures of our world , that in order to get inside ourselves , you have to run for the hills ? <next_sent> And the problem with escaping your day - to - day life is that you have to come home eventually . <next_sent> So when you think about it , we 're almost like a tourist visiting ourselves over there . <next_sent> And eventually that vacation 's got to come to an end . <next_sent> So my question to you is , can we find ways to know ourselves without the escape ? <next_sent> Can we redefine our relationship with the technologized world in order to have the heightened sense of self - awareness that we seek ? <next_sent> Can we live here and now in our wired web and still follow those ancient instructions , " Know thyself ? " <next_sent> I say the answer is yes . <next_sent> And I 'm here today to share a new way that we 're working with technology to this end to get familiar with our inner self like never before -- humanizing technology and furthering that age - old quest of ours to more fully know the self . <next_sent> It 's called thought - controlled computing . <next_sent> You may or may not have noticed that I 'm wearing a tiny electrode on my forehead . <next_sent> This is actually a brainwave sensor that 's reading the electrical activity of my brain as I give this talk . <next_sent> These brainwaves are being analyzed and we can see them as a graph . <next_sent> Let me show you what it looks like . <next_sent> That blue line there is my brainwave . <next_sent> It 's the direct signal being recorded from my head , rendered in real time . <next_sent> The green and red bars show that same signal displayed by frequency , with lower frequencies here and higher frequencies up here . <next_sent> You 're actually looking inside my head as I speak . <next_sent> These graphs are compelling , they 're undulating , but from a human 's perspective , they 're actually not very useful . <next_sent> That 's why we 've spent a lot of time thinking about how to make this data meaningful to the people who use it . <next_sent> For instance , what if I could use this data to find out how relaxed I am at any moment ? <next_sent> Or what if I can take that information and put it into an organic shape up on the screen ? <next_sent> The shape on the right over here has become an indicator of what 's going on in my head . <next_sent> The more relaxed I am , the more the energy 's going to fall through it . <next_sent> I may also be interested in knowing how focused I am , so I can put my level of attention into the circuit board on the other side . <next_sent> And the more focused my brain is , the more the circuit board is going to surge with energy . <next_sent> Ordinarily , I would have no way of knowing how focused or relaxed I was in any tangible way . <next_sent> As we know , our feelings about how we 're feeling are notoriously unreliable . <next_sent> We 've all had stress creep up on us without even noticing it until we lost it on someone who did n't deserve it , and then we realize that we probably should have checked in with ourselves a little earlier . <next_sent> This new awareness opens up vast possibilities for applications that help improve our lives and ourselves . <next_sent> We 're trying to create technology that uses the insights to make our work more efficient , our breaks more relaxing and our connections deeper and more fulfilling than ever . <next_sent> I 'm going to share some of these visions with you in a bit , but first I want to take a look at how we got here . <next_sent> By the way , feel free to check in on my head at any time . <next_sent> My team at InteraXon and I have been developing throught - controlled application for almost a decade now . <next_sent> In the first phase of development we were really enthused by all the things we could control with our mind . <next_sent> We were making things activate , light up and work just by thinking . <next_sent> We were transcending the space between the mind and the device . <next_sent> We brought to life a vast array of prototypes and products that you could control with your mind , like thought - controlled home appliances or slot car games or video games or a levitating chair . <next_sent> We created technology and applications that engaged people 's imaginations , and it was really exciting . <next_sent> And then we were asked to do something really big for the Olympics . <next_sent> We were invited to create a massive installation at the Vancouver 2010 winter Olympics , were used in Vancouver , got to control the lighting on the C.N. Tower , the Canadian Parliament buildings and Niagara Falls from all the way across the country using their minds . <next_sent> Over 17 days at the Olympics 7,000 visitors from all over the world actually got to individually control the light from the C.N. Tower , parliament and Niagara in real time with their minds from across the country , 3,000 km away . <next_sent> So controlling stuff with your mind is pretty cool . <next_sent> But we 're always interested in multi - tiered levels of human interaction . <next_sent> And so we began looking into inventing thought - controlled applications in a more complex frame than just control . <next_sent> And that was responsiveness . <next_sent> We realized that we had a system that allowed technology to know something about you . <next_sent> And it could join into the relationship with you . <next_sent> We created the responsive room where the lights music and blinds adjusted to your state . <next_sent> They followed these little shifts in your mental activity . <next_sent> So as you settled into relaxation at the end of a hard day , on the couch in our office , the music would mellow with you . <next_sent> When you read , the desk lamp would get brighter . <next_sent> If you nod off , the system would know , dimming to darkness as you do . <next_sent> We then realized that if technology could know something about you and use it to help you , there 's an even more valuable application than that . <next_sent> That you could know something about yourself . <next_sent> We could know sides of ourselves that were all but invisible and come to see things that were previously hidden . <next_sent> Let me show you an example of what I 'm talking about here . <next_sent> Here 's an application that I created for the iPad . <next_sent> So the goal of the original game Zen Bound is to wrap a rope around a wooden form . <next_sent> So you use it with your headset . <next_sent> The headset connects wirelessly to an iPad or a smartphone . <next_sent> In that headset you have fabric sensors on your forehead and above the ear . <next_sent> In the original Zen Bound game , you play it by scrolling your fingers over the pad . <next_sent> In the game that we created , of course , you control the wooden form that 's on the screen there with your mind . <next_sent> As you focus on the wooden form , it rotates . <next_sent> The more you focus , the faster the rotation . <next_sent> This is for real . <next_sent> This is not a fake . <next_sent> What 's really interesting to me though is at the end of the game you get stats and feedback about how you did . <next_sent> You have graphs and charts that tell you how your brain was doing -- not just how much rope you used or what your high score is , but what was going on inside of your mind . <next_sent> And this is valuable feedback that we can use to understand what 's going on inside of ourselves . <next_sent> I like to call this " intra - active . " <next_sent> Normally we think about technology as interactive . <next_sent> This technology is intra - active . <next_sent> It understands what 's inside of you and builds a sort of responsive relationship between you and your technology so that you can use this information to move you forward . <next_sent> So you can use this information to understand you in a responsive loop . <next_sent> At InteraXon , intra - active technology is one of our really defining mandates . <next_sent> It 's how we understand the world inside and reflect it outside into this tight loop . <next_sent> For example , thought - controlled computing can teach children with ADD how to improve their focus . <next_sent> With ADD , children have a low proportion of beta waves for focus states and a high proportion of theta states . <next_sent> So you can create applications that reward focused brain states . <next_sent> So you can imagine kids playing video games with their brain waves and improving their ADD symptoms as they do it . <next_sent> This can be as effective as Ritalin . <next_sent> Perhaps even more importantly , thought - controlled computing can give children with ADD insights into their own fluctuating mental states , so they can better understand themselves and their learning needs . <next_sent> The way these children will be able to use their new awareness to improve themselves will upend many of the damaging and widespread social stigmas that people who are diagnosed as different are challenged with . <next_sent> We can peer inside our heads and interact with what was once locked away from us , what once mystified and separated us . <next_sent> Brainwave technology can understand us , anticipate our emotions and find the best solutions for our needs . <next_sent> Imagine this collected awareness of the individual computed and reflected across an entire lifespan . <next_sent> Imagine the insights that you can gain from this kind of second sight . <next_sent> It would be like plugging into your own personal Google . <next_sent> On the subject of Google , today you can search and tag images based on the thoughts and feelings you had while you watched them . <next_sent> You can tag pictures of baby animals as happy , or whatever baby animals are to you , and then you can search that database , navigating with your feelings , rather than the keywords that just hint at them . <next_sent> Or you could tag Facebook photos with the emotions that you had associated with those memories and then instantly prioritize the streams that catch your attention , just like this . <next_sent> Humanizing technology is about taking what 's already natural about the human - tech experience and building technology seamlessly in tandem with it . <next_sent> As it aligns with our human behaviors , it can allow us to make better sense of what we do and , more importantly , why , creating a big picture out of all the important little details that make up who we are . <next_sent> With humanized technology we can monitor the quality of your sleep cycles . <next_sent> When our productivity starts to slacken , we can go back to that data and see how we can make more effective balance between work and play . <next_sent> Do you know what causes fatigue in you or what brings out your energetic self , what triggers cause you to be depressed or what fun things are going to bring you out of that funk ? <next_sent> Imagine if you had access to data that allowed you to rank on a scale of overall happiness which people in your life made you the happiest , or what activities brought you joy . <next_sent> Would you make more time for those people ? <next_sent> Would you prioritize ? <next_sent> Would you get a divorce ? <next_sent> What thought - controlled computing can allow you to do is build colorful layered pictures of our lives . <next_sent> And with this , we can get the skinny on our psychological happenings and build a story of our behaviors over time . <next_sent> We can begin to see the underlying narratives that propel us forward and tell us about what 's going on . <next_sent> And from this , we can learn how to change the plot , the outcome and the character of our personal stories . <next_sent> Two millennia ago , those Greeks had some powerful insights . <next_sent> They knew that a fundamental piece falls into place when you start to live out their little phrase , when you come into contact with yourself . <next_sent> They understood the power of human narrative and the value that we place on humans as changing , evolving and growing . <next_sent> But they understood something more fundamental -- the sheer joy in discovery , the delight and fascination that we get from the world and being ourselves in it , the richness that we get from seeing , feeling and knowing the lives that we are . <next_sent> My mom 's an artist , and as a child I 'd often see her bring things to life with the stroke of a brush . <next_sent> One moment it was all white space , pure possibility . <next_sent> The next , it was alive with her colorful ideas and expressions . <next_sent> As I sat easel - side , watching her transform canvas after canvas , I learned that you could create your own world . <next_sent> I learned that our own inner worlds -- our ideas , emotions and imaginations -- were , in fact , not bound by our brains and bodies . <next_sent> If you could think it , if you could discover it , you could bring it to life . <next_sent> To me , thought - controlled computing is as simple and powerful as a paintbrush -- one more tool to unlock and enliven the hidden worlds within us . <next_sent> I look forward to the day that I can sit beside you , easel - side , watching the world that we can create with our new toolboxes and the discoveries that we can make about ourselves . <next_sent> Thank you .
(d / document
   :snt1 (s1.u / url-entity
               :topic (s1.t / talk-01
                            :ARG0 (s1.p / person
                                        :name (s1.n / name
                                                    :op1 "David"))))
   :snt2 (s2.e / exist-01
               :ARG1 (s2.m / maxim
                           :mod (s2.k / know-02
                                      :ARG0 (s2.y / you)
                                      :ARG1 s2.y))
               :time (s2.s / since
                           :op1 (s2.p / person
                                      :mod (s2.a / ancient)
                                      :mod (s2.c / country
                                                 :name (s2.n / name
                                                             :op1 "Greece")))))
   :snt3 (s3.a / and
               :op1 (s3.a2 / attribute-01
                           :ARG0 (s3.s / some)
                           :ARG1 (s3.k / know-01
                                       :mod (s3.w / world)
                                       :mod (s3.g / golden)
                                       :mod (s3.t / this))
                           :ARG2 (s3.p / person
                                       :name (s3.n / name
                                                   :op1 "Plato")))
               :op2 (s3.a3 / attribute-01
                           :ARG0 (s3.o / other)
                           :ARG1 s3.k
                           :ARG2 (s3.p2 / person
                                        :name (s3.n2 / name
                                                     :op1 "Pythagoras"))))
   :snt4 (s4.c2 / contrast-01
                :ARG1 (s4.t2 / true-01
                             :ARG1 (s4.m / matter-01
                                         :ARG1 (s4.p / person
                                                     :ARG0-of (s4.s3 / say-01
                                                                     :ARG1 (s4.i / it
                                                                                 :same-as s2.m)
                                                                     :ord (s4.o / ordinal-entity
                                                                                :value "1"))
                                                     :mod (s4.s / sage))
                                         :ARG1-of (s4.r / real-04)
                                         :ARG1-of (s4.c / cause-01
                                                        :ARG0 (s4.a / advise-01
                                                                    :ARG2 s4.i
                                                                    :mod (s4.s2 / sage)
                                                                    :mod (s4.s4 / still)
                                                                    :time (s4.t / today
                                                                                :mod (s4.e / even))))
                                         :polarity "-")))
   :snt5 (s5.k / know-02)
   :snt6 (s6.c / contrast-01
               :ARG1 (s6.p / pithy
                           :ARG2-of (s6.h / have-degree-91
                                          :ARG1 (s6.i / it
                                                      :same-as s2.m)
                                          :ARG3 (s6.t / to-the-point)
                                          :ARG6 (s6.m / mean-01
                                                      :ARG1 s6.i
                                                      :polarity "-")
                                          :mod (s6.a / almost))
                           :domain s6.i)
               :ARG2 (s6.r2 / ring-05
                            :ARG1 s6.i
                            :ARG1-of (s6.r / request-confirmation-91)
                            :ARG2 (s6.a2 / and
                                         :op1 (s6.f / familiarize-01
                                                    :ARG1 s6.i)
                                         :op2 (s6.t2 / true-01
                                                     :ARG1 s6.i))))
   :snt7 (s7.k / know-02)
   :snt8 (s8.u / understand-01
               :ARG0 (s8.i / i)
               :ARG1 (s8.d / dictum
                           :mod (s8.t2 / timeless)
                           :mod (s8.t / this)
                           :same-as s2.m)
               :ARG2 (s8.s / state-01
                           :ARG1 (s8.o / or
                                       :op1 (s8.p / problem
                                                  :poss (s8.c2 / consciousness))
                                       :op2 (s8.c / confuse-01
                                                  :ARG1 s8.c2
                                                  :mod (s8.e / exact
                                                             :mod (s8.m / more))))))
   :snt9 (s9.f / fascinate-01
               :ARG0 (s9.k / know-01
                           :ARG0 (s9.i / i
                                       :same-as s8.i)
                           :ARG1 (s9.s / self))
               :ARG1 s9.i
               :time (s9.a / always))
   :snt10 (s10.l / lead-03
                 :ARG0 (s10.f / fascinate-01
                              :mod (s10.t / this))
                 :ARG1 (s10.i / i
                              :same-as s8.i)
                 :ARG2 (s10.a2 / and
                               :op1 (s10.s2 / submerge-01
                                            :ARG0 s10.i
                                            :ARG1 s10.i
                                            :ARG2 (s10.a3 / art))
                               :op2 (s10.s / study-01
                                           :ARG0 s10.i
                                           :ARG1 (s10.n / neuroscience))
                               :op3 (s10.b / become-01
                                           :ARG1 s10.i
                                           :ARG2 (s10.p / psychotherapist)
                                           :time (s10.a / after
                                                        :op1 s10.s2))))
   :snt11 (s11.c2 / combine-01
                  :ARG0 (s11.i / i
                               :same-as s8.i)
                  :ARG1 (s11.p / passion
                               :mod (s11.a / all)
                               :poss s11.i)
                  :manner (s11.h / have-org-role-91
                                 :ARG0 s11.i
                                 :ARG1 (s11.c3 / company
                                               :name (s11.n / name
                                                            :op1 "InteraXon")
                                               :mod (s11.c4 / compute-01
                                                            :ARG1-of (s11.c5 / control-01
                                                                             :ARG0 (s11.t / think-01))))
                                 :ARG2 (s11.o / officer
                                              :mod (s11.c / chief)
                                              :mod (s11.e / executive)))
                  :time (s11.t2 / today))
   :snt12 (s12.g / goal
                 :ARG1-of (s12.s / simple-02
                                 :degree (s12.q / quite))
                 :domain (s12.h2 / help-01
                                 :ARG0 (s12.i / i
                                              :same-as s8.i)
                                 :ARG1 (s12.b / become-01
                                              :ARG1 (s12.p / person)
                                              :ARG2 (s12.t / tune-01
                                                           :ARG1 s12.p
                                                           :ARG2 s12.p
                                                           :ARG2-of (s12.h / have-degree-91
                                                                           :ARG1 s12.p
                                                                           :ARG3 (s12.m / more))))
                                 :ARG2 s12.p)
                 :poss s12.i)
   :snt13 (s13.t / take-01
                 :ARG0 (s13.i / i
                              :same-as s8.i)
                 :ARG2 (s13.d / dictum
                              :mod (s13.l / little)
                              :mod (s13.t2 / this)
                              :topic (s13.k / know-02
                                            :ARG0 (s13.y / you)
                                            :ARG1 s13.y)
                              :same-as s2.m))
   :snt14 (s14.c / characteristic-02
                 :ARG0-of (s14.d / define-01
                                 :ARG1 (s14.s / species
                                              :poss (s14.w / we)))
                 :ARG1-of (s14.r / request-confirmation-91)
                 :ARG2 (s14.i / imperative
                              :mod (s14.t2 / this)
                              :same-as s2.m)
                 :condition (s14.t / think-01
                                   :ARG0 (s14.y / you)
                                   :ARG1 (s14.i2 / it))
                 :degree (s14.k / kind-of))
   :snt15 (s15.m2 / mean-01
                  :ARG0 (s15.i / i
                               :same-as s8.i)
                  :ARG2 (s15.s / separate-01
                               :ARG0 (s15.r / realize-01
                                            :ARG0 (s15.s2 / species
                                                          :name (s15.n / name
                                                                       :op1 "Homo"
                                                                       :op2 "Sapiens")
                                                          :ARG1-of s15.s))
                               :ARG2 (s15.i2 / instance
                                             :poss (s15.m / mankind
                                                          :poss (s15.w / we))
                                             :time (s15.b / before))))
   :snt16 (s16.h / have-degree-91
                 :ARG1 (s16.w / we)
                 :ARG2 (s16.b / busy-01
                              :ARG1 s16.w
                              :ARG2 (s16.t / tend-01
                                           :ARG0 s16.w
                                           :ARG1 (s16.a / and
                                                        :op1 (s16.p / product
                                                                    :name (s16.n / name
                                                                                 :op1 "i"
                                                                                 :op2 "phone")
                                                                    :poss s16.w)
                                                        :op2 (s16.p2 / product
                                                                     :name (s16.n2 / name
                                                                                   :op1 "iPods")
                                                                     :poss s16.w)))
                              :frequency (s16.o / often))
                 :ARG3 (s16.t3 / too)
                 :ARG6 (s16.a2 / and
                               :op1 (s16.s / stop-01
                                           :ARG0 s16.w
                                           :ARG1-of (s16.r / real-04))
                               :op2 (s16.g / get-03
                                           :ARG1 s16.w
                                           :ARG2 (s16.k / know-02
                                                        :ARG0 s16.w
                                                        :ARG1 s16.w)))
                 :rel (s16.t2 / today))
   :snt17 (s17.l / lose-02
                 :ARG0 (s17.w / we
                              :same-as s16.w)
                 :ARG1 (s17.s / sight-01
                              :ARG0 s17.w
                              :ARG1 (s17.t5 / thing
                                            :ARG2-of (s17.s2 / suppose-02
                                                             :ARG1 (s17.f / fuss-01
                                                                          :mod (s17.t6 / this)
                                                                          :mod (s17.a / all)))))
                 :ARG1-of (s17.c / cause-01
                                 :ARG0 (s17.d / deluge-01
                                              :ARG2 (s17.a2 / and
                                                            :duration (s17.m2 / minute
                                                                              :quant "1")
                                                            :op1 (s17.c3 / converse-01
                                                                         :mod (s17.t2 / text-01))
                                                            :op2 (s17.e / email-01)
                                                            :op3 (s17.e3 / exchange-01
                                                                         :ARG1 (s17.a3 / and
                                                                                       :op1 (s17.c2 / channel
                                                                                                    :mod (s17.m / media))
                                                                                       :op2 (s17.t3 / thing
                                                                                                    :ARG1-of (s17.e2 / encrypt-01))
                                                                                       :op3 (s17.t4 / thing
                                                                                                    :ARG0-of (s17.r2 / remind-01
                                                                                                                     :ARG1 s17.w))
                                                                                       :op4 (s17.t7 / tweet-02)
                                                                                       :op5 (s17.t / tag-01))
                                                                         :manner (s17.r / relentless)))))
                 :mod (s17.i / in-the-first-place))
   :snt18 (s18.t2 / transform-01
                  :ARG0 (s18.w / way
                               :manner-of (s18.p / possible-01
                                                 :ARG1 (s18.r / reflect-01
                                                              :ARG0 (s18.w2 / we
                                                                            :same-as s16.w)
                                                              :ARG1 s18.w2
                                                              :ARG2 (s18.w3 / world)))
                               :mod (s18.a / all))
                  :ARG1 s18.w2
                  :time (s18.t / time
                               :quant (s18.m / much)))
   :snt19 (s19.a / and
                 :op2 (s19.p / possible-01
                             :ARG1 (s19.f / find-01
                                          :ARG0 (s19.w / we
                                                       :same-as s16.w)
                                          :ARG1 (s19.t / time
                                                       :purpose (s19.r / reflect-02
                                                                       :ARG0 s19.w
                                                                       :ARG1 (s19.s / self
                                                                                    :poss s19.w)
                                                                       :ARG1-of (s19.d / deep-02)
                                                                       :ARG2 s19.s
                                                                       :direction (s19.b / back)))
                                          :degree (s19.b2 / barely))))
   :snt20 (s20.c / clutch-01
                 :ARG0 (s20.w / we
                              :same-as s16.w)
                 :ARG1 s20.w
                 :instrument (s20.t / this
                                    :mod (s20.a / all)))
   :snt21 (s21.a2 / and
                  :op2 (s21.f2 / feel-01
                               :ARG0 (s21.w / we
                                            :same-as s16.w)
                               :ARG1 (s21.o / obligate-01
                                            :ARG1 s21.w
                                            :ARG2 (s21.g / get-05
                                                         :ARG1 s21.w
                                                         :ARG2 (s21.a3 / away
                                                                       :extent (s21.f / far))
                                                         :ARG4 (s21.r / retreat-01
                                                                      :ARG1-of (s21.s / seclude-01))
                                                         :manner (s21.l / leave-behind-18
                                                                        :ARG0 s21.w
                                                                        :ARG1 (s21.i / it
                                                                                     :mod (s21.a / all)
                                                                                     :same-as s20.t))))))
   :snt22 (s22.c / cause-01
                 :ARG0 (s22.a4 / assume-02
                               :ARG0 (s22.w / we
                                            :same-as s16.w)
                               :ARG1 (s22.b / bind-02
                                            :ARG1 (s22.g / give-01
                                                         :ARG0 (s22.p / perch-01
                                                                      :ARG0 s22.w
                                                                      :ARG1 s22.w
                                                                      :ARG2 (s22.p2 / piece))
                                                         :ARG1 (s22.r / respite
                                                                      :ARG1-of (s22.n / need-01
                                                                                      :purpose (s22.a3 / and
                                                                                                       :op1 (s22.s / sort-01
                                                                                                                   :ARG0 s22.w
                                                                                                                   :ARG1 (s22.a2 / and
                                                                                                                                 :op1 (s22.c3 / clutter)
                                                                                                                                 :op2 (s22.c2 / chaos
                                                                                                                                              :time (s22.e / everyday))))
                                                                                                       :op2 (s22.f2 / find-01
                                                                                                                    :ARG0 s22.w
                                                                                                                    :ARG1 s22.w
                                                                                                                    :mod (s22.a / again)))
                                                                                      :ARG0 s22.w))
                                                         :ARG2 s22.w)))
                 :ARG1 (s22.g2 / go-02
                               :ARG0 s22.w
                               :ARG1 (s22.a5 / away
                                             :op1 (s22.f / far))
                               :ARG4 (s22.t / top
                                            :part-of (s22.m / mountain))))
   :snt23 (s23.c / contrast-01
                 :ARG2 (s23.a / achieve-01
                              :ARG0 (s23.w / we
                                           :same-as s16.w)
                              :ARG1 (s23.a2 / amr-unknown)
                              :ARG1-of (s23.r / real-04)
                              :location (s23.m2 / mountain
                                                :location-of (s23.g / gain-02
                                                                    :ARG0 s23.w
                                                                    :ARG1 (s23.p / peace
                                                                                 :ARG1-of (s23.b / beautiful-02)
                                                                                 :mod (s23.t2 / that)
                                                                                 :mod (s23.m / mind)))
                                                :mod (s23.t / that))))
   :snt24 (s24.e / escape-01
                 :ARG1-of (s24.s / succeed-01)
                 :ARG1-of (s24.r / real-04)
                 :domain (s24.i / it
                                :same-as s22.g2)
                 :mod (s24.o / only))
   :snt25 (s25.t2 / think-01
                  :ARG0 (s25.y / you)
                  :ARG1 (s25.t / term-01
                               :ARG1 (s25.r / retreat-01)
                               :ARG1-of (s25.u / use-01
                                               :ARG0 (s25.w / we)))
                  :mode "imperative")
   :snt26 (s26.t / term-01
                 :ARG1-of (s26.u / use-01
                                 :ARG0 (s26.a / army)
                                 :time (s26.l / lose-03
                                              :ARG0 s26.a
                                              :ARG1 (s26.b / battle-01)))
                 :mod (s26.t2 / this
                              :same-as s25.t))
   :snt27 (s27.m / mean-01
                 :ARG1 (s27.i / it
                              :same-as s25.t)
                 :ARG2 (s27.o / obligate-01
                              :ARG1 (s27.w / we)
                              :ARG2 (s27.g / get-05
                                           :ARG0 s27.w
                                           :ARG1 s27.w
                                           :ARG2 (s27.o2 / out-06
                                                         :ARG1 s27.w
                                                         :ARG2 (s27.h / here)))))
   :snt28 (s28.f / feel-01
                 :ARG0 (s28.w / we)
                 :ARG1 (s28.t / this
                              :ARG1-of (s28.m / mean-01
                                              :ARG2 (s28.o / obligate-01
                                                           :purpose (s28.g / get-05
                                                                           :ARG0 (s28.y / you)
                                                                           :ARG1 s28.w
                                                                           :ARG2 (s28.i / inside
                                                                                        :op1 s28.w))
                                                           :ARG2 (s28.r / run-02
                                                                        :ARG0 s28.y
                                                                        :direction (s28.h / hill)))))
                 :ARG2 (s28.p / pressure-01
                              :ARG0 (s28.w2 / world
                                            :poss s28.w)
                              :ARG1 s28.w)
                 :polarity (s28.a / amr-unknown))
   :snt29 (s29.a / and
                 :op2 (s29.p / problem
                             :domain (s29.o / obligate-01
                                            :ARG2 (s29.c / come-01
                                                         :ARG1 (s29.y / you)
                                                         :ARG4 (s29.h / home)
                                                         :time (s29.e2 / eventual)))
                             :topic (s29.e / escape-01
                                           :ARG0 s29.y
                                           :ARG1 (s29.l / life
                                                        :mod (s29.d / day
                                                                    :prep-to (s29.d2 / day))
                                                        :poss s29.y))))
   :snt30 (s30.i / infer-01
                 :ARG1 (s30.r / resemble-01
                              :ARG1 (s30.w / we
                                           :same-as s28.w)
                              :ARG2 (s30.p / person
                                           :ARG0-of (s30.t3 / tour-01)
                                           :ARG0-of (s30.v / visit-01
                                                           :ARG1 s30.w
                                                           :location (s30.o / over
                                                                            :op1 (s30.t / there))))
                              :mod (s30.a / almost))
                 :time (s30.t2 / think-01
                               :ARG0 (s30.y / you)
                               :ARG1 (s30.i2 / it)))
   :snt31 (s31.a / and
                 :op2 (s31.o / obligate-01
                             :ARG2 (s31.e / end-01
                                          :ARG1 (s31.v / vacation-01
                                                       :mod (s31.t / that)))
                             :time (s31.e2 / eventual)))
   :snt32 (s32.c / cause-01
                 :ARG1 (s32.q / question-01
                              :ARG0 (s32.i / i
                                           :same-as s8.i)
                              :ARG1 (s32.p / possible-01
                                           :ARG1 (s32.f / find-01
                                                        :ARG0 (s32.w2 / we)
                                                        :ARG1 (s32.w / way
                                                                     :manner-of (s32.k / know-02
                                                                                       :ARG0 s32.w2
                                                                                       :ARG1 s32.w2
                                                                                       :manner (s32.e / escape-01
                                                                                                      :polarity "-"))))
                                           :polarity (s32.a / amr-unknown))
                              :ARG2 (s32.y / you)))
   :snt33 (s33.p / possible-01
                 :ARG1 (s33.r2 / redefine-01
                               :purpose (s33.h / have-03
                                               :ARG0 (s33.w / we
                                                            :same-as s32.w2)
                                               :ARG1 (s33.s2 / sense-01
                                                             :ARG0 s33.w
                                                             :ARG1 (s33.r / realize-01
                                                                          :ARG0 s33.w
                                                                          :ARG1 s33.w)
                                                             :ARG1-of (s33.h2 / heighten-01)
                                                             :ARG1-of (s33.s / seek-01
                                                                             :ARG0 s33.w)))
                               :ARG0 s33.w
                               :ARG1 (s33.r3 / relation-03
                                             :ARG0 s33.w
                                             :ARG2 (s33.w2 / world
                                                           :ARG1-of (s33.m / modernize-01))))
                 :polarity (s33.a / amr-unknown))
   :snt34 (s34.p / possible-01
                 :ARG1 (s34.a3 / and
                               :op1 (s34.l / live-01
                                           :ARG0 (s34.w / we
                                                        :same-as s32.w2)
                                           :location (s34.h / here)
                                           :location (s34.w2 / web
                                                             :ARG1-of (s34.w3 / wire-02)
                                                             :poss s34.w
                                                             :time (s34.n / now)))
                               :op2 (s34.f / follow-02
                                           :ARG0 s34.w
                                           :ARG1 (s34.i / instruct-01
                                                        :ARG2 (s34.k / know-01
                                                                     :polarity (s34.a / amr-unknown))
                                                        :mod (s34.a2 / ancient)
                                                        :mod (s34.t / that))
                                           :mod (s34.s / still))))
   :snt35 (s35.s / say-01
                 :ARG0 (s35.i / i
                              :same-as s8.i)
                 :ARG1 (s35.a / answer-01
                              :ARG2 (s35.y / yes)))
   :snt36 (s36.a2 / and
                  :op2 (s36.b / be-located-at-91
                              :purpose (s36.s / share-01
                                              :ARG0 (s36.i / i
                                                           :same-as s8.i)
                                              :ARG1 (s36.w / way
                                                           :ARG1-of (s36.n / new-01)
                                                           :manner-of (s36.w3 / work-01
                                                                              :ARG0 (s36.w2 / we)
                                                                              :ARG1 (s36.f / familiarize-01
                                                                                           :ARG1 s36.w2)
                                                                              :ARG1-of (s36.r / resemble-01
                                                                                              :ARG2 (s36.b2 / before)
                                                                                              :time (s36.e2 / ever)
                                                                                              :polarity "-")
                                                                              :ARG3 (s36.t / technology)
                                                                              :destination (s36.e / end
                                                                                                  :mod (s36.t2 / this)))))
                              :ARG1 s36.i
                              :ARG2 (s36.h2 / here)
                              :time (s36.t3 / today
                                            :same-as s11.t2))
                  :op2 (s36.a3 / and
                               :op1 (s36.m / modernize-01
                                           :ARG1 s36.t)
                               :op2 (s36.f3 / further-01
                                            :ARG1 (s36.q / quest-01
                                                         :ARG0 s36.w2
                                                         :ARG1 (s36.k / know-02
                                                                      :ARG0 s36.w2
                                                                      :ARG1 s36.w2
                                                                      :ARG1-of (s36.h / have-degree-91
                                                                                      :ARG2 (s36.f2 / full-09
                                                                                                    :ARG1 s36.k)
                                                                                      :ARG3 (s36.m2 / more)))
                                                         :mod (s36.a / age-old))))
                  :rel (s36.i2 / inner))
   :snt37 (s37.c / call-01
                 :ARG1 (s37.i / it)
                 :ARG2 (s37.c2 / compute-01
                               :ARG1-of (s37.c3 / control-01
                                                :ARG0 (s37.t / think-01))))
   :snt38 (s38.p / possible-01
                 :ARG1 (s38.o / or
                              :op1 (s38.n / notice-01
                                          :ARG0 (s38.y / you
                                                       :same-as s32.y)
                                          :ARG1 (s38.w / wear-01
                                                       :ARG0 (s38.i / i
                                                                    :part (s38.f / forehead)
                                                                    :same-as s8.i)
                                                       :ARG1 (s38.e / electrode
                                                                    :mod (s38.t / tiny))
                                                       :location s38.f))
                              :op2 (s38.n2 / notice-01
                                           :ARG0 s38.y
                                           :ARG1 s38.w
                                           :polarity "-")))
   :snt39 (s39.t2 / thing
                  :ARG0-of (s39.d / detect-01
                                  :ARG1 (s39.b2 / brainwave)
                                  :ARG1-of (s39.a2 / actual-02))
                  :ARG0-of (s39.r / read-01
                                  :ARG1 (s39.a / activity-06
                                               :ARG0 (s39.b / brain
                                                            :part-of (s39.i / i
                                                                            :same-as s8.i))
                                               :ARG1 (s39.e / electricity))
                                  :time (s39.g / give-01
                                               :ARG0 s39.i
                                               :ARG1 (s39.t / talk-01
                                                            :ARG0 s39.i
                                                            :mod (s39.t4 / this))))
                  :domain (s39.t3 / this
                                  :same-as s38.e))
   :snt40 (s40.a2 / and
                  :op1 (s40.a / analyze-01
                              :ARG1 (s40.b / brain
                                           :mod (s40.t / this)))
                  :op2 (s40.p / possible-01
                              :ARG1 (s40.s / see-01
                                           :ARG0 (s40.w / we)
                                           :ARG1 s40.b
                                           :ARG2 (s40.g / graph))))
   :snt41 (s41.l / let-01
                 :ARG0 (s41.y / you)
                 :ARG1 (s41.s / show-01
                              :ARG0 (s41.i / i
                                           :same-as s8.i)
                              :ARG1 (s41.t / thing
                                           :ARG1-of (s41.l2 / look-02
                                                            :ARG0 (s41.i2 / it)))
                              :ARG2 s41.y))
   :snt42 (s42.b2 / brainwave
                  :domain (s42.l / line
                                 :location (s42.t / there)
                                 :mod (s42.b / blue))
                  :poss (s42.i / i
                               :same-as s8.i))
   :snt43 (s43.s / signal-07
                 :ARG1 (s43.i2 / it
                               :same-as s42.l)
                 :ARG1-of (s43.d / direct-02)
                 :ARG1-of (s43.r2 / record-01
                                  :source (s43.h / head
                                                 :part-of (s43.i / i
                                                                 :same-as s8.i)
                                                 :same-as s39.i))
                 :ARG1-of (s43.r3 / render-02
                                  :manner (s43.r / real-time)))
   :snt44 (s44.s2 / show-01
                  :ARG0 (s44.a / and
                               :op1 (s44.b / bar
                                           :ARG1-of (s44.g / green-02))
                               :op2 (s44.b2 / bar
                                            :ARG1-of (s44.r / red-02)))
                  :ARG1 (s44.s3 / signal
                                :ARG1-of (s44.s / same-01)
                                :ARG1-of (s44.d / display-01
                                                :location (s44.h5 / here)
                                                :manner (s44.f / frequency))
                                :accompanier (s44.a2 / and
                                                     :op1 (s44.h3 / have-frequency-91
                                                                  :ARG2 (s44.l / low-04
                                                                               :ARG2-of (s44.h / have-degree-91
                                                                                               :ARG1 s44.h3
                                                                                               :ARG3 (s44.m / more))))
                                                     :op2 (s44.h4 / have-frequency-91
                                                                  :ARG1-of (s44.h2 / have-degree-91
                                                                                   :ARG2 (s44.h7 / high-02
                                                                                                 :ARG1 s44.h4)
                                                                                   :ARG3 (s44.m2 / more))
                                                                  :location (s44.h6 / here
                                                                                    :mod (s44.u / up))))))
   :snt45 (s45.l / look-01
                 :ARG0 (s45.y / you)
                 :ARG1 (s45.i2 / inside
                               :op1 (s45.h / head
                                           :part-of (s45.i / i
                                                           :same-as s8.i
                                                           :same-as s39.i)))
                 :ARG1-of (s45.a / actual-02)
                 :time (s45.s / speak-01
                              :ARG0 s45.i))
   :snt46 (s46.c2 / contrast-01
                  :ARG1 (s46.a2 / and
                                :op1 (s46.c / compel-01
                                            :ARG0 (s46.g / graph
                                                         :mod (s46.t / this)
                                                         :same-as s40.g))
                                :op2 (s46.v / vary-01
                                            :ARG1 s46.g))
                  :ARG2 (s46.u / useful-05
                               :ARG1 s46.g
                               :ARG1-of (s46.a / actual-02)
                               :degree (s46.v2 / very
                                               :polarity "-")
                               :source (s46.p / perspective
                                              :poss (s46.h / human))))
   :snt47 (s47.c / cause-01
                 :ARG0 (s47.t / that)
                 :ARG1 (s47.s / spend-02
                              :ARG0 (s47.w / we)
                              :ARG1 (s47.t5 / time
                                            :quant (s47.l / lot))
                              :ARG2 (s47.t3 / think-01
                                            :ARG0 s47.w
                                            :ARG1 (s47.t2 / thing
                                                          :manner-of (s47.m / make-02
                                                                            :ARG0 s47.w
                                                                            :ARG1 (s47.m2 / meaningful-05
                                                                                          :ARG0 (s47.d / data
                                                                                                       :mod (s47.t4 / this))
                                                                                          :ARG1 (s47.p / person
                                                                                                       :ARG0-of (s47.u / use-01
                                                                                                                       :ARG1 s47.d))))))))
   :snt48 (s48.h / have-condition-91
                 :ARG0-of (s48.e / exemplify-01)
                 :ARG1 (s48.a / amr-unknown)
                 :ARG2 (s48.p / possible-01
                              :ARG1 (s48.u / use-01
                                           :ARG0 (s48.i / i
                                                        :same-as s8.i)
                                           :ARG1 (s48.d / data
                                                        :mod (s48.t2 / this)
                                                        :same-as s47.d)
                                           :ARG2 (s48.f / find-out-03
                                                        :ARG0 s48.i
                                                        :ARG1 (s48.t / thing
                                                                     :degree-of (s48.r / relax-01
                                                                                       :ARG1 s48.i
                                                                                       :time (s48.m / moment
                                                                                                    :mod (s48.a2 / any))))))))
   :snt49 (s49.o / or
                 :op2 (s49.a2 / and
                              :op1 (s49.p / possible-01
                                          :ARG1 (s49.t / take-01
                                                       :ARG0 (s49.i / i
                                                                    :same-as s8.i)
                                                       :ARG1 (s49.i2 / information
                                                                     :mod (s49.t2 / that)))
                                          :ARG1 (s49.p2 / put-01
                                                        :ARG0 s49.i
                                                        :ARG1 s49.i2
                                                        :ARG2 (s49.s2 / shape
                                                                      :ARG1-of (s49.u / up-03)
                                                                      :mod (s49.o2 / organic))
                                                        :location (s49.s / screen)))
                              :op2 (s49.a / amr-unknown)))
   :snt50 (s50.b / become-01
                 :ARG1 (s50.s / shape
                              :ARG1-of (s50.r / right-04)
                              :location (s50.h2 / here))
                 :ARG2 (s50.t / thing
                              :ARG0-of (s50.i2 / indicate-01
                                               :ARG1 (s50.t2 / thing
                                                             :ARG1-of (s50.g / go-on-15
                                                                             :location (s50.h / head
                                                                                              :part-of (s50.i / i
                                                                                                              :same-as s8.i)
                                                                                              :same-as s39.i))))))
   :snt51 (s51.c / correlate-91
                 :ARG1 (s51.m / more
                              :ARG3-of (s51.h / have-quant-91
                                              :ARG1 (s51.r / relax-01
                                                           :ARG1 (s51.i / i
                                                                        :same-as s8.i))))
                 :ARG2 (s51.m2 / more
                               :ARG3-of (s51.h2 / have-quant-91
                                                :ARG1 (s51.f / fall-01
                                                             :ARG1 (s51.e / energy)
                                                             :ARG4 (s51.t / through
                                                                          :op1 (s51.i2 / it
                                                                                       :same-as s50.s))))))
   :snt52 (s52.p / possible-01
                 :ARG1 (s52.i2 / interest-01
                               :purpose (s52.p2 / possible-01
                                                :ARG1 (s52.p3 / put-01
                                                              :ARG0 (s52.i / i
                                                                           :same-as s8.i)
                                                              :ARG1 (s52.l / level
                                                                           :degree-of (s52.a2 / attend-02
                                                                                              :ARG0 s52.i))
                                                              :ARG2 (s52.b / board
                                                                           :location (s52.s / side
                                                                                            :mod (s52.o / other))
                                                                           :mod (s52.c / circuit))))
                               :ARG1 s52.i
                               :ARG2 (s52.k / know-01
                                            :ARG0 s52.i
                                            :ARG1 (s52.t / thing
                                                         :degree-of (s52.f / focus-01
                                                                           :ARG1 s52.i)))
                               :mod (s52.a / also)))
   :snt53 (s53.a / and
                 :op2 (s53.c2 / correlate-91
                              :ARG1 (s53.m / more
                                           :ARG3-of (s53.h / have-quant-91
                                                           :ARG1 (s53.f / focus-01
                                                                        :ARG1 (s53.b2 / brain
                                                                                      :part-of (s53.i / i
                                                                                                      :same-as s8.i)
                                                                                      :same-as s39.i))))
                              :ARG2 (s53.m2 / more
                                            :ARG3-of (s53.h2 / have-quant-91
                                                             :ARG1 (s53.s / surge-01
                                                                          :ARG1 (s53.b / board
                                                                                       :mod (s53.c / circuit)
                                                                                       :same-as s52.b)
                                                                          :ARG2 (s53.e / energy))))))
   :snt54 (s54.h / have-03
                 :ARG0 (s54.i / i
                              :same-as s8.i)
                 :ARG1 (s54.w / way
                              :manner-of (s54.k / know-01
                                                :ARG0 s54.i
                                                :ARG1 (s54.t2 / thing
                                                              :degree-of (s54.o / or
                                                                                :manner (s54.t / tangible
                                                                                               :mod (s54.a / any))
                                                                                :op1 (s54.f / focus-01
                                                                                            :ARG0 s54.i)
                                                                                :op2 (s54.r / relax-01
                                                                                            :ARG1 s54.i)))))
                 :ARG1-of (s54.n / normal-02)
                 :polarity "-")
   :snt55 (s55.k / know-01
                 :ARG0 (s55.w / we)
                 :ARG1 (s55.n / notorious-01
                              :ARG1 (s55.f / feel-01
                                           :ARG0 s55.w
                                           :ARG2 (s55.t / thing
                                                        :ARG1-of (s55.f2 / feel-01
                                                                         :ARG0 s55.w)))
                              :ARG2 (s55.p / possible-01
                                           :ARG1 (s55.r / rely-01
                                                        :ARG1 s55.f)
                                           :polarity "-")))
   :snt56 (s56.a2 / and
                  :op1 (s56.c2 / creep-01
                               :ARG0 (s56.s2 / stress-02)
                               :ARG1 (s56.w / we
                                            :mod (s56.a / all))
                               :ARG1-of (s56.n / notice-01
                                               :ARG0 s56.w
                                               :mod (s56.e / even)
                                               :time (s56.u / until
                                                            :op1 (s56.l2 / lose-02
                                                                         :ARG0 s56.w
                                                                         :ARG1 s56.s2
                                                                         :prep-on (s56.s / someone
                                                                                         :ARG0-of (s56.d / deserve-01
                                                                                                         :ARG1 s56.s2
                                                                                                         :polarity "-"))))
                                               :polarity "-"))
                  :op2 (s56.r / realize-01
                              :ARG0 s56.w
                              :ARG1 (s56.r2 / recommend-01
                                            :ARG1 (s56.c / check-in-04
                                                         :ARG0 s56.w
                                                         :ARG1 s56.w
                                                         :time (s56.b / before
                                                                      :quant (s56.l / little)))
                                            :mod (s56.p / probable))
                              :time (s56.t / then)))
   :snt57 (s57.o / open-up-03
                 :ARG0 (s57.a3 / awareness
                               :ARG1-of (s57.n / new-01)
                               :mod (s57.t / this))
                 :ARG1 (s57.p / possible-01
                              :ARG1 (s57.a2 / application
                                            :ARG0-of (s57.h / help-01
                                                            :ARG1 (s57.i / improve-01
                                                                         :ARG0 s57.a2
                                                                         :ARG1 (s57.a / and
                                                                                      :op1 (s57.l / live-01
                                                                                                  :ARG0 (s57.w / we))
                                                                                      :op2 s57.i))))
                              :mod (s57.v / vast)))
   :snt58 (s58.t2 / try-01
                  :ARG0 (s58.w / we
                               :op3 (s58.c / connect-01
                                           :ARG2 (s58.a2 / and
                                                         :op1 (s58.h3 / have-degree-91
                                                                      :ARG1 s58.c
                                                                      :ARG2 (s58.d / deep-02
                                                                                   :ARG1 s58.c)
                                                                      :ARG3 (s58.m4 / more)
                                                                      :ARG3 (s58.m5 / more)
                                                                      :ARG4 (s58.e2 / ever))
                                                         :op2 (s58.f / fulfill-01
                                                                     :ARG0 s58.c
                                                                     :ARG2-of (s58.h4 / have-degree-91
                                                                                      :ARG1 s58.c
                                                                                      :ARG3 (s58.m6 / more)
                                                                                      :ARG4 s58.e2))))
                               :ARG1-of s58.c)
                  :ARG1 (s58.c2 / create-01
                                :ARG0 s58.w
                                :ARG1 (s58.t / technology
                                             :ARG0-of (s58.u / use-01
                                                             :ARG1 (s58.i / insight)
                                                             :ARG2 (s58.m / make-02
                                                                          :ARG0 s58.t
                                                                          :ARG1 (s58.a / and
                                                                                       :op1 (s58.e / efficient-01
                                                                                                   :ARG1 (s58.w2 / work-01
                                                                                                                 :ARG0 s58.w)
                                                                                                   :ARG2-of (s58.h / have-degree-91
                                                                                                                   :ARG1 s58.w2
                                                                                                                   :ARG3 (s58.m2 / more)))
                                                                                       :op2 (s58.r / relax-01
                                                                                                   :ARG0 (s58.b / break-19
                                                                                                                :ARG0 s58.w)
                                                                                                   :ARG2-of (s58.h2 / have-degree-91
                                                                                                                    :ARG1 s58.b
                                                                                                                    :ARG3 (s58.m3 / more)))))))))
   :snt59 (s59.c / contrast-01
                 :ARG1 (s59.s / share-01
                              :ARG0 (s59.i / i
                                           :same-as s8.i)
                              :ARG1 (s59.e / envision-01
                                           :quant (s59.s2 / some)
                                           :ARG1-of (s59.i2 / include-91
                                                            :ARG2 (s59.e2 / envision-01
                                                                          :mod (s59.t2 / this))))
                              :ARG2 (s59.y / you
                                           :same-as s32.y)
                              :time (s59.b / bit))
                 :ARG2 (s59.w / want-01
                              :ARG0 s59.i
                              :ARG1 (s59.l / look-01
                                           :ARG0 s59.i
                                           :ARG1 (s59.t / thing
                                                        :manner-of (s59.g / get-05
                                                                          :ARG1 (s59.w2 / we
                                                                                        :same-as s58.w)
                                                                          :ARG2 (s59.h / here))))
                              :time (s59.f / first)))
   :snt60 (s60.f / feel-01
                 :ARG0 (s60.y / you)
                 :ARG1 (s60.f2 / free-04
                               :ARG1 s60.y
                               :ARG3 (s60.c / check-in-02
                                            :ARG0 s60.y
                                            :ARG1 (s60.h / head
                                                         :part-of (s60.i / i
                                                                         :same-as s8.i)
                                                         :same-as s39.i)
                                            :time (s60.a / any)))
                 :mod (s60.b / by-the-way)
                 :mode "imperative")
   :snt61 (s61.d2 / develop-02
                  :ARG0 (s61.a2 / and
                                :op1 (s61.t / team
                                            :ARG2-of (s61.h / have-org-role-91
                                                            :ARG1 (s61.c / company
                                                                         :name (s61.n / name
                                                                                      :op1 "InteraXon")
                                                                         :same-as s11.c3))
                                            :poss (s61.i / i
                                                         :same-as s8.i))
                                :op2 s61.i)
                  :ARG1 (s61.a3 / application
                                :ARG1-of (s61.c3 / control-01
                                                 :ARG0 (s61.c2 / company
                                                               :name (s61.n2 / name
                                                                             :op1 "throught"))))
                  :time (s61.b / before
                               :duration (s61.a / almost
                                                :op1 (s61.t2 / temporal-quantity
                                                             :unit (s61.d / decade)
                                                             :quant "1"))
                               :op1 (s61.n3 / now)))
   :snt62 (s62.e / enthusiastic-03
                 :ARG0 (s62.t / thing
                              :ARG1-of (s62.c / control-01
                                              :ARG0 (s62.w / we
                                                           :part (s62.m / mind)
                                                           :same-as s61.a2)
                                              :ARG1-of (s62.p2 / possible-01)
                                              :instrument s62.m)
                              :mod (s62.a / all))
                 :ARG1 s62.w
                 :degree (s62.r / really)
                 :time (s62.p / phase
                              :ord (s62.o / ordinal-entity
                                          :value "1")
                              :subevent-of (s62.d / develop-02)))
   :snt63 (s63.m / make-02
                 :ARG0 (s63.w / we
                              :same-as s61.a2)
                 :ARG1 (s63.a2 / and
                               :op1 (s63.a / activate-01
                                           :ARG1 (s63.t / thing))
                               :op2 (s63.l / light-up-08
                                           :ARG1 s63.t)
                               :op3 (s63.w2 / work-01
                                            :ARG1 s63.t))
                 :manner (s63.t2 / think-01
                                 :ARG0 s63.w
                                 :mod (s63.j / just)))
   :snt64 (s64.t / transcribe-01
                 :ARG0 (s64.w / we
                              :same-as s61.a2)
                 :ARG1 (s64.s / space
                              :mod (s64.b / between
                                          :op1 (s64.m / mind)
                                          :op2 (s64.d / device))))
   :snt65 (s65.b / bring-01
                 :ARG0 (s65.w / we
                              :same-as s61.a2)
                 :ARG1 (s65.a3 / array
                               :consist-of (s65.a / and
                                                  :ARG1-of (s65.c4 / control-01
                                                                   :ARG0 (s65.y / you
                                                                                :part (s65.m / mind))
                                                                   :ARG1-of (s65.p / possible-01)
                                                                   :instrument s65.m)
                                                  :example (s65.o / or
                                                                  :op1 (s65.a2 / appliance
                                                                               :ARG1-of (s65.c5 / control-01
                                                                                                :ARG0 (s65.t3 / think-01))
                                                                               :mod (s65.h / home))
                                                                  :op2 (s65.g / game
                                                                              :mod (s65.c / car
                                                                                          :mod (s65.s / slot)))
                                                                  :op3 (s65.g2 / game
                                                                               :mod (s65.v2 / video))
                                                                  :op4 (s65.c2 / chair
                                                                               :ARG0-of (s65.c3 / charge-05)))
                                                  :op1 (s65.t2 / thing
                                                               :ARG1-of (s65.t / test-01))
                                                  :op2 (s65.p2 / product))
                               :mod (s65.v / vast))
                 :ARG2 (s65.l / life))
   :snt66 (s66.a2 / and
                  :op1 (s66.c / create-01
                              :ARG0 (s66.w / we
                                           :same-as s61.a2)
                              :ARG1 (s66.a / and
                                           :ARG0-of (s66.e / engage-01
                                                           :ARG2 (s66.i / imagine-01
                                                                        :ARG0 (s66.p / person)))
                                           :op1 (s66.t / technology)
                                           :op2 (s66.a3 / application)))
                  :op2 (s66.e2 / excite-01
                               :ARG0 s66.a
                               :degree (s66.r / really)))
   :snt67 (s67.a / and
                 :op2 (s67.a2 / ask-02
                              :ARG1 (s67.d / do-02
                                           :ARG0 (s67.w / we
                                                        :same-as s61.a2)
                                           :ARG1 (s67.s / something
                                                        :mod (s67.b / big
                                                                    :degree (s67.r / really)))
                                           :ARG2 (s67.g / game
                                                        :name (s67.n / name
                                                                     :op1 "Olympics")))
                              :ARG2 s67.w
                              :time (s67.t / then)))
   :snt68 (s68.a3 / and
                  :op1 (s68.i2 / invite-01
                               :ARG1 (s68.w / we
                                            :same-as s61.a2)
                               :ARG2 (s68.c5 / create-01
                                             :ARG0 s68.w
                                             :ARG1 (s68.i / installation
                                                          :location (s68.g / game
                                                                           :name (s68.n2 / name
                                                                                         :op1 "Olympics"
                                                                                         :op2 "2010")
                                                                           :mod (s68.c / city
                                                                                       :name (s68.n / name
                                                                                                    :op1 "Vancouver"))
                                                                           :time (s68.d / date-entity
                                                                                        :season (s68.w2 / winter)))
                                                          :mod (s68.m / massive))))
                  :op2 (s68.u / use-01
                              :ARG1 s68.w
                              :location s68.c)
                  :op3 (s68.g2 / get-22
                               :ARG0 s68.w
                               :ARG1 (s68.c3 / control-01
                                             :ARG0 s68.w
                                             :ARG1 (s68.t / thing
                                                          :ARG0-of (s68.l / light-04
                                                                          :ARG1 (s68.a4 / and
                                                                                        :op1 (s68.b / building
                                                                                                    :name (s68.n3 / name
                                                                                                                  :op1 "C.N."
                                                                                                                  :op2 "Tower"))
                                                                                        :op2 (s68.b2 / building
                                                                                                     :part-of (s68.g3 / government-organization
                                                                                                                      :name (s68.n4 / name
                                                                                                                                    :op1 "Canadian"
                                                                                                                                    :op2 "Parliament")
                                                                                                                      :part s68.b3))
                                                                                        :op3 (s68.b3 / building
                                                                                                     :location (s68.c2 / city
                                                                                                                       :name (s68.n5 / name
                                                                                                                                     :op1 "Niagara"
                                                                                                                                     :op2 "Falls"))))))
                                             :manner (s68.u2 / use-01
                                                             :ARG0 s68.w
                                                             :ARG1 (s68.m2 / mind
                                                                           :poss s68.a4))
                                             :source (s68.a / across
                                                            :extent (s68.a2 / all-the-way)
                                                            :op1 (s68.c4 / country)))))
   :snt69 (s69.g2 / get-22
                  :ARG0 (s69.p / person
                               :ARG0-of (s69.v / visit-01)
                               :source (s69.a3 / all-over
                                               :op1 (s69.w / world))
                               :quant "7000")
                  :ARG1 (s69.c2 / control-01
                                :ARG0 s69.p
                                :ARG1 (s69.l / light
                                             :source (s69.a4 / and
                                                             :location (s69.r2 / relative-position
                                                                               :quant (s69.d2 / distance-quantity
                                                                                              :unit (s69.k / kilometer)
                                                                                              :quant "3000")
                                                                               :direction (s69.a5 / away)
                                                                               :op1 (s69.g / game
                                                                                           :name (s69.n / name
                                                                                                        :op1 "Olympics")
                                                                                           :same-as s68.c))
                                                             :op1 (s69.b / building
                                                                         :name (s69.n2 / name
                                                                                       :op1 "C.N."
                                                                                       :op2 "Tower")
                                                                         :same-as s68.b)
                                                             :op2 (s69.g3 / government-organization
                                                                          :name (s69.n3 / name
                                                                                        :op1 "Parliament"))
                                                             :op3 (s69.c / city
                                                                         :name (s69.n4 / name
                                                                                       :op1 "Niagara"))))
                                :instrument (s69.m / mind
                                                   :poss s69.p
                                                   :source (s69.a / across
                                                                  :op1 (s69.c3 / country
                                                                               :same-as s68.c4)))
                                :manner (s69.i / individual)
                                :manner (s69.r / real-time))
                  :ARG1-of (s69.a2 / actual-02)
                  :duration (s69.o / over
                                   :op1 (s69.t / temporal-quantity
                                               :unit (s69.d / day)
                                               :quant "17"))
                  :location s69.g)
   :snt70 (s70.i / infer-01
                 :ARG1 (s70.c2 / cool-04
                               :ARG1 (s70.c / control-01
                                            :ARG0 (s70.y / you
                                                         :part (s70.m / mind))
                                            :ARG1 (s70.s / stuff)
                                            :instrument s70.m)
                               :degree (s70.p / pretty)))
   :snt71 (s71.c / contrast-01
                 :ARG2 (s71.i2 / interest-01
                               :ARG1 (s71.w / we
                                            :same-as s61.a2)
                               :ARG2 (s71.i / interact-01
                                            :ARG0 (s71.h / human)
                                            :mod (s71.l / level
                                                        :mod (s71.t / tier
                                                                    :quant (s71.m / multiple))))
                               :time (s71.a / always)))
   :snt72 (s72.a / and
                 :op2 (s72.c / cause-01
                             :ARG1 (s72.b / begin-01
                                          :ARG0 (s72.w / we
                                                       :same-as s61.a2)
                                          :ARG1 (s72.l / look-into-11
                                                       :ARG0 s72.w
                                                       :ARG1 (s72.i / invent-01
                                                                    :ARG0 s72.w
                                                                    :ARG1 (s72.a2 / application
                                                                                  :ARG1-of (s72.c3 / control-01
                                                                                                   :ARG0 (s72.t / think-01)))
                                                                    :manner (s72.f / frame
                                                                                   :ARG1-of (s72.h / have-degree-91
                                                                                                   :ARG2 (s72.c2 / complex)
                                                                                                   :ARG3 (s72.m / more)
                                                                                                   :ARG4 (s72.c4 / control-01
                                                                                                                 :mod (s72.j / just)))))))))
   :snt73 (s73.a / and
                 :op2 (s73.r / responsive-02
                             :domain (s73.t / that)))
   :snt74 (s74.r / realize-01
                 :ARG0 (s74.w / we
                              :same-as s61.a2)
                 :ARG1 (s74.h / have-03
                              :ARG0 s74.w
                              :ARG1 (s74.s2 / system
                                            :ARG0-of (s74.a / allow-01
                                                            :ARG1 (s74.k / know-01
                                                                         :ARG0 (s74.t / technology)
                                                                         :ARG1 (s74.s / something
                                                                                      :topic (s74.y / you)))))))
   :snt75 (s75.a / and
                 :op2 (s75.p / possible-01
                             :ARG1 (s75.j / join-in-05
                                          :ARG0 (s75.i / it
                                                       :same-as s74.t)
                                          :ARG1 (s75.r / relation-03
                                                       :ARG0 s75.i
                                                       :ARG2 (s75.y / you)))))
   :snt76 (s76.c / create-01
                 :ARG0 (s76.w / we
                              :same-as s61.a2)
                 :ARG1 (s76.r2 / room
                               :ARG0-of (s76.r / respond-01)
                               :location-of (s76.a / adjust-01
                                                   :ARG1 (s76.a2 / and
                                                                 :op1 (s76.m / music
                                                                             :mod (s76.l / light))
                                                                 :op2 (s76.b / blind))
                                                   :ARG2 (s76.s / state
                                                                :poss (s76.y / you)))))
   :snt77 (s77.f / follow-01
                 :ARG1 (s77.t / they
                              :same-as s76.a2)
                 :ARG2 (s77.s / shift-01
                              :ARG1 (s77.a / activity-06
                                           :ARG0 (s77.y / you)
                                           :mod (s77.m / mental))
                              :mod (s77.l / little)
                              :mod (s77.t2 / this)))
   :snt78 (s78.i / infer-01
                 :ARG1 (s78.c / cool-06
                              :ARG1 (s78.m / music)
                              :accompanier (s78.y / you)
                              :time (s78.s / settle-03
                                           :ARG1 s78.y
                                           :ARG4 (s78.r / relax-01
                                                        :ARG1 s78.y)
                                           :location (s78.c2 / couch
                                                             :location (s78.o / office
                                                                              :poss (s78.w / we
                                                                                           :same-as s61.a2)))
                                           :time (s78.e / end-01
                                                        :ARG1 (s78.d / day
                                                                     :ARG1-of (s78.h / hard-02))))))
   :snt79 (s79.g / get-03
                 :ARG1 (s79.l / lamp
                              :mod (s79.d / desk))
                 :ARG2 (s79.h / have-degree-91
                              :ARG1 s79.l
                              :ARG2 (s79.b / bright-02
                                           :ARG1 s79.l)
                              :ARG3 (s79.m / more))
                 :time (s79.r / read-01
                              :ARG0 (s79.y / you)))
   :snt80 (s80.k / know-01
                 :ARG0 (s80.s / system)
                 :ARG0-of (s80.c / cause-01
                                 :ARG1 (s80.d / darken-01
                                              :ARG1 s80.s
                                              :ARG4 (s80.d2 / darkness)))
                 :ARG1 (s80.f / fling-01
                              :ARG1 (s80.y / you))
                 :condition (s80.n / nod-off-02
                                   :ARG0 s80.y))
   :snt81 (s81.r / realize-01
                 :ARG0 (s81.w / we
                              :same-as s61.a2)
                 :ARG1 (s81.a2 / apply-02
                               :ARG1-of (s81.h / have-degree-91
                                               :ARG2 (s81.v / value-01
                                                            :ARG1 s81.a2)
                                               :ARG3 (s81.m / more
                                                            :mod (s81.e / even))
                                               :ARG4 (s81.t2 / that))
                               :condition (s81.p / possible-01
                                                 :ARG1 (s81.a / and
                                                              :op1 (s81.k / know-01
                                                                          :ARG0 (s81.t / technology)
                                                                          :ARG1 (s81.s / something
                                                                                       :topic (s81.y / you)))
                                                              :op2 (s81.u / use-01
                                                                          :ARG0 s81.t
                                                                          :ARG1 s81.s
                                                                          :ARG2 (s81.h2 / help-01
                                                                                        :ARG0 s81.t
                                                                                        :ARG1 s81.y)))))
                 :time (s81.t3 / then))
   :snt82 (s82.p / possible-01
                 :ARG1 (s82.k / know-01
                              :ARG0 (s82.y / you)
                              :ARG1 (s82.s / something)
                              :topic s82.y))
   :snt83 (s83.p / possible-01
                 :ARG1 (s83.a2 / and
                               :op1 (s83.k / know-01
                                           :ARG0 (s83.w / we
                                                        :part (s83.s3 / side
                                                                      :ARG1-of (s83.s / see-01
                                                                                      :degree (s83.a / all-but)
                                                                                      :polarity "-"))
                                                        :same-as s61.a2)
                                           :ARG1 s83.s3)
                               :op2 (s83.c / come-01
                                           :ARG1 s83.w
                                           :ARG4 (s83.s2 / see-01
                                                         :ARG0 s83.w
                                                         :ARG1 (s83.t / thing
                                                                      :ARG1-of (s83.h / hide-01
                                                                                      :time (s83.p2 / previous)))))))
   :snt84 (s84.l / let-01
                 :ARG0 (s84.y / you)
                 :ARG1 (s84.s / show-01
                              :ARG0 (s84.i / i
                                           :same-as s8.i)
                              :ARG1 (s84.t2 / thing
                                            :example-of (s84.t3 / thing
                                                                :ARG1-of (s84.t / talk-01
                                                                                :ARG0 s84.i
                                                                                :location (s84.h / here))))
                              :ARG2 s84.y))
   :snt85 (s85.a / application
                 :ARG1-of (s85.c / create-01
                                 :ARG0 (s85.i / i
                                              :same-as s8.i)
                                 :ARG3 (s85.p / product
                                              :name (s85.n / name
                                                           :op1 "iPad")))
                 :location (s85.h / here))
   :snt86 (s86.i / infer-01
                 :ARG1 (s86.g2 / goal
                               :domain (s86.w2 / wrap-01
                                               :ARG1 (s86.r / rope)
                                               :manner (s86.a / around
                                                              :op2 (s86.f / form
                                                                          :consist-of (s86.w / wood))))
                               :poss (s86.g / game
                                            :name (s86.n / name
                                                         :op1 "Zen"
                                                         :op2 "Bound")
                                            :mod (s86.o / original))))
   :snt87 (s87.c / cause-01
                 :ARG1 (s87.u / use-01
                              :ARG0 (s87.y / you)
                              :ARG1 (s87.i / it
                                           :same-as s86.r)
                              :ARG2 (s87.h / headset
                                           :poss s87.y)))
   :snt88 (s88.c / connect-01
                 :ARG1 (s88.h / headset
                              :same-as s87.h)
                 :ARG2 (s88.o / or
                              :op1 (s88.p / product
                                          :name (s88.n / name
                                                       :op1 "iPad"))
                              :op2 (s88.s / smartphone))
                 :manner (s88.w / wire))
   :snt89 (s89.h / have-03
                 :ARG0 (s89.y / you
                              :part (s89.f2 / forehead))
                 :ARG1 (s89.t2 / thing
                               :ARG0-of (s89.d / detect-01
                                               :ARG1 (s89.f / fabric))
                               :location (s89.a2 / and
                                                 :op1 s89.f2
                                                 :op2 (s89.a / above
                                                             :op1 (s89.e / ear))))
                 :location (s89.h2 / headset
                                   :mod (s89.t / that)
                                   :same-as s87.h))
   :snt90 (s90.p2 / play-01
                  :ARG0 (s90.y / you
                               :part (s90.f / finger))
                  :location (s90.g / game
                                   :name (s90.n / name
                                                :op1 "Zen"
                                                :op2 "Bound"
                                                :same-as s86.g)
                                   :mod (s90.o / original
                                               :same-as s86.g))
                  :manner (s90.s / scroll-01
                                 :ARG0 s90.y
                                 :ARG1 s90.f
                                 :path (s90.o2 / over
                                               :op1 (s90.p / pad))))
   :snt91 (s91.c / control-01
                 :ARG0 (s91.y / you
                              :part (s91.m / mind))
                 :ARG1 (s91.f / form
                              :consist-of (s91.w2 / wood)
                              :location (s91.s / screen
                                               :location (s91.t / there))
                              :same-as s86.f)
                 :instrument s91.m
                 :location (s91.g / game
                                  :ARG1-of (s91.c2 / create-01
                                                   :ARG0 (s91.w / we
                                                                :same-as s61.a2))
                                  :same-as s37.i)
                 :mod (s91.o / of-course))
   :snt92 (s92.r / rotate-01
                 :ARG1 (s92.i / it
                              :same-as s86.f)
                 :time (s92.f / focus-01
                              :ARG0 (s92.y / you)
                              :ARG1 (s92.f2 / form
                                            :mod (s92.w / wood)
                                            :same-as s86.f)))
   :snt93 (s93.c / correlate-91
                 :ARG1 (s93.m / more
                              :ARG3-of (s93.h2 / have-quant-91
                                               :ARG1 (s93.f2 / focus-01
                                                             :ARG0 (s93.y / you))))
                 :ARG2 (s93.m2 / more
                               :ARG3-of (s93.h / have-degree-91
                                               :ARG1 (s93.r / rotate-01
                                                            :same-as s92.r)
                                               :ARG2 (s93.f / fast-02
                                                            :ARG1 s93.r))))
   :snt94 (s94.r / real-04
                 :ARG1 (s94.t / this))
   :snt95 (s95.f / fake-02
                 :ARG1 (s95.t / this
                              :same-as s94.t)
                 :polarity "-")
   :snt96 (s96.h / have-concession-91
                 :ARG2 (s96.i2 / interest-01
                               :ARG0 (s96.g2 / get-01
                                             :ARG0 (s96.y / you)
                                             :ARG1 (s96.a / and
                                                          :op1 (s96.s / statistic)
                                                          :op2 (s96.f / feedback)
                                                          :topic (s96.t / thing
                                                                        :manner-of (s96.d / do-02
                                                                                          :ARG0 s96.y)))
                                             :time (s96.e / end-01
                                                          :ARG1 (s96.g / game
                                                                       :same-as s37.i)))
                               :ARG1 (s96.i / i
                                            :same-as s8.i)
                               :degree (s96.r / really)))
   :snt97 (s97.h / have-03
                 :ARG0 (s97.y / you
                              :part (s97.b / brain)
                              :part (s97.m / mind))
                 :ARG1 (s97.a / and
                              :ARG0-of (s97.t / tell-01
                                              :ARG1 (s97.t2 / thing
                                                            :manner-of (s97.d / do-02
                                                                              :ARG0 s97.b
                                                                              :ARG2 (s97.c2 / contrast-01
                                                                                            :ARG1 (s97.o / or
                                                                                                         :op1 (s97.t3 / thing
                                                                                                                      :mod (s97.j / just
                                                                                                                                  :polarity "-")
                                                                                                                      :quant-of (s97.r / rope
                                                                                                                                       :ARG1-of (s97.u / use-01
                                                                                                                                                       :ARG0 s97.y)))
                                                                                                         :op2 (s97.t4 / thing
                                                                                                                      :ARG2-of (s97.s / score-01
                                                                                                                                      :ARG1 s97.y
                                                                                                                                      :ARG1-of (s97.h2 / high-02))))
                                                                                            :ARG2 (s97.t5 / thing
                                                                                                          :ARG1-of (s97.g / go-on-15
                                                                                                                          :location (s97.i / inside
                                                                                                                                           :op1 s97.m))))))
                                              :ARG2 s97.y)
                              :op1 (s97.g2 / graph)
                              :op2 (s97.c / chart)))
   :snt98 (s98.a / and
                 :op2 (s98.f / feedback
                             :ARG1-of (s98.v / value-01)
                             :ARG1-of (s98.u2 / use-01
                                              :ARG0 (s98.w / we)
                                              :ARG1-of (s98.p / possible-01)
                                              :ARG2 (s98.u / understand-01
                                                           :ARG0 s98.w
                                                           :ARG1 (s98.t / thing
                                                                        :ARG1-of (s98.g / go-on-15
                                                                                        :location (s98.i / inside
                                                                                                         :op1 s98.w)))))
                             :mod (s98.t2 / this)))
   :snt99 (s99.l / like-01
                 :ARG0 (s99.i / i
                              :same-as s8.i)
                 :ARG1 (s99.c / call-01
                              :ARG0 s99.i
                              :ARG1 (s99.t / this)
                              :ARG2 (s99.a / activity-06
                                           :mod (s99.i2 / independent))))
   :snt100 (s100.t2 / think-01
                    :ARG0 (s100.w / we)
                    :ARG1 (s100.t / technology)
                    :ARG1-of (s100.n / normal-02)
                    :ARG2 (s100.i / interactive))
   :snt101 (s101.a / activity-06
                   :ARG0 (s101.t / technology
                                 :mod (s101.t2 / this)
                                 :same-as s100.t)
                   :manner (s101.i / intra))
   :snt102 (s102.a / and
                   :op1 (s102.u / understand-01
                                :ARG0 (s102.i3 / it
                                               :same-as s100.t)
                                :ARG1 (s102.t2 / thing
                                               :location (s102.i2 / inside
                                                                  :op1 (s102.y / you))))
                   :op2 (s102.b / build-01
                                :purpose (s102.p / possible-01
                                                 :ARG1 (s102.u2 / use-01
                                                                :ARG0 s102.y
                                                                :ARG1 (s102.i / information
                                                                              :mod (s102.t3 / this))
                                                                :ARG2 (s102.m / move-01
                                                                              :ARG0 s102.i3
                                                                              :ARG1 s102.y
                                                                              :ARG2 (s102.f / forward))))
                                :ARG0 s102.i3
                                :ARG1 (s102.r / relation-03
                                              :ARG0 s102.y
                                              :ARG0-of (s102.r2 / respond-01)
                                              :ARG2 (s102.t / technology
                                                            :poss s102.y)
                                              :mod (s102.s / sort))))
   :snt103 (s103.c / cause-01
                   :ARG1 (s103.p / possible-01
                                 :ARG1 (s103.u2 / use-01
                                                :ARG0 (s103.y / you)
                                                :ARG1 (s103.i / information
                                                              :mod (s103.t / this)
                                                              :same-as s102.i)
                                                :ARG2 (s103.u / understand-01
                                                              :ARG0 s103.y
                                                              :location (s103.l / loop
                                                                                :ARG0-of (s103.r / respond-01))))))
   :snt104 (s104.t / technology
                   :ARG0-of (s104.a / activity-06)
                   :domain (s104.t2 / thing
                                    :ARG1-of (s104.i / include-91
                                                     :ARG2 (s104.t3 / thing
                                                                    :ARG1-of (s104.d / define-01
                                                                                     :ARG0 (s104.w / we
                                                                                                   :same-as s11.c3)
                                                                                     :ARG1-of (s104.r / real-04))
                                                                    :ARG1-of (s104.m / mandate-01
                                                                                     :ARG0 s104.w)))
                                    :quant "1")
                   :location (s104.f / facility
                                     :name (s104.n / name
                                                   :op1 "InteraXon")
                                     :same-as s11.c3))
   :snt105 (s105.i2 / it
                    :manner-of (s105.a / and
                                       :op1 (s105.u / understand-01
                                                    :ARG0 (s105.w / we)
                                                    :ARG1 (s105.w2 / world
                                                                   :location (s105.i / inside)))
                                       :op2 (s105.r / reflect-01
                                                    :ARG1 s105.w2
                                                    :ARG2 s105.w
                                                    :location (s105.o / outside)
                                                    :prep-into (s105.l / loop
                                                                       :ARG1-of (s105.t2 / tight-05)
                                                                       :mod (s105.t / this))))
                    :same-as s104.a)
   :snt106 (s106.e / exemplify-01
                   :ARG0 (s106.p / possible-01
                                 :ARG1 (s106.t / teach-01
                                               :ARG0 (s106.c3 / compute-01
                                                              :ARG1-of (s106.c4 / control-01
                                                                                :ARG2 (s106.t2 / think-01)))
                                               :ARG1 (s106.i / improve-01
                                                             :ARG0 (s106.c / child
                                                                           :ARG0-of (s106.h2 / have-rel-role-91
                                                                                             :ARG2 (s106.c2 / child))
                                                                           :ARG0-of (s106.h / have-03
                                                                                            :ARG1 (s106.d / disease
                                                                                                          :name (s106.n / name
                                                                                                                        :op1 "ADD"))))
                                                             :ARG1 (s106.f / focus-01
                                                                           :ARG0 s106.c))
                                               :ARG2 s106.c)))
   :snt107 (s107.h / have-03
                   :ARG0 (s107.c / child)
                   :ARG1 (s107.a / and
                                 :op1 (s107.p / proportion
                                              :ARG1-of (s107.l / low-04)
                                              :beneficiary (s107.s / state
                                                                   :ARG0-of (s107.f / focus-01)))
                                 :op2 (s107.p2 / proportion
                                               :ARG1-of (s107.h2 / high-02)
                                               :ARG3-of (s107.i / include-91
                                                                :ARG2 (s107.s2 / state
                                                                               :mod (s107.m / America)))))
                   :condition (s107.d / disease
                                      :name (s107.n / name
                                                    :op1 "ADD")
                                      :same-as s106.d)
                   :rel (s107.w / wave
                                :quant s107.p
                                :mod (s107.b / beta)))
   :snt108 (s108.p / possible-01
                   :ARG1 (s108.c / create-01
                                 :ARG0 (s108.y / you)
                                 :ARG1 (s108.a / application
                                               :ARG0-of (s108.r / reward-01
                                                                :ARG1 (s108.s2 / state-01
                                                                               :ARG0 (s108.b / brain)
                                                                               :ARG1-of (s108.f / focus-01)))))
                   :mod (s108.s / so))
   :snt109 (s109.p2 / possible-01
                    :ARG1 (s109.i / imagine-01
                                  :ARG0 (s109.y / you)
                                  :ARG1 (s109.a / and
                                                :op1 (s109.p / play-01
                                                             :ARG0 (s109.k / kid
                                                                           :part (s109.b / brain))
                                                             :ARG1 (s109.g / game
                                                                           :mod (s109.v / video))
                                                             :instrument (s109.w / wave
                                                                                 :mod s109.b))
                                                :op2 (s109.i2 / improve-01
                                                              :ARG0 s109.k
                                                              :ARG1 (s109.s / symptom
                                                                            :mod (s109.d / disease
                                                                                         :name (s109.n / name
                                                                                                       :op1 "ADD")
                                                                                         :same-as s106.d)
                                                                            :poss s109.k)
                                                              :time s109.p))))
   :snt110 (s110.p / possible-01
                   :ARG1 (s110.h / have-degree-91
                                 :ARG1 (s110.t / this)
                                 :ARG2 (s110.e / effective-04
                                               :ARG0 s110.t)
                                 :ARG3 (s110.e2 / equal)
                                 :ARG4 (s110.p2 / product
                                                :name (s110.n / name
                                                              :op1 "Ritalin"))))
   :snt111 (s111.p / possible-01
                   :ARG1 (s111.h2 / have-degree-91
                                  :ARG1 (s111.p2 / possible-01
                                                 :ARG1 (s111.g / give-01
                                                               :purpose (s111.p3 / possible-01
                                                                                 :ARG1 (s111.u / understand-01
                                                                                               :ARG0 (s111.c / child
                                                                                                             :ARG0-of (s111.h4 / have-rel-role-91
                                                                                                                               :ARG2 (s111.c2 / child))
                                                                                                             :ARG0-of (s111.h / have-03
                                                                                                                              :ARG1 (s111.m / medical-condition
                                                                                                                                            :name (s111.n / name
                                                                                                                                                          :op1 "ADD")
                                                                                                                                            :same-as s106.d)))
                                                                                               :ARG1 (s111.a / and
                                                                                                             :op1 s111.c
                                                                                                             :op2 (s111.n2 / need-01
                                                                                                                           :ARG0 s111.c
                                                                                                                           :ARG1 (s111.l / learn-01
                                                                                                                                         :ARG0 s111.c)))
                                                                                               :ARG1-of (s111.h3 / have-degree-91
                                                                                                                 :ARG2 (s111.g2 / good-02)
                                                                                                                 :ARG3 (s111.m5 / more))))
                                                               :ARG0 (s111.c3 / compute-01
                                                                              :ARG1-of (s111.c4 / control-01
                                                                                                :ARG2 (s111.t / think-01)))
                                                               :ARG1 (s111.i2 / insight
                                                                              :topic (s111.s / state
                                                                                             :ARG1-of (s111.f / fluctuate-01)
                                                                                             :mod (s111.m2 / mental)
                                                                                             :poss s111.c))
                                                               :ARG2 s111.c))
                                  :ARG2 (s111.i / important-01
                                                :ARG1 s111.p2)
                                  :ARG3 (s111.m4 / more
                                                 :mod (s111.e / even)))
                   :rel (s111.m3 / mental))
   :snt112 (s112.u / up-01
                   :ARG0 (s112.w / way
                                 :manner-of (s112.p2 / possible-01
                                                     :ARG1 (s112.u2 / use-01
                                                                    :ARG0 (s112.c2 / child
                                                                                   :mod (s112.t / this)
                                                                                   :same-as s111.c)
                                                                    :ARG1 (s112.r / realize-01
                                                                                  :ARG0 s112.c2
                                                                                  :ARG1-of (s112.n / new-01))
                                                                    :ARG2 (s112.i / improve-01
                                                                                  :ARG0 s112.c2
                                                                                  :ARG1 s112.c2))))
                   :ARG1 (s112.b / bigot
                                 :quant (s112.m / many)
                                 :ARG0-of (s112.d / damage-01)
                                 :ARG1-of (s112.s2 / spread-02
                                                   :ARG1-of (s112.w2 / wide-02))
                                 :ARG2-of (s112.c / challenge-01
                                                  :ARG1 (s112.p / person
                                                                :ARG1-of (s112.d2 / diagnose-01
                                                                                  :ARG2 (s112.d3 / differ-02
                                                                                                 :ARG1 s112.p))))
                                 :mod (s112.s / society)))
   :snt113 (s113.p2 / possible-01
                    :ARG1 (s113.a / and
                                  :op1 (s113.p / peer
                                               :ARG0 (s113.w / we
                                                             :part (s113.h / head))
                                               :ARG1 (s113.i / inside
                                                             :op1 s113.h))
                                  :op2 (s113.i2 / interact-01
                                                :ARG0 s113.w
                                                :ARG1 (s113.t / thing
                                                              :ARG0-of (s113.m / mystify-01
                                                                               :ARG1 s113.w)
                                                              :ARG0-of (s113.s / separate-01
                                                                               :ARG1 s113.w)
                                                              :ARG1-of (s113.l / lock-01
                                                                               :ARG2 s113.w
                                                                               :direction (s113.a2 / away)
                                                                               :time (s113.o / once))))))
   :snt114 (s114.p / possible-01
                   :ARG1 (s114.a / and
                                 :op1 (s114.u / understand-01
                                              :ARG0 (s114.t / technology
                                                            :ARG1-of (s114.b / brainwash-01))
                                              :ARG1 (s114.w / we))
                                 :op2 (s114.a2 / anticipate-01
                                               :ARG0 s114.t
                                               :ARG1 (s114.e / emotion
                                                             :poss s114.w))
                                 :op3 (s114.f / find-01
                                              :ARG0 s114.t
                                              :ARG1 (s114.t2 / thing
                                                             :ARG1-of (s114.h / have-degree-91
                                                                              :ARG2 (s114.g / good-02
                                                                                            :ARG1 s114.t2)
                                                                              :ARG3 (s114.m / most))
                                                             :ARG2-of (s114.s / solve-01
                                                                              :ARG1 (s114.t3 / thing
                                                                                             :ARG1-of (s114.n / need-01
                                                                                                              :ARG0 s114.w)))))))
   :snt115 (s115.i / imagine-01
                   :ARG0 (s115.y / you)
                   :ARG1 (s115.r / realize-01
                                 :ARG0 (s115.i2 / individual)
                                 :ARG1-of (s115.c / collect-01)
                                 :ARG1-of (s115.c2 / compute-01
                                                   :ARG0 (s115.s / span-01
                                                                 :mod (s115.e / entire)))
                                 :ARG1-of (s115.r2 / reflect-01
                                                   :duration s115.s)
                                 :mod (s115.t / this))
                   :mode "imperative")
   :snt116 (s116.i / imagine-01
                   :ARG0 (s116.y / you)
                   :ARG1 (s116.i2 / insight
                                  :ARG1-of (s116.g / gain-02
                                                   :ARG0 s116.y
                                                   :ARG1-of (s116.p / possible-01)
                                                   :ARG2 (s116.s / sight-01
                                                                 :mod (s116.k / kind
                                                                              :mod (s116.t / this))
                                                                 :ord (s116.o / ordinal-entity
                                                                              :value "2"))))
                   :mode "imperative")
   :snt117 (s117.r / resemble-01
                   :ARG1 (s117.i / it)
                   :ARG2 (s117.p2 / plug-04
                                  :ARG0 (s117.y / you)
                                  :ARG2 (s117.c / company
                                                :name (s117.n / name
                                                              :op1 "Google")
                                                :ARG1-of (s117.p / personal-02
                                                                 :ARG2 s117.y))))
   :snt118 (s118.p / possible-01
                   :ARG1 (s118.a / and
                                 :ARG1-of (s118.b / base-02
                                                  :ARG2 (s118.a2 / and
                                                                 :op1 (s118.t2 / thing
                                                                               :ARG1-of (s118.t4 / think-01
                                                                                                 :ARG0 (s118.y / you)))
                                                                 :op2 (s118.t3 / thing
                                                                               :ARG1-of (s118.f / feel-01
                                                                                                :ARG0 s118.y)
                                                                               :time (s118.w / watch-01
                                                                                             :ARG0 s118.y
                                                                                             :ARG1 (s118.i / image)))))
                                 :op1 (s118.s / search-01
                                              :ARG0 s118.y
                                              :ARG1 s118.i)
                                 :op2 (s118.t / tag-01
                                              :ARG0 s118.y
                                              :ARG1 s118.i))
                   :time (s118.t5 / today)
                   :topic (s118.c / company
                                  :name (s118.n / name
                                                :op1 "Google")))
   :snt119 (s119.a / and
                   :op1 (s119.p2 / possible-01
                                 :ARG1 (s119.t / tag-01
                                               :ARG0 (s119.y / you)
                                               :ARG1 (s119.o / or
                                                             :op1 (s119.p / picture
                                                                          :mod (s119.a2 / animal
                                                                                        :mod (s119.b / baby)))
                                                             :op2 (s119.w / whatever
                                                                          :domain s119.a2))
                                               :ARG2 (s119.h / happy-01
                                                             :ARG1 s119.a2)))
                   :op2 (s119.p3 / possible-01
                                 :ARG1 (s119.s / search-01
                                               :ARG0 s119.y
                                               :ARG1 (s119.d / database
                                                             :mod (s119.t2 / that))
                                               :manner (s119.n / navigate-01
                                                               :ARG0 s119.y
                                                               :ARG1-of (s119.i / instead-of-91
                                                                                :ARG2 (s119.k / keyword
                                                                                              :ARG0-of (s119.h2 / hint-01
                                                                                                                :ARG2 s119.a2
                                                                                                                :mod (s119.j / just))))
                                                               :manner (s119.f / feel-01
                                                                               :ARG0 s119.y)))
                                 :time (s119.t3 / then)))
   :snt120 (s120.o / or
                   :op2 (s120.p2 / possible-01
                                 :ARG1 (s120.a / and
                                               :op1 (s120.t / tag-01
                                                            :ARG0 (s120.y / you)
                                                            :ARG1 (s120.p / photo
                                                                          :medium (s120.p4 / publication
                                                                                           :name (s120.n / name
                                                                                                         :op1 "Facebook")))
                                                            :ARG2 (s120.e / emotion
                                                                          :ARG1-of (s120.a2 / associate-01
                                                                                            :ARG0 s120.y
                                                                                            :ARG2 (s120.m / memory
                                                                                                          :mod (s120.t2 / that)))))
                                               :op2 (s120.p3 / prioritize-01
                                                             :ARG0 s120.y
                                                             :ARG1 (s120.s / stream-01
                                                                           :ARG0-of (s120.c / catch-01
                                                                                            :ARG1 (s120.a3 / attend-02
                                                                                                           :ARG0 s120.y)))
                                                             :ARG1-of (s120.r / resemble-01
                                                                              :ARG2 (s120.t4 / this)
                                                                              :mod (s120.j / just))
                                                             :manner (s120.i / instant)
                                                             :time (s120.t3 / then)))))
   :snt121 (s121.c / concern-02
                   :ARG0 (s121.m / modernize-01
                                 :ARG0 (s121.h2 / human)
                                 :ARG1 (s121.t3 / technology))
                   :ARG1 (s121.a2 / and
                                  :op1 (s121.t / take-01
                                               :ARG1 (s121.t6 / thing
                                                              :ARG1-of (s121.n / natural-03
                                                                               :time (s121.a / already))
                                                              :topic (s121.e / experience-01
                                                                             :ARG1 (s121.t4 / technology
                                                                                            :mod s121.h2))))
                                  :op2 (s121.b / build-01
                                               :ARG1 (s121.t5 / technology
                                                              :manner (s121.p / progressive-02)
                                                              :manner (s121.t2 / tandem
                                                                               :mod s121.e))
                                               :mod (s121.h / healthcare))))
   :snt122 (s122.p2 / possible-01
                    :ARG1 (s122.a3 / allow-01
                                   :ARG0 (s122.a / align-01
                                                 :ARG1 (s122.i3 / it)
                                                 :ARG2 (s122.b / behave-01
                                                               :ARG0 (s122.w / we)
                                                               :mod (s122.h3 / human)))
                                   :ARG1 (s122.a5 / and
                                                  :op1 (s122.s / sense-02
                                                               :ARG0 s122.w
                                                               :ARG1-of (s122.h / have-degree-91
                                                                                :ARG2 (s122.g / good-02
                                                                                              :ARG1 s122.s)
                                                                                :ARG3 (s122.m2 / more)))
                                                  :op2 (s122.c / cause-01
                                                               :ARG0 (s122.a4 / amr-unknown)
                                                               :ARG1 (s122.d2 / do-02
                                                                              :ARG0 s122.w
                                                                              :ARG1 s122.t)
                                                               :ARG1-of (s122.h2 / have-degree-91
                                                                                 :ARG2 (s122.i / important-01
                                                                                               :ARG1 s122.c)
                                                                                 :ARG3 (s122.m3 / more))))
                                   :ARG1 (s122.c2 / create-01
                                                  :ARG0 s122.w
                                                  :ARG1 (s122.p / picture-01
                                                                :mod (s122.b2 / big))
                                                  :ARG2 (s122.d / detail
                                                                :ARG0-of (s122.m / make-up-07
                                                                                 :ARG1 s122.w)
                                                                :ARG1-of (s122.i2 / important-01)
                                                                :mod (s122.l / little)
                                                                :mod (s122.a2 / all))))
                    :condition s122.a
                    :rel (s122.t / thing))
   :snt123 (s123.p / possible-01
                   :ARG1 (s123.m / monitor-01
                                 :ARG0 (s123.w / we)
                                 :ARG1 (s123.q / quality
                                               :poss (s123.c / cycle-02
                                                             :ARG0 (s123.y / you)
                                                             :ARG1 (s123.s / sleep-01
                                                                           :ARG0 s123.y))))
                   :instrument (s123.t / technology
                                       :ARG1-of (s123.s2 / socialize-02)))
   :snt124 (s124.p2 / possible-01
                    :ARG1 (s124.a / and
                                  :op1 (s124.g / go-back-19
                                               :ARG1 (s124.w / we)
                                               :ARG2 (s124.d / data
                                                             :mod (s124.t / that)))
                                  :op2 (s124.s / see-01
                                               :ARG0 s124.w
                                               :ARG1 (s124.t2 / thing
                                                              :manner-of (s124.p3 / possible-01
                                                                                  :ARG1 (s124.m / make-02
                                                                                                :ARG0 s124.w
                                                                                                :ARG1 (s124.b / balance-01
                                                                                                              :ARG1 (s124.w2 / work-01)
                                                                                                              :ARG1-of (s124.h / have-degree-91
                                                                                                                               :ARG2 (s124.e / effective-04
                                                                                                                                             :ARG0 s124.b)
                                                                                                                               :ARG3 (s124.m2 / more))
                                                                                                              :ARG2 (s124.p / play-01)))))))
                    :time (s124.s2 / start-01
                                   :ARG0 (s124.p4 / productive-03
                                                  :ARG0 s124.w)
                                   :ARG1 (s124.l / loosen-01
                                                 :ARG1 s124.p4)))
   :snt125 (s125.k / know-01
                   :ARG0 (s125.y / you)
                   :ARG1 (s125.o / or
                                 :op1 (s125.t2 / thing
                                               :ARG0-of (s125.c / cause-01
                                                                :ARG1 s125.y
                                                                :ARG1 (s125.f / fatigue-01
                                                                              :ARG1 s125.y)))
                                 :op2 (s125.t3 / thing
                                               :ARG0-of (s125.b / bring-01
                                                                :ARG1 (s125.s / self
                                                                              :ARG1-of (s125.e / energize-01)
                                                                              :poss s125.y)
                                                                :ARG2 (s125.o2 / out)))
                                 :op3 (s125.t4 / thing
                                               :ARG0-of (s125.t6 / trigger-01)
                                               :ARG0-of (s125.c2 / cause-01
                                                                 :ARG1 (s125.d / depress-01
                                                                               :ARG1 s125.y)))
                                 :op4 (s125.b2 / bring-01
                                               :ARG0 (s125.t5 / thing
                                                              :ARG1-of (s125.f2 / fun-01
                                                                                :ARG0 s125.y))
                                               :ARG1 s125.y
                                               :ARG4 (s125.o3 / out-06
                                                              :ARG2 (s125.f3 / funk
                                                                             :mod (s125.t / that)))))
                   :polarity (s125.a / amr-unknown))
   :snt126 (s126.i / imagine-01
                   :ARG0 (s126.y / you)
                   :ARG1 (s126.h3 / have-03
                                  :ARG0 s126.y
                                  :ARG1 (s126.a / access-01
                                                :ARG0 s126.y
                                                :ARG1 (s126.d / data
                                                              :ARG0-of (s126.a3 / allow-01
                                                                                :ARG1 (s126.r / rank-01
                                                                                              :ARG1 s126.y
                                                                                              :ARG3 (s126.s / scale
                                                                                                            :domain (s126.o / or
                                                                                                                            :op1 (s126.m / make-02
                                                                                                                                         :ARG0 (s126.p / person
                                                                                                                                                       :ARG0-of (s126.l / live-01
                                                                                                                                                                        :ARG1 s126.y))
                                                                                                                                         :ARG1 s126.h4)
                                                                                                                            :op2 (s126.b / bring-01
                                                                                                                                         :ARG0 (s126.a2 / activity-06)
                                                                                                                                         :ARG1 (s126.j / joy)
                                                                                                                                         :ARG2 s126.y))
                                                                                                            :topic (s126.h / happy-01
                                                                                                                           :mod (s126.o2 / overall))))))))
                   :rel (s126.h4 / have-degree-91
                                 :ARG2 (s126.h2 / happy-01
                                                :ARG1 s126.y)
                                 :ARG3 (s126.m2 / most))
                   :mode "imperative")
   :snt127 (s127.m / make-01
                   :ARG0 (s127.y / you)
                   :ARG1 (s127.t2 / time
                                  :quant (s127.m2 / more))
                   :ARG2 (s127.p / person
                                 :mod (s127.t / that))
                   :polarity (s127.a / amr-unknown))
   :snt128 (s128.p / prioritize-01
                   :ARG0 (s128.y / you)
                   :polarity (s128.a / amr-unknown))
   :snt129 (s129.d / divorce-01
                   :ARG0 (s129.y / you)
                   :polarity (s129.a / amr-unknown))
   :snt130 (s130.p2 / possible-01
                    :ARG1 (s130.a / allow-01
                                  :ARG0 (s130.c2 / compute-01
                                                 :ARG1-of (s130.c3 / control-01
                                                                   :ARG2 (s130.t / think-01)))
                                  :ARG0 (s130.y / you)
                                  :ARG1 (s130.d / do-02
                                                :ARG0 s130.y
                                                :ARG1 (s130.b / build-01
                                                              :ARG0 s130.y
                                                              :ARG1 (s130.p / picture
                                                                            :consist-of (s130.l / layer
                                                                                                :mod (s130.c / colorful))
                                                                            :topic (s130.l2 / life
                                                                                            :poss (s130.w / we)))))))
   :snt131 (s131.a / and
                   :op2 (s131.p / possible-01
                                :ARG1 (s131.a2 / and
                                               :op1 (s131.g / get-01
                                                            :ARG0 (s131.w / we)
                                                            :ARG1 (s131.s / skinny
                                                                          :topic (s131.e / event
                                                                                         :mod (s131.p2 / psychology)
                                                                                         :poss s131.w)))
                                               :op2 (s131.b2 / build-01
                                                             :ARG0 s131.w
                                                             :ARG1 (s131.s2 / story
                                                                            :topic (s131.b / behave-01
                                                                                           :ARG0 s131.w))
                                                             :mod (s131.o / over-time)))
                                :ARG1-of (s131.c / cause-01
                                                 :ARG0 (s131.t / this
                                                               :same-as s130.b))))
   :snt132 (s132.p / possible-01
                   :ARG1 (s132.b / begin-01
                                 :ARG0 (s132.w / we)
                                 :ARG1 (s132.s / see-01
                                               :ARG0 s132.w
                                               :ARG1 (s132.n / narrate-01
                                                             :ARG0-of (s132.u / underlie-01)
                                                             :ARG0-of (s132.p2 / propel-01
                                                                               :ARG1 s132.w
                                                                               :direction (s132.f / forward))
                                                             :ARG0-of (s132.t / tell-01
                                                                              :ARG1 (s132.e / event
                                                                                            :ARG1-of (s132.g / go-on-15))
                                                                              :ARG2 s132.w)))))
   :snt133 (s133.a / and
                   :op2 (s133.p3 / possible-01
                                 :ARG1 (s133.l / learn-01
                                               :ARG0 (s133.w / we)
                                               :ARG1 (s133.t / thing
                                                             :manner-of (s133.c / change-01
                                                                                :ARG0 s133.w
                                                                                :ARG1 (s133.a2 / and
                                                                                               :op1 (s133.p2 / plot)
                                                                                               :op2 (s133.o / outcome)
                                                                                               :op3 (s133.c2 / character
                                                                                                             :poss (s133.s / story
                                                                                                                           :ARG1-of (s133.p / personal-02
                                                                                                                                            :ARG2 s133.w))))))
                                               :ARG2 (s133.t2 / this))))
   :snt134 (s134.h / have-03
                   :ARG0 (s134.p / person
                                 :mod (s134.t2 / that)
                                 :mod (s134.c / country
                                              :name (s134.n / name
                                                            :op1 "Greece")))
                   :ARG1 (s134.i / insight
                                 :quant (s134.s / some)
                                 :ARG1-of (s134.p2 / powerful-02))
                   :time (s134.b / before
                                 :quant (s134.t / temporal-quantity
                                                :quant "10000"
                                                :quant "2")
                                 :op1 (s134.n2 / now)))
   :snt135 (s135.k / know-01
                   :ARG0 (s135.t / they
                                 :same-as s134.p)
                   :ARG1 (s135.f / fall-01
                                 :ARG1 (s135.p2 / piece
                                                :mod (s135.f2 / fundamental))
                                 :ARG4 (s135.p3 / place)
                                 :time (s135.a / and
                                               :op1 (s135.s / start-01
                                                            :ARG0 (s135.y / you)
                                                            :ARG1 (s135.l2 / live-01
                                                                           :ARG0 s135.y
                                                                           :ARG1 (s135.p / phrase
                                                                                         :mod (s135.l / little)
                                                                                         :poss s135.t)))
                                               :op2 (s135.c / contact-01
                                                            :ARG0 s135.y
                                                            :ARG1 s135.y))))
   :snt136 (s136.u / understand-01
                   :ARG0 (s136.t / they
                                 :same-as s134.p)
                   :ARG1 (s136.a / and
                                 :op1 (s136.p2 / powerful-02
                                               :ARG1 (s136.n / narrate-01
                                                             :ARG0 (s136.h / human)))
                                 :op2 (s136.v / value-01
                                              :ARG1 s136.h
                                              :ARG1-of (s136.p / place-01
                                                               :ARG0 (s136.w / we)
                                                               :ARG2 s136.h)
                                              :ARG2 (s136.a2 / and
                                                             :op1 (s136.c / change-01
                                                                          :ARG1 s136.h)
                                                             :op2 (s136.e / evolve-01
                                                                          :ARG1 s136.h)
                                                             :op3 (s136.g / grow-01
                                                                          :ARG1 s136.h)))))
   :snt137 (s137.c / contrast-01
                   :ARG2 (s137.u / understand-01
                                 :ARG0 (s137.t / they
                                               :same-as s134.p)
                                 :ARG1 (s137.s3 / something
                                                :ARG1-of (s137.h / have-degree-91
                                                                 :ARG2 (s137.f3 / fundamental)
                                                                 :ARG3 (s137.m / more))
                                                :domain (s137.a / and
                                                                :op1 (s137.j / joy
                                                                             :mod (s137.s2 / sheer)
                                                                             :mod (s137.d2 / discover-01))
                                                                :op2 (s137.a2 / and
                                                                              :op1 (s137.d / delight-01
                                                                                           :ARG0 (s137.w / we)
                                                                                           :ARG1 s137.w
                                                                                           :ARG2 (s137.w2 / world))
                                                                              :op2 (s137.f / fascinate-01
                                                                                           :ARG0 s137.w)
                                                                              :op3 (s137.b / be-located-at-91
                                                                                           :ARG1 s137.w
                                                                                           :ARG2 s137.w2))
                                                                :op3 (s137.r / rich
                                                                             :ARG1-of (s137.g / get-01
                                                                                              :ARG0 s137.w
                                                                                              :ARG2 (s137.a3 / and
                                                                                                             :op1 (s137.s / see-01
                                                                                                                          :ARG0 s137.w)
                                                                                                             :op2 (s137.f2 / feel-01
                                                                                                                           :ARG0 s137.w
                                                                                                                           :ARG1 (s137.l / life))
                                                                                                             :op3 (s137.k / know-01
                                                                                                                          :ARG0 s137.w
                                                                                                                          :ARG1 s137.l))))))))
   :snt138 (s138.a / and
                   :op1 (s138.a2 / artist
                                 :domain (s138.p / person
                                                 :ARG0-of (s138.h / have-rel-role-91
                                                                  :ARG1 (s138.i / i
                                                                                :same-as s8.i)
                                                                  :ARG2 (s138.m / mom))))
                   :op2 (s138.s / see-01
                                :ARG0 s138.i
                                :ARG1 (s138.l / live-01
                                              :ARG0 s138.p
                                              :ARG1 (s138.t / thing)
                                              :instrument (s138.s2 / stroke-01
                                                                   :ARG0 s138.p
                                                                   :ARG1 (s138.b / brush)))
                                :frequency (s138.o / often)
                                :time (s138.c / child
                                              :domain s138.i)))
   :snt139 (s139.a2 / and
                    :mod (s139.a / all)
                    :op1 (s139.s / space
                                 :ARG1-of (s139.w / white-03))
                    :op2 (s139.p / possible-01
                                 :ARG1-of (s139.p2 / pure-02))
                    :time (s139.m / moment
                                  :mod (s139.o / one)))
   :snt140 (s140.l / live-01
                   :ARG0 (s140.i2 / it)
                   :ARG1 (s140.a / and
                                 :op1 (s140.i / idea
                                              :mod (s140.c / colorful)
                                              :poss (s140.s / she
                                                            :same-as s138.i))
                                 :op2 (s140.e / express-01
                                              :ARG0 s140.s
                                              :mod s140.c))
                   :time (s140.n / next))
   :snt141 (s141.l / learn-01
                   :ARG0 (s141.i / i
                                 :same-as s8.i)
                   :ARG1 (s141.p / possible-01
                                 :ARG1 (s141.c3 / create-01
                                                :ARG0 (s141.y / you)
                                                :ARG1 (s141.w2 / world
                                                               :poss s141.y)))
                   :rel (s141.s3 / sit-01
                                 :ARG1 s141.i
                                 :ARG2 (s141.s2 / side
                                                :op1 (s141.e / easel)))
                   :time (s141.w / watch-01
                                 :ARG0 s141.i
                                 :ARG1 (s141.t / transform-01
                                               :ARG0 (s141.s / she
                                                             :same-as s138.i)
                                               :ARG1 (s141.c / canvas
                                                             :time (s141.a / after
                                                                           :op1 (s141.c2 / canvas))))))
   :snt142 (s142.l / learn-01
                   :ARG0 (s142.i / i
                                 :same-as s8.i)
                   :ARG1 (s142.b / bind-01
                                 :ARG0 (s142.a2 / and
                                                :op1 (s142.b3 / brain)
                                                :op2 (s142.b2 / body))
                                 :ARG1 (s142.w2 / world
                                                :ARG1-of (s142.m / mean-01
                                                                 :ARG2 (s142.a / and
                                                                               :op1 (s142.i2 / idea
                                                                                             :poss (s142.w / we
                                                                                                           :part s142.b3
                                                                                                           :part s142.b2))
                                                                               :op2 (s142.e / emotion
                                                                                            :poss s142.w)
                                                                               :op3 (s142.i3 / imagine-01
                                                                                             :ARG0 s142.w)))
                                                :mod (s142.i5 / inner)
                                                :poss s142.w)
                                 :mod (s142.i4 / in-fact)
                                 :polarity "-"))
   :snt143 (s143.p3 / possible-01
                    :ARG1 (s143.b / bring-01
                                  :ARG0 (s143.y / you)
                                  :ARG1 (s143.i / it)
                                  :ARG2 (s143.l / live-01
                                                :ARG1 s143.i))
                    :condition (s143.a / and
                                       :op1 (s143.p / possible-01
                                                    :ARG1 (s143.t / think-01
                                                                  :ARG0 s143.y
                                                                  :ARG1 s143.i))
                                       :op2 (s143.p2 / possible-01
                                                     :ARG1 (s143.d / discover-01
                                                                   :ARG0 s143.y
                                                                   :ARG1 s143.i))))
   :snt144 (s144.o / opine-01
                   :ARG0 (s144.i / i
                                 :same-as s8.i)
                   :ARG1 (s144.a / and
                                 :ARG2-of (s144.h / have-degree-91
                                                  :ARG1 (s144.c / compute-01
                                                                :ARG1-of (s144.c2 / control-01
                                                                                  :ARG0 (s144.t / think-01)))
                                                  :ARG3 (s144.e2 / equal)
                                                  :ARG4 (s144.p / paintbrush))
                                 :mod (s144.t2 / tool
                                               :purpose (s144.a2 / and
                                                                 :op1 (s144.u / unlock-01
                                                                              :ARG0 s144.c
                                                                              :ARG1 (s144.w2 / world
                                                                                             :ARG1-of (s144.h2 / hide-01)
                                                                                             :location (s144.w / we)))
                                                                 :op2 (s144.e / enliven-01
                                                                              :ARG0 s144.c
                                                                              :ARG1 s144.w2))
                                               :mod (s144.m / more)
                                               :quant "1")
                                 :op1 (s144.s / simple-02
                                              :ARG1 s144.c)
                                 :op2 (s144.p2 / powerful-02
                                               :ARG1 s144.c)))
   :snt145 (s145.l / look-forward-03
                   :ARG0 (s145.i / i
                                 :same-as s8.i)
                   :ARG1 (s145.d / day
                                 :time-of (s145.p / possible-01
                                                  :ARG1 (s145.s2 / sit-01
                                                                 :ARG1 s145.i
                                                                 :ARG2 (s145.b / beside
                                                                               :location (s145.s / side
                                                                                                 :mod (s145.e / easel))
                                                                               :op1 (s145.y / you
                                                                                            :same-as s32.y))
                                                                 :time-of (s145.w / watch-01
                                                                                  :ARG0 s145.i
                                                                                  :ARG1 (s145.w3 / world
                                                                                                 :ARG1-of (s145.c / create-01
                                                                                                                  :ARG0 (s145.w2 / we)
                                                                                                                  :ARG1-of (s145.p2 / possible-01)
                                                                                                                  :instrument (s145.a / and
                                                                                                                                      :op1 (s145.t / tool
                                                                                                                                                   :ARG1-of (s145.n / new-01)
                                                                                                                                                   :poss s145.w2)
                                                                                                                                      :op2 (s145.d2 / discover-01
                                                                                                                                                    :ARG0 s145.w2
                                                                                                                                                    :ARG1-of (s145.m / make-18
                                                                                                                                                                     :ARG0 s145.w2
                                                                                                                                                                     :ARG1-of (s145.p3 / possible-01)))))))))))
   :snt146 (s146.t / thank-01
                   :ARG1 (s146.y / you
                                 :same-as s8.i)))

