# ::id doc-231
# ::doc_file doc-231
# ::tok http : / / www . ted . com / talks / lisa_margonelli_the_political_chemistry_of_oil< / url> <next_sent> So I 'm going to talk to you about you about the political chemistry of oil spills and why this is an incredibly important , long , oily , hot summer , and why we need to keep ourselves from getting distracted . <next_sent> But before I talk about the political chemistry , I actually need to talk about the chemistry of oil . <next_sent> This is a photograph from when I visited Prudhoe Bay in Alaska in 2002 to watch the Minerals Management Service testing their ability to burn oil spills in ice . <next_sent> And what you see here is , you see a little bit of crude oil , you see some ice cubes , and you see two sandwich baggies of napalm . <next_sent> The napalm is burning there quite nicely . <next_sent> And the thing is , is that oil is really an abstraction for us as the American consumer . <next_sent> We 're four percent of the world 's population ; we use 25 percent of the world 's oil production . <next_sent> And we do n't really understand what oil is , until you check out its molecules , And you do n't really understand that until you see this stuff burn . <next_sent> So this is what happens as that burn gets going . <next_sent> I highly recommend that you get a chance to see crude oil burn someday , because you will never need to hear another poli sci lecture on the geopolitics of oil again . <next_sent> It 'll just bake your retinas . <next_sent> Let me tell you a little bit about this chemistry of oil . <next_sent> Oil is a stew of hydrocarbon molecules . <next_sent> It starts of with the very small ones , which are one carbon , four hydrogen -- that 's methane -- it just floats off . <next_sent> Then there 's all sorts of intermediate ones with middle amounts of carbon . <next_sent> You 've probably heard of benzene rings ; they 're very carcinogenic . <next_sent> And it goes all the way over to these big , thick , galumphy ones that have hundreds of carbons , and they have thousands of hydrogens , and they have vanadium and heavy metals and sulfur and all kinds of craziness hanging off the sides of them . <next_sent> They 're very important in oil spills . <next_sent> Let me tell you a little bit about the chemistry of oil in water . <next_sent> It is this chemistry that makes oil so disastrous . <next_sent> Oil does n't sink , it floats . <next_sent> If it sank , it would be a whole different story as far as an oil spill . <next_sent> And the other thing it does is it spreads out the moment it hits the water . <next_sent> It spreads out to be really thin , so you have a hard time corralling it . <next_sent> The next thing that happens is the light ends evaporate , and some of the toxic things float into the water column and kill fish eggs and smaller fish and things like that , and shrimp . <next_sent> And then the asphaltenes -- and this is the crucial thing -- the asphaltenes get whipped by the waves into a frothy emulsion , something like mayonnaise . <next_sent> It triples the amount of oily , messy goo that you have in the water , and it makes it very hard to handle . <next_sent> It also makes it very viscous . <next_sent> When the Prestige sank off the coast of Spain , there were big , floating cushions the size of sofa cushions of emulsified oil , with the consistency , or the viscosity , of chewing gum . <next_sent> It 's incredibly hard to clean up . <next_sent> And every single oil is different when it hits water . <next_sent> When the chemistry of the oil and water also hits our politics , it 's absolutely explosive . <next_sent> For the first time , American consumers will kind of see the oil supply chain in front of themselves . <next_sent> They have a " eureka ! " moment , when we suddenly understand oil in a different context . <next_sent> So I 'm going to talk just a little bit about the origin of these politics , because it 's really crucial to understanding why this summer is so important , why we need to stay focused . <next_sent> Nobody gets up in the morning and thinks , " Wow ! I 'm going to go buy some three - carbon - to - 12 - carbon molecules to put in my tank and drive happily to work . " <next_sent> No , they think , " Ugh . I have to go buy gas . <next_sent> I 'm so angry about it . <next_sent> The oil companies are ripping me off . <next_sent> They set the prices , and I do n't even know . <next_sent> I am helpless over this . " <next_sent> And this is what happens to us at the gas pump -- and actually , gas pumps are specifically designed to diffuse that anger . <next_sent> You might notice that many gas pumps , including this one , are designed to look like ATMs . <next_sent> I 've talked to engineers . <next_sent> That 's specifically to diffuse our anger , because supposedly we feel good about ATMs . <next_sent> That shows you how bad it is . <next_sent> But actually , I mean , this feeling of helplessness comes in because most Americans actually feel that oil prices are the result of a conspiracy , not of the vicissitudes of the world oil market . <next_sent> And the thing is , too , is that we also feel very helpless about the amount that we consume , which is somewhat reasonable , because in fact , we have designed this system where , if you want to get a job , it 's much more important to have a car that runs , to have a job and keep a job , than to have a GED . <next_sent> And that 's actually very perverse . <next_sent> Now there 's another perverse thing about the way we buy gas , which is that we 'd rather be doing anything else . <next_sent> This is BP 's gas station in downtown Los Angeles . <next_sent> " Now , " you think , " why would something so lame work on people so smart ? " <next_sent> Well , the reason is , is because , when we 're buying gas , we 're very invested in this sort of cognitive dissonance . <next_sent> I mean , we 're angry at the one hand and we want to be somewhere else . <next_sent> We do n't want to be buying oil ; we want to be doing something green . <next_sent> And we get kind of in on our own con . <next_sent> I mean -- and this is funny , it looks funny here . <next_sent> But in fact , that 's why the slogan " beyond petroleum " worked . <next_sent> But it 's an inherent part of our energy policy , which is we do n't talk about reducing the amount of oil that we use . <next_sent> We talk about biofuels that have n't been invented yet . <next_sent> And so , cognitive dissonance is part and parcel of the way that we deal with oil , and it 's really important to dealing with this oil spill . <next_sent> Okay , so the politics of oil are very moral in the United States . <next_sent> The oil industry is like a huge , gigantic octopus of engineering and finance and everything else , but we actually see it in very moral terms . <next_sent> This is an early - on photograph -- you can see , we had these gushers . <next_sent> Early journalists looked at these spills , and they said , " This is a filthy industry . " <next_sent> But they also saw in it that people were getting rich for doing nothing . <next_sent> They were n't farmers , they were just getting rich for stuff coming out of the ground . <next_sent> It 's the " Beverly Hillbillies , " basically . <next_sent> But in the beginning , this was seen as a very morally problematic thing , long before it became funny . <next_sent> And then , of course , there was John D. Rockefeller . <next_sent> And the thing about John D. is that he went into this chaotic wild - east of oil industry , and he rationalized it into a vertically integrated company , a multinational . <next_sent> And it also the kind of root of how we see oil as a conspiracy . <next_sent> But what 's really amazing is that Ida Tarbell , the journalist , went in and did a big exposé of Rockefeller and actually got the whole antitrust laws put in place . <next_sent> But in many ways , that image of the conspiracy still sticks with us . <next_sent> And here 's one of the things that Ida Tarbell said -- she said , " He has a thin nose like a thorn . <next_sent> There were no lips . <next_sent> There were puffs under the little colorless eyes with creases running from them . " <next_sent> Okay , so that guy is actually still with us . <next_sent> I mean , this is a very pervasive -- this is part of our DNA . <next_sent> And then there 's this guy , okay . <next_sent> So , you might be wondering why it is that , every time we have high oil prices or an oil spill , we call these CEOs down to Washington , and we sort of pepper them with questions in public and we try to shame them . <next_sent> And this is something that we 've been doing since 1974 , when we first asked them , " Why are there these obscene profits ? " <next_sent> And we 've sort of personalized the whole oil industry into these CEOs . <next_sent> And we take it as , you know -- we look at it on a moral level , rather than looking at it on a legal and financial level . <next_sent> And so I 'm not saying these guys are n't liable to answer questions -- I 'm just saying that , when you focus on whether they are or are not a bunch of greedy bastards , you do n't actually get around to the point of making laws that are either going to either change the way they operate , or you 're going to get around and reducing our dependence on oil . <next_sent> So I 'm saying this is kind of a distraction . <next_sent> But it makes for good theater , and it 's powerfully cathartic as you probably saw last week . <next_sent> So the thing about water oil spills is that they are very politically galvanizing . <next_sent> I mean , these pictures -- this is from the Santa Barbara spill . <next_sent> You have these pictures of birds . <next_sent> They really influence people . <next_sent> When the Santa Barbara spill happened in 1969 , it formed the environmental movement in its modern form . <next_sent> It started Earth Day . <next_sent> It also put in place the National Environmental Policy Act , the Clean Air Act , the Clean Water Act . <next_sent> Everything that we are really stemmed from this period . <next_sent> I think it 's important to kind of look at these pictures of the birds and understand what happens to us . <next_sent> Here we are normally ; we 're standing at the gas pump , and we 're feeling kind of helpless . <next_sent> We look at these pictures and we understand , for the first time , our role in this supply chain . <next_sent> We connect the dots in the supply chain . <next_sent> And we have this kind of -- as voters , we have kind of a " eureka ! " moment . <next_sent> This is why these moments of these oil spills are so important . <next_sent> But it 's also really important that we do n't get distracted by the theater or the morals of it . <next_sent> We actually need to go in and work on the roots of the problem . <next_sent> One of the things that happened with the two previous oil spills was that we really worked on some of the symptoms . <next_sent> We were very reactive , as opposed to being proactive about what happened . <next_sent> And so what we did was , actually , we made moratoriums on the east and west coasts on drilling . <next_sent> We stopped drilling in ANWR , but we did n't actually reduce the amount of oil that we consumed . <next_sent> In fact , it 's continued to increase . <next_sent> The only thing that really reduces the amount of oil that we consume is much higher prices . <next_sent> As you can see , our own production has fallen off as our reservoirs have gotten old and expensive to drill out . <next_sent> We only have two percent of the world 's oil reserves ; 65 percent of them are in the Persian Gulf . <next_sent> One of the things that 's happened because of this is that , since 1969 , the country of Nigeria , or the part of Nigeria that pumps oil , which is the delta -- which is two times the size of Maryland -- has had thousands of oil spills a year . <next_sent> I mean , we 've essentially been exporting oil spills when we import oil from places without tight environmental regulations . <next_sent> That has been the equivalent of an Exxon Valdez spill every year since 1969 . <next_sent> And we can wrap our heads around the spills , because that 's what we see here , but in fact , these guys actually live in a war zone . <next_sent> There 's a thousand battle - related deaths a year in this area twice the size of Maryland , and it 's all related to the oil . <next_sent> And these guys , I mean , if they were in the U.S. , they might be actually here in this room . <next_sent> They have degrees in political science , degrees in business -- <next_sent> they 're entrepreneurs . <next_sent> They do n't actually want to be doing what they 're doing . <next_sent> And it 's sort of one of the other groups of people who pay a price for us . <next_sent> The other thing that we 've done , as we 've continued to increase demand , is that we kind of play a shell game with the costs . <next_sent> One of the places we put in a big oil project in Chad , with Exxon . <next_sent> So the U.S. taxpayer paid for it ; the World Bank , Exxon paid for it . <next_sent> I was there in 2003 . <next_sent> We were driving along this dark , dark road , and the guy in the green stepped out , and I was just like , " Ahhh ! This is it . " <next_sent> And then the guy in the Exxon uniform stepped out , and we realized it was okay . <next_sent> They have their own private sort of army around them at the oil fields . <next_sent> But at the same time , Chad has become much more unstable , and we are not paying for that price at the pump . <next_sent> We pay for it in our taxes on April 15th . <next_sent> We do the same thing with the price of policing the Persian Gulf and keeping the shipping lanes open . <next_sent> This is 1988 -- we actually bombed two Iranian oil platforms that year . <next_sent> That was the beginning of an escalating U.S. involvement there that we do not pay for at the pump . <next_sent> We pay for it on April 15th , and we ca n't even calculate the cost of this involvement . <next_sent> The other place that is sort of supporting our dependence on oil and our increased consumption is the Gulf of Mexico , which was not part of the moratoriums . <next_sent> It 's become this intense industrialized zone . <next_sent> It does n't have the same resonance for us that the Arctic National Wildlife Refuge has , but it should , I mean , it 's a bird sanctuary . <next_sent> Also , every time you buy gasoline in the United States , half of it is actually being refined along the coast , because the Gulf actually has about 50 percent of our refining capacity and a lot of our marine terminals as well . <next_sent> So the people of the Gulf have essentially been subsidizing the rest of us through a less - clean environment . <next_sent> And finally , American families also pay a price for oil . <next_sent> Now on the one hand , the price at the pump is not really very high when you consider the actual cost of the oil , but on the other hand , the fact that people have no other transit options means that they pay a large amount of their income into just getting back and forth to work , generally in a fairly crummy car . <next_sent> If you look at people who make $ 50,000 a year , they have two kids , they might have three jobs or more , and then they have to really commute . <next_sent> They 're actually spending more on their car and fuel than they are on taxes or on health care . <next_sent> And the same thing happens at the 50th percentile , around 80,000 . <next_sent> Gasoline costs are a tremendous drain on the American economy , but they 're also a drain on individual families and it 's kind of terrifying to think about what happens when prices get higher . <next_sent> So , what I 'm going to talk to you about now is : what do we have to do this time ? <next_sent> What are the laws ? <next_sent> What do we have to do to keep ourselves focused ? <next_sent> One thing is -- we need to stay away from the theater . <next_sent> We need to stay away from the moratoriums . <next_sent> We need to focus really back again on the molecules . <next_sent> The moratoriums are fine , but we do need to focus on the molecules on the oil . <next_sent> One of the things that we also need to do , into thinking that you can have a green world , before you reduce the amount of oil that we use . <next_sent> We need to focus on reducing the oil . <next_sent> What you see in this top drawing is a schematic of how petroleum gets used in the U.S. economy . <next_sent> Now you can see that the waste far outweighs the actually useful amount . <next_sent> And one of the things that we need to do is , not only fix the fuel efficiency of our vehicles and make them much more efficient , but we also need to fix the economy in general . <next_sent> We need to remove the perverse incentives to use more fuel . <next_sent> For example , we have an insurance system where the person who drives 20,000 miles a year pays the same insurance as somebody who drives 3,000 . <next_sent> We actually encourage people to drive more . <next_sent> We need to have more mobility choices . <next_sent> We need to make the gas price better reflect the real cost of oil . <next_sent> And we need to shift subsidies from the oil industry , which is at least 10 billion dollars a year , into something that allows middle - class people to find better ways to commute . <next_sent> Whether that 's getting a much more efficient car and also kind of building markets for new cars and new fuels down the road , this is where we need to be . <next_sent> We need to kind of rationalize this whole thing , and you can find more about this policy . <next_sent> It 's called STRONG , which is " Secure Transportation Reducing Oil Needs Gradually , " and the idea is instead of being helpless , we need to be more strong . <next_sent> They 're up at NewAmerica . net . <next_sent> What 's important about these is that we try to move from feeling helpless at the pump , to actually being active and to really sort of thinking about who we are , having kind of that special moment , where we connect the dots actually at the pump . <next_sent> Now supposedly , oil taxes are the third rail of American politics -- the no - fly zone . <next_sent> I actually -- I agree that a dollar a gallon on oil is probably too much , but I think that if we started this year with three cents a gallon on gasoline , and upped it to six cents next year , nine cents the following year , all the way up to 30 cents by 2020 , that we could actually significantly reduce our gasoline consumption , and at the same time we would give people time to prepare , time to respond , and we would be raising money and raising consciousness at the same time . <next_sent> Let me give you a little sense of how this would work . <next_sent> This is a gas receipt , hypothetically , for a year from now . <next_sent> The first thing that you have on the tax is -- you have a tax for a stronger America -- 33 cents . <next_sent> So you 're not helpless at the pump . <next_sent> And the second thing that you have is a kind of warning sign , very similar to what you would find on a cigarette pack . <next_sent> And what it says is , " The National Academy of Sciences estimates that every gallon of gas you burn in your car creates 29 cents in health care costs . " <next_sent> That 's a lot . <next_sent> And so this -- you can see that you 're paying considerably less than the health care costs on the tax . <next_sent> And also , the hope is that you start to be connected to the whole greater system . <next_sent> And at the same time , you have a number that you can call to get more information on commuting , or a low - interest loan on a different kind of car , or whatever it is you 're going to need to actually reduce your gasoline dependence . <next_sent> With this whole sort of suite of policies , we could actually reduce our gasoline consumption -- or our oil consumption -- by 20 percent by 2020 . <next_sent> So , three million barrels a day . <next_sent> But in order to do this , one of the things we really need to do , is we need to remember we are people of the hydrocarbon . <next_sent> We need to keep or minds on the molecules and not get distracted by the theater , not get distracted by the cognitive dissonance of the green possibilities that are out there . <next_sent> We need to kind of get down and do the gritty work of reducing our dependence upon this fuel and these molecules . <next_sent> Thank you .
(d / document
   :snt1 (s1.u / url-entity
               :value "talk-01")
   :snt2 (s2.c / cause-01
               :ARG1 (s2.t / talk-01
                           :ARG0 (s2.i / i)
                           :ARG1 (s2.a2 / and
                                        :op1 (s2.c3 / chemistry
                                                    :mod (s2.p / politics)
                                                    :poss (s2.s / spill-01
                                                                :ARG1 (s2.o / oil)))
                                        :op2 (s2.c2 / cause-01
                                                    :ARG0 (s2.a / amr-unknown)
                                                    :ARG1 (s2.s2 / summer
                                                                 :ARG1-of (s2.h / hot-05)
                                                                 :ARG1-of (s2.o2 / oily-03)
                                                                 :ARG1-of (s2.i2 / important-01
                                                                                 :degree (s2.i3 / incredible))
                                                                 :domain (s2.t2 / this)))
                                        :op3 (s2.n / need-01
                                                   :ARG0 (s2.w / we)
                                                   :ARG1 (s2.k / keep-04
                                                               :ARG0 s2.w
                                                               :ARG1 s2.w
                                                               :ARG2 (s2.g / get-03
                                                                           :ARG1 s2.w
                                                                           :ARG2 (s2.d / distract-01
                                                                                       :ARG1 s2.w)))))
                           :ARG2 (s2.y / you))
               :rel (s2.l / long-03))
   :snt3 (s3.c3 / contrast-01
                :ARG2 (s3.n / need-01
                            :ARG0 (s3.i / i
                                        :same-as s2.i)
                            :ARG1 (s3.t2 / talk-01
                                         :ARG0 s3.i
                                         :ARG1 (s3.c2 / chemistry
                                                      :poss (s3.o / oil)))
                            :ARG1-of (s3.a / actual-02)
                            :time (s3.b / before
                                        :op1 (s3.t / talk-01
                                                   :ARG0 s3.i
                                                   :ARG1 (s3.c / chemistry
                                                               :mod (s3.p / politics))))))
   :snt4 (s4.p / photograph
               :domain (s4.t2 / this)
               :time (s4.v / visit-01
                           :purpose (s4.w / watch-01
                                          :ARG0 (s4.i / i
                                                      :same-as s2.i)
                                          :ARG1 (s4.t / test-01
                                                      :ARG0 (s4.g / government-organization
                                                                  :name (s4.n3 / name
                                                                               :op1 "Minerals"
                                                                               :op2 "Management"
                                                                               :op3 "Service"))
                                                      :ARG1 (s4.c / capable-01
                                                                  :ARG1 s4.g
                                                                  :ARG2 (s4.b2 / burn-01
                                                                               :ARG0 s4.g
                                                                               :ARG1 (s4.s / spill-01
                                                                                           :ARG1 (s4.o / oil)
                                                                                           :ARG2 (s4.i2 / ice))))))
                           :ARG0 s4.i
                           :ARG1 (s4.b / bay
                                       :name (s4.n / name
                                                   :op1 "Prudhoe"
                                                   :op2 "Bay")
                                       :location (s4.s2 / state
                                                        :name (s4.n2 / name
                                                                     :op1 "Alaska")))
                           :time (s4.d / date-entity
                                       :year "2002")))
   :snt5 (s5.a / and
               :op2 (s5.a2 / and
                           :ARG1-of (s5.s2 / see-01
                                           :ARG0 (s5.y / you)
                                           :location (s5.h / here))
                           :op1 (s5.s3 / see-01
                                       :ARG0 s5.y
                                       :ARG1 (s5.o / oil
                                                   :quant (s5.b2 / bit
                                                                 :mod (s5.l / little))
                                                   :mod (s5.c / crude)))
                           :op2 (s5.s4 / see-01
                                       :ARG0 s5.y
                                       :ARG1 (s5.b3 / box
                                                    :quant (s5.s6 / some)
                                                    :consist-of (s5.i / ice)))
                           :op3 (s5.s5 / see-01
                                       :ARG0 s5.y
                                       :ARG1 (s5.b / bag
                                                   :consist-of (s5.s / sandwich)
                                                   :consist-of (s5.n / napalm)
                                                   :quant "2"))))
   :snt6 (s6.b / burn-01
               :ARG1 (s6.n / napalm
                           :same-as s5.n)
               :ARG1-of (s6.n2 / nice-01
                               :degree (s6.q / quite))
               :location (s6.t / there))
   :snt7 (s7.a / and
               :op2 (s7.p / paint-02
                          :ARG0 (s7.w / we
                                      :domain (s7.p2 / person
                                                     :ARG0-of (s7.c / consume-01
                                                                    :ARG1 (s7.o / oil))
                                                     :mod (s7.c2 / country
                                                                 :name (s7.n / name
                                                                             :op1 "America"))))
                          :ARG1 s7.o
                          :degree (s7.r / really)))
   :snt8 (s8.a / and
               :op1 (s8.p / percentage-entity
                          :ARG1-of (s8.i / include-91
                                         :ARG2 (s8.p3 / population
                                                      :poss (s8.w2 / world)))
                          :domain (s8.w / we
                                        :same-as s7.w)
                          :value "4")
               :op2 (s8.u / use-01
                          :ARG0 s8.w
                          :ARG1 (s8.p2 / percentage-entity
                                       :ARG3-of (s8.i2 / include-91
                                                       :ARG2 (s8.p4 / produce-01
                                                                    :ARG0 (s8.w3 / world
                                                                                 :same-as s8.w2)
                                                                    :ARG1 (s8.o / oil)))
                                       :value "25")))
   :snt9 (s9.a2 / and
                :op1 (s9.a / and
                           :op2 (s9.u / understand-01
                                      :ARG0 (s9.w / we
                                                  :same-as s7.w)
                                      :ARG1 (s9.o / oil
                                                  :part (s9.m / molecule))
                                      :degree (s9.r / really)
                                      :time (s9.u3 / until
                                                   :op1 (s9.c / check-out-05
                                                              :ARG0 (s9.y / you)
                                                              :ARG1 s9.m))
                                      :polarity "-"))
                :op2 (s9.u2 / understand-01
                            :ARG0 (s9.y2 / you)
                            :ARG1 (s9.t / that)
                            :degree (s9.r2 / really)
                            :time (s9.u4 / until
                                         :op1 (s9.s / see-01
                                                    :ARG0 s9.y2
                                                    :ARG1 (s9.b / burn-01
                                                                :ARG1 (s9.s2 / stuff
                                                                             :mod (s9.t2 / this)))))
                            :polarity "-"))
   :snt10 (s10.t2 / thing
                  :domain (s10.t3 / this)
                  :time (s10.g / get-03
                               :ARG1 (s10.b / burn-01
                                            :mod (s10.t / that)
                                            :same-as s9.b)
                               :ARG2 (s10.g2 / go-01
                                             :ARG1 s10.b)))
   :snt11 (s11.r / recommend-01
                 :ARG0 (s11.i / i
                              :same-as s2.i)
                 :ARG1 (s11.g2 / get-01
                               :ARG0 (s11.y / you
                                            :same-as s2.y)
                               :ARG1 (s11.c2 / chance-02
                                             :ARG0 s11.y
                                             :ARG1 (s11.s2 / see-01
                                                           :ARG0 s11.y
                                                           :ARG1 (s11.b / burn-01
                                                                        :ARG1 (s11.o / oil
                                                                                     :mod (s11.c3 / crude)))
                                                           :time (s11.s3 / someday))))
                 :ARG1-of (s11.c / cause-01
                                 :ARG0 (s11.n / need-01
                                              :ARG0 s11.y
                                              :ARG1 (s11.h / hear-01
                                                           :ARG0 s11.y
                                                           :ARG1 (s11.l / lecture-01
                                                                        :ARG2 (s11.g / geopolitics
                                                                                     :poss (s11.o2 / oil))
                                                                        :mod (s11.s / science
                                                                                    :mod (s11.p / politics))
                                                                        :mod (s11.a2 / another)
                                                                        :mod (s11.a / again)))
                                              :time (s11.e / ever)
                                              :polarity "-"))
                 :ARG2 s11.y
                 :degree (s11.h2 / high-02))
   :snt12 (s12.b / bake-01
                 :ARG1 (s12.b2 / brain
                               :part-of (s12.y / you
                                               :same-as s2.y))
                 :ARG2 (s12.i / it
                              :same-as s11.g)
                 :mod (s12.j / just))
   :snt13 (s13.l / let-01
                 :ARG0 (s13.y / you)
                 :ARG1 (s13.t / tell-01
                              :ARG0 (s13.i / i
                                           :same-as s2.i)
                              :ARG1 (s13.b / bit
                                           :mod (s13.l2 / little))
                              :ARG2 s13.y
                              :topic (s13.c / chemistry
                                            :mod (s13.t2 / this)
                                            :poss (s13.o / oil)
                                            :same-as s3.c2)))
   :snt14 (s14.s / stew
                 :consist-of (s14.m / molecule
                                    :mod (s14.h / hydrocarbon))
                 :domain (s14.o / oil))
   :snt15 (s15.s3 / start-01
                  :ARG1 (s15.i / it
                               :same-as s14.o)
                  :ARG2 (s15.o2 / one
                                :consist-of (s15.a / and
                                                   :op1 (s15.s2 / small-molecule
                                                                :name (s15.n / name
                                                                             :op1 "carbon")
                                                                :quant "1")
                                                   :op2 (s15.h / hydrogen
                                                               :quant "4")
                                                   :op3 (s15.m / methane
                                                               :ARG1-of (s15.f / float-01
                                                                               :mod (s15.j / just)
                                                                               :mod (s15.o / off))))
                                :mod (s15.s / small
                                            :degree (s15.v / very))))
   :snt16 (s16.o / one
                 :ARG0-of (s16.h / have-03
                                 :ARG1 (s16.a2 / amount
                                               :mod (s16.m / middle)
                                               :quant-of (s16.c / carbon)))
                 :mod (s16.i / intermediate)
                 :mod (s16.s / sort
                             :mod (s16.a / all))
                 :time (s16.t / then))
   :snt17 (s17.h / hear-01
                 :ARG0 (s17.y / you)
                 :ARG1 (s17.r / ring
                              :ARG0-of (s17.e / endanger-01
                                              :degree (s17.v / very))
                              :consist-of (s17.p2 / product
                                                  :name (s17.n / name
                                                               :op1 "benzene")))
                 :mod (s17.p / probable))
   :snt18 (s18.a3 / and
                  :op2 (s18.g2 / go-01
                               :ARG1 (s18.i / it)
                               :ARG2 (s18.a2 / all-the-way)
                               :ARG4 (s18.o2 / one
                                             :ARG0-of (s18.h2 / have-03
                                                              :ARG1 (s18.r / rod
                                                                           :quant (s18.m2 / multiple
                                                                                          :op1 "100")))
                                             :ARG0-of (s18.h3 / have-03
                                                              :ARG1 (s18.h6 / hydrogen
                                                                            :quant (s18.m3 / multiple
                                                                                           :op1 "1000")))
                                             :ARG0-of (s18.h4 / have-03
                                                              :ARG1 (s18.a4 / and
                                                                            :ARG1 (s18.t2 / thing
                                                                                          :ARG2-of (s18.c / crazy-03
                                                                                                          :mod (s18.k / kind
                                                                                                                      :mod (s18.a / all))))
                                                                            :op1 (s18.v / vanadium)
                                                                            :op2 (s18.m / metal
                                                                                        :mod (s18.h5 / heavy))
                                                                            :op3 (s18.s2 / sulfur)))
                                             :ARG1-of (s18.t / thick-03)
                                             :mod (s18.g / galumphy)
                                             :mod (s18.b / big)
                                             :mod (s18.t3 / this)
                                             :part (s18.s / side))
                               :direction (s18.o3 / over))
                  :rel (s18.n / name
                              :op1 "Republican")
                  :rel (s18.h / hang-01
                              :ARG1 s18.c
                              :ARG2 (s18.o / off
                                           :op1 s18.s)))
   :snt19 (s19.i / important-01
                 :ARG1 (s19.t / they
                              :same-as s18.r)
                 :ARG2 (s19.s / spill-01
                              :ARG1 (s19.o / oil))
                 :degree (s19.v / very))
   :snt20 (s20.l / let-01
                 :ARG0 (s20.y / you)
                 :ARG1 (s20.t / tell-01
                              :ARG0 (s20.i / i
                                           :same-as s2.i)
                              :ARG1 (s20.b / bit
                                           :mod (s20.l2 / little))
                              :ARG2 s20.y
                              :topic (s20.c / chemistry
                                            :location (s20.w / water)
                                            :poss (s20.o / oil))))
   :snt21 (s21.m / make-02
                 :ARG0 (s21.c / chemistry
                              :mod (s21.t / this)
                              :same-as s20.c)
                 :ARG1 (s21.d / disastrous
                              :degree (s21.s / so)
                              :domain (s21.o / oil)))
   :snt22 (s22.c / contrast-01
                 :ARG1 (s22.s / sink-01
                              :ARG1 (s22.o / oil)
                              :polarity "-")
                 :ARG2 (s22.f / float-01
                              :ARG1 s22.o))
   :snt23 (s23.d / differ-02
                 :ARG1 (s23.s3 / story)
                 :ARG2 (s23.s2 / spill-01
                               :ARG1 (s23.o / oil))
                 :condition (s23.s / sink-01
                                   :ARG1 (s23.i / it
                                                :same-as s22.o))
                 :degree (s23.w / whole))
   :snt24 (s24.a / and
                 :op2 (s24.s / spread-out-04
                             :ARG1 (s24.i / it
                                          :same-as s22.o)
                             :ARG1-of (s24.d / do-02
                                             :ARG0 s24.i)
                             :mod (s24.o / other)
                             :time (s24.h / hit-02
                                          :ARG0 s24.i
                                          :ARG1 (s24.w / water))))
   :snt25 (s25.s / spread-out-04
                 :ARG0-of (s25.c / cause-01
                                 :ARG1 (s25.h / hard-02
                                              :ARG1 (s25.c2 / correlate-01
                                                            :ARG0 (s25.y / you)
                                                            :ARG1 (s25.i / it
                                                                         :same-as s22.o))))
                 :ARG1 s25.i
                 :ARG2 (s25.t / thin-03
                              :ARG1 s25.i
                              :degree (s25.r / really)))
   :snt26 (s26.a / and
                 :mod (s26.n / next)
                 :op1 (s26.e3 / evaporate-01
                              :ARG1 (s26.e2 / end-01
                                            :ARG1 (s26.l / light)))
                 :op2 (s26.a2 / and
                              :op1 (s26.f3 / float-01
                                           :ARG1 (s26.t / thing
                                                        :quant (s26.s3 / some)
                                                        :mod (s26.t3 / toxic))
                                           :ARG2 (s26.c / column
                                                        :mod (s26.w / water)))
                              :op2 (s26.k / kill-01
                                          :ARG0 s26.t
                                          :ARG1 (s26.a3 / and
                                                        :op1 (s26.e / egg
                                                                    :consist-of (s26.f / fish))
                                                        :op2 (s26.a4 / and
                                                                     :op1 (s26.f2 / fish
                                                                                  :ARG1-of (s26.h / have-degree-91
                                                                                                  :ARG2 (s26.s2 / small)
                                                                                                  :ARG3 (s26.m / more)))
                                                                     :op2 (s26.t2 / thing
                                                                                  :ARG1-of (s26.r / resemble-01
                                                                                                  :ARG2 s26.f2)))
                                                        :op3 (s26.s / shrimp)))))
   :snt27 (s27.a / and
                 :op2 (s27.w2 / whip-01
                              :ARG0 (s27.w / wave)
                              :ARG1 (s27.a2 / asshole)
                              :destination (s27.e / emulsion
                                                  :ARG1-of (s27.f / froth-01)
                                                  :ARG1-of (s27.r / resemble-01
                                                                  :ARG2 (s27.m / mayonnaise)))
                              :mod (s27.t2 / thing
                                           :mod (s27.c / crucial))
                              :time (s27.t / then)))
   :snt28 (s28.a2 / and
                  :op1 (s28.t / triple-01
                              :ARG0 (s28.i / it
                                           :same-as s27.e)
                              :ARG1 (s28.a / amount
                                           :quant-of (s28.g / goo
                                                            :ARG1-of (s28.o / oily-03)
                                                            :ARG1-of (s28.h3 / have-03
                                                                             :ARG0 (s28.y / you)
                                                                             :location (s28.w / water))
                                                            :mod (s28.m2 / messy))))
                  :op2 (s28.m / make-02
                              :ARG0 s28.i
                              :ARG1 (s28.h2 / hard-02
                                            :ARG1 (s28.h / handle-01
                                                         :ARG0 s28.y)
                                            :degree (s28.v / very))))
   :snt29 (s29.m / make-02
                 :ARG0 (s29.i / it
                              :same-as s27.e)
                 :ARG1 (s29.v2 / viscous
                               :degree (s29.v / very)
                               :domain s29.i)
                 :mod (s29.a / also))
   :snt30 (s30.c5 / cushion
                  :ARG1-of (s30.f2 / float-01)
                  :mod (s30.b / big)
                  :mod (s30.s3 / size
                               :poss (s30.c6 / cushion
                                             :consist-of (s30.o2 / oil
                                                                 :ARG1-of (s30.f / fill-01))
                                             :part-of (s30.s4 / sofa)))
                  :mod (s30.o3 / or
                               :op1 (s30.c3 / consistency)
                               :op2 (s30.v / viscosity
                                           :poss (s30.g / gum
                                                        :ARG1-of (s30.c / chew-01))))
                  :time (s30.s2 / sink-01
                                :ARG1 (s30.s / ship
                                             :name (s30.n / name
                                                          :op1 "Prestige"))
                                :location (s30.o / off
                                                 :op1 (s30.c2 / coast
                                                              :part-of (s30.c4 / country
                                                                               :name (s30.n2 / name
                                                                                             :op1 "Spain"))))))
   :snt31 (s31.h / hard-02
                 :ARG1 (s31.c / clean-up-02)
                 :degree (s31.i / incredible))
   :snt32 (s32.a / and
                 :op2 (s32.d / differ-02
                             :ARG1 (s32.o / oil
                                          :ARG1-of (s32.s / single-02
                                                          :mod (s32.e / every)))
                             :time (s32.h / hit-02
                                          :ARG0 s32.o
                                          :ARG1 (s32.w / water))))
   :snt33 (s33.e / explosive
                 :degree (s33.a / absolute)
                 :domain (s33.i / it)
                 :time (s33.h / hit-02
                              :ARG0 (s33.c / chemistry
                                           :poss (s33.a3 / and
                                                         :op1 (s33.o / oil)
                                                         :op2 (s33.w / water)))
                              :ARG1 (s33.p / politics
                                           :poss (s33.w2 / we))
                              :mod (s33.a2 / also)))
   :snt34 (s34.s / see-01
                 :ARG0 (s34.p / person
                              :ARG0-of (s34.c2 / consume-01)
                              :mod (s34.c3 / country
                                           :name (s34.n / name
                                                        :op1 "America")))
                 :ARG1 (s34.c / chain
                              :ARG0-of (s34.s2 / supply-01
                                               :ARG1 (s34.o / oil)))
                 :degree (s34.k / kind-of)
                 :location (s34.i / in-front-of
                                  :op1 s34.p)
                 :rel (s34.o2 / ordinal-entity
                              :value "1")
                 :time (s34.t / time))
   :snt35 (s35.h / have-03
                 :ARG0 (s35.t / they
                              :same-as s34.p)
                 :ARG1 (s35.m / moment
                              :mod (s35.e / eureka
                                          :mode "expressive")
                              :time (s35.u / understand-01
                                           :ARG0 (s35.w / we
                                                        :same-as s34.p)
                                           :ARG1 (s35.o / oil)
                                           :location (s35.c / context
                                                            :ARG1-of (s35.d / differ-02))
                                           :manner (s35.s / sudden))))
   :snt36 (s36.c / cause-01
                 :ARG1 (s36.t / talk-01
                              :ARG0 (s36.i / i
                                           :same-as s2.i)
                              :ARG1 (s36.o / originate-01
                                           :ARG1 (s36.p / politics
                                                        :mod (s36.t3 / this)
                                                        :same-as s33.p))
                              :ARG1-of (s36.c2 / cause-01
                                               :ARG0 (s36.c4 / crucial
                                                             :purpose (s36.u / understand-01
                                                                             :ARG0 (s36.w / we
                                                                                          :same-as s7.w)
                                                                             :ARG1 (s36.t2 / thing
                                                                                           :ARG0-of (s36.c3 / cause-01
                                                                                                            :ARG1 (s36.i2 / important-01
                                                                                                                          :ARG1 (s36.d / date-entity
                                                                                                                                       :mod (s36.y / year
                                                                                                                                                   :mod (s36.t4 / this))
                                                                                                                                       :season (s36.s3 / summer))
                                                                                                                          :degree (s36.s / so))
                                                                                                            :ARG1 (s36.n / need-01
                                                                                                                         :ARG0 s36.w
                                                                                                                         :ARG1 (s36.s2 / stay-01
                                                                                                                                       :ARG1 s36.w
                                                                                                                                       :ARG3 (s36.f / focus-01
                                                                                                                                                    :ARG0 s36.w))))))
                                                             :degree (s36.r / really)))
                              :degree (s36.b / bit
                                             :mod (s36.l / little)
                                             :mod (s36.j / just))))
   :snt37 (s37.a2 / and
                  :op1 (s37.g / get-up-26
                              :ARG1 (s37.n / nobody)
                              :time (s37.d / date-entity
                                           :dayperiod (s37.m2 / morning)))
                  :op2 (s37.t2 / think-01
                               :ARG0 s37.n
                               :ARG1 (s37.g2 / go-05
                                             :purpose (s37.a3 / and
                                                              :op1 (s37.p / put-01
                                                                          :ARG0 s37.n
                                                                          :ARG1 (s37.m / molecule
                                                                                       :quant (s37.b / between
                                                                                                     :op1 (s37.s / small-molecule
                                                                                                                 :quant "3")
                                                                                                     :op2 (s37.c / carbon))
                                                                                       :mod (s37.s2 / some))
                                                                          :ARG2 (s37.t / tank
                                                                                       :poss s37.n))
                                                              :op2 (s37.d2 / drive-01
                                                                           :ARG0 s37.n
                                                                           :ARG0-of (s37.h / happy-01)
                                                                           :ARG1 (s37.w / work-01)))
                                             :ARG0 s37.n
                                             :ARG1 (s37.b2 / buy-01
                                                           :ARG0 s37.n
                                                           :ARG1 s37.m)
                                             :mod (s37.w2 / wow
                                                          :mode "expressive")))
                  :rel (s37.a / 12
                              :value "carbon"))
   :snt38 (s38.t2 / think-01
                  :ARG0 (s38.t / they)
                  :ARG1 (s38.o / obligate-01
                               :ARG1 s38.t
                               :ARG2 (s38.g2 / go-05
                                             :ARG0 s38.t
                                             :ARG1 (s38.b / buy-01
                                                          :ARG0 s38.t
                                                          :ARG1 (s38.g / gas)))
                               :mod (s38.u / ugh
                                           :mode "expressive"))
                  :mod (s38.n / no))
   :snt39 (s39.a / anger-01
                 :ARG0 (s39.i2 / it)
                 :ARG1 (s39.i / i
                              :same-as s38.t)
                 :degree (s39.s / so))
   :snt40 (s40.r / rip-01
                 :ARG0 (s40.c / company
                              :mod (s40.o / oil))
                 :ARG1 (s40.i / i
                              :same-as s38.t))
   :snt41 (s41.a / and
                 :op1 (s41.s / set-02
                             :ARG0 (s41.t / they
                                          :same-as s40.c)
                             :ARG1 (s41.m / monetary-quantity
                                          :ARG2-of (s41.p / price-01)))
                 :op2 (s41.k / know-01
                             :ARG0 (s41.i / i
                                          :same-as s38.t)
                             :mod (s41.e / even)
                             :polarity "-"))
   :snt42 (s42.h / help-01
                 :ARG1 (s42.i / i
                              :same-as s38.t)
                 :topic (s42.t / this)
                 :polarity "-")
   :snt43 (s43.a2 / and
                  :op2 (s43.e / event
                              :beneficiary (s43.w / we)
                              :location (s43.p / pump
                                               :mod (s43.g / gas))
                              :mod (s43.t2 / this))
                  :op3 (s43.d / design-01
                              :ARG1 (s43.p2 / pump-01
                                            :ARG1 s43.g)
                              :ARG1-of (s43.a / actual-02)
                              :ARG3 (s43.d2 / diffuse-01
                                            :ARG0 s43.p2
                                            :ARG1 (s43.a3 / anger-01
                                                          :mod (s43.t / that)))
                              :manner (s43.s / specific-02)))
   :snt44 (s44.p / possible-01
                 :ARG1 (s44.n / notice-01
                              :ARG0 (s44.y / you)
                              :ARG1 (s44.d / design-01
                                           :ARG1 (s44.t / thing
                                                        :quant (s44.m2 / many)
                                                        :ARG0-of (s44.p2 / pump-01
                                                                         :quant s44.m2
                                                                         :ARG2 (s44.g / gas))
                                                        :ARG2-of (s44.i / include-01))
                                           :ARG3 (s44.m / machine
                                                        :instrument-of (s44.a / automate-01
                                                                              :ARG1 (s44.b / bank-teller)))))
                 :rel (s44.p3 / pump-01
                              :ARG1 (s44.t2 / this)))
   :snt45 (s45.t / talk-01
                 :ARG0 (s45.i / i
                              :same-as s2.i)
                 :ARG2 (s45.p / person
                              :ARG0-of (s45.e / engineer-01)))
   :snt46 (s46.h / have-purpose-91
                 :ARG1 (s46.t / that
                              :same-as s44.d)
                 :ARG1-of (s46.s / specific-02)
                 :ARG1-of (s46.c / cause-01
                                 :ARG0 (s46.f / feel-01
                                              :ARG0 (s46.w / we
                                                           :same-as s43.w)
                                              :ARG1 (s46.g / good-02)
                                              :ARG1-of (s46.s2 / suppose-01)
                                              :ARG2 (s46.m / machine
                                                           :ARG1-of (s46.a2 / automate-01))))
                 :ARG2 (s46.d / diffuse-01
                              :ARG1 (s46.a / anger-01
                                           :ARG1 s46.w
                                           :same-as s43.a3)))
   :snt47 (s47.s / show-01
                 :ARG0 (s47.t / that
                              :same-as s44.d)
                 :ARG1 (s47.t2 / thing
                               :degree-of (s47.b / bad-07
                                                 :ARG1 (s47.i / it
                                                              :same-as s43.a3)))
                 :ARG2 (s47.y / you))
   :snt48 (s48.c4 / contrast-01
                  :ARG2 (s48.m2 / mean-01
                                :ARG0 (s48.i / i
                                             :same-as s2.y)
                                :ARG1 (s48.c2 / come-in-07
                                              :ARG1 (s48.f / feel-01
                                                           :ARG1 (s48.h / helplessness)
                                                           :mod (s48.t2 / this))
                                              :ARG1-of (s48.c / cause-01
                                                              :ARG0 (s48.f2 / feel-02
                                                                            :ARG0 (s48.p / person
                                                                                         :quant (s48.m3 / most)
                                                                                         :mod (s48.c6 / country
                                                                                                      :name (s48.n / name
                                                                                                                   :op1 "America")))
                                                                            :ARG1 (s48.r2 / result-01
                                                                                          :ARG1 (s48.c3 / conspire-01)
                                                                                          :ARG1-of (s48.c5 / contrast-01
                                                                                                           :ARG2 (s48.r3 / result-01
                                                                                                                         :ARG1 (s48.r / relative-position
                                                                                                                                      :poss (s48.m / market
                                                                                                                                                   :mod (s48.o2 / oil)
                                                                                                                                                   :mod (s48.w / world)))
                                                                                                                         :ARG2 (s48.t / thing
                                                                                                                                      :ARG2-of (s48.p2 / price-01
                                                                                                                                                       :ARG1 (s48.o / oil)))
                                                                                                                         :polarity "-"))
                                                                                          :ARG2 s48.t)
                                                                            :ARG1-of (s48.a / actual-02))))
                                :ARG2 s48.a))
   :snt49 (s49.a3 / and
                  :op2 (s49.t / thing
                              :domain (s49.f / feel-01
                                             :ARG0 (s49.w2 / we
                                                           :same-as s7.w)
                                             :ARG1 (s49.h5 / helpless
                                                           :degree (s49.v / very)
                                                           :topic (s49.a2 / amount
                                                                          :ARG1-of (s49.c3 / consume-01
                                                                                           :ARG0 s49.w2)))
                                             :ARG1-of (s49.r / reasonable-02
                                                             :degree (s49.s / somewhat))
                                             :ARG1-of (s49.c2 / cause-01
                                                              :ARG0 (s49.d2 / design-01
                                                                            :ARG0 s49.w2
                                                                            :ARG1 (s49.s2 / system
                                                                                          :location-of (s49.i / important-01
                                                                                                              :ARG2-of (s49.h4 / have-degree-91
                                                                                                                               :ARG1 (s49.h / have-03
                                                                                                                                            :ARG0 (s49.y / you)
                                                                                                                                            :ARG1 (s49.c / car
                                                                                                                                                         :ARG1-of (s49.r2 / run-01)))
                                                                                                                               :ARG3 (s49.m / more
                                                                                                                                            :quant (s49.m2 / much))
                                                                                                                               :ARG4 (s49.h3 / have-03
                                                                                                                                             :ARG0 s49.w2
                                                                                                                                             :ARG1 (s49.d / degree
                                                                                                                                                          :name (s49.n / name
                                                                                                                                                                       :op1 "GED")))
                                                                                                                               :condition (s49.w / want-01
                                                                                                                                                 :ARG0 s49.y
                                                                                                                                                 :ARG1 (s49.g / get-01
                                                                                                                                                              :ARG0 s49.y
                                                                                                                                                              :ARG1 (s49.j / job)))
                                                                                                                               :example (s49.a4 / and
                                                                                                                                                :op1 (s49.h2 / have-03
                                                                                                                                                             :ARG0 s49.y
                                                                                                                                                             :ARG1 (s49.j2 / job))
                                                                                                                                                :op2 (s49.k / keep-01
                                                                                                                                                            :ARG0 s49.y
                                                                                                                                                            :ARG1 s49.j2)))
                                                                                                              :condition s49.w)
                                                                                          :mod (s49.t2 / this))
                                                                            :mod (s49.i2 / in-fact)))
                                             :mod (s49.a / also))
                              :mod (s49.t3 / too)))
   :snt50 (s50.a2 / and
                  :op2 (s50.p / perverse
                              :ARG1-of (s50.a / actual-02)
                              :degree (s50.v / very)
                              :domain (s50.t / that)))
   :snt51 (s51.t / thing
                 :domain (s51.p2 / prefer-01
                                 :ARG0 (s51.w2 / we
                                               :same-as s7.w)
                                 :ARG1 (s51.d / do-02
                                              :ARG0 s51.w2
                                              :ARG1 (s51.a2 / anything
                                                            :mod (s51.e / else))))
                 :mod (s51.p / perverse)
                 :mod (s51.a / another)
                 :time (s51.n / now)
                 :topic (s51.w / way
                               :manner-of (s51.b / buy-01
                                                 :ARG0 s51.w2
                                                 :ARG1 (s51.g / gas))))
   :snt52 (s52.s / station
                 :domain (s52.t / this
                                :same-as s44.t2)
                 :location (s52.d / downtown
                                  :part-of (s52.c / city
                                                  :name (s52.n2 / name
                                                                :op1 "Los"
                                                                :op2 "Angeles")))
                 :mod (s52.g / gas)
                 :poss (s52.c2 / company
                               :name (s52.n / name
                                            :op1 "BP")))
   :snt53 (s53.t / think-01
                 :ARG0 (s53.y / you
                              :same-as s2.y)
                 :ARG1 (s53.c / cause-01
                              :ARG0 (s53.a / amr-unknown)
                              :ARG1 (s53.w / work-01
                                           :ARG0 (s53.s4 / something
                                                         :mod (s53.l / lame
                                                                     :degree (s53.s2 / so)))
                                           :ARG1 (s53.p / person
                                                        :ARG1-of (s53.s / smart-06
                                                                        :degree (s53.s3 / so)))))
                 :time (s53.n / now))
   :snt54 (s54.c / cause-01
                 :ARG0 (s54.i / invest-01
                              :ARG0 (s54.w / we
                                           :same-as s7.w)
                              :ARG2 (s54.d / dissonance
                                           :mod (s54.c2 / cognition)
                                           :mod (s54.s / sort
                                                       :mod (s54.t / this)))
                              :degree (s54.v / very)
                              :time (s54.b / buy-01
                                           :ARG0 s54.w
                                           :ARG1 (s54.g / gas)))
                 :mod (s54.w2 / well))
   :snt55 (s55.m / mean-01
                 :ARG0 (s55.i / i
                              :same-as s2.y)
                 :ARG2 (s55.a / and
                              :op1 (s55.a2 / anger-01
                                           :ARG1 (s55.w2 / we
                                                         :same-as s7.w))
                              :op2 (s55.w / want-01
                                          :ARG0 s55.w2
                                          :ARG1 (s55.b / be-located-at-91
                                                       :ARG1 s55.w2
                                                       :ARG2 (s55.s / somewhere
                                                                    :mod (s55.e / else))))))
   :snt56 (s56.a / and
                 :op1 (s56.w / want-01
                             :ARG0 (s56.w3 / we
                                           :same-as s7.w)
                             :ARG1 (s56.b / buy-01
                                          :ARG0 s56.w3
                                          :ARG1 (s56.o / oil))
                             :polarity "-")
                 :op2 (s56.w2 / want-01
                              :ARG0 s56.w3
                              :ARG1 (s56.d / do-02
                                           :ARG0 s56.w3
                                           :ARG1 (s56.s / something
                                                        :ARG1-of (s56.g / green-03)))))
   :snt57 (s57.a / and
                 :op1 (s57.g / get-05
                             :ARG1 (s57.w / we
                                          :same-as s7.w)
                             :ARG2 (s57.p / participate-01
                                          :ARG0 s57.w
                                          :ARG1 (s57.c / conservative
                                                       :poss s57.w)
                                          :degree (s57.k / kind-of))))
   :snt58 (s58.m / mean-01
                 :ARG0 (s58.i / i
                              :same-as s2.y)
                 :ARG1 (s58.a / and
                              :op2 (s58.f2 / funny-02
                                           :ARG1 (s58.t / this))
                              :op3 (s58.l / look-02
                                          :ARG0 s58.t
                                          :ARG1 (s58.f / funny)
                                          :location (s58.h / here))))
   :snt59 (s59.c2 / contrast-01
                  :ARG2 (s59.c / cause-01
                               :ARG0 (s59.t / that)
                               :ARG1 (s59.w / work-09
                                            :ARG1 (s59.s / slogan
                                                         :mod (s59.b / beyond
                                                                     :op1 (s59.p / petroleum)))))
                  :mod (s59.i / in-fact))
   :snt60 (s60.c / contrast-01
                 :ARG2 (s60.h / have-part-91
                              :ARG1 (s60.p / policy-01
                                           :ARG0 (s60.w / we)
                                           :ARG2 (s60.e / energy))
                              :ARG1-of (s60.m / mean-01
                                              :ARG2 (s60.t / talk-01
                                                           :ARG0 s60.w
                                                           :ARG1 (s60.r / reduce-01
                                                                        :ARG0 s60.w
                                                                        :ARG1 (s60.a / amount
                                                                                     :ARG1-of (s60.u / use-01
                                                                                                     :ARG0 s60.w)
                                                                                     :quant-of (s60.o / oil)))
                                                           :polarity "-"))
                              :manner (s60.i / inherent)))
   :snt61 (s61.t / talk-01
                 :ARG0 (s61.w / we)
                 :ARG1 (s61.b / biofuel
                              :ARG1-of (s61.i / invent-01
                                              :time (s61.y / yet)
                                              :polarity "-")))
   :snt62 (s62.a / and
                 :op2 (s62.a2 / and
                              :op1 (s62.i2 / include-91
                                           :ARG1 (s62.d3 / dissonance
                                                         :mod (s62.c / cognition))
                                           :ARG2 (s62.w / way
                                                        :manner-of (s62.d / deal-01
                                                                          :ARG0 (s62.w2 / we)
                                                                          :ARG2 (s62.o / oil))))
                              :op2 (s62.i / important-01
                                          :ARG1 (s62.d2 / deal-01
                                                        :ARG2 (s62.s / spill-01
                                                                     :ARG1 (s62.o2 / oil)
                                                                     :mod (s62.t / this)))
                                          :degree (s62.r / really))))
   :snt63 (s63.i / infer-01
                 :ARG1 (s63.m / moral-02
                              :ARG1 (s63.p / politics
                                           :topic (s63.o / oil))
                              :degree (s63.v / very)
                              :location (s63.c / country
                                               :name (s63.n / name
                                                            :op1 "United"
                                                            :op2 "States")))
                 :ARG1-of (s63.o2 / okay-04))
   :snt64 (s64.c / contrast-01
                 :ARG1 (s64.r / resemble-01
                              :ARG1 (s64.i / industry
                                           :mod (s64.o2 / oil))
                              :ARG2 (s64.o / octopus
                                           :mod (s64.h / huge)
                                           :topic (s64.a2 / and
                                                          :op1 (s64.e2 / engineer-01)
                                                          :op2 (s64.f / finance-01)
                                                          :op3 (s64.e3 / everything
                                                                       :mod (s64.e / else)))))
                 :ARG2 (s64.s / see-01
                              :ARG0 (s64.w / we)
                              :ARG1 s64.r
                              :ARG1-of (s64.a / actual-02)
                              :ARG2 (s64.t / term
                                           :ARG1-of (s64.m / moral-02
                                                           :degree (s64.v / very)))))
   :snt65 (s65.p / photograph
                 :domain (s65.t / this
                                :same-as s4.t2)
                 :example (s65.s / see-01
                                 :ARG0 (s65.y / you)
                                 :ARG1 (s65.h / have-03
                                              :ARG0 (s65.w / we)
                                              :ARG1 (s65.g / gee
                                                           :mod (s65.t2 / this)))
                                 :ARG1-of (s65.p2 / possible-01))
                 :mod (s65.e / early))
   :snt66 (s66.a / and
                 :op1 (s66.l / look-01
                             :ARG0 (s66.j / journalist
                                          :mod (s66.e / early))
                             :ARG1 (s66.s2 / spill-01
                                           :mod (s66.t / this)
                                           :same-as s62.s))
                 :op2 (s66.s / say-01
                             :ARG0 s66.j
                             :ARG1 (s66.i / industry
                                          :domain s66.s2
                                          :mod (s66.f / filthy))))
   :snt67 (s67.c2 / contrast-01
                  :ARG2 (s67.s / see-01
                               :ARG0 (s67.t / they
                                            :same-as s66.j)
                               :ARG1 (s67.g / get-03
                                            :ARG1 (s67.p / person)
                                            :ARG1-of (s67.c / cause-01
                                                            :ARG0 (s67.d / do-02
                                                                         :ARG0 s67.p
                                                                         :ARG1 (s67.n / nothing)))
                                            :ARG2 (s67.r / rich))
                               :location (s67.i / it
                                                :same-as s64.i)
                               :mod (s67.a / also)))
   :snt68 (s68.c2 / contrast-01
                  :ARG1 (s68.p / person
                               :ARG0-of (s68.f / farm-01)
                               :domain (s68.t / they
                                              :same-as s67.p)
                               :polarity "-")
                  :ARG2 (s68.g / get-03
                               :ARG1 s68.t
                               :ARG2 (s68.r / rich)
                               :ARG3 (s68.s / stuff
                                            :ARG1-of (s68.c / come-01
                                                            :ARG3 (s68.g2 / ground)))
                               :mod (s68.j / just)))
   :snt69 (s69.b2 / broadcast-program
                  :name (s69.n / name
                               :op1 "Beverly"
                               :op2 "Hillbillies")
                  :domain (s69.i / it)
                  :mod (s69.b / basic))
   :snt70 (s70.c / contrast-01
                 :ARG2 (s70.s / see-01
                              :ARG1 (s70.t2 / this
                                            :same-as s64.i)
                              :ARG2 (s70.p / problem
                                           :ARG1-of (s70.m / moral-02)
                                           :degree (s70.v / very))
                              :domain (s70.t / thing)
                              :time (s70.b3 / begin-01)
                              :time (s70.b2 / before
                                            :ARG1-of (s70.l / long-03)
                                            :op1 (s70.b / become-01
                                                        :ARG1 s70.t2
                                                        :ARG2 (s70.f / funny-02
                                                                     :ARG1 s70.t)))))
   :snt71 (s71.a / and
                 :op2 (s71.p / person
                             :name (s71.n / name
                                          :op1 "John"
                                          :op2 "D."
                                          :op3 "Rockefeller")
                             :mod (s71.o / of-course)
                             :time (s71.t / then)))
   :snt72 (s72.a / and
                 :op2 (s72.a2 / and
                              :op1 (s72.g / go-02
                                          :ARG0 (s72.p / person
                                                       :name (s72.n / name
                                                                    :op1 "John"
                                                                    :op2 "D.")
                                                       :same-as s71.n)
                                          :ARG4 (s72.e / east
                                                       :direction (s72.w / wild)
                                                       :mod (s72.c / chaos)
                                                       :mod (s72.t / this)
                                                       :mod (s72.i / industry
                                                                   :mod (s72.o / oil))))
                              :op2 (s72.r / rationalize-01
                                          :ARG0 s72.p
                                          :ARG1 s72.e
                                          :ARG2 (s72.c2 / company
                                                        :ARG1-of (s72.i2 / integrate-01
                                                                         :ARG2 (s72.p3 / product
                                                                                       :ARG1-of (s72.p2 / price-01)))
                                                        :ARG1-of (s72.m / mean-01
                                                                        :ARG2 (s72.m2 / multinational)))))
                 :topic s72.p)
   :snt73 (s73.a2 / and
                  :op2 (s73.r / root-02
                              :ARG1 (s73.t / thing
                                           :manner-of (s73.s / see-01
                                                             :ARG0 (s73.w / we)
                                                             :ARG1 (s73.o / oil)
                                                             :ARG2 (s73.c / conspiracy)))
                              :ARG2 (s73.i / it
                                           :same-as s71.n)
                              :mod (s73.k / kind)
                              :mod (s73.a / also)))
   :snt74 (s74.c / contrast-01
                 :ARG2 (s74.a2 / amaze-01
                               :ARG0 (s74.a3 / and
                                             :op1 (s74.g2 / go-02
                                                          :ARG0 (s74.j / journalist
                                                                       :name (s74.n / name
                                                                                    :op1 "Ida"
                                                                                    :op2 "Tarbell")))
                                             :op2 (s74.e / expose-01
                                                         :ARG0 s74.j
                                                         :ARG1 (s74.p / person
                                                                      :name (s74.n2 / name
                                                                                    :op1 "Rockefeller")
                                                                      :same-as s71.n)
                                                         :mod (s74.b / big))
                                             :op2 (s74.g / get-04
                                                         :ARG0 s74.j
                                                         :ARG1 (s74.p2 / put-03
                                                                       :ARG1 (s74.l / law
                                                                                    :mod (s74.w / whole)
                                                                                    :topic (s74.a4 / antitrust))
                                                                       :ARG2 (s74.i / in-place))
                                                         :ARG1-of (s74.a / actual-02)))
                               :degree (s74.r / really)))
   :snt75 (s75.c2 / contrast-01
                  :ARG2 (s75.s / stick-01
                               :ARG1 (s75.i / image
                                            :mod (s75.t / that)
                                            :topic (s75.c / conspire-01))
                               :ARG2 (s75.w2 / we)
                               :manner (s75.w / way
                                              :quant (s75.m / many))
                               :time (s75.s2 / still)))
   :snt76 (s76.a / and
                 :op2 (s76.h3 / here
                              :location (s76.t2 / thing
                                                :ARG1-of (s76.i / include-91
                                                                :ARG2 (s76.t3 / thing
                                                                              :ARG1-of (s76.s / say-01
                                                                                              :ARG0 (s76.p / person
                                                                                                           :name (s76.n / name
                                                                                                                        :op1 "Ida"
                                                                                                                        :op2 "Tarbell")
                                                                                                           :same-as s74.j)
                                                                                              :ARG3 (s76.h / have-03
                                                                                                           :ARG0 (s76.h2 / he
                                                                                                                         :same-as s71.n)
                                                                                                           :ARG1 (s76.n2 / nose
                                                                                                                         :ARG1-of (s76.t / thin-03)
                                                                                                                         :ARG1-of (s76.r / resemble-01
                                                                                                                                         :ARG2 (s76.t4 / thorn)))))))
                                                :quant "1")))
   :snt77 (s77.l / lip
                 :polarity "-")
   :snt78 (s78.p / puff-01
                 :location (s78.u / under
                                  :op1 (s78.e / eye
                                              :ARG0-of (s78.h / have-03
                                                              :ARG1 (s78.c2 / cretin
                                                                            :ARG0-of (s78.r / run-02
                                                                                            :source s78.e)))
                                              :ARG1-of (s78.c / color-01
                                                              :polarity "-")
                                              :mod (s78.l / little))))
   :snt79 (s79.i / infer-01
                 :ARG1 (s79.a / accompany-01
                              :ARG0 (s79.g / guy
                                           :mod (s79.t / that)
                                           :same-as s71.n)
                              :ARG1 (s79.w / we)
                              :ARG1-of (s79.a2 / actual-02)
                              :mod (s79.s / still))
                 :ARG1-of (s79.o / okay-04))
   :snt80 (s80.m / mean-01
                 :ARG0 (s80.i / i
                              :same-as s2.i)
                 :ARG2 (s80.p / pervade-01
                              :ARG0 (s80.t / this
                                           :part-of (s80.n2 / nucleic-acid
                                                            :name (s80.n / name
                                                                         :op1 "DNA")
                                                            :poss (s80.w / we
                                                                         :same-as s79.w)))
                              :degree (s80.v / very)))
   :snt81 (s81.a / and
                 :op2 (s81.g / guy
                             :ARG1-of (s81.o / okay-04)
                             :mod (s81.t2 / this
                                          :same-as s71.n)
                             :time (s81.t / then)))
   :snt82 (s82.p2 / possible-01
                  :ARG1 (s82.w2 / wonder-01
                                :ARG0 (s82.y / you)
                                :ARG1 (s82.t / thing
                                             :ARG0-of (s82.c2 / cause-01
                                                              :ARG1 (s82.a / and
                                                                           :op1 (s82.h / have-03
                                                                                       :ARG0 (s82.w / we)
                                                                                       :ARG1 (s82.o3 / or
                                                                                                     :op1 (s82.p3 / price-01
                                                                                                                  :ARG1 (s82.o2 / oil)
                                                                                                                  :ARG1-of (s82.h3 / high-02))
                                                                                                     :op2 (s82.s3 / spill-01
                                                                                                                  :ARG1 s82.o2))
                                                                                       :mod (s82.e / every))
                                                                           :op1 (s82.c / call-02
                                                                                       :ARG0 s82.w
                                                                                       :ARG1 (s82.p / person
                                                                                                    :ARG0-of (s82.h2 / have-org-role-91
                                                                                                                     :ARG2 (s82.o / officer
                                                                                                                                  :mod (s82.c3 / chief)
                                                                                                                                  :mod (s82.e2 / executive)))
                                                                                                    :mod (s82.t2 / this))
                                                                                       :ARG2 (s82.g / government-organization
                                                                                                    :name (s82.n / name
                                                                                                                 :op1 "Washington"))
                                                                                       :direction (s82.d / down))
                                                                           :op2 (s82.s4 / spray-01
                                                                                        :ARG0 s82.w
                                                                                        :ARG1 s82.p
                                                                                        :ARG2 (s82.q / question-01
                                                                                                     :ARG1-of (s82.p4 / public-02))
                                                                                        :degree (s82.s2 / sort-of))
                                                                           :op3 (s82.t3 / try-01
                                                                                        :ARG0 s82.w
                                                                                        :ARG1 (s82.s / shame-01
                                                                                                     :ARG0 s82.w
                                                                                                     :ARG1 s82.p)))))))
   :snt83 (s83.a2 / and
                  :op2 (s83.s2 / something
                               :ARG1-of (s83.d2 / do-02
                                                :ARG0 (s83.w / we
                                                             :same-as s82.w)
                                                :time (s83.s / since
                                                             :op1 (s83.d / date-entity
                                                                         :time-of (s83.a3 / ask-01
                                                                                          :ARG0 s83.w
                                                                                          :ARG1 (s83.c / cause-01
                                                                                                       :ARG0 (s83.a / amr-unknown)
                                                                                                       :ARG1 (s83.p / profit-01
                                                                                                                    :mod (s83.o / obscene)
                                                                                                                    :mod (s83.t3 / this)))
                                                                                          :ARG2 (s83.t / they
                                                                                                       :same-as s82.p)
                                                                                          :time (s83.f / first))
                                                                         :year "1974")))
                               :domain (s83.t2 / this)))
   :snt84 (s84.a / and
                 :op2 (s84.p2 / personalize-01
                              :ARG0 (s84.w / we
                                           :same-as s82.w)
                              :ARG1 (s84.i / industry
                                           :mod (s84.o2 / oil)
                                           :mod (s84.w2 / whole)
                                           :same-as s64.i)
                              :ARG2 (s84.p / person
                                           :ARG0-of (s84.h / have-org-role-91
                                                           :ARG2 (s84.o / officer
                                                                        :mod (s84.c / chief)
                                                                        :mod (s84.e / executive)))
                                           :mod (s84.t / this)
                                           :same-as s82.p)
                              :degree (s84.s / sort-of)))
   :snt85 (s85.a / and
                 :op2 (s85.t / take-04
                             :ARG0 (s85.w / we
                                          :same-as s82.w)
                             :ARG1 (s85.i2 / it)
                             :ARG2 (s85.l4 / look-01
                                           :ARG0 s85.w
                                           :ARG1 s85.i2
                                           :ARG1-of (s85.k / know-01
                                                           :ARG0 (s85.y / you))
                                           :ARG1-of (s85.i / instead-of-91
                                                           :ARG2 (s85.l5 / look-01
                                                                         :ARG0 s85.w
                                                                         :ARG1 s85.i2
                                                                         :ARG2 (s85.l3 / level
                                                                                       :ARG1-of (s85.l / legal-02)
                                                                                       :mod (s85.f / finance))))
                                           :manner (s85.l2 / level
                                                           :ARG1-of (s85.m / moral-02)))))
   :snt86 (s86.a2 / and
                  :op2 (s86.s / say-01
                              :ARG0 (s86.i / i
                                           :same-as s2.i)
                              :ARG1 (s86.l2 / liable-02
                                            :ARG1 (s86.g4 / guy
                                                          :mod (s86.t2 / this)
                                                          :same-as s82.p)
                                            :ARG2 (s86.a4 / answer-01
                                                          :ARG0 s86.g4
                                                          :ARG1 (s86.q / question-01))
                                            :polarity "-")
                              :polarity "-")
                  :op3 (s86.s2 / say-01
                               :ARG0 s86.i
                               :ARG1 (s86.g / get-05
                                            :ARG1 (s86.y / you)
                                            :ARG1-of (s86.a / actual-02)
                                            :ARG2 (s86.a5 / around)
                                            :condition (s86.f / focus-01
                                                              :ARG0 s86.y
                                                              :ARG1 (s86.o3 / or
                                                                            :op1 (s86.b / bastard
                                                                                        :quant (s86.b3 / bunch)
                                                                                        :domain (s86.t / they
                                                                                                       :same-as s82.p)
                                                                                        :mod (s86.g3 / greedy))
                                                                            :op2 (s86.b2 / bastard
                                                                                         :domain s86.t
                                                                                         :mod s86.g3
                                                                                         :polarity "-")))
                                            :op1 (s86.p / point
                                                        :mod (s86.m / make-01
                                                                    :ARG0 s86.y
                                                                    :ARG1 (s86.l / law
                                                                                 :ARG0-of (s86.c / change-01
                                                                                                 :ARG1 (s86.w / way
                                                                                                              :manner-of (s86.o2 / operate-01
                                                                                                                                 :ARG0 s86.t))
                                                                                                 :op1-of (s86.o4 / or
                                                                                                                 :op2 (s86.a3 / and
                                                                                                                              :op1 (s86.g2 / get-05
                                                                                                                                           :ARG0 s86.y
                                                                                                                                           :ARG1 s86.y
                                                                                                                                           :ARG2 (s86.a6 / around))
                                                                                                                              :op2 (s86.r / reduce-01
                                                                                                                                          :ARG0 s86.y
                                                                                                                                          :ARG1 (s86.d / depend-01
                                                                                                                                                       :ARG0 (s86.w2 / we)
                                                                                                                                                       :ARG1 (s86.o / oil)))))))))
                                            :polarity "-")
                               :mod (s86.j / just)))
   :snt87 (s87.c / cause-01
                 :ARG1 (s87.s / say-01
                              :ARG0 (s87.i / i
                                           :same-as s2.i)
                              :ARG1 (s87.d / distract-01
                                           :ARG0 (s87.t / this)
                                           :degree (s87.k / kind-of))))
   :snt88 (s88.c2 / contrast-01
                  :ARG2 (s88.a / and
                               :op1 (s88.m / make-02
                                           :ARG0 (s88.i / it
                                                        :same-as s87.t)
                                           :ARG1 (s88.t / theater
                                                        :ARG1-of (s88.g / good-02)))
                               :op2 (s88.c / cathartic
                                           :ARG1-of (s88.s / see-01
                                                           :ARG0 (s88.y / you)
                                                           :mod (s88.p2 / probable)
                                                           :time (s88.w / week
                                                                        :mod (s88.l / last)))
                                           :ARG2-of (s88.p / powerful-02)
                                           :domain s88.i)))
   :snt89 (s89.g / galvanize-01
                 :ARG0 (s89.s / spill-01
                              :ARG1 (s89.o / oil
                                           :mod (s89.w / water)))
                 :degree (s89.v / very)
                 :manner (s89.p / politics))
   :snt90 (s90.m / mean-01
                 :ARG0 (s90.i / i
                              :same-as s2.i)
                 :ARG2 (s90.b / be-from-91
                              :ARG1 (s90.p / picture
                                           :mod (s90.t / this))
                              :ARG2 (s90.s / spill-01
                                           :location (s90.l / local-region
                                                            :name (s90.n / name
                                                                         :op1 "Santa"
                                                                         :op2 "Barbara"))
                                           :same-as s62.s)))
   :snt91 (s91.h / have-03
                 :ARG0 (s91.y / you)
                 :ARG1 (s91.p / picture
                              :mod (s91.t / this)
                              :topic (s91.b / bird)))
   :snt92 (s92.i / influence-01
                 :ARG0 (s92.t / they
                              :same-as s91.p)
                 :ARG1 (s92.p / person)
                 :degree (s92.r / really))
   :snt93 (s93.f2 / form-01
                  :ARG0 (s93.s / spill-01
                               :location (s93.c / county
                                                :name (s93.n / name
                                                             :op1 "Santa"
                                                             :op2 "Barbara")
                                                :same-as s62.s
                                                :same-as s90.l)
                               :time (s93.d / date-entity
                                            :year "1969"))
                  :ARG1 (s93.m2 / movement-07
                                :ARG1 (s93.e / environment))
                  :manner (s93.f / form
                                 :ARG1-of (s93.m / modern-02)
                                 :poss s93.m2))
   :snt94 (s94.s / start-01
                 :ARG0 (s94.i / it
                              :same-as s62.s)
                 :ARG1 (s94.e / event
                              :name (s94.n / name
                                           :op1 "Earth"
                                           :op2 "Day")))
   :snt95 (s95.p / put-03
                 :ARG0 (s95.i2 / it
                               :same-as s62.s)
                 :ARG1 (s95.i / in-place)
                 :domain (s95.a2 / and
                                 :op1 (s95.l / law
                                             :name (s95.n / name
                                                          :op1 "National"
                                                          :op2 "Environmental"
                                                          :op3 "Policy"
                                                          :op4 "Act"))
                                 :op2 (s95.l2 / law
                                              :name (s95.n2 / name
                                                            :op1 "Clean"
                                                            :op2 "Air"
                                                            :op3 "Act"))
                                 :op3 (s95.l3 / law
                                              :name (s95.n3 / name
                                                            :op1 "Clean"
                                                            :op2 "Water"
                                                            :op3 "Act")))
                 :mod (s95.a / also))
   :snt96 (s96.s / stem-01
                 :ARG1 (s96.e / everything
                              :domain (s96.w / we
                                             :same-as s7.w))
                 :ARG1-of (s96.r / real-04)
                 :ARG2 (s96.p / period
                              :mod (s96.t / this)))
   :snt97 (s97.t / think-01
                 :ARG0 (s97.i / i
                              :same-as s2.i)
                 :ARG1 (s97.i2 / important-01
                               :ARG1 (s97.a / and
                                            :op1 (s97.l / look-01
                                                        :ARG0 s97.i
                                                        :ARG1 (s97.p / picture
                                                                     :mod (s97.t2 / this)
                                                                     :topic (s97.b / bird
                                                                                   :same-as s91.b)
                                                                     :same-as s91.p)
                                                        :degree (s97.k / kind-of))
                                            :op2 (s97.u / understand-01
                                                        :ARG0 s97.i
                                                        :ARG1 (s97.e / event
                                                                     :beneficiary (s97.w / we))))))
   :snt98 (s98.a / and
                 :op1 (s98.b / be-located-at-91
                             :ARG1 (s98.w / we)
                             :ARG1-of (s98.n / normal-02)
                             :ARG2 (s98.h2 / here))
                 :op2 (s98.s / stand-01
                             :ARG1 s98.w
                             :ARG2 (s98.p / pump
                                          :mod (s98.g / gas)))
                 :op3 (s98.f / feel-01
                             :ARG0 s98.w
                             :ARG1 (s98.h / helpless
                                          :degree (s98.k / kind-of)
                                          :domain s98.w)))
   :snt99 (s99.a / and
                 :op1 (s99.l / look-01
                             :ARG0 (s99.w / we
                                          :same-as s98.w)
                             :ARG1 (s99.p / picture
                                          :mod (s99.t / this)
                                          :same-as s91.p))
                 :op2 (s99.u / understand-01
                             :ARG0 s99.w
                             :ARG1 (s99.r / role
                                          :poss s99.w
                                          :prep-in (s99.c / chain-01
                                                          :ARG1 (s99.s / supply-01)))
                             :ord (s99.o / ordinal-entity
                                         :value "1")))
   :snt100 (s100.c2 / connect-01
                    :ARG0 (s100.w / we
                                  :same-as s98.w)
                    :ARG1 (s100.d / dot)
                    :location (s100.c / chain
                                      :mod (s100.s / supply-01)
                                      :same-as s99.c))
   :snt101 (s101.a / and
                   :op2 (s101.h / have-03
                                :ARG0 (s101.w / we))
                   :op3 (s101.h2 / have-03
                                 :ARG0 (s101.p / person
                                               :ARG0-of (s101.v / vote-01))
                                 :ARG1 (s101.m / moment
                                               :mod (s101.e / eureka
                                                            :degree (s101.k2 / kind-of))
                                               :mod (s101.k / kind
                                                            :mod (s101.t / this)))))
   :snt102 (s102.c / cause-01
                   :ARG0 (s102.t / this)
                   :ARG1 (s102.i / important-01
                                 :ARG1 (s102.m / moment
                                               :mod s102.t
                                               :part-of (s102.s / spill-01
                                                                :ARG1 (s102.o / oil)
                                                                :mod (s102.t2 / this)
                                                                :same-as s62.s))))
   :snt103 (s103.c / contrast-01
                   :ARG2 (s103.i / important-01
                                 :ARG1 (s103.d / distract-01
                                               :ARG1 (s103.w / we)
                                               :ARG2 (s103.o / or
                                                             :op1 (s103.t / theater)
                                                             :op2 (s103.m / moral-02
                                                                          :ARG1 s103.t))
                                               :polarity "-")
                                 :degree (s103.r / really)
                                 :mod (s103.a / also)))
   :snt104 (s104.n / need-01
                   :ARG1 (s104.a2 / and
                                  :op1 (s104.w / we)
                                  :op2 (s104.w2 / work-01
                                                :ARG0 s104.w
                                                :ARG1 (s104.r / root-02
                                                              :ARG1 (s104.p / problem))))
                   :ARG1-of (s104.a / actual-02))
   :snt105 (s105.i / include-91
                   :ARG1 (s105.w2 / work-01
                                  :ARG0 (s105.w / we)
                                  :ARG1 (s105.s3 / symptom
                                                 :mod (s105.s / some))
                                  :ARG1-of (s105.r / real-04))
                   :ARG2 (s105.t / thing
                                 :topic (s105.s2 / spill-01
                                                 :ARG1 (s105.o / oil)
                                                 :time (s105.p / previous)
                                                 :quant "2")))
   :snt106 (s106.r / react-01
                   :ARG0 (s106.w / we
                                 :same-as s105.w)
                   :ARG1-of (s106.i / instead-of-91
                                    :ARG2 (s106.p / proactive
                                                  :domain s106.w
                                                  :topic (s106.e / event)))
                   :degree (s106.v / very))
   :snt107 (s107.a2 / and
                    :op2 (s107.m / make-01
                                 :ARG0 (s107.w / we
                                               :same-as s105.w)
                                 :ARG1 (s107.f / freeze-02
                                               :ARG1 (s107.d / drill-01)
                                               :location (s107.a3 / and
                                                                  :op1 (s107.c / country-region
                                                                               :name (s107.n / name
                                                                                             :op1 "East"))
                                                                  :op2 (s107.c2 / country-region
                                                                                :name (s107.n2 / name
                                                                                               :op1 "West"
                                                                                               :op2 "Coast"
                                                                                               :op2 "coast"))))
                                 :ARG1-of (s107.a / actual-02)))
   :snt108 (s108.c2 / contrast-01
                    :ARG1 (s108.s / stop-01
                                  :ARG0 (s108.w / we
                                                :same-as s105.w)
                                  :ARG1 (s108.d / drill-01
                                                :ARG0 s108.w
                                                :ARG1 (s108.f / facility
                                                              :name (s108.n / name
                                                                            :op1 "ANWR"))))
                    :ARG2 (s108.r / reduce-01
                                  :ARG0 s108.w
                                  :ARG1 (s108.a2 / amount
                                                 :ARG1-of (s108.c / consume-01
                                                                  :ARG0 s108.w)
                                                 :quant-of (s108.o / oil))
                                  :ARG1-of (s108.a / actual-02)
                                  :polarity "-"))
   :snt109 (s109.c / continue-01
                   :ARG1 (s109.i2 / increase-01
                                  :ARG1 (s109.i3 / it
                                                 :same-as s108.a2))
                   :mod (s109.i / in-fact))
   :snt110 (s110.r2 / reduce-01
                    :ARG0 (s110.p / price-01
                                  :ARG1-of (s110.h / have-degree-91
                                                   :ARG2 (s110.h2 / high-02)
                                                   :ARG3 (s110.m / more
                                                                 :quant (s110.m2 / much))))
                    :ARG1 (s110.a / amount
                                  :quant-of (s110.o / oil
                                                    :ARG1-of (s110.c / consume-01
                                                                     :ARG0 (s110.w / we
                                                                                   :same-as s105.w)))
                                  :same-as s108.a2)
                    :ARG1-of (s110.r / real-04)
                    :mod (s110.o2 / only))
   :snt111 (s111.p / possible-01
                   :ARG1 (s111.s / see-01
                                 :ARG0 (s111.y / you)
                                 :ARG1 (s111.f / fall-01
                                               :ARG1 (s111.p2 / produce-01
                                                              :ARG0 (s111.w / we
                                                                            :same-as s105.w))
                                               :ARG1-of (s111.c / cause-01
                                                                :ARG0 (s111.g / get-03
                                                                              :ARG1 (s111.r / reservoir
                                                                                            :poss s111.w)
                                                                              :ARG2 (s111.a / and
                                                                                            :op1 (s111.o2 / old
                                                                                                          :domain s111.r)
                                                                                            :op2 (s111.e / expensive
                                                                                                         :purpose (s111.d / drill-01
                                                                                                                          :ARG1 s111.r)))))
                                               :ARG2 (s111.o / off))))
   :snt112 (s112.a / and
                   :op1 (s112.h / have-03
                                :ARG0 (s112.w / we
                                              :same-as s105.w)
                                :ARG1 (s112.p / percentage-entity
                                              :ARG1-of (s112.i / include-91
                                                               :ARG2 (s112.r / reserve
                                                                             :mod (s112.o / oil)
                                                                             :poss (s112.w2 / world
                                                                                            :same-as s8.w2)))
                                              :value "2")
                                :mod (s112.o2 / only))
                   :op2 (s112.b / be-located-at-91
                                :ARG1 (s112.i2 / include-91
                                               :ARG2 s112.r
                                               :ARG3 (s112.p2 / percentage-entity
                                                              :value "65"))
                                :ARG2 (s112.w3 / world-region
                                               :name (s112.n / name
                                                             :op1 "Persian"
                                                             :op2 "Gulf"))))
   :snt113 (s113.i / include-91
                   :ARG1 (s113.h / have-06
                                 :ARG0 (s113.o2 / or
                                                :domain (s113.d2 / delta
                                                                 :ARG1-of (s113.h2 / have-quant-91
                                                                                   :ARG2 (s113.s2 / size-01
                                                                                                  :ARG4 (s113.s4 / state
                                                                                                                 :name (s113.n2 / name
                                                                                                                                :op1 "Maryland")))
                                                                                   :ARG3 (s113.t4 / times
                                                                                                  :quant "2")))
                                                :op1 (s113.c2 / country
                                                              :name (s113.n / name
                                                                            :op1 "Nigeria")
                                                              :part (s113.p / part
                                                                            :ARG0-of (s113.p2 / pump-01
                                                                                              :ARG1 (s113.o / oil))))
                                                :op2 s113.p)
                                 :ARG1 (s113.s3 / spill-01
                                                :quant (s113.m / multiple
                                                               :op1 "1000")
                                                :ARG1 s113.o
                                                :frequency (s113.r / rate-entity-91
                                                                   :ARG2 (s113.t / temporal-quantity
                                                                                 :unit (s113.y / year)
                                                                                 :quant "1")))
                                 :time (s113.s / since
                                               :op1 (s113.d / date-entity
                                                            :year "1969"
                                                            :same-as s93.d)))
                   :ARG2 (s113.t2 / thing
                                  :ARG1-of (s113.c / cause-01
                                                   :ARG0 (s113.t3 / this))))
   :snt114 (s114.m / mean-01
                   :ARG0 (s114.i / i
                                 :same-as s2.i)
                   :ARG2 (s114.e3 / export-01
                                  :ARG0 (s114.w / we
                                                :same-as s113.c2)
                                  :ARG1 (s114.s / spill-01
                                                :ARG1 (s114.o / oil))
                                  :mod (s114.e2 / essential)
                                  :time (s114.i2 / import-01
                                                 :ARG0 s114.w
                                                 :ARG1 s114.o
                                                 :ARG2 (s114.p / place
                                                               :ARG0-of (s114.r / regulate-01
                                                                                :ARG1 (s114.e / environment)
                                                                                :ARG1-of (s114.t / tight-05)
                                                                                :polarity "-")))))
   :snt115 (s115.e / equal-01
                   :ARG1 (s115.t2 / that
                                  :same-as s114.i2)
                   :ARG2 (s115.s3 / spill-01
                                  :ARG0 (s115.s / ship
                                                :name (s115.n / name
                                                              :op1 "Exxon"
                                                              :op2 "Valdez")))
                   :frequency (s115.r / rate-entity-91
                                      :ARG2 (s115.t / temporal-quantity
                                                    :unit (s115.y / year)
                                                    :quant "1"))
                   :time (s115.s2 / since
                                  :op1 (s115.d / date-entity
                                               :year "1969"
                                               :same-as s93.d)))
   :snt116 (s116.a2 / and
                    :op2 (s116.c2 / contrast-01
                                  :ARG1 (s116.p / possible-01
                                                :ARG1 (s116.w3 / wrap-01
                                                               :ARG0 (s116.w2 / we
                                                                              :part (s116.h / head))
                                                               :ARG1 s116.h
                                                               :ARG2 (s116.s2 / spill-01
                                                                              :same-as s62.s))
                                                :ARG1-of (s116.c / cause-01
                                                                 :ARG0 (s116.s / see-01
                                                                               :ARG0 s116.w2
                                                                               :ARG1 s116.s2
                                                                               :location (s116.h2 / here))))
                                  :ARG2 (s116.l / live-01
                                                :ARG0 (s116.g / guy
                                                              :mod (s116.t / this)
                                                              :same-as s82.p)
                                                :ARG1-of (s116.a / actual-02)
                                                :location (s116.z / zone
                                                                  :mod (s116.w / war))
                                                :mod (s116.i / in-fact))))
   :snt117 (s117.a2 / and
                    :op1 (s117.r / rate-entity-91
                                 :ARG1 (s117.d / die-01
                                               :ARG1-of (s117.r2 / relate-01
                                                                 :ARG2 (s117.b / battle-01))
                                               :location (s117.a3 / area
                                                                  :ARG1-of (s117.s / size-01
                                                                                   :ARG3 (s117.t3 / times
                                                                                                  :quant "2")
                                                                                   :ARG4 (s117.s2 / state
                                                                                                  :name (s117.n / name
                                                                                                                :op1 "Maryland")
                                                                                                  :same-as s113.s4))
                                                                  :mod (s117.t2 / this)
                                                                  :same-as s113.o2)
                                               :quant "1000")
                                 :ARG2 (s117.t / temporal-quantity
                                               :unit (s117.y / year)
                                               :quant "1"))
                    :op2 (s117.r3 / relate-01
                                  :ARG1 (s117.a / all)
                                  :ARG2 (s117.o / oil)))
   :snt118 (s118.a2 / and
                    :op2 (s118.m / mean-01
                                 :ARG0 (s118.i / i
                                               :same-as s2.i)
                                 :ARG1 (s118.g / guy
                                               :mod (s118.t / this)
                                               :same-as s82.p)
                                 :ARG2 (s118.p / possible-01
                                               :ARG1 (s118.b2 / be-located-at-91
                                                              :ARG1 s118.g
                                                              :ARG1-of (s118.a / actual-02)
                                                              :ARG2 (s118.h / here
                                                                            :location (s118.r / room
                                                                                              :mod s118.t)))
                                               :condition (s118.b / be-located-at-91
                                                                  :ARG1 s118.g
                                                                  :ARG2 (s118.c / country
                                                                                :name (s118.n / name
                                                                                              :op1 "U.S.")
                                                                                :same-as s63.c)))))
   :snt119 (s119.h / have-03
                   :ARG0 (s119.t / they
                                 :same-as s82.p)
                   :ARG1 (s119.a / and
                                 :op1 (s119.d / degree
                                              :mod (s119.s / science
                                                           :mod (s119.p / politics)))
                                 :op2 (s119.d2 / degree
                                               :mod (s119.b / business))))
   :snt120 (s120.e / entrepreneur
                   :domain (s120.t / they
                                   :same-as s82.p))
   :snt121 (s121.w / want-01
                   :ARG0 (s121.t / they
                                 :same-as s82.p)
                   :ARG1 (s121.d / do-02
                                 :ARG0 s121.t
                                 :ARG1 (s121.t2 / thing
                                                :ARG1-of (s121.d2 / do-02
                                                                  :ARG0 s121.t)))
                   :ARG1-of (s121.a / actual-02)
                   :polarity "-")
   :snt122 (s122.a / and
                   :op2 (s122.i / include-91
                                :ARG1 (s122.i2 / it)
                                :ARG2 (s122.g / group
                                              :consist-of (s122.p2 / person
                                                                   :ARG0-of (s122.p / pay-01
                                                                                    :ARG1 (s122.m / monetary-quantity
                                                                                                  :ARG2-of (s122.p3 / price-01))
                                                                                    :ARG3 (s122.w / we)))
                                              :mod (s122.o / other))
                                :degree "1")
                   :rel (s122.s / sort-of))
   :snt123 (s123.p / play-01
                   :ARG0 (s123.w / we
                                 :same-as s122.w)
                   :ARG1 (s123.g / game
                                 :mod (s123.s / shell))
                   :ARG2 (s123.c2 / cost-01)
                   :degree (s123.k / kind-of)
                   :mod (s123.t / thing
                                :ARG1-of (s123.d2 / do-02
                                                  :ARG0 s123.w
                                                  :time (s123.c / continue-01
                                                                :ARG0 s123.w
                                                                :ARG1 (s123.i / increase-01
                                                                              :ARG0 s123.w
                                                                              :ARG1 (s123.d / demand-01))))
                                :mod (s123.o / other)))
   :snt124 (s124.i / include-91
                   :ARG2 (s124.p / place
                                 :location-of (s124.p3 / put-01
                                                       :ARG0 (s124.w / we
                                                                     :same-as s122.w)
                                                       :ARG1 (s124.p2 / project
                                                                      :accompanier (s124.c / company
                                                                                           :name (s124.n2 / name
                                                                                                          :op1 "Exxon"))
                                                                      :location (s124.c2 / country
                                                                                         :name (s124.n / name
                                                                                                       :op1 "Chad"))
                                                                      :mod (s124.o / oil)
                                                                      :mod (s124.b / big)))))
   :snt125 (s125.a / and
                   :op1 (s125.p2 / pay-01
                                 :ARG0 (s125.p4 / person
                                                :ARG0-of (s125.p / pay-01
                                                                 :ARG3 (s125.t / tax))
                                                :mod (s125.c2 / country
                                                              :name (s125.n / name
                                                                            :op1 "U.S.")))
                                 :ARG3 (s125.i / it
                                               :same-as s124.c2))
                   :op2 (s125.p3 / pay-01
                                 :ARG0 (s125.a2 / and
                                                :op1 (s125.o / organization
                                                             :name (s125.n2 / name
                                                                            :op1 "World"
                                                                            :op2 "Bank"))
                                                :op2 (s125.c / company
                                                             :name (s125.n3 / name
                                                                            :op1 "Exxon")
                                                             :same-as s124.c))
                                 :ARG3 s125.i))
   :snt126 (s126.b / be-located-at-91
                   :ARG1 (s126.i / i
                                 :same-as s2.i)
                   :ARG2 (s126.t / there)
                   :time (s126.d / date-entity
                                 :year "2003"))
   :snt127 (s127.a3 / and
                    :op1 (s127.d2 / drive-01
                                  :ARG0 (s127.w / we)
                                  :ARG1 (s127.a2 / along
                                                 :op1 (s127.r2 / road
                                                               :ARG1-of (s127.d / dark-02)
                                                               :mod (s127.t / this))))
                    :op2 (s127.s / step-01
                                 :ARG0 (s127.g2 / guy
                                                :ARG1-of (s127.g / green-02))
                                 :ARG2 (s127.o / out))
                    :op3 (s127.r / resemble-01
                                 :ARG1 (s127.i / i
                                               :same-as s2.i)
                                 :ARG2 (s127.b / be-it-07
                                               :ARG1 (s127.t2 / this)
                                               :mod (s127.a / ah
                                                            :mode "expressive"))
                                 :mod (s127.j / just)))
   :snt128 (s128.a / and
                   :op2 (s128.s / step-01
                                :ARG1 (s128.g / guy
                                              :ARG1-of (s128.u / uniform-01
                                                               :ARG2 (s128.c / company
                                                                             :name (s128.n / name
                                                                                           :op1 "Exxon")
                                                                             :same-as s124.c)))
                                :direction (s128.o2 / out))
                   :op3 (s128.r / realize-01
                                :ARG0 (s128.w / we
                                              :same-as s127.w)
                                :ARG1 (s128.o / okay-04
                                              :ARG1 (s128.i / it)))
                   :time (s128.t / then))
   :snt129 (s129.h / have-03
                   :ARG0 (s129.t / they)
                   :ARG1 (s129.a / army
                                 :location (s129.a2 / around
                                                    :location (s129.f / field
                                                                      :mod (s129.o / oil))
                                                    :op1 s129.t)
                                 :mod (s129.s / sort
                                              :ARG1-of (s129.p / private-02
                                                               :ARG2 s129.t))))
   :snt130 (s130.c / contrast-01
                   :ARG2 (s130.a / and
                                 :op1 (s130.b / become-01
                                              :ARG1 (s130.c2 / country
                                                             :name (s130.n / name
                                                                           :op1 "Chad"
                                                                           :same-as s124.c2)
                                                             :ARG2 (s130.h / have-degree-91
                                                                           :ARG2 (s130.s2 / stable-03
                                                                                          :ARG1 s130.c2
                                                                                          :polarity "-")
                                                                           :ARG3 (s130.m / more
                                                                                         :quant (s130.m2 / much)))
                                                             :ARG1-of s130.h))
                                 :op2 (s130.p / pay-01
                                              :ARG0 (s130.w / we)
                                              :ARG2 (s130.p3 / pump)
                                              :ARG3 (s130.t2 / thing
                                                             :ARG2-of (s130.p2 / price-01)
                                                             :mod (s130.t / that))
                                              :polarity "-")
                                 :time (s130.t3 / time
                                                :ARG1-of (s130.s / same-01))))
   :snt131 (s131.p / pay-01
                   :ARG0 (s131.w / we
                                 :same-as s130.w)
                   :ARG1 (s131.t / tax-01
                                 :ARG2 s131.w)
                   :ARG3 (s131.i / it
                                 :same-as s130.t2)
                   :time (s131.d / date-entity
                                 :day "15"
                                 :month "4"))
   :snt132 (s132.d / do-02
                   :ARG0 (s132.w / we
                                 :same-as s130.w)
                   :ARG1 (s132.t / thing
                                 :ARG1-of (s132.s / same-01))
                   :ARG2 (s132.t2 / thing
                                  :ARG2-of (s132.p2 / price-01
                                                    :ARG1 (s132.a / and
                                                                  :op1 (s132.p / police-01
                                                                               :ARG1 (s132.w2 / world-region
                                                                                              :name (s132.n / name
                                                                                                            :op1 "Persian"
                                                                                                            :op2 "Gulf")
                                                                                              :same-as s112.w3))
                                                                  :op2 (s132.k / keep-01
                                                                               :ARG0 s132.w
                                                                               :ARG1 (s132.o / open-09
                                                                                             :ARG1 (s132.l / lane
                                                                                                           :purpose (s132.s2 / ship-01))))))))
   :snt133 (s133.a2 / and
                    :op1 (s133.d / date-entity
                                 :domain (s133.t / this)
                                 :year "1988")
                    :op2 (s133.b / bomb-01
                                 :ARG0 (s133.w / we)
                                 :ARG1 (s133.p / platform
                                               :mod (s133.o / oil)
                                               :mod (s133.c / country
                                                            :name (s133.n / name
                                                                          :op1 "Iran"))
                                               :quant "2")
                                 :ARG1-of (s133.a / actual-02)
                                 :time s133.d))
   :snt134 (s134.b / begin-01
                   :ARG1 (s134.i / involve-01
                                 :ARG1 (s134.c / country
                                               :name (s134.n / name
                                                             :op1 "U.S."))
                                 :ARG1-of (s134.e / escalate-01)
                                 :ARG3-of (s134.p / pay-01
                                                  :ARG0 (s134.w / we
                                                                :same-as s133.w)
                                                  :ARG2 (s134.p2 / pump)
                                                  :polarity "-")
                                 :location (s134.t2 / there))
                   :ARG2 (s134.t / that
                                 :same-as s133.b))
   :snt135 (s135.a / and
                   :op1 (s135.p / pay-01
                                :ARG0 (s135.w / we
                                              :same-as s133.w)
                                :ARG3 (s135.i2 / it
                                               :same-as s134.i)
                                :time (s135.d / date-entity
                                              :day "15"
                                              :month "4"
                                              :same-as s131.d))
                   :op2 (s135.p2 / possible-01
                                 :ARG1 (s135.c / calculate-01
                                               :ARG0 s135.w
                                               :ARG1 (s135.c2 / cost-01
                                                              :ARG1 (s135.i / involve-01
                                                                            :mod (s135.t / this)
                                                                            :same-as s134.i))
                                               :mod (s135.e / even))
                                 :polarity "-"))
   :snt136 (s136.s2 / support-01
                    :ARG0 (s136.p / place
                                  :mod (s136.o2 / other))
                    :ARG1 (s136.a / and
                                  :op1 (s136.d / depend-01
                                               :ARG0 (s136.w / we)
                                               :ARG1 (s136.o / oil))
                                  :op2 (s136.c / consume-01
                                               :ARG0 s136.w
                                               :ARG1-of (s136.i / increase-01)))
                    :degree (s136.s / sort-of)
                    :domain (s136.g / gulf
                                    :name (s136.n / name
                                                  :op1 "Gulf"
                                                  :op2 "of"
                                                  :op3 "Mexico")
                                    :part-of (s136.m / moratoriums
                                                     :polarity "-")))
   :snt137 (s137.b / become-01
                   :ARG1 (s137.i3 / it
                                  :same-as s136.g)
                   :ARG2 (s137.z / zone
                                 :ARG1-of (s137.i / industrialize-01)
                                 :ARG1-of (s137.i2 / intense-02)
                                 :mod (s137.t / this)))
   :snt138 (s138.c / contrast-01
                   :ARG1 (s138.r3 / resonate-01
                                  :ARG1 (s138.i2 / it
                                                 :same-as s136.g)
                                  :ARG1-of (s138.s / same-01
                                                   :ARG2 (s138.r4 / resonate-01
                                                                  :ARG1 (s138.w / we
                                                                                :same-as s136.w)
                                                                  :ARG1 (s138.r2 / refuge
                                                                                 :name (s138.n / name
                                                                                               :op1 "Arctic"
                                                                                               :op2 "National"
                                                                                               :op3 "Wildlife"
                                                                                               :op4 "Refuge")))
                                                   :polarity "-")
                                  :beneficiary s138.w)
                   :ARG2 (s138.r / recommend-01
                                 :ARG1 s138.r3
                                 :ARG1-of (s138.m / mean-01
                                                  :ARG0 (s138.i / i
                                                                :same-as s2.i)
                                                  :ARG2 (s138.s2 / sanctuary
                                                                 :domain s138.i2
                                                                 :mod (s138.b / bird)))))
   :snt139 (s139.c3 / cause-01
                    :ARG0 (s139.h2 / have-03
                                   :ARG0 (s139.g2 / gulf
                                                  :name (s139.n2 / name
                                                                 :op1 "Gulf")
                                                  :same-as s112.w3)
                                   :ARG1 (s139.a5 / and
                                                  :op1 (s139.c / capacity
                                                               :ARG1-of (s139.w / we
                                                                                :same-as s136.w)
                                                               :mod (s139.r3 / refine-01))
                                                  :op2 (s139.t / terminal
                                                               :quant (s139.l / lot)
                                                               :mod (s139.m / marine)
                                                               :mod (s139.a6 / as-well)
                                                               :poss s139.w))
                                   :ARG1-of (s139.a2 / actual-02))
                    :ARG1 (s139.r2 / refine-01
                                   :ARG1 (s139.h / half
                                                 :ARG3-of (s139.i / include-91
                                                                  :ARG2 (s139.g / gasoline)))
                                   :ARG1-of (s139.a / actual-02)
                                   :frequency (s139.r / rate-entity-91
                                                      :ARG4 (s139.b / buy-01
                                                                    :ARG0 (s139.y / you)
                                                                    :ARG1 s139.g
                                                                    :location (s139.c5 / country
                                                                                       :name (s139.n / name
                                                                                                     :op1 "United"
                                                                                                     :op2 "States")
                                                                                       :same-as s63.c)))
                                   :location (s139.a3 / along
                                                      :op1 (s139.c4 / coast
                                                                    :same-as s30.c2))
                                   :mod (s139.a4 / also))
                    :rel (s139.i2 / include-91
                                  :ARG2 (s139.c2 / capacity
                                                 :mod s139.r3
                                                 :poss s139.w)
                                  :ARG3 (s139.p / percentage-entity
                                                :value "50")))
   :snt140 (s140.i / infer-01
                   :ARG1 (s140.s / subsidize-01
                                 :ARG0 (s140.p / person
                                               :source (s140.g / gulf
                                                               :name (s140.n / name
                                                                             :op1 "Gulf")
                                                               :same-as s112.w3))
                                 :ARG1 (s140.w / we
                                               :mod (s140.r / rest)
                                               :same-as s136.w)
                                 :manner (s140.e / environment
                                                 :ARG1-of (s140.h / have-degree-91
                                                                  :ARG2 (s140.c / clean-04
                                                                                :ARG1 s140.e)
                                                                  :ARG3 (s140.l / less)))
                                 :mod (s140.e2 / essential)))
   :snt141 (s141.a2 / and
                    :op2 (s141.p / pay-01
                                 :ARG0 (s141.f / family
                                               :mod (s141.c / country
                                                            :name (s141.n / name
                                                                          :op1 "America")))
                                 :ARG1 (s141.p2 / price-01
                                                :ARG3 (s141.o / oil))
                                 :mod (s141.a / also)
                                 :mod (s141.f2 / final)))
   :snt142 (s142.c3 / contrast-01
                    :ARG1 (s142.h2 / high-02
                                   :ARG1 (s142.t / thing
                                                 :ARG2-of (s142.p3 / price-01
                                                                   :location (s142.p4 / pump)))
                                   :ARG1-of (s142.r / real-04)
                                   :condition (s142.c2 / consider-02
                                                       :ARG0 (s142.y / you)
                                                       :ARG1 (s142.c4 / cost-01
                                                                      :ARG1 (s142.o / oil)
                                                                      :ARG1-of (s142.a / actual-02)))
                                   :degree (s142.v / very)
                                   :polarity "-")
                    :ARG2 (s142.m / mean-01
                                  :ARG1 (s142.h / have-03
                                                :ARG0 (s142.p2 / person)
                                                :ARG1 (s142.o2 / option
                                                               :ARG2-of (s142.t2 / transit-01)
                                                               :mod (s142.o3 / other))
                                                :polarity "-")
                                  :ARG2 (s142.p / pay-01
                                                :ARG0 s142.p2
                                                :ARG1 (s142.i / income
                                                              :quant (s142.a2 / amount
                                                                              :mod (s142.l / large))
                                                              :poss s142.p2)
                                                :ARG2 (s142.g2 / get-05
                                                               :ARG1 s142.p2
                                                               :ARG2 (s142.w / work-01
                                                                             :ARG0 s142.p2)
                                                               :manner (s142.c / car
                                                                               :ARG1-of (s142.g / general-02)
                                                                               :mod (s142.c5 / crummy
                                                                                             :ARG1-of (s142.f / fair-04)))
                                                               :mod (s142.j / just)
                                                               :path (s142.a3 / and
                                                                              :op1 (s142.b / back)
                                                                              :op2 (s142.f2 / forth)))))
                    :time (s142.n / now))
   :snt143 (s143.l / look-01
                   :ARG0 (s143.y2 / you)
                   :ARG1 (s143.p / person
                                 :ARG0-of (s143.m / make-05
                                                  :ARG1 (s143.r / rate-entity-91
                                                                :ARG1 (s143.m2 / monetary-quantity
                                                                               :unit (s143.d / dollar)
                                                                               :quant "50000")
                                                                :ARG2 (s143.t / temporal-quantity
                                                                              :unit (s143.y / year)
                                                                              :quant "1")))
                                 :ARG0-of (s143.h / have-03
                                                  :ARG1 (s143.p2 / person
                                                                 :ARG0-of (s143.h3 / have-rel-role-91
                                                                                   :ARG1 s143.p
                                                                                   :ARG2 (s143.k / kid))
                                                                 :quant "2")))
                   :ARG2 (s143.a / and
                                 :op1 s143.h
                                 :op2 (s143.p3 / possible-01
                                               :ARG1 (s143.h2 / have-03
                                                              :ARG0 s143.p
                                                              :ARG1 (s143.a2 / at-least
                                                                             :op1 (s143.j / job
                                                                                          :quant "3"))))
                                 :op3 (s143.o / obligate-01
                                              :ARG1 s143.p
                                              :ARG2 (s143.c / commute-01
                                                            :ARG0 s143.p
                                                            :ARG1-of (s143.r2 / real-04))
                                              :time (s143.t2 / then))))
   :snt144 (s144.s / spend-01
                   :ARG0 (s144.t2 / they
                                  :same-as s143.m)
                   :ARG1 (s144.a2 / and
                                  :op1 (s144.c / car
                                               :poss s144.t2)
                                  :op2 (s144.f / fuel
                                               :poss s144.t2))
                   :ARG1-of (s144.a / actual-02)
                   :ARG1-of (s144.h / have-quant-91
                                    :ARG3 (s144.m / more)
                                    :ARG4 (s144.s2 / spend-01
                                                   :ARG0 s144.t2
                                                   :ARG1 (s144.o / or
                                                                 :op1 (s144.t / tax)
                                                                 :op2 (s144.c2 / care-03
                                                                               :ARG1 (s144.h2 / health))))))
   :snt145 (s145.a / and
                   :op2 (s145.e / event
                                :mod (s145.t / thing
                                             :ARG1-of (s145.s / same-01))
                                :mod (s145.p / percentage-entity
                                             :value (s145.p2 / percentile
                                                             :quant (s145.a2 / around
                                                                             :op1 "80000"))))
                   :rel "50")
   :snt146 (s146.c / contrast-01
                   :ARG1 (s146.d / drain-01
                                 :ARG1 (s146.e / economy
                                               :mod (s146.c3 / country
                                                             :name (s146.n / name
                                                                           :op1 "America")))
                                 :ARG2 (s146.c2 / cost-01
                                                :ARG1 (s146.g / gas))
                                 :mod (s146.t3 / tremendous))
                   :ARG2 (s146.a2 / and
                                  :op1 (s146.d2 / drain-01
                                                :ARG1 (s146.f / family
                                                              :mod (s146.i / individual))
                                                :ARG2 s146.c2
                                                :mod (s146.a / also))
                                  :op2 (s146.t / terrify-01
                                               :ARG0 (s146.t2 / think-01
                                                              :ARG1 (s146.e2 / event
                                                                             :time (s146.g2 / get-03
                                                                                            :ARG1 (s146.p / price-01)
                                                                                            :ARG2 (s146.h / have-degree-91
                                                                                                          :ARG1 s146.p
                                                                                                          :ARG2 (s146.h2 / high-02
                                                                                                                         :ARG1 s146.p)
                                                                                                          :ARG3 (s146.m / more)))))
                                               :degree (s146.k / kind-of))))
   :snt147 (s147.c / cause-01
                   :ARG1 (s147.t / talk-01
                                 :ARG0 (s147.i / i
                                               :same-as s2.i)
                                 :ARG1 (s147.o / obligate-01
                                               :ARG1 (s147.w / we)
                                               :ARG2 (s147.d / do-02
                                                             :ARG0 s147.w
                                                             :ARG1 (s147.a / amr-unknown)
                                                             :time (s147.t3 / time
                                                                            :mod (s147.t2 / this))))
                                 :ARG2 (s147.y / you
                                               :same-as s2.y)
                                 :time (s147.n / now)))
   :snt148 (s148.l / law
                   :domain (s148.a / amr-unknown))
   :snt149 (s149.o / obligate-01
                   :ARG1 (s149.w / we
                                 :same-as s147.w)
                   :ARG2 (s149.d / do-02
                                 :purpose (s149.k / keep-02
                                                  :ARG0 s149.w
                                                  :ARG1 (s149.f / focus-01
                                                                :ARG0 s149.w))
                                 :ARG0 s149.w
                                 :ARG1 (s149.a / amr-unknown)))
   :snt150 (s150.n / need-01
                   :ARG0 (s150.w / we)
                   :ARG1 (s150.s / stay-01
                                 :ARG1 s150.w
                                 :ARG3 (s150.a / away
                                               :op1 (s150.t / theater)))
                   :mod (s150.t2 / thing
                                 :quant "1"))
   :snt151 (s151.n / need-01
                   :ARG0 (s151.w / we)
                   :ARG1 (s151.s / stay-01
                                 :ARG1 s151.w
                                 :ARG3 (s151.a / away)
                                 :mode "imperative"))
   :snt152 (s152.n / need-01
                   :ARG0 (s152.w / we
                                 :same-as s151.w)
                   :ARG1 (s152.f / focus-01
                                 :ARG0 s152.w
                                 :ARG1 (s152.m / molecule)
                                 :degree (s152.r / really)
                                 :direction (s152.b / back)
                                 :mod (s152.a / again)))
   :snt153 (s153.h / have-concession-91
                   :ARG1 (s153.n / need-01
                                 :ARG0 (s153.w / we)
                                 :ARG1 (s153.f2 / focus-01
                                                :ARG0 s153.w
                                                :ARG2 (s153.m / molecule
                                                              :part-of (s153.o / oil)
                                                              :same-as s152.m)))
                   :ARG2 (s153.f / fine-04
                                 :ARG1 (s153.m2 / monopoly
                                                :same-as s136.m)))
   :snt154 (s154.i / include-91
                   :ARG1 (s154.t2 / think-01
                                  :ARG0 (s154.w / we)
                                  :ARG1 (s154.p / possible-01
                                                :ARG1 (s154.h / have-03
                                                              :ARG0 (s154.y / you)
                                                              :ARG1 (s154.w2 / world
                                                                             :ARG1-of (s154.g / green-03))
                                                              :time (s154.b / before
                                                                            :op1 (s154.r / reduce-01
                                                                                         :ARG0 s154.y
                                                                                         :ARG1 (s154.a2 / amount
                                                                                                        :ARG1-of (s154.u / use-01
                                                                                                                         :ARG0 s154.w)
                                                                                                        :quant-of (s154.o / oil)))))))
                   :ARG2 (s154.t / thing
                                 :ARG1-of (s154.d / do-02
                                                  :ARG0 s154.w
                                                  :ARG1-of (s154.n / need-01
                                                                   :ARG0 s154.w
                                                                   :mod (s154.a / also)))))
   :snt155 (s155.n / need-01
                   :ARG0 (s155.w / we)
                   :ARG1 (s155.f / focus-01
                                 :ARG0 s155.w
                                 :ARG1 (s155.r / reduce-01
                                               :ARG0 s155.w
                                               :ARG1 (s155.o / oil
                                                             :same-as s153.o))))
   :snt156 (s156.s2 / see-01
                    :ARG0 (s156.y / you)
                    :ARG1 (s156.s / schematic
                                  :topic (s156.t2 / thing
                                                  :manner-of (s156.u / use-01
                                                                     :ARG1 (s156.p / petroleum)
                                                                     :location (s156.e / economy
                                                                                       :mod (s156.c / country
                                                                                                    :name (s156.n / name
                                                                                                                  :op1 "U.S."))
                                                                                       :same-as s146.e))))
                    :location (s156.t / thing
                                      :ARG1-of (s156.d / draw-01)
                                      :mod (s156.t4 / top)
                                      :mod (s156.t3 / this)))
   :snt157 (s157.p / possible-01
                   :ARG1 (s157.s / see-01
                                 :ARG0 (s157.y / you)
                                 :ARG1 (s157.o / outweigh-01
                                               :quant (s157.f / far)
                                               :ARG0 (s157.w / waste-01)
                                               :ARG1 (s157.a2 / amount
                                                              :ARG1-of (s157.u / useful-05
                                                                               :ARG1-of (s157.a / actual-02)))))
                   :time (s157.n / now))
   :snt158 (s158.a2 / and
                    :op2 (s158.i / include-91
                                 :ARG1 (s158.a3 / and
                                                :op1 (s158.f / fix-02
                                                             :ARG0 (s158.w / we)
                                                             :ARG1 (s158.e2 / efficient-01
                                                                            :ARG1 (s158.f3 / fuel)
                                                                            :poss (s158.v / vehicle
                                                                                          :poss s158.w)))
                                                :op2 (s158.m / make-02
                                                             :ARG0 s158.w
                                                             :ARG1 (s158.e3 / efficient-01
                                                                            :ARG1 s158.v
                                                                            :ARG2-of (s158.h / have-degree-91
                                                                                             :ARG1 s158.v
                                                                                             :ARG3 (s158.m2 / more
                                                                                                            :quant (s158.m3 / much)))))
                                                :op3 (s158.n2 / need-01
                                                              :ARG0 s158.w
                                                              :ARG1 (s158.f2 / fix-02
                                                                             :ARG0 s158.w
                                                                             :ARG1 (s158.e / economy
                                                                                           :ARG1-of (s158.g / general-02)
                                                                                           :same-as s146.e))
                                                              :mod (s158.a / also)))
                                 :ARG2 (s158.t / thing
                                               :ARG1-of (s158.n / need-01
                                                                :ARG0 s158.w))))
   :snt159 (s159.n / need-01
                   :ARG0 (s159.w / we)
                   :ARG1 (s159.r / remove-01
                                 :ARG0 s159.w
                                 :ARG1 (s159.t / thing
                                               :ARG0-of (s159.i / incentivize-01
                                                                :ARG2 (s159.u / use-01
                                                                              :ARG1 (s159.f / fuel
                                                                                            :mod (s159.m / more))))
                                               :mod (s159.p / perverse))))
   :snt160 (s160.h / have-03
                   :ARG0 (s160.w / we
                                 :same-as s7.w)
                   :ARG0-of (s160.e / exemplify-01)
                   :ARG1 (s160.s3 / system
                                  :location-of (s160.p / pay-01
                                                       :ARG0 (s160.p2 / person
                                                                      :ARG0-of (s160.d3 / drive-01
                                                                                        :ARG1 (s160.d / distance-quantity
                                                                                                      :unit (s160.m / mile)
                                                                                                      :quant "20000")
                                                                                        :frequency (s160.r / rate-entity-91
                                                                                                           :ARG1 s160.d
                                                                                                           :ARG2 (s160.t / temporal-quantity
                                                                                                                         :unit (s160.y / year)
                                                                                                                         :quant "1"))))
                                                       :ARG1 (s160.i2 / insure-02
                                                                      :ARG1-of (s160.s / same-01
                                                                                       :ARG2 (s160.s2 / somebody
                                                                                                      :ARG0-of (s160.d4 / drive-01
                                                                                                                        :ARG1 (s160.d2 / distance-quantity
                                                                                                                                       :unit (s160.m2 / mile)
                                                                                                                                       :ARG3-of s160.i2
                                                                                                                                       :quant "3000"))))))
                                  :mod (s160.i / insure-02)))
   :snt161 (s161.e / encourage-01
                   :ARG0 (s161.w / we)
                   :ARG1 (s161.p / person)
                   :ARG1-of (s161.a / actual-02)
                   :ARG2 (s161.d / drive-01
                                 :ARG0 s161.p
                                 :mod (s161.m / more)))
   :snt162 (s162.n / need-01
                   :ARG0 (s162.w / we)
                   :ARG1 (s162.h / have-03
                                 :ARG0 s162.w
                                 :ARG1 (s162.c / choose-01
                                               :quant (s162.m2 / more)
                                               :ARG0 s162.w
                                               :ARG1 (s162.m / mobility))))
   :snt163 (s163.n / need-01
                   :ARG0 (s163.w / we)
                   :ARG1 (s163.m / make-02
                                 :ARG0 s163.w
                                 :ARG1 (s163.r2 / reflect-01
                                                :ARG1 (s163.t / thing
                                                              :ARG2-of (s163.p / price-01
                                                                               :ARG1 (s163.g / gas)))
                                                :ARG1-of (s163.h / have-degree-91
                                                                 :ARG2 (s163.g2 / good-02)
                                                                 :ARG3 (s163.m2 / more))
                                                :ARG2 (s163.t2 / thing
                                                               :ARG1-of (s163.r / real-04)
                                                               :ARG2-of (s163.c / cost-01
                                                                                :ARG1 (s163.o / oil))))))
   :snt164 (s164.a2 / and
                    :op2 (s164.n / need-01
                                 :ARG0 (s164.w2 / we)
                                 :ARG1 (s164.s / shift-01
                                               :ARG0 s164.w2
                                               :ARG1 (s164.s3 / subsidize-01
                                                              :ARG3 (s164.i / industry
                                                                            :mod (s164.o / oil))
                                                              :consist-of (s164.r / rate-entity-91
                                                                                  :ARG1 (s164.a3 / at-least
                                                                                                 :op1 (s164.m2 / monetary-quantity
                                                                                                               :unit (s164.d / dollar)
                                                                                                               :quant "10000000000"))
                                                                                  :ARG2 (s164.t / temporal-quantity
                                                                                                :unit (s164.y / year)
                                                                                                :quant "1")
                                                                                  :same-as s64.i))
                                               :ARG2 (s164.s2 / something
                                                              :ARG0-of (s164.a / allow-01
                                                                               :ARG1 (s164.f / find-01
                                                                                             :ARG0 (s164.p / person
                                                                                                           :mod (s164.c / class
                                                                                                                        :mod (s164.m / middle)))
                                                                                             :ARG1 (s164.w / way
                                                                                                           :ARG1-of (s164.h / have-degree-91
                                                                                                                            :ARG2 (s164.g / good-02
                                                                                                                                          :ARG1 s164.w)
                                                                                                                            :ARG3 (s164.m3 / more))
                                                                                                           :manner-of (s164.c2 / commute-01
                                                                                                                               :ARG0 s164.p))))))))
   :snt165 (s165.n / need-01
                   :ARG0 (s165.w / we
                                 :same-as s7.w)
                   :ARG1 (s165.t / this
                                 :same-as s164.a)
                   :condition (s165.a2 / and
                                       :op1 (s165.g / get-01
                                                    :ARG1 (s165.c / car
                                                                  :ARG1-of (s165.e / efficient-01
                                                                                   :ARG2-of (s165.h / have-degree-91
                                                                                                    :ARG1 s165.c
                                                                                                    :ARG3 (s165.m2 / more
                                                                                                                   :quant (s165.m3 / much))))))
                                       :op2 (s165.b / build-01
                                                    :ARG1 (s165.m / market
                                                                  :purpose (s165.a3 / and
                                                                                    :op1 (s165.c2 / car
                                                                                                  :ARG1-of (s165.n2 / new-01
                                                                                                                    :ARG1 (s165.f / fuel)))
                                                                                    :op2 s165.f))
                                                    :degree (s165.k / kind-of)
                                                    :mod (s165.a / also)
                                                    :time (s165.d / down
                                                                  :op1 (s165.r / road)))))
   :snt166 (s166.a / and
                   :op1 (s166.n / need-01
                                :ARG0 (s166.w / we)
                                :ARG1 (s166.r / rationalize-01
                                              :ARG0 s166.w
                                              :ARG1 (s166.t / thing
                                                            :mod (s166.w2 / whole)
                                                            :mod (s166.t2 / this))
                                              :degree (s166.k / kind-of)))
                   :op2 (s166.p2 / possible-01
                                 :ARG1 (s166.f / find-01
                                               :ARG0 (s166.y / you)
                                               :ARG1 (s166.m / more
                                                             :topic (s166.p / policy-01
                                                                            :mod (s166.t3 / this))))))
   :snt167 (s167.a / and
                   :op1 (s167.c / call-01
                                :ARG1 (s167.i3 / it
                                               :same-as s166.p)
                                :ARG2 (s167.s2 / strong-02
                                               :topic (s167.r / reduce-01
                                                              :ARG1 (s167.t / transport-01
                                                                            :ARG1-of (s167.s / secure-02))
                                                              :ARG1 (s167.n / need-01
                                                                            :ARG1 (s167.o / oil))
                                                              :manner (s167.g / gradual))))
                   :op2 (s167.i / idea
                                :topic (s167.n2 / need-01
                                                :ARG0 (s167.w / we)
                                                :ARG1 (s167.s3 / strong-02
                                                               :ARG1 s167.w
                                                               :ARG2-of (s167.h / have-degree-91
                                                                                :ARG1 s167.w
                                                                                :ARG3 (s167.m / more)))
                                                :ARG1-of (s167.i2 / instead-of-91
                                                                  :ARG2 (s167.h2 / helpless
                                                                                 :domain s167.w)))))
   :snt168 (s168.b / be-located-at-91
                   :ARG1 (s168.t / they)
                   :ARG2 (s168.u2 / url-entity
                                  :value (s168.c / continent
                                                 :name (s168.n / name
                                                               :op1 "America")))
                   :direction (s168.u / up))
   :snt169 (s169.i / important-01
                   :ARG1 (s169.t4 / try-01
                                  :ARG0 (s169.w / we)
                                  :ARG1 (s169.m2 / move-01
                                                 :ARG0 s169.w
                                                 :ARG2 (s169.a4 / and
                                                                :op1 (s169.a / activity-06
                                                                             :ARG0 s169.w
                                                                             :ARG1-of (s169.a2 / actual-02
                                                                                               :ARG1 (s169.t2 / think-01
                                                                                                              :ARG0 s169.w
                                                                                                              :ARG1 (s169.a3 / amr-unknown
                                                                                                                             :domain s169.w)
                                                                                                              :degree (s169.s / sort-of)
                                                                                                              :op2-of s169.a4)))
                                                                :op3 (s169.h / have-03
                                                                             :ARG0 s169.w
                                                                             :ARG1 (s169.m / moment
                                                                                           :ARG1-of (s169.s2 / special-02)
                                                                                           :degree (s169.k / kind-of)
                                                                                           :mod (s169.t / that)
                                                                                           :time-of (s169.c / connect-01
                                                                                                            :ARG0 s169.w
                                                                                                            :ARG1 (s169.d / dot)
                                                                                                            :location (s169.p / pump)))))
                                                 :ARG3 (s169.f / feel-01
                                                               :ARG0 s169.w
                                                               :ARG1 (s169.h2 / helpless)
                                                               :location s169.p)))
                   :topic (s169.t3 / this))
   :snt170 (s170.r / rail
                   :ARG1-of (s170.s / suppose-01)
                   :ARG1-of (s170.m / mean-01
                                    :ARG2 (s170.z / zone
                                                  :location-of (s170.f / fly-01
                                                                       :polarity "-")))
                   :domain (s170.t / tax-01
                                   :ARG3 (s170.o / oil))
                   :ord (s170.o2 / ordinal-entity
                                 :value "3")
                   :poss (s170.p / politics
                                 :mod (s170.c / country
                                              :name (s170.n / name
                                                            :op1 "America")))
                   :time (s170.n2 / now))
   :snt171 (s171.h / have-concession-91
                   :ARG1 (s171.t / think-01
                                 :ARG0 (s171.i / i
                                               :same-as s2.i)
                                 :ARG1 (s171.p2 / possible-01
                                                :ARG1 (s171.a6 / and
                                                               :op1 (s171.r5 / reduce-01
                                                                             :ARG0 (s171.w / we)
                                                                             :ARG1 (s171.c6 / consume-01
                                                                                            :ARG0 s171.w
                                                                                            :ARG1 (s171.g4 / gasoline))
                                                                             :ARG1-of (s171.s2 / significant-02)
                                                                             :ARG1-of (s171.a2 / actual-02))
                                                               :op2 (s171.g5 / give-01
                                                                             :ARG0 s171.w
                                                                             :ARG1 (s171.t4 / time
                                                                                            :purpose (s171.a7 / and
                                                                                                              :op1 (s171.p3 / prepare-02
                                                                                                                            :ARG0 (s171.p / person))
                                                                                                              :op2 (s171.r6 / respond-01
                                                                                                                            :ARG0 s171.p)))
                                                                             :ARG2 s171.p
                                                                             :time (s171.t3 / time
                                                                                            :ARG1-of (s171.s / same-01)))
                                                               :op3 (s171.a8 / and
                                                                             :op1 (s171.r2 / raise-02
                                                                                           :ARG0 s171.w
                                                                                           :ARG1 (s171.m6 / money))
                                                                             :op2 (s171.r / raise-01
                                                                                          :ARG0 s171.w
                                                                                          :ARG1 (s171.c5 / consciousness))
                                                                             :time s171.t3))
                                                :condition (s171.a5 / and
                                                                    :op1 (s171.s3 / start-01
                                                                                  :ARG0 s171.w
                                                                                  :ARG2 (s171.r4 / rate-entity-91
                                                                                                 :ARG1 (s171.m2 / monetary-quantity
                                                                                                                :topic (s171.g3 / gasoline)
                                                                                                                :unit (s171.c / cent)
                                                                                                                :quant "3")
                                                                                                 :ARG2 (s171.g2 / gallon))
                                                                                  :time (s171.y / year
                                                                                                :mod (s171.t2 / this)))
                                                                    :op2 (s171.u / up-01
                                                                                 :ARG0 s171.w
                                                                                 :ARG1 s171.m2
                                                                                 :ARG4 (s171.m3 / monetary-quantity
                                                                                                :unit (s171.c2 / cent)
                                                                                                :quant "6")
                                                                                 :time (s171.y2 / year
                                                                                                :mod (s171.n / next)))
                                                                    :op3 (s171.i2 / increase-01
                                                                                  :ARG0 s171.w
                                                                                  :ARG1 (s171.m4 / monetary-quantity
                                                                                                 :unit (s171.c3 / cent)
                                                                                                 :quant "9")
                                                                                  :ARG4 (s171.m5 / monetary-quantity
                                                                                                 :unit (s171.c4 / cent)
                                                                                                 :quant "30")
                                                                                  :extent (s171.a4 / all-the-way)
                                                                                  :time (s171.y3 / year
                                                                                                 :ARG1-of (s171.f / follow-01))
                                                                                  :time (s171.b / by
                                                                                                :op1 (s171.d / date-entity
                                                                                                             :year "2020"))))))
                   :ARG2 (s171.a3 / agree-01
                                  :ARG0 s171.i
                                  :ARG1 (s171.h2 / have-quant-91
                                                 :ARG1 (s171.r3 / rate-entity-91
                                                                :ARG1 (s171.m / monetary-quantity
                                                                              :unit (s171.d2 / dollar))
                                                                :ARG2 (s171.v / volume-quantity
                                                                              :unit (s171.g / gallon)
                                                                              :quant "1")
                                                                :prep-on (s171.o / oil)
                                                                :ARG1 "1")
                                                 :ARG2 (s171.m7 / much)
                                                 :ARG3 (s171.t5 / too)
                                                 :mod (s171.p4 / probable)))
                   :rel (s171.a / actual-02))
   :snt172 (s172.l / let-01
                   :ARG0 (s172.y / you)
                   :ARG1 (s172.g / give-01
                                 :ARG0 (s172.i / i
                                               :same-as s2.i)
                                 :ARG1 (s172.s / sense-01
                                               :quant (s172.l2 / little)
                                               :ARG0 s172.i
                                               :ARG1 (s172.t / thing
                                                             :manner-of (s172.w / work-09
                                                                                :ARG1 (s172.t2 / this))))
                                 :ARG2 s172.y)
                   :mode "imperative")
   :snt173 (s173.r / receipt
                   :ARG1-of (s173.h / hypothetical-02)
                   :domain (s173.t2 / this)
                   :mod (s173.g / gas)
                   :time (s173.a / after
                                 :quant (s173.t / temporal-quantity
                                                :unit (s173.y / year)
                                                :quant "1")
                                 :op1 (s173.n / now)))
   :snt174 (s174.h / have-03
                   :ARG0 (s174.y / you)
                   :ARG1 (s174.t3 / thing
                                  :domain (s174.t2 / tax-01
                                                   :ARG1 (s174.m / monetary-quantity
                                                                 :unit (s174.c / cent)
                                                                 :quant "33")
                                                   :ARG3 (s174.c2 / country
                                                                  :name (s174.n / name
                                                                                :op1 "America")
                                                                  :ARG1-of (s174.s / strong-02
                                                                                   :ARG2-of (s174.h2 / have-degree-91
                                                                                                     :ARG1 s174.c2
                                                                                                     :ARG3 (s174.m2 / more)))
                                                                  :same-as s170.t))
                                  :ord (s174.o / ordinal-entity
                                               :value "1")
                                  :topic (s174.t / tax-01
                                                 :same-as s170.t)))
   :snt175 (s175.c / cause-01
                   :ARG1 (s175.h / helpless
                                 :domain (s175.y / you)
                                 :location (s175.p / pump)
                                 :polarity "-"))
   :snt176 (s176.a / and
                   :op2 (s176.h / have-03
                                :ARG0 (s176.y / you)
                                :ARG1 (s176.t / thing
                                              :domain (s176.s / signal-07
                                                              :ARG0-of (s176.w / warn-01)
                                                              :ARG1-of (s176.r / resemble-01
                                                                               :ARG2 (s176.t2 / thing
                                                                                              :ARG1-of (s176.f / find-01
                                                                                                               :ARG0 s176.y
                                                                                                               :location (s176.p / pack
                                                                                                                                 :consist-of (s176.c / cigarette))))
                                                                               :degree (s176.v / very))
                                                              :mod (s176.k / kind))
                                              :ord (s176.o / ordinal-entity
                                                           :value "2"))))
   :snt177 (s177.a / and
                   :op2 (s177.s / say-01
                                :ARG0 (s177.i / it
                                              :same-as s176.s)
                                :ARG1 (s177.e / estimate-01
                                              :ARG0 (s177.o / organization
                                                            :name (s177.n / name
                                                                          :op1 "National"
                                                                          :op2 "Academy"
                                                                          :op3 "of"
                                                                          :op4 "Sciences"))
                                              :ARG1 (s177.c5 / create-01
                                                             :ARG0 (s177.g2 / gas
                                                                            :ARG1-of (s177.r / rate-entity-91
                                                                                             :ARG2 (s177.v / volume-quantity
                                                                                                           :unit (s177.g / gallon)
                                                                                                           :quant "1"))
                                                                            :ARG1-of (s177.b / burn-01
                                                                                             :ARG0 (s177.y / you)
                                                                                             :location (s177.c / car
                                                                                                               :poss s177.y)))
                                                             :ARG1 (s177.m / monetary-quantity
                                                                           :ARG2-of (s177.c4 / cost-01
                                                                                             :ARG1 (s177.c2 / care-03
                                                                                                            :ARG1 (s177.h / health)))
                                                                           :unit (s177.c3 / cent)
                                                                           :quant "29")))))
   :snt178 (s178.l / lot
                   :domain (s178.t / that
                                   :same-as s177.c3))
   :snt179 (s179.a / and
                   :op2 (s179.c2 / cause-01
                                 :ARG1 (s179.p2 / possible-01
                                                :ARG1 (s179.s / see-01
                                                              :ARG0 (s179.y / you)
                                                              :ARG1 (s179.p / pay-01
                                                                            :ARG0 s179.y
                                                                            :ARG1-of (s179.h / have-quant-91
                                                                                             :ARG3 (s179.l / less
                                                                                                           :mod (s179.c3 / considerable))
                                                                                             :ARG4 (s179.c4 / cost-01
                                                                                                            :ARG1 (s179.c / care-03
                                                                                                                          :ARG1 (s179.h2 / health))
                                                                                                            :ARG2 (s179.t / tax-01
                                                                                                                          :same-as s170.t))))
                                                              :mod (s179.t2 / this)))))
   :snt180 (s180.a2 / and
                    :op2 (s180.h2 / hope-01
                                  :ARG1 (s180.s / start-01
                                                :ARG0 (s180.y / you)
                                                :ARG1 (s180.c / connect-01
                                                              :ARG1 s180.y
                                                              :ARG2 (s180.s2 / system
                                                                             :ARG1-of (s180.h / have-degree-91
                                                                                              :ARG2 (s180.g / great)
                                                                                              :ARG3 (s180.m / more))
                                                                             :mod (s180.w / whole))))
                                  :mod (s180.a / also)))
   :snt181 (s181.a2 / and
                    :op2 (s181.h / have-03
                                 :ARG0 (s181.y / you)
                                 :ARG1 (s181.n2 / number
                                                :ARG1-of (s181.c / call-02
                                                                 :purpose (s181.g2 / get-01
                                                                                   :ARG0 s181.y
                                                                                   :ARG1 (s181.o / or
                                                                                                 :op1 (s181.i / information
                                                                                                              :quant (s181.m / more)
                                                                                                              :topic (s181.c3 / commute-01))
                                                                                                 :op2 (s181.l / loan-01
                                                                                                              :ARG1 (s181.c2 / car
                                                                                                                             :mod (s181.k / kind
                                                                                                                                          :ARG1-of (s181.d2 / differ-02)))
                                                                                                              :mod (s181.i2 / interest
                                                                                                                            :ARG1-of (s181.l2 / low-04)))
                                                                                                 :op3 (s181.w / whatever
                                                                                                              :ARG1-of (s181.n / need-01
                                                                                                                               :purpose (s181.r / reduce-01
                                                                                                                                                :ARG0 s181.y
                                                                                                                                                :ARG1 (s181.d / depend-01
                                                                                                                                                              :ARG0 s181.y
                                                                                                                                                              :ARG1 (s181.g / gasoline))
                                                                                                                                                :ARG1-of (s181.a / actual-02))
                                                                                                                               :ARG0 s181.y))))
                                                                 :ARG0 s181.y
                                                                 :ARG1-of (s181.p / possible-01))))
                    :time (s181.t / time
                                  :ARG1-of (s181.s / same-01)))
   :snt182 (s182.p3 / possible-01
                    :ARG1 (s182.r / reduce-01
                                  :ARG0 (s182.w / we)
                                  :ARG1 (s182.o2 / or
                                                 :op1 (s182.c / consume-01
                                                              :ARG0 s182.w
                                                              :ARG1 (s182.g / gasoline))
                                                 :op2 (s182.c2 / consume-01
                                                               :ARG0 s182.w
                                                               :ARG1 (s182.o / oil)))
                                  :ARG1-of (s182.a / actual-02)
                                  :ARG2 (s182.p / percentage-entity
                                                :value "20")
                                  :condition (s182.s2 / suite
                                                      :consist-of (s182.p2 / policy-01)
                                                      :mod (s182.s / sort
                                                                   :mod (s182.w2 / whole))
                                                      :mod (s182.t / this))
                                  :time (s182.b / by
                                                :op1 (s182.d / date-entity
                                                             :year "2020"
                                                             :same-as s171.d))))
   :snt183 (s183.r / rate-entity-91
                   :ARG1 (s183.v / volume-quantity
                                 :unit (s183.b / barrel)
                                 :quant "3000000")
                   :ARG2 (s183.t / temporal-quantity
                                 :unit (s183.d / day)
                                 :quant "1"))
   :snt184 (s184.c / contrast-01
                   :ARG2 (s184.n2 / need-01
                                  :ARG0 (s184.w / we)
                                  :ARG1 (s184.r2 / remember-01
                                                 :ARG0 s184.w
                                                 :ARG1 (s184.p / person
                                                               :domain s184.w
                                                               :mod (s184.h / hydrocarbon)))
                                  :ARG1-of (s184.i / include-91
                                                   :ARG2 (s184.t / thing
                                                                 :ARG1-of (s184.d2 / do-02
                                                                                   :purpose (s184.d / do-02
                                                                                                    :ARG0 s184.w
                                                                                                    :ARG1 (s184.t2 / this
                                                                                                                   :same-as s182.r))
                                                                                   :ARG0 s184.w
                                                                                   :ARG1-of (s184.n / need-01
                                                                                                    :ARG0 s184.w
                                                                                                    :degree (s184.r / really)))))))
   :snt185 (s185.n / need-01
                   :ARG0 (s185.w / we
                                 :part (s185.m / mind))
                   :ARG1 (s185.a / and
                                 :op1 (s185.o / or
                                              :op1 (s185.k / keep-01
                                                           :ARG0 s185.w
                                                           :ARG1 (s185.m2 / molecule
                                                                          :same-as s152.m)
                                                           :location s185.m2)
                                              :op2 s185.m)
                                 :op2 (s185.d2 / distract-01
                                               :ARG1 s185.w
                                               :ARG2 (s185.t / theater)
                                               :polarity "-")
                                 :op3 (s185.d3 / distract-01
                                               :ARG1 s185.w
                                               :ARG2 (s185.d / dissonance
                                                             :mod (s185.c / cognition)
                                                             :poss (s185.t2 / thing
                                                                            :ARG1-of (s185.g / green-03)
                                                                            :ARG1-of (s185.p / possible-01)
                                                                            :location (s185.o2 / out-there)))
                                               :polarity "-")))
   :snt186 (s186.n / need-01
                   :ARG0 (s186.w / we)
                   :ARG1 (s186.a / and
                                 :op1 (s186.g / get-05
                                              :ARG1 s186.w
                                              :ARG2 (s186.d2 / down)
                                              :degree (s186.k / kind-of))
                                 :op2 (s186.w2 / work-01
                                               :ARG0 s186.w
                                               :ARG1 (s186.r / reduce-01
                                                             :ARG0 s186.w
                                                             :ARG1 (s186.d / depend-01
                                                                           :ARG0 s186.w
                                                                           :ARG1 (s186.a2 / and
                                                                                          :op1 (s186.f / fuel
                                                                                                       :mod (s186.t / this))
                                                                                          :op2 (s186.m / molecule
                                                                                                       :mod (s186.t2 / this)
                                                                                                       :same-as s152.m))))
                                               :mod (s186.g2 / gritty))))
   :snt187 (s187.t / thank-01
                   :ARG1 (s187.y / you
                                 :same-as s2.i)))

