# ::id doc-587
# ::doc_file doc-587
# ::tok http : / / www . ted . com / talks / lee_smolin_on_science_and_democracy< / url> <next_sent> So , about three years ago I was in London , and somebody called Howard Burton came to me and said , I represent a group of people , and we want to start an institute in theoretical physics . <next_sent> We have about 120 million dollars , and we want to do it well . <next_sent> We want to be in the forefront fields , and we want to do it differently . <next_sent> We want to get out of this thing where the young people have all the ideas , and the old people have all the power and decide what science gets done . <next_sent> It took me about 25 seconds to decide that that was a good idea . <next_sent> Three years later , we have the Perimeter Institute for Theoretical Physics in Waterloo , Ontario . <next_sent> It 's the most exciting job I 've ever had . <next_sent> And it 's the first time I 've had a job where I 'm afraid to go away because of everything that 's going to happen in this week when I 'm here . <next_sent> But in any case , what I 'm going to do in my little bit of time is take you on a quick tour of some of the things that we talk about and we think about . <next_sent> So , we think a lot about what really makes science work ? <next_sent> The first thing that anybody who knows science , and has been around science , is that the stuff you learn in school as a scientific method is wrong . <next_sent> There is no method . <next_sent> On the other hand , somehow we manage to reason together as a community , from incomplete evidence to conclusions that we all agree about . <next_sent> And this is , by the way , something that a democratic society also has to do . <next_sent> So how does it work ? <next_sent> Well , my belief is that it works because scientists are a community bound together by an ethics . <next_sent> And here are some of the ethical principles . <next_sent> I 'm not going to read them all to you because I 'm not in teacher mode . <next_sent> I 'm in entertain , amaze mode . <next_sent> But one of the principles is that everybody who is part of the community gets to fight and argue as hard as they can for what they believe . <next_sent> But we 're all disciplined by the understanding that the only people who are going to decide , you know , whether I 'm right or somebody else is right , are the people in our community in the next generation , in 30 and 50 years . <next_sent> So it 's this combination of respect for the tradition and community we 're in , and rebellion that the community requires to get anywhere , that makes science work . <next_sent> And being in this process of being in a community that reasons from shared evidence to conclusions , I believe , teaches us about democracy . <next_sent> Not only is there a relationship between the ethics of science and the ethics of being a citizen in democracy , but there has been , historically , a relationship between how people think about space and time , and what the cosmos is , and how people think about the society that they live in . <next_sent> And I want to talk about three stages in that evolution . <next_sent> The first science of cosmology that was anything like science was Aristotelian science , and that was hierarchical . <next_sent> The earth is in the center , then there are these crystal spheres , the sun , the moon , the planets and finally the celestial sphere , where the stars are . <next_sent> And everything in this universe has a place . <next_sent> And Aristotle 's law of motion was that everything goes to its natural place , which was of course , the rule of the society that Aristotle lived in , and more importantly , the medieval society that , through Christianity , embraced Aristotle and blessed it . <next_sent> And the idea is that everything is defined . <next_sent> Where something is , is defined with respect to this last sphere , the celestial sphere , outside of which is this eternal , perfect realm , where lives God , who is the ultimate judge of everything . <next_sent> So that is both Aristotelian cosmology , and in a certain sense , medieval society . <next_sent> Now , in the 17th century there was a revolution in thinking about space and time and motion and so forth of Newton . <next_sent> And at the same time there was a revolution in social thought of John Locke and his collaborators . <next_sent> And they were very closely associated . <next_sent> In fact , Newton and Locke were friends . <next_sent> Their way of thinking about space and time and motion on the one hand , and a society on the other hand , were closely related . <next_sent> And let me show you . <next_sent> In a Newtonian universe , there 's no center -- <next_sent> thank you . <next_sent> There are particles and they move around with respect to a fixed , absolute framework of space and time . <next_sent> It 's meaningful to say absolutely where something is in space , because that 's defined , not with respect to say , where other things are , but with respect to this absolute notion of space , which for Newton was God . <next_sent> Now , similarly , in Locke 's society there are individuals who have certain rights , properties in a formal sense , and those are defined with respect to some absolute , abstract notions of rights and justice , and so forth , which are independent of what else has happened in the society . <next_sent> Of who else there is , of the history and so forth . <next_sent> There is also an omniscient observer who knows everything , who is God , who is in a certain sense outside the universe , because he has no role in anything that happens , but is in a certain sense everywhere , because space is just the way that God knows where everything is , according to Newton , OK ? <next_sent> So this is the foundations of what 's called , traditionally , liberal political theory and Newtonian physics . <next_sent> Now , in the 20th century we had a revolution that was initiated at the beginning of the 20th century , and which is still going on . <next_sent> It was begun with the invention of relativity theory and quantum theory . <next_sent> And merging them together to make the final quantum theory of space and time and gravity , is the culmination of that , something that 's going on right now . <next_sent> And in this universe there 's nothing fixed and absolute . <next_sent> Zilch , OK . <next_sent> This universe is described by being a network of relationships . <next_sent> Space is just one aspect , so there 's no meaning to say absolutely where something is . <next_sent> There 's only where it is relative to everything else that is . <next_sent> And this network of relations is ever - evolving . <next_sent> So we call it a relational universe . <next_sent> All properties of things are about these kinds of relationships . <next_sent> And also , if you 're embedded in such a network of relationships , your view of the world has to do with what information comes to you through the network of relations . <next_sent> And there 's no place for an omniscient observer or an outside intelligence knowing everything and making everything . <next_sent> So this is general relativity , this is quantum theory . <next_sent> This is also , if you talk to legal scholars , the foundations of new ideas in legal thought . <next_sent> They 're thinking about the same things . <next_sent> And not only that , they make the analogy to relativity theory and cosmology often . <next_sent> So there 's an interesting discussion going on there . <next_sent> This last view of cosmology is called the relational view . <next_sent> So the main slogan here is that there 's nothing outside the universe , which means that there 's no place to put an explanation for something outside . <next_sent> So in such a relational universe , if you come upon something that 's ordered and structured , like this device here , or that device there , or something beautiful , like all the living things , all of you guys in the room -- " guys " in physics , by the way , is a generic term : men and women . <next_sent> And in a relational universe the only possible explanation was , somehow it made itself . <next_sent> There must be mechanisms of self - organization inside the universe that make things . <next_sent> Because there 's no place to put a maker outside , as there was in the Aristotelian and the Newtonian universe . <next_sent> So in a relational universe we must have processes of self - organization . <next_sent> Now , Darwin taught us that there are processes of self - organization that suffice to explain all of us and everything we see . <next_sent> So it works . <next_sent> But not only that , if you think about how natural selection works , then it turns out that natural selection would only make sense in such a relational universe . <next_sent> That is , natural selection works on properties , like fitness , which are about relationships of some species to some other species . <next_sent> Darwin would n't make sense in an Aristotelian universe , and would n't really make sense in a Newtonian universe . <next_sent> So a theory of biology based on natural selection requires a relational notion of what are the properties of biological systems . <next_sent> And if you push that all the way down , really , it makes the best sense in a relational universe where all properties are relational . <next_sent> Now , not only that , but Einstein taught us that gravity is the result of the world being relational . <next_sent> If it was n't for gravity , there would n't be life , because gravity causes stars to form and live for a very long time , keeping pieces of the world , like the surface of the Earth , out of thermal equilibrium for billions of years so life can evolve . <next_sent> In the 20th century , we saw the independent development of two big themes in science . <next_sent> In the biological sciences , they explored the implications of the notion that order and complexity and structure arise in a self - organized way . <next_sent> That was the triumph of Neo - Darwinism and so forth . <next_sent> And slowly , that idea is leaking out to the cognitive sciences , the human sciences , economics , et cetera . <next_sent> At the same time , we physicists have been busy trying to make sense of and build on and integrate the discoveries of quantum theory and relativity . <next_sent> And what we 've been working out is the implications , really , of the idea that the universe is made up of relations . <next_sent> 21st - century science is going to be driven by the integration of these two ideas : the triumph of relational ways of thinking about the world , on the one hand , and self - organization or Darwinian ways of thinking about the world , on the other hand . <next_sent> And also , is that in the 21st century our thinking about space and time and cosmology , and our thinking about society are both going to continue to evolve . <next_sent> And what they 're evolving towards is the union of these two big ideas , Darwinism and relationalism . <next_sent> Now , if you think about democracy from this perspective , a new pluralistic notion of democracy would be one that recognizes that there are many different interests , many different agendas , many different individuals , many different points of view . <next_sent> Each one is incomplete , because you 're embedded in a network of relationships . <next_sent> Any actor in a democracy is embedded in a network of relationships . <next_sent> And you understand some things better than other things , and because of that there 's a continual jostling and give and take , which is politics . <next_sent> And politics is , in the ideal sense , the way in which we continually address our network of relations in order to achieve a better life and a better society . <next_sent> And I also think that science will never go away and -- I 'm finishing on this line . <next_sent> In fact , I 'm finished . <next_sent> Science will never go away .
(d / document
   :snt1 (s1.u / url-entity
               :topic (s1.t / talk-01))
   :snt2 (s2.a2 / and
                :op1 (s2.b / be-located-at-91
                           :ARG1 (s2.i / i)
                           :ARG2 (s2.c2 / city
                                        :name (s2.n / name
                                                    :op1 "London"))
                           :time (s2.b2 / before
                                        :quant (s2.a / about
                                                     :op1 (s2.t / temporal-quantity
                                                                :unit (s2.y / year)
                                                                :quant "3"))
                                        :op1 (s2.n3 / now)))
                :op2 (s2.a3 / and
                            :op1 (s2.c3 / come-01
                                        :ARG1 (s2.s2 / somebody
                                                     :ARG1-of (s2.c / call-01
                                                                    :ARG2 s2.i
                                                                    :ARG2 (s2.p / person
                                                                                :name (s2.n2 / name
                                                                                             :op1 "Howard"
                                                                                             :op2 "Burton"))))
                                        :ARG4 s2.a2)
                            :op2 (s2.s / say-01
                                       :ARG0 s2.s2
                                       :ARG1 (s2.a4 / and
                                                    :op1 (s2.r / represent-01
                                                               :ARG0 s2.s2
                                                               :ARG1 (s2.g / group
                                                                           :consist-of (s2.p2 / person)))
                                                    :op2 (s2.w / want-01
                                                               :ARG0 (s2.w2 / we
                                                                            :same-as s2.g)
                                                               :ARG1 (s2.s3 / start-01
                                                                            :ARG0 s2.w2
                                                                            :ARG1 (s2.i2 / institute
                                                                                         :mod (s2.p3 / physics
                                                                                                     :mod (s2.t2 / theory))))))
                                       :ARG2 s2.i)))
   :snt3 (s3.a2 / and
                :op1 (s3.h / have-03
                           :ARG0 (s3.w2 / we
                                        :same-as s2.g)
                           :ARG1 (s3.a / about
                                       :op1 (s3.m / monetary-quantity
                                                  :unit (s3.d2 / dollar)
                                                  :quant "120000")))
                :op2 (s3.w / want-01
                           :ARG0 s3.w2
                           :ARG1 (s3.d / do-02
                                       :ARG0 s3.w2
                                       :ARG1 (s3.i / it)
                                       :ARG1-of (s3.w3 / well-09))))
   :snt4 (s4.a / and
               :op1 (s4.w / want-01
                          :ARG0 (s4.w3 / we
                                       :same-as s2.g)
                          :ARG1 (s4.b / be-located-at-91
                                      :ARG1 s4.w3
                                      :ARG2 (s4.f / field
                                                  :mod (s4.f2 / forefront))))
               :op2 (s4.w2 / want-01
                           :ARG0 s4.w3
                           :ARG1 (s4.d2 / do-02
                                        :ARG0 s4.w3
                                        :ARG1 (s4.i / it
                                                    :same-as s3.i)
                                        :ARG1-of (s4.d / differ-02))))
   :snt5 (s5.w / want-01
               :ARG0 (s5.w2 / we
                            :same-as s2.g)
               :ARG1 (s5.g / get-05
                           :ARG0 s5.w2
                           :ARG1 s5.w2
                           :ARG2 (s5.o2 / out-06
                                        :ARG1 s5.w2
                                        :ARG2 (s5.t / thing
                                                    :location-of (s5.a3 / and
                                                                        :op1 (s5.h / have-03
                                                                                   :ARG0 (s5.p / person
                                                                                               :mod (s5.y / young))
                                                                                   :ARG1 (s5.i / idea
                                                                                               :mod (s5.a / all)))
                                                                        :op2 (s5.h2 / have-03
                                                                                    :ARG0 (s5.p2 / person
                                                                                                 :mod (s5.o / old))
                                                                                    :ARG1 (s5.p3 / power
                                                                                                 :mod (s5.a2 / all)))
                                                                        :op3 (s5.d / decide-01
                                                                                   :ARG0 s5.p2
                                                                                   :ARG1 (s5.t2 / thing
                                                                                                :ARG1-of (s5.d2 / do-02
                                                                                                                :ARG0 (s5.s / science)))))
                                                    :mod (s5.t3 / this)))))
   :snt6 (s6.t / take-10
               :ARG0 (s6.d / decide-01
                           :ARG0 (s6.i / i
                                       :same-as s2.i)
                           :ARG1 (s6.i2 / idea
                                        :ARG1-of (s6.g / good-02)
                                        :domain (s6.t3 / that)))
               :ARG1 (s6.a / about
                           :op1 (s6.t2 / temporal-quantity
                                       :unit (s6.s / second)
                                       :quant "25"))
               :ARG2 s6.i)
   :snt7 (s7.h / have-03
               :ARG0 (s7.w / we
                           :same-as s2.g)
               :ARG1 (s7.r / research-institute
                           :name (s7.n / name
                                       :op1 "Perimeter"
                                       :op2 "Institute"
                                       :op3 "for"
                                       :op4 "Theoretical"
                                       :op5 "Physics")
                           :location (s7.c / city
                                           :name (s7.n2 / name
                                                        :op1 "Waterloo")
                                           :part-of (s7.p / province
                                                          :name (s7.n3 / name
                                                                       :op1 "Ontario"))))
               :time (s7.a / after
                           :quant (s7.t / temporal-quantity
                                        :unit (s7.y / year)
                                        :quant "3")))
   :snt8 (s8.h2 / have-degree-91
                :ARG2 (s8.e2 / excite-01
                             :ARG0 (s8.i / i
                                         :same-as s2.i)
                             :ARG1 (s8.j / job
                                         :ARG1-of (s8.h / have-03
                                                        :ARG0 s8.i
                                                        :time (s8.e / ever))))
                :ARG3 (s8.m / most))
   :snt9 (s9.a / and
               :op2 (s9.h / have-03
                          :ARG0 (s9.i / i
                                      :same-as s2.i)
                          :ARG1 (s9.j / job)
                          :ord (s9.o / ordinal-entity
                                     :value "1")
                          :time-of (s9.f / fear-01
                                         :ARG0 s9.i
                                         :ARG1 (s9.g / go-02
                                                     :ARG0 s9.i
                                                     :ARG4 (s9.a2 / away))
                                         :ARG1-of (s9.c / cause-01
                                                        :ARG0 (s9.e / everything
                                                                    :time (s9.w / week
                                                                                :mod (s9.t / this)
                                                                                :time-of (s9.b / be-located-at-91
                                                                                               :ARG1 s9.i
                                                                                               :ARG2 (s9.h2 / here))))))))
   :snt10 (s10.c2 / contrast-01
                  :ARG2 (s10.d / do-02
                               :ARG0 (s10.i / i
                                            :same-as s2.i)
                               :ARG1 (s10.t / take-01
                                            :ARG0 s10.i
                                            :ARG1 (s10.y / you)
                                            :ARG2 (s10.t6 / tour-01
                                                          :ARG1 (s10.t3 / thing
                                                                        :quant (s10.s / some)
                                                                        :ARG1-of (s10.t2 / talk-01
                                                                                         :ARG0 (s10.w / we
                                                                                                      :same-as s2.g))
                                                                        :ARG1-of (s10.t4 / think-01
                                                                                         :ARG0 s10.w))
                                                          :ARG1-of (s10.q / quick-02)))
                               :time (s10.t5 / time
                                             :quant (s10.b / bit
                                                           :mod (s10.l / little)
                                                           :poss s10.i)))
                  :mod (s10.a / any)
                  :mod (s10.c / case))
   :snt11 (s11.c / cause-01
                 :ARG1 (s11.t2 / think-01
                               :quant (s11.l / lot)
                               :ARG0 (s11.w / we
                                            :same-as s2.g)
                               :ARG2 (s11.t / thing
                                            :ARG0-of (s11.m / make-02
                                                            :ARG1 (s11.w2 / work-09
                                                                          :ARG1 (s11.s / science))
                                                            :ARG1-of (s11.r / real-04)))
                               :polarity (s11.a / amr-unknown)))
   :snt12 (s12.t / thing
                 :domain (s12.a / anybody
                                :ARG0-of (s12.k / know-01
                                                :ARG1 (s12.s2 / science
                                                              :mod (s12.s3 / science)))
                                :ARG1-of (s12.b / be-located-at-91
                                                :ARG2 (s12.a2 / around
                                                              :op1 s12.s2)))
                 :domain (s12.w / wrong-04
                                :ARG1 (s12.s4 / stuff
                                              :ARG1-of (s12.l / learn-01
                                                              :ARG0 (s12.y / you)
                                                              :location (s12.s / school)
                                                              :prep-as (s12.m / method
                                                                              :mod s12.s3))))
                 :ord (s12.o / ordinal-entity
                             :value "1"))
   :snt13 (s13.m / method
                 :polarity "-")
   :snt14 (s14.c4 / contrast-01
                  :ARG2 (s14.m / manage-02
                               :ARG0 (s14.w / we
                                            :mod (s14.a2 / all))
                               :ARG1 (s14.r / reason-01
                                            :ARG0 s14.w
                                            :destination (s14.c3 / conclude-01
                                                                 :ARG1-of (s14.a / agree-01
                                                                                 :ARG0 s14.w))
                                            :domain (s14.c / community)
                                            :manner (s14.t / together)
                                            :source (s14.e / evidence-01
                                                           :ARG1-of (s14.c2 / complete-02
                                                                            :polarity "-")))
                               :manner (s14.s / somehow)))
   :snt15 (s15.a2 / and
                  :op2 (s15.s2 / something
                               :ARG1-of (s15.d2 / do-02
                                                :ARG0 (s15.s / society
                                                             :mod (s15.d / democracy))
                                                :ARG2-of (s15.o / obligate-01
                                                                :ARG1 s15.s
                                                                :mod (s15.a / also)))
                               :domain (s15.t / this
                                              :same-as s14.m))
                  :rel (s15.b / by-the-way))
   :snt16 (s16.w / work-09
                 :ARG1 (s16.i / it)
                 :manner (s16.a / amr-unknown))
   :snt17 (s17.b / believe-01
                 :ARG0 (s17.i / i
                              :same-as s2.i)
                 :ARG1 (s17.w2 / work-09
                               :ARG1 (s17.i2 / it
                                             :same-as s16.i)
                               :ARG1-of (s17.c / cause-01
                                               :ARG0 (s17.c2 / community
                                                             :ARG1-of (s17.b2 / bind-01
                                                                              :ARG0 (s17.e / ethics)
                                                                              :ARG3 (s17.t / together))
                                                             :domain (s17.s / scientist))))
                 :mod (s17.w / well
                             :mode "expressive"))
   :snt18 (s18.a / and
                 :op2 (s18.p / principle
                             :quant (s18.s / some)
                             :ARG1-of (s18.i / include-91
                                             :ARG2 (s18.p2 / principle
                                                           :mod (s18.e / ethics)))
                             :location (s18.h / here)))
   :snt19 (s19.r / read-01
                 :ARG0 (s19.i / i
                              :same-as s2.i)
                 :ARG1 (s19.t2 / they
                               :mod (s19.a / all)
                               :same-as s18.s)
                 :ARG1-of (s19.c / cause-01
                                 :ARG0 (s19.m / mode
                                              :domain s19.i
                                              :mod (s19.p / person
                                                          :ARG0-of (s19.t / teach-01))
                                              :polarity "-"))
                 :ARG2 (s19.y / you
                              :same-as s10.y)
                 :polarity "-")
   :snt20 (s20.m / mode
                 :ARG0-of (s20.e / entertain-01)
                 :domain (s20.i / i
                                :same-as s2.i)
                 :mod (s20.a / amaze-01))
   :snt21 (s21.c2 / contrast-01
                  :ARG2 (s21.i / include-91
                               :ARG1 (s21.g / get-22
                                            :ARG0 (s21.e2 / everybody
                                                          :part-of (s21.c / community))
                                            :ARG1 (s21.a / and
                                                         :ARG1-of (s21.h / hard-02
                                                                         :ARG2-of (s21.h2 / have-degree-91
                                                                                          :ARG1 (s21.a2 / argue-01
                                                                                                        :ARG0 s21.e2
                                                                                                        :ARG2 (s21.t / thing
                                                                                                                     :ARG1-of (s21.b / believe-01
                                                                                                                                     :ARG0 s21.e2)))
                                                                                          :ARG3 (s21.e / equal)
                                                                                          :ARG4 (s21.p / possible-01
                                                                                                       :ARG1 s21.a2)))
                                                         :op1 (s21.f / fight-01
                                                                     :ARG0 s21.e2)
                                                         :op2 s21.a2))
                               :ARG2 (s21.p2 / principle
                                             :same-as s18.p2)))
   :snt22 (s22.c2 / contrast-01
                  :ARG2 (s22.d2 / discipline-01
                                :ARG0 (s22.u / understand-01
                                             :ARG0 (s22.w / we
                                                          :mod (s22.a2 / all)
                                                          :same-as s2.g)
                                             :ARG1 (s22.d / decide-01
                                                          :ARG0 (s22.p / person
                                                                       :domain (s22.p2 / person
                                                                                       :location (s22.c / community
                                                                                                        :poss s22.w
                                                                                                        :same-as s21.c)
                                                                                       :time (s22.g / generation
                                                                                                    :mod (s22.n / next))
                                                                                       :time (s22.a / after
                                                                                                    :quant (s22.a3 / and
                                                                                                                   :op1 (s22.t / temporal-quantity
                                                                                                                               :unit (s22.y / year)
                                                                                                                               :quant "30")
                                                                                                                   :op2 (s22.t2 / temporal-quantity
                                                                                                                                :unit (s22.y2 / year)
                                                                                                                                :quant "50"))
                                                                                                    :op1 (s22.n2 / now)))
                                                                       :mod (s22.o / only))
                                                          :ARG1-of (s22.k / know-01
                                                                          :ARG0 (s22.y3 / you))
                                                          :ARG3 (s22.t3 / truth-value
                                                                        :polarity-of (s22.o2 / or
                                                                                             :op1 (s22.r / right-06
                                                                                                         :ARG1 (s22.i / i
                                                                                                                      :same-as s2.i))
                                                                                             :op2 (s22.r2 / right-06
                                                                                                          :ARG1 (s22.s / somebody
                                                                                                                       :mod (s22.e / else)))))))
                                :ARG1 s22.w))
   :snt23 (s23.m / make-02
                 :ARG0 (s23.c / combine-01
                              :ARG1 (s23.r3 / respect-01
                                            :ARG1 (s23.a / and
                                                         :location (s23.w / we)
                                                         :op1 (s23.t2 / tradition)
                                                         :op2 (s23.c2 / community)))
                              :ARG2 (s23.r / rebel-01
                                           :ARG1-of (s23.r2 / require-01
                                                            :purpose (s23.g / get-05
                                                                            :ARG1 s23.c2
                                                                            :ARG2 (s23.a2 / anywhere))
                                                            :ARG0 s23.c2))
                              :mod (s23.t / this))
                 :ARG1 (s23.w2 / work-09
                               :ARG1 (s23.s / science)))
   :snt24 (s24.a / and
                 :op2 (s24.t / teach-01
                             :ARG0 (s24.p / process-02
                                          :ARG1 (s24.b / be-located-at-91
                                                       :ARG1 (s24.c / community
                                                                    :ARG0-of (s24.r / reason-01
                                                                                    :destination (s24.c2 / conclude-01)
                                                                                    :source (s24.e / evidence-01
                                                                                                   :ARG1-of (s24.s / share-01))))
                                                       :ARG1 (s24.w / we))
                                          :mod (s24.t2 / this))
                             :ARG1 (s24.d / democracy)
                             :ARG1-of (s24.b2 / believe-01
                                              :ARG0 (s24.i / i
                                                           :same-as s2.i))
                             :ARG2 s24.w))
   :snt25 (s25.c2 / contrast-01
                  :ARG1 (s25.r / relation-03
                               :ARG0 (s25.e / ethics
                                            :mod (s25.s / science))
                               :ARG2 (s25.e2 / ethics
                                             :topic (s25.c / citizen
                                                           :location (s25.d / democracy)))
                               :mod (s25.o / only
                                           :polarity "-"))
                  :ARG2 (s25.r2 / relation-03
                                :ARG0 (s25.t / thing
                                             :manner-of (s25.t3 / think-01
                                                                :ARG0 (s25.p / person)
                                                                :ARG1 (s25.a / and
                                                                             :op1 (s25.s3 / space)
                                                                             :op2 (s25.t5 / time)
                                                                             :op3 (s25.c3 / cosmos))))
                                :manner (s25.h / historical)
                                :op4 (s25.t2 / thing
                                             :manner-of (s25.t4 / think-01
                                                                :ARG0 s25.p
                                                                :ARG1 (s25.s2 / society
                                                                              :location-of (s25.l / live-01
                                                                                                  :ARG0 s25.p))))))
   :snt26 (s26.a / and
                 :op2 (s26.w / want-01
                             :ARG0 (s26.i / i
                                          :same-as s2.i)
                             :ARG1 (s26.t / talk-01
                                          :ARG0 s26.i
                                          :ARG1 (s26.s / stage
                                                       :subevent-of (s26.e / evolve-01)
                                                       :quant "3"))))
   :snt27 (s27.a / and
                 :op1 (s27.s / science
                             :ARG1-of (s27.r / resemble-01
                                             :ARG2 (s27.s2 / science)
                                             :mod (s27.a2 / anything))
                             :domain (s27.s3 / science
                                             :mod (s27.c / company
                                                         :name (s27.n / name
                                                                      :op1 "Troy")))
                             :mod (s27.c2 / cosmology)
                             :ord (s27.o / ordinal-entity
                                         :value "1"))
                 :op2 (s27.h / hierarchical
                             :domain s27.s))
   :snt28 (s28.a / and
                 :op1 (s28.c2 / center
                              :location-of (s28.p / planet
                                                  :name (s28.n / name
                                                               :op1 "Earth")))
                 :op2 (s28.s / sphere
                             :domain (s28.a2 / and
                                             :op1 (s28.s4 / sun)
                                             :op2 (s28.m / moon)
                                             :op3 s28.m
                                             :op4 (s28.p2 / planet)
                                             :op5 (s28.s2 / sphere
                                                          :location-of (s28.s3 / star)
                                                          :mod (s28.c / celestial)
                                                          :time (s28.f / final)))
                             :mod (s28.c3 / crystal)
                             :mod (s28.t2 / this)
                             :time (s28.t / then)))
   :snt29 (s29.a / and
                 :op2 (s29.h / have-03
                             :ARG0 (s29.e / everything
                                          :location (s29.u / universe
                                                           :mod (s29.t / this)
                                                           :same-as s25.c3))
                             :ARG1 (s29.p / place)))
   :snt30 (s30.a / and
                 :op2 (s30.l / law
                             :domain (s30.g / go-01
                                            :ARG0-of (s30.r2 / rule-01
                                                             :ARG1 (s30.a2 / and
                                                                           :op1 (s30.s / society
                                                                                       :location-of (s30.l2 / live-01
                                                                                                            :ARG0 (s30.p / person
                                                                                                                         :name (s30.n / name
                                                                                                                                      :op1 "Aristotle"))))
                                                                           :op2 (s30.s2 / society
                                                                                        :ARG1-of (s30.h / have-degree-91
                                                                                                        :ARG2 (s30.i / important-01
                                                                                                                     :ARG1 s30.s2)
                                                                                                        :ARG3 (s30.m2 / more))
                                                                                        :manner (s30.a3 / and
                                                                                                        :op1 (s30.e / embrace-01
                                                                                                                    :ARG0 (s30.r / religious-group
                                                                                                                                 :name (s30.n2 / name
                                                                                                                                               :op1 "Christianity"))
                                                                                                                    :ARG1 s30.p)
                                                                                                        :op2 (s30.b / bless-01
                                                                                                                    :ARG0 s30.s2
                                                                                                                    :ARG1 s30.p))
                                                                                        :time (s30.m / medieval)))
                                                             :mod (s30.o / of-course))
                                            :ARG1 (s30.e2 / everything)
                                            :ARG4 (s30.p2 / place
                                                          :ARG1-of (s30.n3 / natural-03)
                                                          :poss s30.e2))
                             :poss s30.p
                             :topic (s30.m3 / move-01)))
   :snt31 (s31.a / and
                 :op2 (s31.i / idea
                             :domain (s31.d / define-01
                                            :ARG1 (s31.e / everything))))
   :snt32 (s32.d / define-01
                 :ARG1 (s32.b / be-located-at-91
                              :ARG1 (s32.s / something))
                 :ARG2 (s32.s2 / sphere
                               :domain (s32.s3 / sphere
                                               :mod (s32.c / celestial))
                               :domain (s32.r / realm
                                              :ARG1-of (s32.p / perfect-02)
                                              :location (s32.o2 / outside
                                                                :op1 s32.s3)
                                              :location-of (s32.l / live-01
                                                                  :ARG0 (s32.p2 / person
                                                                                :name (s32.n / name
                                                                                             :op1 "God")
                                                                                :ARG0-of (s32.j / judge-01
                                                                                                :ARG1 (s32.e2 / everything)
                                                                                                :mod (s32.u / ultimate))))
                                              :mod (s32.e / eternal))
                               :mod (s32.t / this)
                               :ord (s32.o / ordinal-entity
                                           :value "-1")))
   :snt33 (s33.i / infer-01
                 :ARG1 (s33.a / and
                              :op1 (s33.c2 / cosmology
                                           :domain (s33.t / that)
                                           :mod (s33.w / world-region
                                                       :name (s33.n / name
                                                                    :op1 "Republican"
                                                                    :op2 "Empire"))
                                           :mod (s33.b / both))
                              :op2 (s33.s2 / society
                                           :domain s33.t
                                           :mod (s33.m / medieval)
                                           :mod (s33.s / sense
                                                       :mod (s33.c / certain)))))
   :snt34 (s34.r / revolution-03
                 :ARG0 (s34.p / person
                              :name (s34.n / name
                                           :op1 "Newton"))
                 :ARG1 (s34.t / think-01
                              :ARG1 (s34.a / and
                                           :op1 (s34.s / space)
                                           :op2 (s34.t2 / time)
                                           :op3 (s34.m / move-01)
                                           :op4 (s34.e / et-cetera)))
                 :time (s34.d / date-entity
                              :century "17")
                 :time (s34.n2 / now))
   :snt35 (s35.a / and
                 :op2 (s35.r / revolution-03
                             :ARG0 (s35.a2 / and
                                           :op1 (s35.p / person
                                                       :name (s35.n / name
                                                                    :op1 "John"
                                                                    :op2 "Locke"))
                                           :op2 (s35.p2 / person
                                                        :ARG0-of (s35.c / collaborate-01
                                                                        :ARG1 s35.p)))
                             :ARG1 (s35.t / think-01
                                          :mod (s35.s2 / society))
                             :time (s35.t2 / time
                                           :ARG1-of (s35.s / same-01))))
   :snt36 (s36.a / and
                 :op2 (s36.a2 / associate-01
                              :ARG1 (s36.t / they)
                              :ARG1-of (s36.c / close-10
                                              :degree (s36.v / very))))
   :snt37 (s37.h / have-rel-role-91
                 :ARG0 (s37.p / person
                              :name (s37.n / name
                                           :op1 "Newton")
                              :same-as s34.p
                              :same-as s36.t)
                 :ARG1 (s37.p2 / person
                               :name (s37.n2 / name
                                             :op1 "Locke")
                               :same-as s35.p)
                 :ARG2 (s37.f / friend)
                 :mod (s37.i / in-fact))
   :snt38 (s38.a3 / and
                  :op1 (s38.w / way
                              :manner-of (s38.t2 / think-01
                                                 :ARG0 (s38.t / they
                                                              :same-as s36.t)
                                                 :ARG1 (s38.a / and
                                                              :op1 s38.w
                                                              :op2 (s38.w2 / way
                                                                           :ARG1 (s38.a2 / and
                                                                                         :op1 (s38.s2 / space)
                                                                                         :op2 (s38.t3 / time)
                                                                                         :op3 (s38.m / move-01)))))
                              :poss s38.t)
                  :op2 (s38.c2 / contrast-01
                               :ARG2 (s38.r / relate-01
                                            :ARG1 s38.t
                                            :ARG1-of (s38.c / close-10)
                                            :ARG2 (s38.s / society))))
   :snt39 (s39.a / and
                 :op2 (s39.l / let-01
                             :ARG0 (s39.y / you)
                             :ARG1 (s39.s / show-01
                                          :ARG0 (s39.i / i
                                                       :same-as s2.i)
                                          :ARG2 s39.y)))
   :snt40 (s40.c / center
                 :location (s40.u / universe
                                  :mod (s40.p / person
                                              :name (s40.n / name
                                                           :op1 "Keynes")))
                 :polarity "-")
   :snt41 (s41.t / thank-01
                 :ARG1 (s41.y / you))
   :snt42 (s42.a2 / and
                  :op1 (s42.p / particle)
                  :op2 (s42.m / move-01
                              :ARG1 s42.p
                              :ARG2 (s42.a4 / around)
                              :manner (s42.r / respect-01
                                             :ARG0 s42.p
                                             :ARG1 (s42.f2 / framework
                                                           :ARG1-of (s42.f / fix-03)
                                                           :domain (s42.a3 / and
                                                                           :op1 (s42.s / space)
                                                                           :op2 (s42.t / time))
                                                           :mod (s42.a / absolute)))))
   :snt43 (s43.m / meaningful-05
                 :ARG0 (s43.s / say-01
                              :ARG1 (s43.b / be-located-at-91
                                           :ARG1 (s43.s2 / something)
                                           :ARG2 (s43.s3 / space)
                                           :degree (s43.a / absolute))
                              :ARG1-of (s43.c / cause-01
                                              :ARG0 (s43.d / define-01
                                                           :ARG1 s43.s
                                                           :ARG2 (s43.b2 / be-located-at-91
                                                                         :ARG1 s43.s3
                                                                         :ARG1-of (s43.c2 / contrast-01
                                                                                          :ARG2 (s43.r / respect-01
                                                                                                       :ARG0 s43.s
                                                                                                       :ARG1 (s43.n3 / notion
                                                                                                                     :domain (s43.p2 / person
                                                                                                                                     :name (s43.n2 / name
                                                                                                                                                   :op1 "God")
                                                                                                                                     :same-as s32.p2)
                                                                                                                     :mod (s43.t2 / this)
                                                                                                                     :mod s43.s3)
                                                                                                       :manner s43.a))
                                                                         :ARG2 (s43.l / location
                                                                                      :location-of (s43.t / thing
                                                                                                          :mod (s43.o / other)))
                                                                         :polarity "-"))))
                 :rel (s43.p / person
                             :name (s43.n / name
                                          :op1 "Newton"
                                          :same-as s34.p)))
   :snt44 (s44.a4 / and
                  :op1 (s44.a3 / and
                               :ARG1-of (s44.r / resemble-01)
                               :location (s44.s2 / society
                                                 :poss (s44.p / person
                                                              :name (s44.n / name
                                                                           :op1 "Locke")
                                                              :same-as s35.p))
                               :mod (s44.c / certain)
                               :op1 (s44.r3 / right-05
                                            :ARG1 (s44.i / individual))
                               :op2 (s44.p2 / property
                                            :manner (s44.s / sense
                                                           :mod (s44.f / formal)))
                               :time (s44.n3 / now))
                  :op2 (s44.d / define-01
                              :ARG1 s44.a3
                              :manner (s44.r2 / respect-01
                                              :ARG1 (s44.n2 / notion
                                                            :ARG0-of (s44.d2 / depend-01
                                                                             :ARG1 (s44.t / thing
                                                                                          :mod (s44.e / else))
                                                                             :polarity "-")
                                                            :degree (s44.a / absolute)
                                                            :mod (s44.a2 / abstract)
                                                            :mod (s44.s3 / some)
                                                            :topic (s44.a5 / and
                                                                           :op1 (s44.r4 / right-05)
                                                                           :op2 (s44.j / justice)
                                                                           :op3 (s44.e2 / et-cetera))))))
   :snt45 (s45.c / concern-02
                 :ARG1 (s45.a / and
                              :op1 (s45.p / person
                                          :mod (s45.e / else))
                              :op2 (s45.h / history)
                              :op3 (s45.e2 / et-cetera)))
   :snt46 (s46.c5 / contrast-01
                  :ARG1 (s46.b / be-located-at-91
                               :ARG1 (s46.s2 / sense
                                             :location (s46.l / location
                                                              :location-of (s46.e2 / everything))
                                             :mod (s46.c3 / certain))
                               :ARG1-of (s46.c / cause-01
                                               :ARG0 (s46.h / have-03
                                                            :ARG0 (s46.p / person
                                                                         :name (s46.n / name
                                                                                      :op1 "God"
                                                                                      :same-as s32.p2)
                                                                         :ARG0-of (s46.o / observe-01)
                                                                         :ARG0-of (s46.k / know-01
                                                                                         :ARG1 (s46.e / everything))
                                                                         :mod (s46.o2 / omniscient)
                                                                         :mod (s46.a / also))
                                                            :ARG1 (s46.r2 / role
                                                                          :prep-in (s46.a2 / anything))
                                                            :polarity "-"))
                               :ARG1-of (s46.c2 / cause-01
                                                :ARG0 (s46.w / way
                                                             :ARG1-of (s46.s / say-01
                                                                             :ARG0 (s46.p2 / person
                                                                                           :name (s46.n2 / name
                                                                                                         :op1 "Newton")
                                                                                           :same-as s34.p)
                                                                             :ARG1-of (s46.r / request-confirmation-91))
                                                             :domain (s46.s4 / space)
                                                             :manner-of (s46.k2 / know-01
                                                                                :ARG0 s46.p
                                                                                :ARG1 s46.l)
                                                             :mod (s46.j / just)))
                               :ARG2 (s46.o3 / outside
                                             :op1 (s46.u / universe
                                                         :same-as s25.c3))
                               :location (s46.e3 / everywhere))
                  :ARG2 (s46.s3 / sense
                                :domain s46.b
                                :mod (s46.c4 / certain)))
   :snt47 (s47.i / infer-01
                 :ARG1 (s47.f / found-01
                              :ARG1 (s47.t2 / thing
                                            :ARG1-of (s47.c / call-01
                                                            :ARG2 (s47.a / and
                                                                         :op1 (s47.t / theory
                                                                                     :ARG1-of (s47.l / liberal-02)
                                                                                     :mod (s47.t4 / tradition)
                                                                                     :topic (s47.p3 / politics))
                                                                         :op2 (s47.p2 / physics
                                                                                      :mod (s47.p / person
                                                                                                  :name (s47.n / name
                                                                                                               :op1 "Keynes"))))))
                              :ARG2 (s47.t3 / this)))
   :snt48 (s48.h / have-03
                 :ARG0 (s48.w / we)
                 :ARG1 (s48.r / revolution-03
                              :ARG1-of (s48.i / initiate-01
                                              :time (s48.b / begin-01
                                                           :ARG1 (s48.d / date-entity
                                                                        :century "20")))
                              :ARG1-of (s48.g / go-on-15
                                              :mod (s48.s / still)))
                 :mod (s48.n / now)
                 :time s48.d)
   :snt49 (s49.b / begin-01
                 :ARG1 (s49.i2 / it
                               :same-as s48.r)
                 :ARG2 (s49.i / invent-01
                              :ARG1 (s49.a / and
                                           :op1 (s49.t / theory
                                                       :mod (s49.r / relativity))
                                           :op2 (s49.t2 / theory
                                                        :mod (s49.q / quantum)))))
   :snt50 (s50.a / and
                 :op2 (s50.m2 / merge-01
                              :purpose (s50.m / make-01
                                              :ARG0 (s50.t3 / they
                                                            :same-as s49.a)
                                              :ARG1 (s50.t2 / theory
                                                            :mod (s50.q / quantum)
                                                            :mod (s50.f / final)
                                                            :topic (s50.a2 / and
                                                                           :op1 (s50.s / space)
                                                                           :op2 (s50.t4 / time)
                                                                           :op3 (s50.g2 / gravity))))
                              :ARG1 s50.t3
                              :ARG2-of (s50.c / culminate-01
                                              :ARG1 (s50.t / that)
                                              :ARG1-of (s50.g / go-on-15
                                                              :time (s50.n / now
                                                                           :mod (s50.r / right))))
                              :mod (s50.t5 / together)))
   :snt51 (s51.a2 / and
                  :op2 (s51.n / nothing
                              :ARG1-of (s51.f / fix-03
                                              :polarity "-")
                              :location (s51.u / universe
                                               :mod (s51.t / this)
                                               :same-as s25.c3)
                              :mod (s51.a / absolute)))
   :snt52 (s52.s / say-01
                 :ARG1 (s52.o / okay-01)
                 :ARG2 (s52.p / person
                              :name (s52.n / name
                                           :op1 "Zilch")))
   :snt53 (s53.d / describe-01
                 :ARG1 (s53.u / universe
                              :mod (s53.t / this)
                              :same-as s25.c3)
                 :manner (s53.n / network-01
                                :ARG1 (s53.r / relation-03)))
   :snt54 (s54.c / cause-01
                 :ARG0 (s54.a2 / aspect
                               :domain (s54.s3 / space)
                               :mod (s54.j / just)
                               :quant "1")
                 :ARG1 (s54.m / mean-01
                              :ARG2 (s54.s / say-01
                                           :ARG1 (s54.b / be-located-at-91
                                                        :ARG1 (s54.s2 / something)
                                                        :degree (s54.a / absolute)))
                              :polarity "-"))
   :snt55 (s55.b / be-located-at-91
                 :ARG1 (s55.r / relative-05
                              :ARG1 (s55.i / it
                                           :same-as s54.s2)
                              :ARG2 (s55.e2 / everything
                                            :mod (s55.e / else)))
                 :mod (s55.o / only))
   :snt56 (s56.a / and
                 :op2 (s56.e2 / evolve-01
                              :ARG1 (s56.n / network-01
                                           :ARG1 (s56.r / relation-03)
                                           :mod (s56.t / this)
                                           :same-as s53.n)
                              :time (s56.e / ever)))
   :snt57 (s57.c2 / cause-01
                  :ARG1 (s57.c / call-01
                               :ARG0 (s57.w / we)
                               :ARG1 (s57.i / it
                                            :same-as s25.c3)
                               :ARG2 (s57.u / universe
                                            :ARG1-of (s57.r / relation-03))))
   :snt58 (s58.p / property
                 :mod (s58.a / all)
                 :poss (s58.t / thing)
                 :topic (s58.r / relation-03
                               :mod (s58.k / kind
                                           :mod (s58.t2 / this))))
   :snt59 (s59.a2 / and
                  :op2 (s59.h / have-to-do-with-04
                              :ARG0 (s59.v / view-02
                                           :ARG0 (s59.y / you)
                                           :ARG1 (s59.w / world))
                              :ARG1 (s59.t / thing
                                           :ARG3-of (s59.c / come-01
                                                           :ARG1 (s59.i / information)
                                                           :ARG4 s59.y))
                              :condition (s59.e / embed-01
                                                :ARG1 s59.y
                                                :ARG2 (s59.n / network
                                                             :consist-of (s59.r / relation-03)
                                                             :mod (s59.s / such)))
                              :mod (s59.a / also)))
   :snt60 (s60.a / and
                 :op2 (s60.p2 / place
                              :location-of (s60.o3 / or
                                                   :op1 (s60.p / person
                                                               :ARG0-of (s60.o / observe-01)
                                                               :mod (s60.o2 / omniscient))
                                                   :op2 (s60.i / intelligence
                                                               :ARG0-of (s60.k / know-01
                                                                               :ARG1 (s60.e / everything))
                                                               :ARG0-of (s60.m / make-01
                                                                               :ARG1 s60.e)
                                                               :mod (s60.o4 / outside)))
                              :polarity "-"))
   :snt61 (s61.i / infer-01
                 :ARG1 (s61.a / and
                              :op1 (s61.r / relative-05
                                          :ARG1-of (s61.g / general-02)
                                          :domain (s61.t2 / this
                                                          :same-as s49.t))
                              :op2 (s61.t / theory
                                          :domain s61.t2
                                          :mod (s61.q / quantum))))
   :snt62 (s62.f / found-01
                 :ARG1 (s62.i / idea
                              :ARG1-of (s62.n / new-01)
                              :topic (s62.t2 / think-01
                                             :mod (s62.l / law)))
                 :ARG2 (s62.t3 / this)
                 :mod (s62.a / also
                             :condition (s62.t / talk-01
                                               :ARG0 (s62.y / you)
                                               :ARG2 (s62.s / scholar
                                                            :mod s62.l))))
   :snt63 (s63.t3 / think-01
                  :ARG0 (s63.t / they
                               :same-as s62.s)
                  :ARG1 (s63.t2 / thing
                                :ARG1-of (s63.s / same-01)))
   :snt64 (s64.a2 / and
                  :op1 (s64.t / that
                              :mod (s64.o2 / only
                                           :polarity "-"))
                  :op2 (s64.m / make-01
                              :ARG0 (s64.t3 / they
                                            :same-as s62.s)
                              :ARG1 (s64.a / analogy
                                           :prep-to (s64.a3 / and
                                                            :op1 (s64.t2 / theory
                                                                         :mod (s64.r / relativity))
                                                            :op2 (s64.c / cosmology)))
                              :frequency (s64.o / often)))
   :snt65 (s65.d / discuss-01
                 :ARG2-of (s65.i / interest-01)
                 :location (s65.t / there))
   :snt66 (s66.c / call-01
                 :ARG1 (s66.v / view
                              :mod (s66.l / last)
                              :mod (s66.t / this)
                              :mod (s66.c2 / cosmology))
                 :ARG2 (s66.v2 / view-02
                               :ARG1 (s66.r / religion)))
   :snt67 (s67.m2 / mean-01
                  :ARG1 (s67.n / nothing
                               :location (s67.o / outside
                                                :op1 (s67.u / universe
                                                            :same-as s25.c3)))
                  :ARG2 (s67.p / place
                               :ARG2-of (s67.p2 / put-01
                                                :ARG1 (s67.e / explain-01
                                                             :ARG1 (s67.s2 / something
                                                                           :location (s67.o2 / outside))))
                               :polarity "-")
                  :domain (s67.s / slogan
                                 :location (s67.h / here)
                                 :mod (s67.m / main)))
   :snt68 (s68.i / infer-01
                 :ARG1 (s68.h / have-condition-91
                              :ARG1-of (s68.t / term-01
                                              :ARG1 (s68.a3 / and
                                                            :op1 (s68.m / man)
                                                            :op2 (s68.w / woman))
                                              :ARG3 (s68.y2 / you
                                                            :ARG1-of (s68.m2 / mean-01
                                                                             :ARG2 (s68.g3 / guy
                                                                                           :topic (s68.p / physics)))
                                                            :location (s68.r3 / room)
                                                            :mod (s68.a2 / all)
                                                            :mod (s68.g2 / guy))
                                              :mod (s68.g / generic)
                                              :mod (s68.b2 / by-the-way))
                              :ARG2 (s68.c / come-upon-26
                                           :ARG0 (s68.y / you)
                                           :ARG1 (s68.s / something
                                                        :ARG1-of (s68.o2 / order-03)
                                                        :ARG1-of (s68.s3 / structure-01)
                                                        :example (s68.o / or
                                                                        :op1 (s68.d / device
                                                                                    :location (s68.h2 / here)
                                                                                    :mod (s68.t5 / this))
                                                                        :op2 (s68.d2 / device
                                                                                     :location (s68.t3 / there)
                                                                                     :mod (s68.t2 / that))
                                                                        :op3 (s68.s2 / something
                                                                                     :ARG1-of (s68.b / beautiful-02)
                                                                                     :ARG1-of (s68.r2 / resemble-01
                                                                                                      :ARG2 (s68.t4 / thing
                                                                                                                    :ARG0-of (s68.l / live-01)
                                                                                                                    :mod (s68.a / all)))))))
                              :location (s68.u / universe
                                               :ARG1-of (s68.r / relation-03)
                                               :mod (s68.s4 / such))))
   :snt69 (s69.a / and
                 :op2 (s69.e / explain-01
                             :ARG1 (s69.m / make-01
                                          :ARG0 (s69.i / it)
                                          :ARG1 s69.i
                                          :manner (s69.s / somehow))
                             :ARG1-of (s69.p / possible-01)
                             :location (s69.u / universe
                                              :ARG1-of (s69.r / relation-03))
                             :mod (s69.o / only)))
   :snt70 (s70.o / obligate-01
                 :ARG1 (s70.m2 / mechanism
                               :ARG0-of (s70.m / make-01
                                               :ARG1 (s70.t / thing))
                               :location (s70.i / inside
                                                :op1 (s70.u / universe
                                                            :same-as s25.c3))
                               :mod (s70.o2 / organize-01
                                            :ARG1 (s70.s / self))))
   :snt71 (s71.c / cause-01
                 :ARG0 (s71.p4 / place
                               :purpose (s71.p6 / put-01
                                                :ARG1 (s71.p / person
                                                             :ARG0-of (s71.m / make-01))
                                                :ARG2 (s71.o / outside))
                               :ARG1-of (s71.r / resemble-01
                                               :ARG2 (s71.p7 / put-01
                                                             :location (s71.p5 / place
                                                                               :location (s71.a / and
                                                                                                :op1 (s71.u / universe
                                                                                                            :mod "atom")
                                                                                                :op2 (s71.u2 / universe
                                                                                                             :mod (s71.p3 / person
                                                                                                                          :name (s71.n2 / name
                                                                                                                                        :op1 "Keynes")))))))
                               :polarity "-")
                 :rel (s71.p2 / person
                              :name (s71.n / name
                                           :op1 "atom")))
   :snt72 (s72.i / infer-01
                 :ARG1 (s72.o / obligate-01
                              :ARG1 (s72.h / have-03
                                           :ARG0 (s72.w / we)
                                           :ARG1 (s72.p / process-02
                                                        :ARG1 (s72.o2 / organize-01
                                                                      :ARG0 s72.w
                                                                      :ARG1 s72.w)))
                              :location (s72.u / universe
                                               :ARG0-of (s72.r / relation-03))))
   :snt73 (s73.t / teach-01
                 :ARG0 (s73.p / person
                              :name (s73.n / name
                                           :op1 "Darwin"))
                 :ARG1 (s73.p2 / process-02
                               :ARG0-of (s73.s3 / suffice-01
                                                :ARG1 (s73.e2 / explain-01
                                                              :ARG0 s73.p2
                                                              :ARG1 (s73.a2 / and
                                                                            :op1 (s73.w / we
                                                                                        :mod (s73.a / all))
                                                                            :op2 (s73.e / everything
                                                                                        :ARG1-of (s73.s / see-01
                                                                                                        :ARG0 s73.w)))))
                               :ARG1 (s73.o / organize-01
                                            :ARG0 (s73.s2 / self)
                                            :ARG1 s73.s2))
                 :ARG2 s73.w
                 :time (s73.n2 / now))
   :snt74 (s74.i / infer-01
                 :ARG1 (s74.w / work-09
                              :ARG1 (s74.i2 / it)))
   :snt75 (s75.c / contrast-01
                 :ARG2 (s75.t4 / turn-out-11
                               :ARG1 (s75.s2 / sense-02
                                             :ARG1 (s75.s / select-01)
                                             :location (s75.u / universe
                                                              :ARG1-of (s75.r / relation-03)
                                                              :mod (s75.s3 / such))
                                             :mod (s75.o2 / only))
                               :ARG2 (s75.t / that
                                            :mod (s75.o / only)
                                            :polarity "-")
                               :condition (s75.t3 / think-01
                                                  :ARG0 (s75.y / you)
                                                  :ARG1 (s75.t2 / thing
                                                                :manner-of (s75.w / work-09
                                                                                  :ARG1 s75.s)))))
   :snt76 (s76.w / work-09
                 :ARG1 (s76.s / select-01
                              :ARG1-of (s76.n / natural-03)
                              :same-as s75.s)
                 :ARG2 (s76.p / property
                              :example (s76.f / fitness
                                              :topic (s76.r / relation-03
                                                            :ARG0 (s76.s4 / species
                                                                          :mod (s76.s2 / some))
                                                            :ARG2 (s76.s5 / species
                                                                          :mod (s76.o / other
                                                                                      :mod (s76.s3 / some)))))))
   :snt77 (s77.a / and
                 :op1 (s77.s / sense-02
                             :ARG1 (s77.p / person
                                          :name (s77.n / name
                                                       :op1 "Darwin")
                                          :same-as s73.p)
                             :location (s77.u / universe
                                              :mod (s77.p2 / planet
                                                           :name (s77.n2 / name
                                                                         :op1 "Aristotelian")))
                             :polarity "-")
                 :op2 (s77.s2 / sense-02
                              :ARG1 s77.p
                              :ARG1-of (s77.r / real-04)
                              :location (s77.u2 / universe
                                                :mod (s77.p3 / planet
                                                             :name (s77.n3 / name
                                                                           :op1 "Zionism")))
                              :polarity "-"))
   :snt78 (s78.c / cause-01
                 :ARG1 (s78.r2 / require-01
                               :ARG0 (s78.t / theory
                                            :ARG1-of (s78.b / base-02
                                                            :ARG2 (s78.s / select-01
                                                                         :ARG1-of (s78.n / natural-03)))
                                            :topic (s78.b2 / biology))
                               :ARG1 (s78.n2 / notion
                                             :ARG1-of (s78.r / relation-03)
                                             :topic (s78.p / property
                                                           :domain (s78.a / amr-unknown)
                                                           :poss (s78.s2 / system
                                                                         :mod (s78.b3 / biology))))))
   :snt79 (s79.a3 / and
                  :op2 (s79.s / sense-02
                              :ARG1 (s79.i / it
                                           :same-as s78.t)
                              :ARG1-of (s79.h / have-degree-91
                                              :ARG2 (s79.g / good-02)
                                              :ARG3 (s79.m / most))
                              :ARG1-of (s79.r / real-04)
                              :condition (s79.p2 / push-01
                                                 :ARG0 (s79.y / you)
                                                 :ARG1 (s79.t / that
                                                              :same-as s78.n2)
                                                 :ARG2 (s79.d / down
                                                              :extent (s79.a2 / all-the-way)))
                              :location (s79.u / universe
                                               :ARG1-of (s79.r2 / relation-03)
                                               :location-of (s79.p / property
                                                                   :mod (s79.a / all)))))
   :snt80 (s80.c / contrast-01
                 :ARG1 (s80.t2 / that
                               :mod (s80.o / only
                                           :polarity "-"))
                 :ARG2 (s80.t / teach-01
                              :ARG0 (s80.p / person
                                           :name (s80.n / name
                                                        :op1 "Einstein"))
                              :ARG1 (s80.r2 / result-01
                                            :ARG1 (s80.r / relation-03
                                                         :ARG0 (s80.w2 / world))
                                            :ARG2 (s80.g / gravity))
                              :ARG2 (s80.w / we))
                 :time (s80.n2 / now))
   :snt81 (s81.l / life
                 :ARG1-of (s81.c / cause-01
                                 :ARG0 (s81.c2 / cause-01
                                               :ARG0 (s81.g / gravity)
                                               :ARG1 (s81.a / and
                                                            :manner (s81.k / keep-01
                                                                           :purpose (s81.p3 / possible-01
                                                                                            :ARG1 (s81.e2 / evolve-01
                                                                                                          :ARG1 (s81.l2 / life)))
                                                                           :ARG0 s81.g
                                                                           :ARG1 (s81.p / piece
                                                                                        :example (s81.s2 / surface
                                                                                                         :part-of (s81.p2 / planet
                                                                                                                          :name (s81.n / name
                                                                                                                                       :op1 "Earth")
                                                                                                                          :same-as s28.p))
                                                                                        :part-of (s81.w / world))
                                                                           :duration (s81.m / multiple
                                                                                            :op1 (s81.t / temporal-quantity
                                                                                                        :unit (s81.y / year)
                                                                                                        :quant "1000000000"))
                                                                           :manner (s81.o / out-06
                                                                                          :ARG1 s81.p
                                                                                          :ARG2 (s81.e / equilibrium
                                                                                                       :mod (s81.t2 / thermal))))
                                                            :op1 (s81.f / form-01
                                                                        :ARG1 (s81.s / star))
                                                            :op2 (s81.l3 / live-01
                                                                         :ARG0 s81.s
                                                                         :duration (s81.t3 / time
                                                                                           :ARG1-of (s81.l4 / long-03
                                                                                                            :degree (s81.v / very)))))))
                 :rel (s81.h / have-condition-91
                             :ARG2 (s81.h2 / have-purpose-91
                                           :ARG1 s81.g
                                           :same-as s80.g)
                             :ARG1 s81.l)
                 :polarity "-"
                 :rel "-")
   :snt82 (s82.s2 / see-01
                  :ARG0 (s82.w / we)
                  :ARG1 (s82.d3 / develop-02
                                :ARG0-of (s82.d2 / depend-01
                                                 :polarity "-")
                                :ARG1 (s82.t / theme
                                             :mod (s82.b / big)
                                             :mod (s82.s / science)
                                             :quant "2"))
                  :time (s82.d / date-entity
                               :century "20"))
   :snt83 (s83.e / explore-01
                 :ARG0 (s83.t / they)
                 :ARG1 (s83.i / implicate-01
                              :ARG0 (s83.n / notion
                                           :topic (s83.a2 / arise-02
                                                          :ARG1 (s83.a / and
                                                                       :op1 (s83.o / order)
                                                                       :op2 (s83.c / complexity)
                                                                       :op3 (s83.s2 / structure))
                                                          :manner (s83.o2 / organize-01
                                                                          :ARG0 s83.a
                                                                          :ARG1 s83.a))))
                 :location (s83.s / science
                                  :mod (s83.b / biology)))
   :snt84 (s84.a / and
                 :op1 (s84.t2 / triumph-01
                              :ARG0 (s84.p / person
                                           :name (s84.n / name
                                                        :op1 "neo-Nazism"))
                              :ARG2 (s84.t / that
                                           :same-as s83.e))
                 :op2 (s84.e / et-cetera))
   :snt85 (s85.a / and
                 :op2 (s85.l / leak-01
                             :ARG0 (s85.a2 / and
                                           :op1 (s85.s / science
                                                       :mod (s85.c / cognition))
                                           :op2 (s85.s2 / science
                                                        :mod (s85.h / human))
                                           :op3 (s85.e / economics)
                                           :op4 (s85.e2 / et-cetera))
                             :ARG1 (s85.i / idea
                                          :mod (s85.t / that)
                                          :same-as s83.n)
                             :ARG1-of (s85.s3 / slow-05)))
   :snt86 (s86.b2 / busy-01
                  :ARG1 (s86.w / we
                               :mod (s86.p / physicist))
                  :ARG2 (s86.t4 / try-01
                                :ARG0 s86.w
                                :ARG1 (s86.a / and
                                             :op1 (s86.s2 / sense-02
                                                          :ARG0 s86.w
                                                          :ARG1 (s86.t2 / thing
                                                                        :ARG1-of (s86.d / discover-01
                                                                                        :topic (s86.a2 / and
                                                                                                       :op1 (s86.t / theory
                                                                                                                   :mod (s86.q / quantum))
                                                                                                       :op2 (s86.r / relative-05)))))
                                             :op2 (s86.b / build-01
                                                         :ARG0 s86.w
                                                         :ARG1 s86.t2)
                                             :op3 (s86.i / integrate-01
                                                         :ARG0 s86.w
                                                         :ARG1 s86.t2)))
                  :time (s86.t3 / time
                                :ARG1-of (s86.s / same-01)))
   :snt87 (s87.a / and
                 :op2 (s87.w2 / work-out-02
                              :ARG0 (s87.w / we
                                           :same-as s86.w)
                              :ARG1 (s87.i2 / implicate-01
                                            :ARG0 (s87.i / idea
                                                         :topic (s87.m / make-up-07
                                                                       :ARG0 (s87.r2 / relation-03)
                                                                       :ARG1 (s87.u / universe
                                                                                    :same-as s25.c3))
                                                         :same-as s83.n)
                                            :ARG1-of (s87.r / real-04))))
   :snt88 (s88.d2 / drive-02
                  :ARG0 (s88.i2 / integrate-01
                                :ARG1 (s88.i / idea
                                             :ARG1-of (s88.m / mean-01
                                                             :ARG2 (s88.a / and
                                                                          :op1 (s88.t4 / triumph-01
                                                                                       :ARG0 (s88.w / way
                                                                                                    :ARG0-of (s88.r / relation-03)
                                                                                                    :manner-of (s88.t / think-01
                                                                                                                      :ARG1 (s88.w3 / world
                                                                                                                                    :same-as s81.w))))
                                                                          :op2 (s88.o / or
                                                                                      :op1 (s88.o2 / organize-01
                                                                                                   :ARG1 (s88.s2 / self))
                                                                                      :op2 (s88.w2 / way
                                                                                                   :name (s88.n / name
                                                                                                                :op1 "Darwinism")
                                                                                                   :manner-of (s88.t2 / think-01
                                                                                                                      :ARG1 s88.w3)))))
                                             :mod (s88.t3 / this)
                                             :quant "2"))
                  :ARG1 (s88.s / science
                               :time (s88.d / date-entity
                                            :century "21")))
   :snt89 (s89.a2 / and
                  :op2 (s89.c / continue-01
                              :ARG1 (s89.e / evolve-01
                                           :ARG1 (s89.a4 / and
                                                         :op1 (s89.t / think-01
                                                                     :ARG0 (s89.w / we)
                                                                     :ARG1 (s89.a3 / and
                                                                                   :op1 (s89.s2 / space)
                                                                                   :op2 (s89.t3 / time)
                                                                                   :op3 (s89.c2 / cosmology)))
                                                         :op2 (s89.t2 / think-01
                                                                      :ARG1 (s89.s / society))))
                              :mod (s89.a / also)
                              :time (s89.d / date-entity
                                           :century "21"
                                           :same-as s48.d)))
   :snt90 (s90.a / and
                 :op2 (s90.e / evolve-01
                             :ARG1 (s90.t / they
                                          :same-as s89.a4)
                             :ARG2 (s90.u / union-02
                                          :ARG1 (s90.i / idea
                                                       :domain (s90.a2 / and
                                                                       :op1 (s90.t2 / thing
                                                                                    :name (s90.n / name
                                                                                                 :op1 "Darwinism"))
                                                                       :op2 (s90.t3 / thing
                                                                                    :name (s90.n2 / name
                                                                                                  :op1 "relationalism")))
                                                       :mod (s90.b / big)
                                                       :mod (s90.t4 / this)
                                                       :quant "2"))))
   :snt91 (s91.n2 / notion
                  :ARG0-of (s91.r / recognize-02
                                  :ARG1 (s91.a2 / and
                                                :op1 (s91.i2 / interest-01
                                                             :quant (s91.m / many)
                                                             :ARG1-of (s91.d2 / differ-02))
                                                :op2 (s91.a / agenda
                                                            :quant (s91.m2 / many)
                                                            :ARG1-of (s91.d3 / differ-02
                                                                             :ARG1 (s91.i / individual
                                                                                          :quant s91.m)
                                                                             :ARG1 (s91.t / thing
                                                                                          :ARG2-of (s91.h / have-point-of-view-08
                                                                                                          :ARG0 s91.d3))))
                                                :op3 s91.i
                                                :op4 s91.t))
                  :ARG1-of (s91.n / new-01)
                  :condition (s91.t2 / think-01
                                     :ARG0 (s91.y / you)
                                     :ARG1 (s91.d / democracy)
                                     :manner (s91.p / perspective
                                                    :mod (s91.t3 / this)))
                  :domain s91.d
                  :mod (s91.p2 / pluralistic)
                  :mod (s91.n3 / now))
   :snt92 (s92.c / cause-01
                 :ARG0 (s92.e2 / embed-01
                               :ARG1 (s92.y / you)
                               :ARG2 (s92.n / network-01
                                            :ARG1 (s92.r / relation-03)))
                 :ARG1 (s92.c2 / complete-02
                               :ARG1 (s92.o / one
                                            :mod (s92.e / each))
                               :polarity "-"))
   :snt93 (s93.e / embed-01
                 :ARG1 (s93.p / person
                              :ARG0-of (s93.a / act-01)
                              :location (s93.d / democracy)
                              :mod (s93.a2 / any))
                 :ARG2 (s93.n / network-01
                              :ARG1 (s93.r / relation-03)))
   :snt94 (s94.a / and
                 :op2 (s94.u / understand-01
                             :ARG0 (s94.y / you)
                             :ARG0-of (s94.c / cause-01
                                             :ARG1 (s94.a2 / and
                                                           :ARG1-of (s94.c2 / continue-01)
                                                           :domain (s94.p / politics)
                                                           :op1 (s94.j / jeez)
                                                           :op2 (s94.g / give-01)
                                                           :op3 (s94.t / take-01)))
                             :ARG1 (s94.t2 / thing
                                           :mod (s94.s / some))
                             :ARG1-of (s94.h / have-degree-91
                                             :ARG2 (s94.g2 / good-03
                                                           :ARG1 s94.y
                                                           :ARG2 s94.t2)
                                             :ARG3 (s94.m / more)
                                             :ARG4 (s94.t3 / thing
                                                           :mod (s94.o / other)))))
   :snt95 (s95.a3 / and
                  :op2 (s95.p / politics
                              :manner (s95.s / sense
                                             :mod (s95.i / ideal))
                              :manner-of (s95.a2 / address-02
                                                 :purpose (s95.a / achieve-01
                                                                 :ARG0 (s95.w / we)
                                                                 :ARG1 (s95.a4 / and
                                                                               :op1 (s95.l / live-01
                                                                                           :ARG1-of (s95.h / have-degree-91
                                                                                                           :ARG2 (s95.g / good-02)
                                                                                                           :ARG3 (s95.m / more)))
                                                                               :op2 (s95.s2 / society
                                                                                            :ARG1-of (s95.h2 / have-degree-91
                                                                                                             :ARG2 (s95.g2 / good-02
                                                                                                                           :ARG1 s95.s2)
                                                                                                             :ARG3 (s95.m2 / more)))))
                                                 :ARG0 s95.w
                                                 :ARG1 (s95.n / network-01
                                                              :ARG0 s95.w
                                                              :ARG1 (s95.r / relation-03
                                                                           :ARG0 s95.w))
                                                 :ARG1-of (s95.c / continue-01
                                                                 :ARG0 s95.w))))
   :snt96 (s96.a2 / and
                  :op2 (s96.t / think-01
                              :ARG0 (s96.i / i
                                           :same-as s2.i)
                              :ARG1 (s96.g / go-02
                                           :ARG0 (s96.s / science)
                                           :ARG1 (s96.a3 / away)
                                           :time (s96.e / ever)
                                           :polarity "-")
                              :mod (s96.a / also))
                  :op3 (s96.f / finish-01
                              :ARG0 s96.i
                              :location (s96.l / line
                                               :mod (s96.t2 / this))))
   :snt97 (s97.f / finish-01
                 :ARG0 (s97.i / i
                              :same-as s2.i)
                 :mod (s97.i2 / in-fact))
   :snt98 (s98.g / go-02
                 :ARG0 (s98.s / science)
                 :ARG4 (s98.a / away)
                 :time (s98.e / ever)
                 :polarity "-"))

