# ::id doc-403
# ::doc_file doc-403
# ::tok http : / / www . ted . com / talks / apollo_robbins_the_art_of_misdirection< / url> <next_sent> Do you think it 's possible to control someone 's attention ? <next_sent> Even more than that , what about predicting human behavior ? <next_sent> I think those are interesting ideas , if you could . <next_sent> I mean , for me , that would be the perfect superpower , actually kind of an evil way of approaching it . <next_sent> But for myself , in the past , I 've spent the last 20 years studying human behavior from a rather unorthodox way : picking pockets . <next_sent> When we think of misdirection , we think of something as looking off to the side , when actually it 's often the things that are right in front of us that are the hardest things to see , the things that you look at every day that you 're blinded to . <next_sent> For example , how many of you still have your cell phones on you right now ? <next_sent> Great . <next_sent> Double - check . <next_sent> Make sure you still have them on you . <next_sent> I was doing some shopping beforehand . <next_sent> Now you 've looked at them probably a few times today , but I 'm going to ask you a question about them . <next_sent> Without looking at your cell phone directly yet , can you remember the icon in the bottom right corner ? <next_sent> Bring them out , check , and see how accurate you were . <next_sent> How 'd you do ? <next_sent> Show of hands . <next_sent> Did we get it ? <next_sent> Now that you 're done looking at those , close them down , because every phone has something in common . <next_sent> No matter how you organize the icons , you still have a clock on the front . <next_sent> So , without looking at your phone , what time was it ? <next_sent> You just looked at your clock , right ? <next_sent> It 's an interesting idea . <next_sent> Now , I 'll ask you to take that a step further with a game of trust . <next_sent> Close your eyes . <next_sent> I realize I 'm asking you to do that while you just heard there 's a pickpocket in the room , but close your eyes . <next_sent> Now , you 've been watching me for about 30 seconds . <next_sent> With your eyes closed , what am I wearing ? <next_sent> Make your best guess . <next_sent> What color is my shirt ? <next_sent> What color is my tie ? <next_sent> Now open your eyes . <next_sent> By a show of hands , were you right ? <next_sent> It 's interesting , is n't it ? <next_sent> Some of us are a little bit more perceptive than others . <next_sent> It seems that way . <next_sent> But I have a different theory about that , that model of attention . <next_sent> They have fancy models of attention , Posner 's trinity model of attention . <next_sent> For me , I like to think of it very simple , like a surveillance system . <next_sent> It 's kind of like you have all these fancy sensors , and inside your brain is a little security guard . <next_sent> For me , I like to call him Frank . <next_sent> So Frank is sitting at a desk . <next_sent> He 's got all sorts of cool information in front of him , high - tech equipment , he 's got cameras , he 's got a little phone that he can pick up , listen to the ears , all these senses , all these perceptions . <next_sent> But attention is what steers your perceptions , is what controls your reality . <next_sent> It 's the gateway to the mind . <next_sent> If you do n't attend to something , you ca n't be aware of it . <next_sent> But ironically , you can attend to something without being aware of it . <next_sent> That 's why there 's the cocktail effect : When you 're in a party , you 're having conversations with someone , and yet you can recognize your name and you did n't even realize you were listening to that . <next_sent> Now , for my job , I have to play with techniques to exploit this , to play with your attention as a limited resource . <next_sent> So if I could control how you spend your attention , if I could maybe steal your attention through a distraction . <next_sent> Now , instead of doing it like misdirection and throwing it off to the side , instead , what I choose to focus on is Frank , to be able to play with the Frank inside your head , your little security guard , and get you , instead of focusing on your external senses , just to go internal for a second . <next_sent> So if I ask you to access a memory , like , what is that ? <next_sent> What just happened ? <next_sent> Do you have a wallet ? <next_sent> Do you have an American Express in your wallet ? <next_sent> And when I do that , your Frank turns around . <next_sent> He accesses the file . <next_sent> He has to rewind the tape . <next_sent> And what 's interesting is , he ca n't rewind the tape at the same time that he 's trying to process new data . <next_sent> Now , I mean , this sounds like a good theory , but I could talk for a long time and tell you lots of things , and they may be true , a portion of them , but I think it 's better if I tried to show that to you here live . <next_sent> So if I come down , I 'm going to do a little bit of shopping . <next_sent> Just hold still where you are . <next_sent> Hello , how are you ? <next_sent> It 's lovely to see you . <next_sent> You did a wonderful job onstage . <next_sent> You have a lovely watch that does n't come off very well . <next_sent> Do you have your ring as well ? <next_sent> Good . <next_sent> Just taking inventory . <next_sent> You 're like a buffet . <next_sent> It 's hard to tell where to start , there 's so many great things . <next_sent> Hi , how are you ? <next_sent> Good to see you . <next_sent> Hi , sir , could you stand up for me , please ? <next_sent> Just right where you are . <next_sent> Oh , you 're married . <next_sent> You follow directions well . <next_sent> That 's nice to meet you , sir . <next_sent> You do n't have a whole lot inside your pockets . <next_sent> Anything down by the pocket over here ? <next_sent> Hopefully so . <next_sent> Have a seat . <next_sent> There you go . <next_sent> You 're doing well . <next_sent> Hi , sir , how are you ? <next_sent> Good to see you , sir . <next_sent> You have a ring , a watch . <next_sent> Do you have a wallet on you ? <next_sent> Joe : I do n't . <next_sent> Apollo Robbins : Well , we 'll find one for you . <next_sent> Come on up this way , Joe . <next_sent> Give Joe a round of applause . <next_sent> Come on up Joe . Let 's play a game . <next_sent> Pardon me . <next_sent> I do n't think I need this clicker anymore . <next_sent> You can have that . <next_sent> Thank you very much . <next_sent> I appreciate that . <next_sent> Come on up to the stage , Joe . <next_sent> Let 's play a little game now . <next_sent> Do you have anything in your front pockets ? <next_sent> Joe : Money . <next_sent> AR : Money . <next_sent> All right , let 's try that . <next_sent> Can you stand right over this way for me ? <next_sent> Turn around and , let 's see , if I give you something that belongs to me , this is just something I have , a poker chip . <next_sent> Hold out your hand for me . <next_sent> Watch it kind of closely . <next_sent> Now this is a task for you to focus on . <next_sent> Now you have your money in your front pocket here ? <next_sent> Joe : Yup . <next_sent> AR : Good . <next_sent> I 'm not going to actually put my hand in your pocket . <next_sent> I 'm not ready for that kind of commitment . <next_sent> One time a guy had a hole in his pocket , and that was rather traumatizing for me . <next_sent> I was looking for his wallet and he gave me his phone number . <next_sent> It was a big miscommunication . <next_sent> So let 's do this simply . <next_sent> Squeeze your hand . <next_sent> Squeeze it tight . <next_sent> Do you feel the poker chip in your hand ? <next_sent> Joe : I do . <next_sent> AR : Would you be surprised if I could take it out of your hand ? <next_sent> Say yes . <next_sent> Joe : Very . <next_sent> AR : Good . <next_sent> Open your hand . <next_sent> Thank you very much . <next_sent> I 'll cheat if you give me a chance . <next_sent> Make it harder for me . <next_sent> Just use your hand . <next_sent> Grab my wrist , but squeeze , squeeze firm . <next_sent> Did you see it go ? <next_sent> See , while we 're focused on the hand , it 's sitting on your shoulder right now . <next_sent> Go ahead and take it off . <next_sent> Now , let 's try that again . <next_sent> Hold your hand out flat . <next_sent> Open it up all the way . <next_sent> Put your hand up a little bit higher , but watch it close there , Joe . <next_sent> See , if I did it slowly , it 'd be back on your shoulder . <next_sent> Joe , we 're going to keep doing this till you catch it . <next_sent> You 're going to get it eventually . <next_sent> I have faith in you . <next_sent> Squeeze firm . <next_sent> You 're human , you 're not slow . <next_sent> It 's back on your shoulder . <next_sent> You were focused on your hand . <next_sent> That 's why you were distracted . <next_sent> While you were watching this , I could n't quite get your watch off . <next_sent> It was difficult . <next_sent> Yet you had something inside your front pocket . <next_sent> Do you remember what it was ? <next_sent> Joe : Money . <next_sent> AR : Check your pocket . <next_sent> See if it 's still there . <next_sent> Is it still there ? <next_sent> Oh , that 's where it was . <next_sent> Go ahead and put it away . <next_sent> We 're just shopping . <next_sent> This trick 's more about the timing , really . <next_sent> I 'm going to try to push it inside your hand . <next_sent> Put your other hand on top for me , would you ? <next_sent> It 's amazingly obvious now , is n't it ? <next_sent> It looks a lot like the watch I was wearing , does n't it ? <next_sent> Joe : That 's pretty good . <next_sent> That 's pretty good . <next_sent> AR : Oh , thanks . <next_sent> But it 's only a start . <next_sent> Let 's try it again , a little bit differently . <next_sent> Hold your hands together . <next_sent> Put your other hand on top . <next_sent> Now if you 're watching this little token , this obviously has become a little target . <next_sent> It 's like a red herring . <next_sent> If we watch this kind of close , it looks like it goes away . <next_sent> It 's not back on your shoulder . <next_sent> It falls out of the air , lands right back in the hand . <next_sent> Did you see it go ? <next_sent> Yeah , it 's funny . <next_sent> We 've got a little guy . <next_sent> He 's union . <next_sent> He works up there all day . <next_sent> If I did it slowly , if it goes straightaway , it lands down by your pocket . <next_sent> I believe is it in this pocket , sir ? <next_sent> Can I show them what that is ? <next_sent> That 's rather bizarre . <next_sent> Is this yours , sir ? <next_sent> I have no idea how that works . <next_sent> We 'll just send that over there . <next_sent> That 's great . <next_sent> I need help with this one . <next_sent> Step over this way for me . <next_sent> Now do n't run away . <next_sent> You had something down by your pants pocket . <next_sent> I was checking mine . <next_sent> I could n't find everything , but I noticed you had something here . <next_sent> Can I feel the outside of your pocket for a moment ? <next_sent> Down here I noticed this . <next_sent> Is this something of yours , sir ? <next_sent> Is this ? <next_sent> I have no idea . <next_sent> That 's a shrimp . <next_sent> Joe : Yeah . <next_sent> I 'm saving it for later . <next_sent> AR : You 've entertained all of these people in a wonderful way , better than you know . <next_sent> So we 'd love to give you this lovely watch as a gift . <next_sent> Hopefully it matches his taste . <next_sent> But also , we have a couple of other things , a little bit of cash , and then we have a few other things . <next_sent> These all belong to you , along with a big round of applause from all your friends . <next_sent> Joe , thank you very much . <next_sent> So , same question I asked you before , but this time you do n't have to close your eyes . <next_sent> What am I wearing ? <next_sent> Attention is a powerful thing . <next_sent> Like I said , it shapes your reality . <next_sent> So , I guess I 'd like to pose that question to you . <next_sent> If you could control somebody 's attention , what would you do with it ? <next_sent> Thank you .
(d / document
   :snt1 (s1.u / url-entity
               :topic (s1.t / talk-01))
   :snt2 (s2.t / think-01
               :ARG0 (s2.y / you)
               :ARG1 (s2.p / possible-01
                           :ARG1 (s2.c / control-01
                                       :ARG1 (s2.a2 / attend-02
                                                    :ARG0 (s2.s / someone))))
               :polarity (s2.a / amr-unknown))
   :snt3 (s3.a / amr-unknown
               :ARG1-of (s3.h / have-quant-91
                              :ARG3 (s3.m / more
                                          :mod (s3.e / even))
                              :ARG4 (s3.t / that))
               :topic (s3.p / predict-01
                            :ARG1 (s3.b / behave-01
                                        :ARG0 (s3.h2 / human))))
   :snt4 (s4.t2 / think-01
                :ARG0 (s4.i / i
                            :same-as s2.y)
                :ARG1 (s4.i2 / idea
                             :ARG0-of (s4.i3 / interest-01)
                             :domain (s4.t / that))
                :condition (s4.p / possible-01
                                 :ARG1 (s4.y / you)))
   :snt5 (s5.m / mean-01
               :ARG0 (s5.i / i
                           :same-as s2.y)
               :ARG2 (s5.s / superpower
                           :ARG1-of (s5.p / perfect-02
                                          :ARG2 s5.i)
                           :domain (s5.t / that
                                         :same-as s3.p)
                           :mod (s5.w / way
                                      :manner-of (s5.a2 / approach-02
                                                        :ARG1 s5.t)
                                      :mod (s5.e / evil
                                                 :ARG1-of (s5.a / actual-02)
                                                 :degree (s5.k / kind-of)))))
   :snt6 (s6.c / contrast-01
               :ARG2 (s6.s / spend-02
                           :ARG0 (s6.i / i
                                       :same-as s2.y)
                           :ARG1 (s6.t / temporal-quantity
                                       :unit (s6.y / year)
                                       :quant "20")
                           :ARG2 (s6.s2 / study-01
                                        :ARG0 s6.i
                                        :ARG1 (s6.b / behave-01
                                                    :ARG0 (s6.h / human))
                                        :manner (s6.w / way
                                                      :ARG1-of (s6.m / mean-01
                                                                     :ARG2 (s6.p2 / pick-01
                                                                                  :ARG0 s6.i
                                                                                  :ARG1 (s6.p3 / pocket)))
                                                      :mod (s6.c2 / conventional
                                                                  :degree (s6.r / rather)
                                                                  :polarity "-")))
                           :time (s6.p / past))
               :beneficiary s6.i)
   :snt7 (s7.c / contrast-01
               :ARG1 (s7.t4 / think-01
                            :ARG0 (s7.w / we)
                            :ARG1 (s7.s3 / something
                                         :same-as s7.m)
                            :ARG2 (s7.l / look-01
                                        :ARG0 s7.w
                                        :direction (s7.o / off)
                                        :op1 (s7.s2 / side))
                            :time (s7.t3 / think-01
                                         :ARG0 s7.w
                                         :ARG1 (s7.m / misdirect-01)))
               :ARG2 (s7.s / see-01
                           :ARG0 (s7.a / actual-02
                                       :ARG1 s7.s)
                           :ARG1 (s7.t2 / thing
                                        :ARG1-of (s7.l2 / look-01
                                                        :ARG0 (s7.y / you)
                                                        :ARG0-of (s7.b2 / blind-01
                                                                        :ARG1 s7.y)
                                                        :frequency (s7.r / rate-entity-91
                                                                         :ARG3 (s7.t / temporal-quantity
                                                                                     :unit (s7.d / day)
                                                                                     :quant "1"))))
                           :ARG1-of (s7.h2 / have-degree-91
                                           :ARG2 (s7.h / hard-02
                                                       :ARG1 s7.s)
                                           :ARG3 (s7.m2 / most)))
               :rel (s7.b / be-located-at-91
                          :ARG1 s7.t2
                          :ARG2 (s7.i / in-front-of
                                      :degree (s7.r2 / right)
                                      :op1 s7.w)
                          :frequency (s7.o2 / often)))
   :snt8 (s8.e / exemplify-01
               :ARG0 (s8.h / have-03
                           :ARG0 (s8.y / you
                                       :quant (s8.a / amr-unknown))
                           :ARG1 (s8.p / phone
                                       :mod (s8.c / cell))
                           :mod (s8.s / still)
                           :time (s8.n / now
                                       :mod (s8.r / right))))
   :snt9 (s9.g / great)
   :snt10 (s10.c / check-01
                 :ARG0 (s10.y / you)
                 :mode "imperative")
   :snt11 (s11.e / ensure-01
                 :ARG0 (s11.y / you)
                 :ARG1 (s11.h / have-03
                              :ARG0 s11.y
                              :ARG1 (s11.t / they
                                           :same-as s8.p)
                              :mod (s11.s / still)))
   :snt12 (s12.s / shop-01
                 :ARG1 (s12.i / i
                              :same-as s2.y)
                 :mod (s12.s2 / some)
                 :time (s12.b / beforehand))
   :snt13 (s13.c / contrast-01
                 :ARG1 (s13.l / look-01
                              :ARG0 (s13.y / you
                                           :same-as s8.y)
                              :ARG1 (s13.t / they
                                           :same-as s8.p)
                              :frequency (s13.f / few
                                                :mod (s13.p / probable))
                              :time (s13.n / now)
                              :time (s13.t2 / today))
                 :ARG2 (s13.a / ask-01
                              :ARG0 (s13.i / i
                                           :same-as s2.y)
                              :ARG1 (s13.q / question
                                           :topic s13.t)
                              :ARG2 s13.t))
   :snt14 (s14.p2 / possible-01
                  :ARG1 (s14.r / remember-01
                               :ARG0 (s14.y2 / you
                                             :same-as s8.y)
                               :ARG1 (s14.i / icon
                                            :location (s14.c / corner
                                                             :ARG1-of (s14.r2 / right-04)
                                                             :mod (s14.b / bottom))))
                  :manner (s14.l / look-01
                                 :ARG0 s14.y2
                                 :ARG1 (s14.p / phone
                                              :poss s14.y2)
                                 :ARG1-of (s14.d / direct-02)
                                 :time (s14.y / yet)
                                 :polarity "-")
                  :polarity (s14.a / amr-unknown))
   :snt15 (s15.a2 / and
                  :op1 (s15.b / bring-01
                              :ARG0 (s15.y / you)
                              :ARG1 (s15.t / they
                                           :same-as s14.i)
                              :ARG2 (s15.o / out)
                              :mode "imperative")
                  :op2 (s15.c / check-01
                              :ARG0 s15.y)
                  :op3 (s15.s / see-01
                              :ARG0 s15.y
                              :ARG1 (s15.t2 / thing
                                            :degree-of (s15.a / accurate
                                                              :domain s15.y))
                              :mode "imperative"))
   :snt16 (s16.d / do-02
                 :ARG0 (s16.y / you
                              :same-as s8.y)
                 :manner (s16.a / amr-unknown))
   :snt17 (s17.s / show-01
                 :ARG1 (s17.h / hand))
   :snt18 (s18.g / get-01
                 :ARG0 (s18.w / we)
                 :ARG1 (s18.i / it)
                 :polarity (s18.a / amr-unknown))
   :snt19 (s19.c2 / close-down-04
                  :ARG0 (s19.y / you
                               :same-as s8.y)
                  :ARG1 (s19.t / that)
                  :ARG1-of (s19.c / cause-01
                                  :ARG0 (s19.s / share-01
                                               :ARG0 (s19.p / phone
                                                            :mod (s19.e / every))
                                               :ARG1 (s19.s2 / something)))
                  :time (s19.n / now
                               :time-of (s19.b / be-done-08
                                               :ARG0 s19.y
                                               :ARG1 (s19.l / look-01
                                                            :ARG0 s19.y
                                                            :ARG1 s19.t)))
                  :mode "imperative")
   :snt20 (s20.r / regardless-91
                 :ARG1 (s20.h / have-03
                              :ARG0 (s20.y / you)
                              :ARG1 (s20.c / clock
                                           :location (s20.f / front))
                              :mod (s20.s / still))
                 :ARG2 (s20.m / manner
                              :manner-of (s20.o / organize-01
                                                :ARG0 s20.y
                                                :ARG1 (s20.t / thing
                                                             :ARG1-of (s20.s2 / symbolize-01)))))
   :snt21 (s21.i / infer-01
                 :ARG1 (s21.d / date-entity
                              :manner (s21.l / look-01
                                             :ARG0 (s21.y / you)
                                             :ARG1 (s21.p / phone
                                                          :poss s21.y)
                                             :polarity "-")
                              :time (s21.a / amr-unknown)))
   :snt22 (s22.l / look-01
                 :ARG0 (s22.y / you
                              :same-as s2.y)
                 :ARG1 (s22.c / clock
                              :poss s22.y)
                 :ARG1-of (s22.r / request-confirmation-91
                                 :ARG2 s22.y)
                 :time (s22.j / just))
   :snt23 (s23.i / idea
                 :ARG2-of (s23.i2 / interest-01))
   :snt24 (s24.a / ask-02
                 :ARG0 (s24.i / i
                              :same-as s2.y)
                 :ARG1 (s24.s / step-01
                              :ARG0 (s24.y / you
                                           :same-as s8.y)
                              :ARG1 (s24.t / that)
                              :ARG2 (s24.f / further)
                              :manner (s24.g / game
                                             :mod (s24.t2 / trust-02)))
                 :ARG2 s24.y
                 :time (s24.n / now))
   :snt25 (s25.c / close-01
                 :ARG0 (s25.y / you
                              :part (s25.e / eye))
                 :ARG1 s25.e
                 :mode "imperative")
   :snt26 (s26.c2 / contrast-01
                  :ARG1 (s26.r / realize-01
                               :ARG0 (s26.i / i
                                            :same-as s2.y)
                               :ARG1 (s26.a / ask-02
                                            :ARG0 s26.i
                                            :ARG1 (s26.d / do-02
                                                         :ARG0 (s26.y / you
                                                                      :part (s26.e / eye
                                                                                   :same-as s25.e)
                                                                      :same-as s8.y)
                                                         :ARG1 (s26.t / that))
                                            :ARG2 s26.y
                                            :time (s26.h / hear-01
                                                         :ARG0 s26.y
                                                         :ARG1 (s26.p / pickpocket
                                                                      :location (s26.r2 / room))
                                                         :time (s26.j / just))))
                  :ARG2 (s26.c / close-01
                               :ARG0 s26.y
                               :ARG1 s26.e
                               :mode "imperative"))
   :snt27 (s27.w / watch-01
                 :ARG0 (s27.y / you
                              :same-as s8.y)
                 :ARG1 (s27.i / i
                              :same-as s2.y)
                 :duration (s27.a / about
                                  :op1 (s27.t / temporal-quantity
                                              :unit (s27.s / second)
                                              :quant "30"))
                 :time (s27.n / now))
   :snt28 (s28.w / wear-01
                 :ARG0 (s28.i / i
                              :same-as s2.y)
                 :ARG1 (s28.a / amr-unknown)
                 :manner (s28.c / close-01
                                :ARG1 (s28.e / eye
                                             :same-as s25.e)))
   :snt29 (s29.g2 / guess-01
                  :ARG0 (s29.y / you)
                  :ARG1-of (s29.h / have-degree-91
                                  :ARG2 (s29.g / good-02)
                                  :ARG3 (s29.m / most)))
   :snt30 (s30.c / color-01
                 :ARG1 (s30.s / shirt
                              :poss (s30.i / i
                                           :same-as s2.y))
                 :ARG2 (s30.a / amr-unknown))
   :snt31 (s31.c / color-01
                 :ARG1 (s31.t / tie
                              :poss (s31.i / i
                                           :same-as s2.y))
                 :ARG2 (s31.a / amr-unknown))
   :snt32 (s32.o / open-01
                 :ARG0 (s32.y / you
                              :part (s32.e / eye
                                           :same-as s25.e))
                 :ARG1 s32.e
                 :time (s32.n / now)
                 :mode "imperative")
   :snt33 (s33.r / right-06
                 :ARG1 (s33.y / you
                              :part (s33.s / show-01
                                           :ARG1 (s33.h / hand))
                              :same-as s2.y)
                 :polarity (s33.a / amr-unknown))
   :snt34 (s34.i / interest-01
                 :ARG1-of (s34.r / request-confirmation-91)
                 :ARG2 (s34.i2 / it))
   :snt35 (s35.p / perceptive-02
                 :ARG0 (s35.w / we
                              :quant (s35.s / some))
                 :ARG2-of (s35.h / have-degree-91
                                 :ARG1 s35.w
                                 :ARG3 (s35.m / more
                                              :quant (s35.b / bit
                                                            :mod (s35.l / little)))
                                 :ARG4 (s35.o / other)))
   :snt36 (s36.s / seem-01
                 :ARG1 (s36.w / way
                              :mod (s36.t / that)))
   :snt37 (s37.c / contrast-01
                 :ARG2 (s37.h / have-03
                              :ARG0 (s37.i / i
                                           :same-as s2.y)
                              :ARG1 (s37.t2 / theory
                                            :ARG1-of (s37.d / differ-02)
                                            :topic (s37.t / that
                                                          :ARG0-of (s37.m / model-01
                                                                          :ARG1 (s37.a / attend-02))))))
   :snt38 (s38.h / have-03
                 :ARG0 (s38.t / they)
                 :ARG1 (s38.m2 / model
                               :ARG1-of (s38.m / mean-01
                                               :ARG2 (s38.m3 / model
                                                             :poss (s38.p / person
                                                                          :name (s38.n / name
                                                                                       :op1 "Posner"))
                                                             :quant "3"))
                               :mod (s38.f / fancy)
                               :topic (s38.a / attend-02)))
   :snt39 (s39.l / like-01
                 :ARG0 (s39.i / i
                              :same-as s2.y)
                 :ARG1 (s39.t / think-01
                              :ARG0 s39.i
                              :ARG1 (s39.i2 / it
                                            :ARG1-of (s39.r / resemble-01
                                                            :ARG2 (s39.s3 / system
                                                                          :ARG0-of (s39.s2 / surveil-01))))
                              :ARG2 (s39.s / simple-02
                                           :ARG1 s39.i2
                                           :degree (s39.v / very))))
   :snt40 (s40.r / resemble-01
                 :ARG1 (s40.a2 / and
                               :op1 (s40.h / have-03
                                           :ARG0 (s40.y / you
                                                        :part (s40.b / brain))
                                           :ARG1 (s40.t / thing
                                                        :ARG0-of (s40.m / measure-01)
                                                        :mod (s40.f / fancy)
                                                        :mod (s40.t2 / this)
                                                        :mod (s40.a / all)))
                               :op2 (s40.p / person
                                           :ARG0-of (s40.g / guard-01
                                                           :ARG1 (s40.s / security))
                                           :location (s40.i / inside
                                                            :op1 s40.b)
                                           :mod (s40.l / little)))
                 :degree (s40.k / kind-of))
   :snt41 (s41.l / like-01
                 :ARG0 (s41.i / i
                              :same-as s2.y)
                 :ARG1 (s41.c / call-01
                              :ARG0 s41.i
                              :ARG1 (s41.h / he
                                           :same-as s40.g)
                              :ARG2 (s41.n / name
                                           :op1 "Frank")))
   :snt42 (s42.s / sit-01
                 :ARG1 (s42.p / person
                              :name (s42.n / name
                                           :op1 "Frank")
                              :same-as s40.g)
                 :ARG2 (s42.d / desk))
   :snt43 (s43.g / get-02
                 :ARG0 (s43.h / he
                              :same-as s40.g)
                 :ARG1 (s43.a3 / and
                               :op1 (s43.i2 / information
                                            :ARG1-of (s43.c2 / cool-04)
                                            :location (s43.i / in-front-of
                                                             :op1 s43.h)
                                            :mod (s43.s2 / sort
                                                         :mod (s43.a / all)))
                               :op2 (s43.e2 / equipment
                                            :mod (s43.h2 / high-technology))
                               :op3 (s43.c / camera)
                               :op4 (s43.p2 / phone
                                            :ARG1-of (s43.p3 / pick-up-04
                                                             :ARG0 s43.h
                                                             :ARG1-of (s43.p4 / possible-01))
                                            :mod (s43.l2 / little))
                               :op5 (s43.l / listen-01
                                           :ARG0 s43.h
                                           :ARG1 (s43.e / ear))
                               :op6 (s43.s / sense-01
                                           :ARG0 s43.h
                                           :mod (s43.t / this))
                               :op7 (s43.p / perceive-01
                                           :mod s43.t))
                 :rel (s43.a2 / all))
   :snt44 (s44.c / contrast-01
                 :ARG2 (s44.a / and
                              :op1 (s44.s / steer-01
                                          :ARG0 (s44.a2 / attend-02)
                                          :ARG1 (s44.p / perceive-01
                                                       :ARG0 (s44.y / you)))
                              :op2 (s44.c2 / control-01
                                           :ARG0 s44.a2
                                           :ARG1 (s44.r / reality
                                                        :poss s44.y))))
   :snt45 (s45.g / gateway
                 :destination (s45.m / mind)
                 :domain (s45.i / it
                                :same-as s44.a2))
   :snt46 (s46.h / have-condition-91
                 :ARG1 (s46.p / possible-01
                              :ARG1 (s46.r / realize-01
                                           :ARG0 (s46.y / you)
                                           :ARG1 (s46.s / something))
                              :polarity "-")
                 :ARG2 (s46.a / attend-01
                              :ARG0 s46.y
                              :ARG1 s46.s
                              :polarity "-"))
   :snt47 (s47.c / contrast-01
                 :ARG2 (s47.p / possible-01
                              :ARG1 (s47.a / attend-01
                                           :ARG0 (s47.y / you)
                                           :ARG1 (s47.s / something)
                                           :manner (s47.r / realize-01
                                                          :ARG0 s47.y
                                                          :ARG1 s47.s
                                                          :polarity "-"))
                              :manner (s47.i / ironic)))
   :snt48 (s48.c / cause-01
                 :ARG0 (s48.a / and
                              :op1 (s48.c3 / converse-01
                                           :ARG0 (s48.y / you)
                                           :ARG2 (s48.s / someone)
                                           :time (s48.b / be-located-at-91
                                                        :ARG1 s48.y
                                                        :ARG2 (s48.p / party)))
                              :op2 (s48.a2 / and
                                           :op1 (s48.p2 / possible-01
                                                        :ARG1 (s48.r2 / recognize-02
                                                                      :ARG0 s48.y
                                                                      :ARG1 (s48.n / name
                                                                                   :poss s48.y)))
                                           :op2 (s48.r / realize-01
                                                       :ARG0 s48.y
                                                       :ARG1 (s48.l / listen-01
                                                                    :ARG0 s48.y
                                                                    :ARG1 s48.y)
                                                       :mod (s48.e2 / even)
                                                       :polarity "-")))
                 :ARG1 (s48.e / effect-03
                              :ARG1 (s48.c2 / cocktail)))
   :snt49 (s49.o / obligate-01
                 :ARG1 (s49.i / i
                              :same-as s2.y)
                 :ARG2 (s49.p / play-01
                              :ARG0 s49.i
                              :ARG2 (s49.t / technique
                                           :instrument-of (s49.p2 / play-01
                                                                  :ARG0 s49.i
                                                                  :ARG2 (s49.a / attend-02
                                                                               :ARG0 (s49.y / you)
                                                                               :prep-as (s49.r / resource
                                                                                               :ARG1-of (s49.l / limit-01))))
                                           :manner-of (s49.e / exploit-01
                                                             :ARG0 s49.i
                                                             :ARG1 (s49.t2 / this))))
                 :prep-for (s49.j / job
                                  :poss s49.i)
                 :time (s49.n / now))
   :snt50 (s50.i2 / infer-01
                  :ARG1 (s50.h / have-condition-91
                               :ARG1 (s50.p2 / possible-01
                                             :ARG1 (s50.s2 / steal-01
                                                           :ARG0 (s50.i / i
                                                                        :same-as s2.y)
                                                           :ARG1 (s50.a2 / attend-02
                                                                         :ARG0 (s50.y / you))
                                                           :manner (s50.d / distract-01)))
                               :ARG2 (s50.p / possible-01
                                            :ARG1 (s50.c / control-01
                                                         :ARG0 s50.i
                                                         :ARG1 (s50.t / thing
                                                                      :manner-of (s50.s / spend-01
                                                                                        :ARG0 s50.y
                                                                                        :ARG1 (s50.a / attend-02
                                                                                                     :ARG0 s50.y)))))))
   :snt51 (s51.c / choose-01
                 :ARG0 (s51.i / i
                              :same-as s2.y)
                 :ARG1 (s51.f / focus-01
                              :purpose (s51.a2 / and
                                               :op1 (s51.p4 / possible-01
                                                            :ARG1 (s51.p3 / play-01
                                                                          :ARG0 s51.i
                                                                          :ARG2 (s51.p / person
                                                                                       :name (s51.n / name
                                                                                                    :op1 "Frank")
                                                                                       :same-as s40.g)
                                                                          :location (s51.i2 / inside
                                                                                            :op1 (s51.h / head)
                                                                                            :op2 (s51.p2 / person
                                                                                                         :ARG0-of (s51.g3 / guard-01
                                                                                                                          :mod (s51.s2 / security))
                                                                                                         :mod (s51.l / little)
                                                                                                         :same-as s40.g)
                                                                                            :same-as s40.g)))
                                               :op2 (s51.g / get-05
                                                           :purpose (s51.g2 / go-08
                                                                            :ARG1 (s51.y / you
                                                                                         :part s51.h)
                                                                            :ARG2 (s51.i5 / internal-02)
                                                                            :duration (s51.t / temporal-quantity
                                                                                             :unit (s51.s / second)
                                                                                             :quant "1")
                                                                            :mod (s51.j / just))
                                                           :ARG0 s51.i
                                                           :ARG1 s51.p
                                                           :ARG1-of (s51.i4 / instead-of-91
                                                                            :ARG2 (s51.f2 / focus-01
                                                                                          :ARG0 s51.i
                                                                                          :ARG1 s51.y
                                                                                          :ARG2 (s51.s3 / sense-01
                                                                                                        :ARG0 s51.y
                                                                                                        :location (s51.e / external))))))
                              :ARG0 s51.i
                              :ARG1 (s51.i6 / it)
                              :ARG2 s51.p)
                 :ARG1-of (s51.i3 / instead-of-91
                                  :ARG2 (s51.a / and
                                               :op1 (s51.d / do-02
                                                           :ARG0 s51.i
                                                           :ARG1 s51.i6
                                                           :ARG1-of (s51.r / resemble-01
                                                                           :ARG2 (s51.m / misdirect-01)))
                                               :op2 (s51.t2 / throw-01
                                                            :ARG0 s51.i
                                                            :ARG1 s51.i6
                                                            :ARG2 (s51.s4 / side)
                                                            :direction (s51.o / off)))
                                  :time (s51.n2 / now)))
   :snt52 (s52.i2 / infer-01
                  :rel (s52.a3 / ask-02
                               :ARG0 (s52.i / i
                                            :same-as s2.y)
                               :ARG1 (s52.a / access-01
                                            :ARG0 (s52.y / you)
                                            :ARG1 (s52.m / memory
                                                         :ARG1-of (s52.r / resemble-01
                                                                         :ARG2 (s52.a2 / amr-unknown
                                                                                       :domain s52.a))))
                               :ARG2 s52.y))
   :snt53 (s53.e / event
                 :polarity (s53.a / amr-unknown)
                 :time (s53.j / just))
   :snt54 (s54.h / have-03
                 :ARG0 (s54.y / you)
                 :ARG1 (s54.w / wallet)
                 :polarity (s54.a / amr-unknown))
   :snt55 (s55.h / have-03
                 :ARG0 (s55.y / you)
                 :ARG1 (s55.p / product
                              :name (s55.n / name
                                           :op1 "American"
                                           :op2 "Express"))
                 :location (s55.w / wallet
                                  :poss s55.y)
                 :polarity (s55.a / amr-unknown))
   :snt56 (s56.a / and
                 :op2 (s56.t2 / turn-01
                              :ARG1 (s56.p / person
                                           :name (s56.n / name
                                                        :op1 "Frank")
                                           :poss (s56.y / you)
                                           :same-as s40.g)
                              :direction (s56.a2 / around)
                              :time (s56.d / do-02
                                           :ARG0 (s56.i / i
                                                        :same-as s2.y)
                                           :ARG1 (s56.t / that
                                                        :same-as s52.a3))))
   :snt57 (s57.a / access-01
                 :ARG0 (s57.h / he
                              :same-as s40.g)
                 :ARG1 (s57.f / file))
   :snt58 (s58.o / obligate-01
                 :ARG1 (s58.h / he
                              :same-as s40.g)
                 :ARG2 (s58.w / wind
                              :quant-of (s58.t / tape)))
   :snt59 (s59.a / and
                 :op2 (s59.i / interest-01
                             :ARG2 (s59.p / possible-01
                                          :ARG1 (s59.w / wind
                                                       :op1 (s59.t / tape
                                                                   :same-as s58.t))
                                          :time (s59.t2 / time
                                                        :ARG1-of (s59.s / same-01
                                                                        :ARG2 (s59.t3 / try-01
                                                                                      :ARG0 (s59.h / he
                                                                                                   :same-as s40.g)
                                                                                      :ARG1 (s59.p2 / process-01
                                                                                                    :ARG0 s59.h
                                                                                                    :ARG1 (s59.d / data
                                                                                                                 :ARG1-of (s59.n / new-01))))))
                                          :polarity "-")))
   :snt60 (s60.m / mean-01
                 :ARG0 (s60.i / i
                              :same-as s2.y)
                 :ARG2 (s60.c / contrast-01
                              :ARG1 (s60.s2 / sound-01
                                            :ARG1 (s60.t6 / this)
                                            :ARG2 (s60.t3 / theory
                                                          :ARG1-of (s60.g / good-02)))
                              :ARG2 (s60.c2 / contrast-01
                                            :ARG1 (s60.a / and
                                                         :op1 (s60.p2 / possible-01
                                                                      :ARG1 (s60.t / talk-01
                                                                                   :ARG0 s60.i
                                                                                   :duration (s60.t7 / time
                                                                                                     :ARG1-of (s60.l2 / long-03))))
                                                         :op2 (s60.t2 / tell-01
                                                                      :ARG0 s60.i
                                                                      :ARG1 (s60.t4 / thing
                                                                                    :quant (s60.l3 / lot)
                                                                                    :concession (s60.p / portion)
                                                                                    :part s60.p)
                                                                      :ARG2 (s60.y / you))
                                                         :op3 (s60.p3 / possible-01
                                                                      :ARG1 (s60.t8 / true-01
                                                                                    :ARG1 s60.t4)))
                                            :ARG2 (s60.t5 / think-01
                                                          :ARG0 s60.i
                                                          :ARG1 (s60.g2 / good-02
                                                                        :ARG1 (s60.t9 / try-01
                                                                                      :ARG0 s60.i
                                                                                      :ARG1 (s60.s / show-01
                                                                                                   :ARG0 s60.i
                                                                                                   :ARG1 s60.t4
                                                                                                   :location (s60.h2 / here
                                                                                                                     :mod (s60.l / live))))
                                                                        :ARG1 s60.s
                                                                        :ARG2-of (s60.h / have-degree-91
                                                                                        :ARG1 s60.t9
                                                                                        :ARG3 (s60.m2 / more))))))
                 :time (s60.n / now))
   :snt61 (s61.c / cause-01
                 :ARG1 (s61.s / shop-01
                              :ARG0 (s61.i / i
                                           :same-as s2.y)
                              :condition (s61.c2 / come-01
                                                 :ARG1 s61.i
                                                 :ARG4 (s61.d / down))
                              :degree (s61.b / bit
                                             :mod (s61.l / little))))
   :snt62 (s62.h / hold-01
                 :ARG0 (s62.y / you)
                 :ARG1 s62.y
                 :location (s62.b / be-located-at-91
                                  :ARG1 s62.y)
                 :mod (s62.j / just)
                 :mod (s62.s / still))
   :snt63 (s63.a2 / and
                  :op1 (s63.h / hello)
                  :op2 (s63.a / amr-unknown
                              :domain (s63.y / you
                                             :same-as s8.y)))
   :snt64 (s64.l / lovely
                 :domain (s64.s / see-01
                                :ARG1 (s64.y / you
                                             :same-as s8.y)))
   :snt65 (s65.d / do-02
                 :ARG0 (s65.y / you
                              :same-as s8.y)
                 :ARG1 (s65.j / job
                              :ARG1-of (s65.w / wonderful-03))
                 :location (s65.o / onstage))
   :snt66 (s66.h / have-03
                 :ARG0 (s66.y / you
                              :same-as s8.y)
                 :ARG1 (s66.w / watch
                              :ARG1-of (s66.c / come-across-15
                                              :manner (s66.w2 / well-09
                                                              :degree (s66.v / very))
                                              :polarity "-")
                              :mod (s66.l / lovely)))
   :snt67 (s67.h / have-03
                 :ARG0 (s67.y / you
                              :same-as s8.y)
                 :ARG1 (s67.r / ring
                              :mod (s67.a2 / as-well)
                              :poss s67.y)
                 :polarity (s67.a / amr-unknown))
   :snt68 (s68.g / good-02)
   :snt69 (s69.t / take-01
                 :ARG1 (s69.i / inventory)
                 :mod (s69.j / just))
   :snt70 (s70.r / resemble-01
                 :ARG1 (s70.y / you
                              :same-as s8.y)
                 :ARG2 (s70.b / buffet))
   :snt71 (s71.h / hard-02
                 :ARG1 (s71.t / tell-02
                              :ARG1 (s71.t2 / thing
                                            :ARG2-of (s71.s2 / start-01)))
                 :ARG1-of (s71.c / cause-01
                                 :ARG0 (s71.t3 / thing
                                               :ARG1-of (s71.h2 / have-quant-91
                                                                :ARG2 (s71.m / many)
                                                                :ARG3 (s71.s / so))
                                               :mod (s71.g / great))))
   :snt72 (s72.a2 / and
                  :op1 (s72.h / hi)
                  :op2 (s72.a / amr-unknown
                              :domain (s72.y / you
                                             :same-as s2.y)))
   :snt73 (s73.g / good-02
                 :ARG1 (s73.s / see-01
                              :ARG1 (s73.y / you
                                           :same-as s2.y)))
   :snt74 (s74.s / say-01
                 :ARG1 (s74.a2 / and
                               :op1 (s74.h / hi)
                               :op2 (s74.p / possible-01
                                           :ARG1 (s74.s3 / stand-up-07
                                                         :ARG1 (s74.s2 / sir
                                                                       :same-as s2.y)
                                                         :beneficiary (s74.i / i
                                                                             :same-as s2.y)
                                                         :polite "+")
                                           :polarity (s74.a / amr-unknown)))
                 :ARG2 s74.s2)
   :snt75 (s75.b / be-located-at-91
                 :ARG1 (s75.y / you
                              :same-as s8.y)
                 :mod (s75.j / just)
                 :rel (s75.r / right-04))
   :snt76 (s76.m / marry-01
                 :ARG1 (s76.y / you
                              :same-as s8.y)
                 :mod (s76.o / oh
                             :mode "expressive"))
   :snt77 (s77.f / follow-02
                 :ARG0 (s77.y / you
                              :same-as s8.y)
                 :ARG1 (s77.d / direction)
                 :ARG1-of (s77.w / well-09))
   :snt78 (s78.n / nice-01
                 :ARG1 (s78.m / meet-02
                              :ARG1 (s78.y / you
                                           :same-as s2.y)))
   :snt79 (s79.h / have-03
                 :ARG0 (s79.y / you
                              :same-as s8.y)
                 :ARG1 (s79.l / lot
                              :mod (s79.w / whole))
                 :location (s79.i / inside
                                  :op1 (s79.p / pocket
                                              :poss s79.y))
                 :polarity "-")
   :snt80 (s80.a2 / anything
                  :location (s80.d / down
                                   :op1 (s80.p / pocket))
                  :location (s80.h / here)
                  :polarity (s80.a / amr-unknown))
   :snt81 (s81.h / hope-01
                 :ARG1 (s81.s / so))
   :snt82 (s82.s / sit-01
                 :ARG1 (s82.y / you)
                 :mode "imperative")
   :snt83 (s83.g / go-24
                 :ARG1 (s83.y / you)
                 :direction (s83.t / there))
   :snt84 (s84.w / well-09
                 :ARG1 (s84.y / you
                              :same-as s2.y))
   :snt85 (s85.a2 / and
                  :op1 (s85.h2 / hi)
                  :op2 (s85.h / have-mod-91
                              :ARG1 (s85.y / you
                                           :same-as s2.y)
                              :ARG2 (s85.a / amr-unknown)
                              :ARG2 (s85.s / sir
                                           :same-as s2.y)))
   :snt86 (s86.g / good-02
                 :ARG1 (s86.s / see-01
                              :ARG1 (s86.y / you
                                           :ARG0-of (s86.h / have-rel-role-91
                                                           :ARG2 (s86.s2 / sir)
                                                           :same-as s2.y)
                                           :same-as s2.y)))
   :snt87 (s87.h / have-03
                 :ARG0 (s87.y / you
                              :same-as s2.y)
                 :ARG1 (s87.a / and
                              :op1 (s87.r / ring)
                              :op2 (s87.w / watch)))
   :snt88 (s88.h / have-03
                 :ARG0 (s88.y / you
                              :same-as s2.y)
                 :ARG1 (s88.w / wallet)
                 :polarity (s88.a / amr-unknown))
   :snt89 (s89.s / say-01
                 :ARG0 (s89.p / person
                              :name (s89.n / name
                                           :op1 "Joe")
                              :same-as s2.y)
                 :ARG1 (s89.d / do-02
                              :ARG0 (s89.i / i
                                           :same-as s2.y)
                              :polarity "-"))
   :snt90 (s90.s / say-01
                 :ARG1 (s90.f / find-01
                              :ARG0 (s90.w / we)
                              :ARG1 (s90.o / one)
                              :ARG2 (s90.y / you
                                           :same-as s2.y)
                              :mod (s90.w2 / well))
                 :ARG2 (s90.p / person
                              :name (s90.n / name
                                           :op1 "Apollo"
                                           :op2 "Robbins")
                              :same-as s2.y))
   :snt91 (s91.s / say-01
                 :ARG0 (s91.i / i)
                 :ARG1 (s91.c / come-on-25
                              :ARG1 (s91.p / person
                                           :name (s91.n / name
                                                        :op1 "Joe")
                                           :same-as s2.y)
                              :direction (s91.u / up)
                              :direction (s91.w / way
                                                :mod (s91.t / this))
                              :mode "imperative")
                 :ARG2 s91.p)
   :snt92 (s92.g / give-01
                 :ARG0 (s92.y / you)
                 :ARG1 (s92.r / round-05
                              :ARG1 (s92.a / applaud-01))
                 :ARG2 (s92.p / person
                              :name (s92.n / name
                                           :op1 "Joe")
                              :same-as s2.y)
                 :mode "imperative")
   :snt93 (s93.s / say-01
                 :ARG0 (s93.c / come-on-25
                              :ARG1 (s93.p / person
                                           :name (s93.n / name
                                                        :op1 "Joe")
                                           :same-as s2.y)
                              :mode "imperative")
                 :ARG1 (s93.a / and
                              :op1 s93.c
                              :op2 (s93.p2 / play-01
                                           :ARG0 (s93.w / we)
                                           :ARG1 (s93.g / game)
                                           :mode "imperative"))
                 :ARG2 s93.p
                 :rel (s93.i / i))
   :snt94 (s94.p / pardon-02
                 :ARG0 (s94.y / you)
                 :ARG1 (s94.i / i
                              :same-as s2.y)
                 :mode "imperative")
   :snt95 (s95.t / think-01
                 :ARG0 (s95.i / i
                              :same-as s2.y)
                 :ARG1 (s95.n / need-01
                              :ARG0 s95.i
                              :ARG1 (s95.c / clicker
                                           :mod (s95.t2 / this))
                              :time (s95.a / anymore)
                              :polarity "-"))
   :snt96 (s96.p / possible-01
                 :ARG1 (s96.h / have-03
                              :ARG0 (s96.y / you
                                           :same-as s2.y)
                              :ARG1 (s96.t / that
                                           :same-as s95.c)))
   :snt97 (s97.t / thank-01
                 :ARG0 (s97.i / i)
                 :ARG1 (s97.y / you
                              :same-as s2.y)
                 :mod (s97.m / much
                             :degree (s97.v / very)))
   :snt98 (s98.a / appreciate-02
                 :ARG0 (s98.i / i
                              :same-as s2.y)
                 :ARG1 (s98.t / that))
   :snt99 (s99.s / say-01
                 :ARG0 (s99.i / i)
                 :ARG1 (s99.c / come-on-25
                              :ARG1 (s99.p / person
                                           :name (s99.n / name
                                                        :op1 "Joe")
                                           :same-as s2.y)
                              :ARG4 (s99.s2 / stage)
                              :mode "imperative")
                 :ARG2 s99.p)
   :snt100 (s100.p / play-01
                   :ARG0 (s100.w / we)
                   :ARG1 (s100.g / game
                                 :mod (s100.l / little))
                   :time (s100.n / now)
                   :mode "imperative")
   :snt101 (s101.i / in-pocket-03
                   :ARG0 (s101.y / you
                                 :same-as s2.y)
                   :ARG1 (s101.a2 / anything)
                   :mod (s101.f / front)
                   :polarity (s101.a / amr-unknown))
   :snt102 (s102.m / money
                   :topic (s102.p / person
                                  :name (s102.n / name
                                                :op1 "Joe")
                                  :same-as s2.y))
   :snt103 (s103.m / money
                   :ARG1-of (s103.a / arm-01))
   :snt104 (s104.l / let-01
                   :ARG1 (s104.t2 / try-01
                                  :ARG0 (s104.w / we)
                                  :ARG1 (s104.t / that))
                   :ARG2-of (s104.r / right-06))
   :snt105 (s105.p / possible-01
                   :ARG1 (s105.s / stand-01
                                 :ARG1 (s105.y / you
                                               :same-as s2.y)
                                 :ARG2 (s105.o / over
                                               :op1 (s105.w / way
                                                            :mod (s105.t / this)
                                                            :same-as s91.w))
                                 :beneficiary (s105.i / i
                                                      :same-as s2.y)
                                 :mod (s105.r / right))
                   :polarity (s105.a / amr-unknown))
   :snt106 (s106.a / and
                   :op1 (s106.t2 / turn-01
                                 :ARG1 (s106.y / you)
                                 :direction (s106.a2 / around))
                   :op2 (s106.s / see-01
                                :ARG0 (s106.w / we)
                                :ARG1 (s106.h2 / have-condition-91
                                               :ARG1 (s106.s3 / something
                                                              :ARG1-of (s106.h / have-03
                                                                               :ARG0 (s106.i / i
                                                                                             :same-as s2.y))
                                                              :domain (s106.t / this
                                                                              :same-as s106.s2)
                                                              :mod (s106.j / just)
                                                              :mod (s106.c / chip
                                                                           :mod (s106.p / poker)))
                                               :ARG2 (s106.g / give-01
                                                             :ARG0 s106.y
                                                             :ARG0 s106.i
                                                             :ARG1 (s106.s2 / something
                                                                            :ARG0-of (s106.b / belong-01
                                                                                             :ARG1 s106.i))
                                                             :ARG2 s106.y))
                                :mode "imperative"))
   :snt107 (s107.h2 / hold-01
                    :ARG0 (s107.y / you
                                  :part (s107.h / hand))
                    :ARG1 s107.h
                    :beneficiary (s107.i / i
                                         :same-as s2.y)
                    :mode "imperative")
   :snt108 (s108.w / watch-01
                   :ARG0 (s108.y / you)
                   :ARG1 (s108.i / it
                                 :same-as s107.h)
                   :ARG1-of (s108.c / close-10
                                    :degree (s108.k / kind-of))
                   :mode "imperative")
   :snt109 (s109.t / task-01
                   :ARG1 (s109.t2 / this)
                   :ARG1-of (s109.f / focus-01
                                    :ARG0 (s109.y / you
                                                  :same-as s2.y))
                   :ARG2 s109.y
                   :time (s109.n / now))
   :snt110 (s110.i / in-pocket-03
                   :ARG0 (s110.y / you
                                 :same-as s2.y)
                   :ARG1 (s110.m / money
                                 :poss s110.y)
                   :location (s110.h / here)
                   :mod (s110.f / front)
                   :polarity (s110.a / amr-unknown)
                   :time (s110.n / now))
   :snt111 (s111.s / say-01
                   :ARG0 (s111.p / person
                                 :name (s111.n / name
                                               :op1 "Joe"))
                   :ARG1 (s111.y / yup))
   :snt112 (s112.s / say-01
                   :ARG0 (s112.p / person
                                 :name (s112.n / name
                                               :op1 "AR"))
                   :ARG1 (s112.g / good-02))
   :snt113 (s113.p2 / put-01
                    :ARG0 (s113.i / i
                                  :part (s113.h / hand
                                                :same-as s107.h)
                                  :same-as s2.y)
                    :ARG1 s113.h
                    :ARG1-of (s113.a / actual-02)
                    :ARG2 (s113.p / pocket
                                  :poss (s113.y / you
                                                :same-as s2.y)
                                  :same-as s110.f)
                    :polarity "-")
   :snt114 (s114.r / ready-02
                   :ARG1 (s114.i / i
                                 :same-as s2.y)
                   :ARG2 (s114.c / commit-01
                                 :mod (s114.k / kind
                                              :mod (s114.t / that))
                                 :same-as s113.p2)
                   :polarity "-")
   :snt115 (s115.a / and
                   :op1 (s115.h / have-03
                                :ARG0 (s115.g / guy)
                                :ARG1 (s115.h2 / hole)
                                :location (s115.p / pocket
                                                  :poss s115.g)
                                :time (s115.t / time
                                              :mod (s115.o / one)))
                   :op2 (s115.t2 / traumatize-01
                                 :ARG0 s115.h
                                 :ARG1 (s115.i / i
                                               :same-as s2.y)
                                 :degree (s115.r / rather)))
   :snt116 (s116.a / and
                   :op1 (s116.l / look-01
                                :ARG0 (s116.i / i
                                              :same-as s2.y)
                                :ARG1 (s116.w / wallet
                                              :poss (s116.h / he
                                                            :same-as s115.g)))
                   :op2 (s116.g / give-01
                                :ARG0 s116.h
                                :ARG1 (s116.n / number
                                              :mod (s116.p / phone)
                                              :poss s116.h)
                                :ARG2 s116.i))
   :snt117 (s117.m / mismanage-01
                   :domain (s117.i / it)
                   :mod (s117.b / big))
   :snt118 (s118.l / let-01
                   :ARG1 (s118.d / do-02
                                 :ARG0 (s118.w / we)
                                 :ARG1 (s118.t / this)
                                 :ARG1-of (s118.s / simple-02)))
   :snt119 (s119.s / squeeze-01
                   :ARG0 (s119.y / you
                                 :part (s119.h / hand
                                               :same-as s107.h))
                   :ARG1 s119.h
                   :mode "imperative")
   :snt120 (s120.s / squeeze-01
                   :ARG0 (s120.y / you)
                   :ARG1 (s120.i / it
                                 :same-as s107.h)
                   :manner (s120.t / tight-05)
                   :ARG1-of s120.t
                   :mode "imperative")
   :snt121 (s121.f / feel-01
                   :ARG0 (s121.y / you
                                 :part (s121.h / hand
                                               :same-as s107.h)
                                 :same-as s2.y)
                   :ARG1 (s121.c / chip
                                 :mod (s121.p / poker))
                   :location s121.h
                   :polarity (s121.a / amr-unknown))
   :snt122 (s122.s / say-01
                   :ARG0 (s122.p / person
                                 :name (s122.n / name
                                               :op1 "Joe")
                                 :same-as s2.y)
                   :ARG1 (s122.d / do-02
                                 :ARG0 (s122.i / i
                                               :same-as s2.y)))
   :snt123 (s123.s / say-01
                   :ARG0 (s123.p / person
                                 :name (s123.n / name
                                               :op1 "AR")
                                 :same-as s103.a)
                   :ARG1 (s123.s2 / surprise-01
                                  :ARG1 (s123.y / you
                                                :same-as s2.y)
                                  :condition (s123.p2 / possible-01
                                                      :ARG1 (s123.t / take-out-11
                                                                    :ARG0 (s123.i / i
                                                                                  :same-as s2.y)
                                                                    :ARG1 (s123.i3 / it
                                                                                   :same-as s121.h)
                                                                    :source (s123.i2 / in-ones-hands-07
                                                                                     :ARG0 s123.y
                                                                                     :ARG1 s123.i3
                                                                                     :polarity "-"
                                                                                     :same-as s107.h))))
                   :polarity (s123.a / amr-unknown))
   :snt124 (s124.s / say-01
                   :ARG1 (s124.y / yes))
   :snt125 (s125.s / say-01
                   :ARG0 (s125.p / person
                                 :name (s125.n / name
                                               :op1 "Joe"))
                   :ARG1 (s125.v / very))
   :snt126 (s126.s / say-01
                   :ARG0 (s126.p / person
                                 :name (s126.n / name
                                               :op1 "AR"))
                   :ARG1 (s126.g / good-02))
   :snt127 (s127.o / open-01
                   :ARG0 (s127.y / you
                                 :part (s127.h / hand
                                               :same-as s107.h))
                   :ARG1 s127.h
                   :mode "imperative")
   :snt128 (s128.t / thank-01
                   :ARG0 (s128.i / i)
                   :ARG1 (s128.y / you
                                 :same-as s2.y)
                   :mod (s128.m / much
                                :degree (s128.v / very)))
   :snt129 (s129.c2 / cheat-03
                    :ARG0 (s129.i / i
                                  :same-as s2.y)
                    :condition (s129.g / give-01
                                       :ARG0 (s129.y / you
                                                     :same-as s2.y)
                                       :ARG1 (s129.c / chance-02
                                                     :ARG0 s129.c2)
                                       :ARG2 s129.i))
   :snt130 (s130.m / make-02
                   :ARG0 (s130.y / you)
                   :ARG1 (s130.h2 / have-degree-91
                                  :ARG1 (s130.i2 / it)
                                  :ARG2 (s130.h / hard-02
                                                :ARG1 s130.i2
                                                :beneficiary (s130.i / i
                                                                     :same-as s2.y))
                                  :ARG3 (s130.m2 / more))
                   :mode "imperative")
   :snt131 (s131.u / use-01
                   :ARG0 (s131.y / you
                                 :part (s131.h / hand
                                               :same-as s107.h))
                   :ARG1 s131.h
                   :mod (s131.j / just))
   :snt132 (s132.c / contrast-01
                   :ARG1 (s132.g / grab-01
                                 :ARG0 (s132.y / you)
                                 :ARG1 (s132.w / wrist
                                               :part-of (s132.i / i
                                                                :same-as s2.y))
                                 :mode "imperative")
                   :ARG2 (s132.s / squeeze-01
                                 :ARG0 s132.y
                                 :ARG1-of (s132.f / firm-03)
                                 :mode "imperative"))
   :snt133 (s133.s / see-01
                   :ARG0 (s133.y / you
                                 :same-as s2.y)
                   :ARG1 (s133.g / go-01
                                 :ARG1 (s133.i / it
                                               :same-as s121.h))
                   :polarity (s133.a / amr-unknown))
   :snt134 (s134.c / contrast-01
                   :ARG1 (s134.f / focus-01
                                 :ARG0 (s134.w / we)
                                 :ARG2 (s134.h / hand
                                               :same-as s107.h))
                   :ARG2 (s134.s3 / sit-01
                                  :ARG1 (s134.i / it
                                                :same-as s121.h)
                                  :ARG2 (s134.s2 / shoulder)
                                  :time (s134.n / now
                                                :mod (s134.r / right)))
                   :mod (s134.s / see-03
                                :ARG0 (s134.y / you
                                              :part s134.s2)))
   :snt135 (s135.a2 / and
                    :op1 (s135.g / go-06
                                 :ARG0 (s135.y / you)
                                 :ARG2 (s135.a / ahead)
                                 :mode "imperative")
                    :op2 (s135.t / take-off-07
                                 :ARG0 s135.y
                                 :ARG1 (s135.i / it
                                               :same-as s121.h)
                                 :mode "imperative"))
   :snt136 (s136.t2 / try-01
                    :ARG0 (s136.w / we)
                    :ARG1 (s136.t / that)
                    :mod (s136.a / again)
                    :time (s136.n / now)
                    :mode "imperative")
   :snt137 (s137.h2 / hold-01
                    :ARG0 (s137.y / you
                                  :part (s137.h / hand
                                                :same-as s107.h))
                    :ARG1 s137.h
                    :direction (s137.o / out)
                    :manner (s137.f / flat-06
                                    :ARG1 s137.h)
                    :mode "imperative")
   :snt138 (s138.o / open-up-03
                   :ARG0 (s138.y / you)
                   :ARG1 (s138.i / it
                                 :same-as s107.h)
                   :extent (s138.a / all-the-way)
                   :mode "imperative")
   :snt139 (s139.s / say-01
                   :ARG0 (s139.i / i)
                   :ARG1 (s139.h2 / have-concession-91
                                  :ARG1 (s139.w / watch-01
                                                :ARG0 (s139.p / person
                                                              :name (s139.n / name
                                                                            :op1 "Joe")
                                                              :same-as s2.y)
                                                :ARG1 (s139.i2 / it
                                                               :ARG1-of (s139.c / close-10
                                                                                :location (s139.t / there))
                                                               :same-as s107.h))
                                  :ARG2 (s139.p2 / put-01
                                                 :ARG0 s139.p
                                                 :ARG1 (s139.h / hand
                                                               :same-as s107.h)
                                                 :ARG2 (s139.h4 / high-02
                                                                :ARG1 s139.h
                                                                :ARG2-of (s139.h3 / have-degree-91
                                                                                  :ARG1 s139.h
                                                                                  :ARG3 (s139.m / more))
                                                                :degree (s139.b / bit
                                                                                :mod (s139.l / little)))
                                                 :direction (s139.u / up)))
                   :ARG2 s139.p)
   :snt140 (s140.b / back-02
                   :ARG1 (s140.i2 / it
                                  :same-as s121.h)
                   :condition (s140.d / do-02
                                      :ARG0 (s140.i / i
                                                    :same-as s2.y)
                                      :ARG1 s140.i2
                                      :ARG1-of (s140.s3 / slow-05))
                   :location (s140.s2 / shoulder
                                      :part-of (s140.y / you
                                                       :same-as s2.y)
                                      :same-as s134.s2)
                   :mod (s140.s / see-03))
   :snt141 (s141.s / say-01
                   :ARG0 (s141.i / i)
                   :ARG1 (s141.k / keep-02
                                 :ARG0 (s141.w / we)
                                 :ARG1 (s141.d / do-02
                                               :ARG0 s141.w
                                               :ARG1 (s141.t / this
                                                             :same-as s136.t)
                                               :time (s141.u / until
                                                             :op1 (s141.c / catch-01
                                                                          :ARG0 (s141.p / person
                                                                                        :name (s141.n / name
                                                                                                      :op1 "Joe")
                                                                                        :same-as s2.y)
                                                                          :ARG1 (s141.i2 / it
                                                                                         :same-as s121.h)))))
                   :ARG2 s141.p)
   :snt142 (s142.g / get-01
                   :ARG0 (s142.y / you
                                 :same-as s2.y)
                   :ARG1 (s142.i / it
                                 :same-as s121.h)
                   :time (s142.e / eventual))
   :snt143 (s143.h / have-03
                   :ARG0 (s143.i / i
                                 :same-as s2.y)
                   :ARG1 (s143.f / faith
                                 :prep-in (s143.y / you
                                                  :same-as s2.y)))
   :snt144 (s144.s / squeeze-01
                   :ARG0 (s144.y / you)
                   :ARG1-of (s144.f / firm-03)
                   :mode "imperative")
   :snt145 (s145.a / and
                   :op1 (s145.h / human
                                :domain (s145.y / you
                                                :same-as s2.y))
                   :op2 (s145.s / slow-04
                                :ARG1 s145.y
                                :polarity "-"))
   :snt146 (s146.b / back
                   :domain (s146.i / it
                                   :same-as s121.h)
                   :location (s146.s / shoulder
                                     :part-of (s146.y / you
                                                      :same-as s2.y)
                                     :same-as s134.s2))
   :snt147 (s147.f / focus-01
                   :ARG0 (s147.y / you
                                 :part (s147.h / hand
                                               :same-as s107.h)
                                 :same-as s2.y)
                   :ARG2 s147.h)
   :snt148 (s148.d / distract-01
                   :ARG1 (s148.y / you
                                 :same-as s2.y)
                   :ARG1-of (s148.c / cause-01
                                    :ARG0 (s148.t / that)))
   :snt149 (s149.p / possible-01
                   :ARG1 (s149.g / get-04
                                 :ARG0 (s149.i / i
                                               :same-as s2.y)
                                 :ARG1 (s149.o / off
                                               :domain (s149.w / watch
                                                               :poss (s149.y / you
                                                                             :same-as s2.y)))
                                 :degree (s149.q / quite))
                   :time (s149.w2 / watch-01
                                  :ARG0 s149.y
                                  :ARG1 (s149.t / this))
                   :polarity "-")
   :snt150 (s150.d / difficult
                   :domain (s150.i / it
                                   :same-as s149.g))
   :snt151 (s151.h2 / have-concession-91
                    :ARG1 (s151.h / have-03
                                  :ARG0 (s151.y2 / you
                                                 :same-as s2.y)
                                  :ARG1 (s151.s / something
                                                :location (s151.i / inside
                                                                  :op1 (s151.p / pocket
                                                                               :mod (s151.f / front)
                                                                               :poss s151.y2
                                                                               :same-as s110.f)))
                                  :mod (s151.y / yet)))
   :snt152 (s152.r / remember-01
                   :ARG0 (s152.y / you
                                 :same-as s2.y)
                   :ARG1 (s152.a / amr-unknown
                                 :domain (s152.i / it
                                                 :same-as s151.s))
                   :polarity (s152.a2 / amr-unknown))
   :snt153 (s153.m / money
                   :topic (s153.p / person
                                  :name (s153.n / name
                                                :op1 "Joe")))
   :snt154 (s154.s / say-01
                   :ARG0 (s154.p / person
                                 :name (s154.n / name
                                               :op1 "AR")
                                 :same-as s103.a)
                   :ARG1 (s154.c / check-01
                                 :ARG0 (s154.y / you)
                                 :ARG1 (s154.p2 / pocket
                                                :poss s154.y
                                                :same-as s110.f)
                                 :mode "imperative"))
   :snt155 (s155.s / see-01
                   :ARG0 (s155.y / you)
                   :ARG1 (s155.t2 / truth-value
                                  :polarity-of (s155.b / be-located-at-91
                                                       :ARG1 (s155.i / it
                                                                     :same-as s151.s)
                                                       :ARG2 (s155.t / there)
                                                       :mod (s155.s2 / still)))
                   :mode "imperative")
   :snt156 (s156.b / be-located-at-91
                   :ARG1 (s156.i / it
                                 :same-as s151.s)
                   :ARG2 (s156.t / there)
                   :mod (s156.s / still)
                   :polarity (s156.a / amr-unknown))
   :snt157 (s157.b / be-located-at-91
                   :ARG1 (s157.i / it
                                 :same-as s151.s)
                   :ARG2 (s157.t / that
                                 :same-as s110.f)
                   :mod (s157.o / oh
                                :mode "expressive"))
   :snt158 (s158.a2 / and
                    :op1 (s158.g / go-06
                                 :ARG0 (s158.y / you)
                                 :ARG2 (s158.a / ahead)
                                 :mode "imperative")
                    :op2 (s158.p / put-01
                                 :ARG0 s158.y
                                 :ARG1 (s158.i / it
                                               :same-as s151.s)
                                 :ARG2 (s158.a3 / away)
                                 :mode "imperative"))
   :snt159 (s159.s / shop-01
                   :ARG0 (s159.w / we)
                   :mod (s159.j / just))
   :snt160 (s160.c / concern-02
                   :ARG0 (s160.t3 / trick-01
                                  :mod (s160.t / this)
                                  :same-as s136.t)
                   :ARG1 (s160.t2 / time-02)
                   :ARG1-of (s160.r / real-04)
                   :ARG2-of (s160.h / have-degree-91
                                    :ARG1 s160.t3
                                    :ARG3 (s160.m / more)))
   :snt161 (s161.t / try-01
                   :ARG0 (s161.i / i
                                 :same-as s2.y)
                   :ARG1 (s161.p / push-01
                                 :ARG0 s161.i
                                 :ARG1 (s161.i3 / it
                                                :same-as s151.s)
                                 :ARG2 (s161.i2 / inside
                                                :op1 (s161.h / hand
                                                             :part-of (s161.y / you
                                                                              :same-as s2.y)
                                                             :same-as s107.h))))
   :snt162 (s162.p / put-01
                   :ARG0 (s162.y / you
                                 :ARG1 (s162.h / hand
                                               :mod (s162.o / other)
                                               :part-of s162.y))
                   :ARG1-of (s162.r / request-confirmation-91)
                   :ARG2 (s162.t / top)
                   :beneficiary (s162.i / i
                                        :same-as s2.y)
                   :mode "imperative")
   :snt163 (s163.o / obvious-01
                   :ARG0-of (s163.a / amaze-01)
                   :ARG1 (s163.i / it)
                   :ARG1-of (s163.r / request-confirmation-91)
                   :time (s163.n / now))
   :snt164 (s164.l / look-02
                   :ARG0 (s164.i2 / it
                                  :same-as s151.s)
                   :ARG1 (s164.r2 / resemble-01
                                  :ARG1 s164.i2
                                  :ARG2 (s164.w / watch
                                                :ARG1-of (s164.w2 / wear-01
                                                                  :ARG0 (s164.i / i
                                                                                :same-as s2.y))
                                                :same-as s149.w)
                                  :degree (s164.l2 / lot))
                   :ARG1-of (s164.r / request-confirmation-91))
   :snt165 (s165.s / say-01
                   :ARG0 (s165.p / person
                                 :name (s165.n / name
                                               :op1 "Joe"))
                   :ARG1 (s165.g / good-02
                                 :ARG1 (s165.t / that)
                                 :degree (s165.p2 / pretty)))
   :snt166 (s166.g / good-02
                   :ARG1 (s166.t / that
                                 :same-as s165.t)
                   :degree (s166.p / pretty))
   :snt167 (s167.s / say-01
                   :ARG0 (s167.p / person
                                 :name (s167.n / name
                                               :op1 "AR"))
                   :ARG1 (s167.t / thank-01
                                 :ARG0 s167.p
                                 :ARG0 (s167.i / i)
                                 :ARG1 (s167.y / you)
                                 :mod (s167.o / oh
                                              :mode "expressive")))
   :snt168 (s168.h / have-concession-91
                   :ARG1 (s168.s / start-01
                                 :ARG2 (s168.i / it
                                               :same-as s165.t)
                                 :mod (s168.o / only)))
   :snt169 (s169.t / try-01
                   :ARG0 (s169.w / we)
                   :ARG1 (s169.i / it
                                 :ARG1-of (s169.d / differ-02
                                                  :degree (s169.b / bit
                                                                  :mod (s169.l / little)))
                                 :same-as s136.t)
                   :mod (s169.a / again)
                   :mode "imperative")
   :snt170 (s170.h2 / hold-01
                    :ARG0 (s170.y / you
                                  :part (s170.h / hand))
                    :ARG1 s170.h
                    :ARG3 (s170.t / together)
                    :mode "imperative")
   :snt171 (s171.p / put-01
                   :ARG0 (s171.y / you
                                 :part (s171.h / hand
                                               :mod (s171.o / other)
                                               :ARG1-of s171.p))
                   :ARG2 (s171.t / top)
                   :mode "imperative")
   :snt172 (s172.b / become-01
                   :ARG1 (s172.t4 / token
                                  :mod (s172.l / little)
                                  :mod (s172.t3 / this)
                                  :same-as s151.s)
                   :ARG1-of (s172.o / obvious-01)
                   :ARG2 (s172.t2 / thing
                                  :ARG1-of (s172.t / target-01)
                                  :mod (s172.l2 / little))
                   :condition (s172.w / watch-01
                                      :ARG0 (s172.y / you)
                                      :ARG1 s172.t4)
                   :time (s172.n / now))
   :snt173 (s173.r2 / resemble-01
                    :ARG1 (s173.i / it
                                  :same-as s151.s)
                    :ARG2 (s173.h / herring
                                  :ARG1-of (s173.r / red-02)))
   :snt174 (s174.l / look-02
                   :ARG0 (s174.i / it)
                   :ARG1 (s174.g / go-01
                                 :ARG1 s174.i
                                 :direction (s174.a / away))
                   :condition (s174.w / watch-01
                                      :ARG0 (s174.w2 / we
                                                     :same-as s141.w)
                                      :ARG1 (s174.c / close-10
                                                    :ARG1 (s174.t / this)
                                                    :mod (s174.k / kind))))
   :snt175 (s175.b2 / be-located-at-91
                    :ARG1 (s175.i / it
                                  :same-as s151.s)
                    :ARG2 (s175.b / back
                                  :op1 (s175.s / shoulder
                                               :part-of (s175.y / you
                                                                :same-as s2.y)
                                               :same-as s134.s2))
                    :polarity "-")
   :snt176 (s176.a2 / and
                    :op1 (s176.f / fall-01
                                 :ARG1 (s176.i / it
                                               :same-as s151.s)
                                 :ARG3 (s176.a / air))
                    :op2 (s176.l / land-01
                                 :ARG1 s176.i
                                 :ARG4 (s176.h / hand
                                               :same-as s107.h)
                                 :direction (s176.b / back
                                                    :mod (s176.r / right))))
   :snt177 (s177.s / see-01
                   :ARG0 (s177.y / you
                                 :same-as s8.y)
                   :ARG1 (s177.g / go-01
                                 :ARG1 (s177.i / it
                                               :same-as s151.s))
                   :polarity (s177.a / amr-unknown))
   :snt178 (s178.f / funny-02
                   :ARG1 (s178.i / it)
                   :mod (s178.y / yeah
                                :mode "expressive"))
   :snt179 (s179.g / get-02
                   :ARG0 (s179.w / we)
                   :ARG1 (s179.g2 / guy
                                  :mod (s179.l / little)))
   :snt180 (s180.u / union
                   :domain (s180.h / he
                                   :same-as s179.g2))
   :snt181 (s181.w / work-01
                   :ARG0 (s181.h / he
                                 :same-as s179.g2)
                   :duration (s181.d / day
                                     :mod (s181.a / all))
                   :location (s181.t / there
                                     :ARG1-of (s181.u / up-03)))
   :snt182 (s182.l / land-01
                   :ARG1 (s182.i2 / it
                                  :same-as s151.s)
                   :ARG4 (s182.p / pocket
                                 :poss (s182.y / you
                                               :same-as s2.y)
                                 :same-as s110.f)
                   :condition (s182.g / go-01
                                      :ARG1 s182.i2
                                      :ARG1-of (s182.s2 / straight-04))
                   :condition (s182.d / do-02
                                      :ARG0 (s182.i / i
                                                    :same-as s2.y)
                                      :ARG1 s182.i2
                                      :ARG1-of (s182.s / slow-05))
                   :direction (s182.d2 / down))
   :snt183 (s183.b / believe-01
                   :ARG0 (s183.i / i
                                 :same-as s2.y)
                   :ARG1 (s183.i2 / in-ones-pocket-06
                                  :ARG0 (s183.i3 / it
                                                 :same-as s151.s)
                                  :mod (s183.t / this
                                               :same-as s110.f))
                   :ARG2 (s183.s / sir
                                 :same-as s2.y)
                   :polarity (s183.a / amr-unknown))
   :snt184 (s184.p / possible-01
                   :ARG1 (s184.s / show-01
                                 :ARG0 (s184.i / i
                                               :same-as s8.y)
                                 :ARG1 (s184.t3 / thing
                                                :domain (s184.t / that
                                                                :same-as s151.s))
                                 :ARG2 (s184.t2 / they))
                   :polarity (s184.a / amr-unknown))
   :snt185 (s185.b / bizarre
                   :degree (s185.r / rather)
                   :domain (s185.t / that))
   :snt186 (s186.a2 / ask-01
                    :ARG1 (s186.o / own-01
                                  :ARG0 (s186.y / you
                                                :same-as s2.y)
                                  :ARG1 (s186.t / this)
                                  :polarity (s186.a / amr-unknown)
                                  :same-as s2.y)
                    :ARG2 (s186.s / sir))
   :snt187 (s187.h / have-03
                   :ARG0 (s187.i / i
                                 :same-as s8.y)
                   :ARG1 (s187.i2 / idea
                                  :topic (s187.t2 / thing
                                                  :manner-of (s187.w / work-09
                                                                     :ARG1 (s187.t / that))))
                   :polarity "-")
   :snt188 (s188.s / send-01
                   :ARG0 (s188.w / we)
                   :ARG1 (s188.t / that
                                 :same-as s186.t)
                   :ARG2 (s188.o / over)
                   :ARG4 (s188.t2 / there)
                   :mod (s188.j / just))
   :snt189 (s189.g / great
                   :domain (s189.t / that))
   :snt190 (s190.n / need-01
                   :ARG0 (s190.i / i
                                 :same-as s2.y)
                   :ARG1 (s190.h / help-01
                                 :ARG1 (s190.t / this
                                               :mod (s190.o / one))
                                 :ARG2 s190.i))
   :snt191 (s191.s / step-01
                   :ARG0 (s191.y / you)
                   :ARG2 (s191.o / over
                                 :op1 (s191.w / way
                                              :mod (s191.t / this)))
                   :beneficiary (s191.i / i
                                        :same-as s2.y)
                   :mode "imperative")
   :snt192 (s192.r / run-02
                   :ARG0 (s192.y / you)
                   :location (s192.a / away)
                   :time (s192.n / now)
                   :mode "imperative"
                   :polarity "-")
   :snt193 (s193.c / cause-01
                   :ARG0 (s193.y / you
                                 :same-as s2.y)
                   :ARG1 (s193.d / down-01
                                 :ARG1 (s193.s / something)
                                 :location (s193.p2 / pocket
                                                    :mod (s193.p / pants)
                                                    :poss s193.y
                                                    :same-as s110.f)))
   :snt194 (s194.c / check-01
                   :ARG0 (s194.i / i
                                 :same-as s2.y)
                   :ARG1 (s194.t / thing
                                 :poss s194.i
                                 :same-as s2.y))
   :snt195 (s195.c / contrast-01
                   :ARG1 (s195.p / possible-01
                                 :ARG1 (s195.f / find-01
                                               :ARG0 (s195.i / i
                                                             :same-as s2.y)
                                               :ARG1 (s195.e / everything))
                                 :polarity "-")
                   :ARG2 (s195.n / notice-01
                                 :ARG0 s195.i
                                 :ARG1 (s195.h / have-03
                                               :ARG0 (s195.y / you
                                                             :same-as s2.y)
                                               :ARG1 (s195.s / something)
                                               :location (s195.h2 / here))))
   :snt196 (s196.p2 / possible-01
                    :ARG1 (s196.f / feel-01
                                  :ARG0 (s196.i / i
                                                :same-as s2.y)
                                  :ARG1 (s196.o / outside
                                                :part-of (s196.p / pocket
                                                                 :poss (s196.y / you
                                                                               :same-as s2.y)
                                                                 :same-as s110.f))
                                  :duration (s196.t / temporal-quantity
                                                    :unit (s196.m / moment)
                                                    :quant "1"))
                    :polarity (s196.a / amr-unknown))
   :snt197 (s197.n / notice-01
                   :ARG0 (s197.i / i
                                 :same-as s2.y)
                   :ARG1 (s197.t / this
                                 :same-as s195.s)
                   :location (s197.h / here
                                     :direction (s197.d / down)))
   :snt198 (s198.s / say-01
                   :ARG0 (s198.i / i)
                   :ARG1 (s198.s3 / something
                                  :domain (s198.t / this
                                                  :same-as s195.s)
                                  :polarity (s198.a / amr-unknown)
                                  :poss (s198.s2 / sir
                                                 :same-as s2.y))
                   :ARG2 s198.s2)
   :snt199 (s199.t / this
                   :polarity (s199.a / amr-unknown)
                   :same-as s195.s)
   :snt200 (s200.h / have-03
                   :ARG0 (s200.i / i
                                 :same-as s2.y)
                   :ARG1 (s200.i2 / idea)
                   :polarity "-")
   :snt201 (s201.s / shrimp
                   :domain (s201.t / that
                                   :same-as s195.s))
   :snt202 (s202.s / say-01
                   :ARG0 (s202.p / person
                                 :name (s202.n / name
                                               :op1 "Joe"))
                   :ARG1 (s202.y / yeah))
   :snt203 (s203.s / save-03
                   :ARG0 (s203.i / i
                                 :same-as s2.y)
                   :ARG1 (s203.i2 / it
                                  :same-as s195.s)
                   :ARG2 (s203.a / after
                                 :op1 (s203.n / now)))
   :snt204 (s204.s / say-01
                   :ARG0 (s204.p / person
                                 :name (s204.n / name
                                               :op1 "AR")
                                 :same-as s103.a)
                   :ARG1 (s204.e / entertain-01
                                 :ARG0 (s204.y / you
                                               :same-as s2.y)
                                 :ARG1 (s204.p2 / person
                                                :mod (s204.t / this)
                                                :mod (s204.a / all))
                                 :ARG1-of (s204.g / good-02
                                                  :ARG2-of (s204.h / have-degree-91
                                                                   :ARG1 s204.e
                                                                   :ARG3 (s204.m / more)
                                                                   :ARG4 (s204.k / know-01
                                                                                 :ARG0 s204.y)))
                                 :manner (s204.w / way
                                                 :ARG1-of (s204.w2 / wonderful-03))))
   :snt205 (s205.c / cause-01
                   :ARG1 (s205.l / love-02
                                 :ARG0 (s205.w2 / we)
                                 :ARG1 (s205.g / gift-01
                                               :ARG0 s205.w2
                                               :ARG1 (s205.w / watch
                                                             :mod (s205.l2 / lovely)
                                                             :mod (s205.t / this)
                                                             :same-as s149.w)
                                               :ARG2 (s205.y / you
                                                             :same-as s2.y))))
   :snt206 (s206.h2 / hope-01
                    :ARG1 (s206.m / match-01
                                  :ARG1 (s206.i / it
                                                :same-as s149.w)
                                  :ARG2 (s206.t / taste
                                                :poss (s206.h / he))))
   :snt207 (s207.c2 / contrast-01
                    :ARG2 (s207.a2 / and
                                   :op1 (s207.h / have-03
                                                :ARG0 (s207.w / we
                                                              :same-as s205.w2)
                                                :ARG1 (s207.t2 / thing
                                                               :quant (s207.c3 / couple)
                                                               :consist-of (s207.c / cash
                                                                                   :mod (s207.b / bit
                                                                                                :mod (s207.l / little)))
                                                               :mod (s207.o / other)))
                                   :op2 (s207.h2 / have-03
                                                 :ARG0 s207.w
                                                 :ARG1 (s207.t3 / thing
                                                                :quant (s207.f / few)
                                                                :mod (s207.o2 / other))
                                                 :time (s207.t / then)))
                    :mod (s207.a / also))
   :snt208 (s208.b / belong-01
                   :ARG0 (s208.t / this
                                 :mod (s208.a / all))
                   :ARG1 (s208.y / you
                                 :same-as s2.y)
                   :accompanier (s208.r / round-05
                                        :ARG1 (s208.a4 / applaud-01
                                                       :ARG0 (s208.p / person
                                                                     :ARG0-of (s208.h / have-rel-role-91
                                                                                      :ARG1 s208.y
                                                                                      :ARG2 (s208.f / friend))
                                                                     :mod (s208.a2 / all)))
                                        :mod (s208.b2 / big)
                                        :mod (s208.a3 / along)))
   :snt209 (s209.s / say-01
                   :ARG0 (s209.i / i)
                   :ARG1 (s209.t / thank-01
                                 :ARG1 (s209.p / person
                                               :name (s209.n / name
                                                             :op1 "Joe")
                                               :same-as s2.y)
                                 :mod (s209.m / much
                                              :degree (s209.v / very)))
                   :ARG2 s209.p)
   :snt210 (s210.c2 / contrast-01
                    :ARG1 (s210.q / question
                                  :ARG1-of (s210.s / same-01
                                                   :ARG2 (s210.q2 / question-01
                                                                  :ARG1-of (s210.a / ask-01
                                                                                   :ARG0 (s210.i / i
                                                                                                 :same-as s2.y)
                                                                                   :ARG2 (s210.y / you
                                                                                                 :part (s210.e / eye)
                                                                                                 :same-as s2.y)
                                                                                   :time (s210.b / before)))))
                    :ARG2 (s210.o / obligate-01
                                  :ARG1 s210.y
                                  :ARG2 (s210.c / close-01
                                                :ARG0 s210.y
                                                :ARG1 s210.e)
                                  :time (s210.t2 / time
                                                 :mod (s210.t / this))
                                  :polarity "-"))
   :snt211 (s211.w / wear-01
                   :ARG0 (s211.i / i
                                 :same-as s2.y)
                   :ARG1 (s211.a / amr-unknown))
   :snt212 (s212.t / thing
                   :ARG1-of (s212.p / powerful-02)
                   :domain (s212.a / attend-02))
   :snt213 (s213.s2 / shape-01
                    :ARG0 (s213.i2 / it
                                   :same-as s212.a)
                    :ARG1 (s213.r / reality
                                  :poss (s213.y / you))
                    :ARG1-of (s213.r2 / resemble-01
                                      :ARG2 (s213.t / thing
                                                    :ARG1-of (s213.s / say-01
                                                                     :ARG0 (s213.i / i
                                                                                   :same-as s2.y)))))
   :snt214 (s214.g / guess-01
                   :ARG0 (s214.i / i
                                 :same-as s2.y)
                   :ARG1 (s214.l / like-02
                                 :ARG0 s214.i
                                 :ARG1 (s214.p / pose-02
                                               :ARG0 s214.i
                                               :ARG1 (s214.q / question-01
                                                             :ARG0 s214.i
                                                             :ARG1 (s214.t / that))
                                               :ARG2 (s214.y / you
                                                             :same-as s2.y))))
   :snt215 (s215.d / do-02
                   :ARG0 (s215.y / you
                                 :same-as s8.y)
                   :ARG1 (s215.a / amr-unknown)
                   :ARG2 (s215.p / possible-01
                                 :ARG1 (s215.c / control-01
                                               :ARG0 s215.y
                                               :ARG1 (s215.a2 / attend-02
                                                              :ARG0 (s215.s / somebody))))
                   :condition s215.p)
   :snt216 (s216.t / thank-01
                   :ARG1 (s216.y / you
                                 :same-as s2.y)))

