# ::id doc-428
# ::doc_file doc-428
# ::tok http : / / www . ted . com / talks / annie_lennox_why_i_am_an_hiv_aids_activist< / url> <next_sent> I 'm going to share with you the story as to how I have become an HIV / AIDS campaigner . <next_sent> And this is the name of my campaign : SING Campaign . <next_sent> In November of 2003 , I was invited to take part in the launch of Nelson Mandela 's 46664 Foundation -- that is his HIV / AIDS foundation . <next_sent> And 46664 is the number that Mandela had when he was imprisoned in Robben Island . <next_sent> And that 's me with Youssou N'Dour , onstage , having the time of my life . <next_sent> The next day , all the artists were invited to join Mandela in Robben Island , where he was going to give a conference to the world 's press , standing in front of his former prison cell . <next_sent> You can see the bars of the window there . <next_sent> It was quite a momentous occasion for all of us . <next_sent> In that moment in time , Mandela told the world 's press that there was a virtual genocide taking place in his country ; that post - apartheid Rainbow Nation , a thousand people were dying on a daily basis and that the front line victims , the most vulnerable of all , were women and children . <next_sent> This was a huge impact on my mind , because I am a woman and I am a mother , and I had n't realized that the HIV / AIDS pandemic was directly affecting women in such a way . <next_sent> And so I committed -- when I left South Africa , when I left Capetown , I told myself , " This is going to be something that I have to talk about . <next_sent> I have to serve . " <next_sent> And so , subsequently I participated in every single 46664 event that I could take part in and gave news conferences , interviews , talking and using my platform as a musician , with my commitment to Mandela -- out of respect for the tremendous , unbelievable work that he had done . <next_sent> Everyone in the world respects Nelson Mandela , everyone reveres Nelson Mandela . <next_sent> But do they all know about what has been taking place in South Africa , his country , the country that had one of the highest incidents of transmission of the virus ? <next_sent> I think that if I went out into the street now and I told people what was happening there , they would be shocked . <next_sent> I was very , very fortunate a couple of years later to have met Zackie Achmat , the founder of Treatment Action Campaign , an incredible campaigner and activist . <next_sent> I met him at a 46664 event . <next_sent> He was wearing a t - shirt like the one I wear now . <next_sent> This is a tool -- this tells you I am in solidarity with people who have HIV , people who are living with HIV . <next_sent> And in a way because of the stigma , by wearing this t - shirt I say , " Yes , we can talk about this issue . <next_sent> It does n't have to be in the closet . " <next_sent> I became a member of Treatment Action Campaign and I 'm very proud to be a member of that incredible organization . <next_sent> It 's a grassroots campaign with 80 percent membership being women , most of whom are HIV - positive . <next_sent> They work in the field . <next_sent> They have tremendous outreach to the people who are living directly with the effects of the virus . <next_sent> They have education programs . <next_sent> They bring out the issues of stigma . <next_sent> It 's quite extraordinary what they do . <next_sent> And yes , my SING Campaign has supported Treatment Action Campaign in the way that I have tried to raise awareness and to try to also raise funds . <next_sent> A lot of the funding that I have managed to raise has gone directly to Treatment Action Campaign and the incredible work that they do , and are still continuing to do in South Africa . <next_sent> So this is my SING Campaign . <next_sent> SING Campaign is basically just me and about three or four wonderful people who help to support me . <next_sent> I 've traveled all over the world in the last two and a half years -- I went to about 12 different countries . <next_sent> Here I am in Oslo in Norway , getting a nice , fat check ; singing in Hong Kong , trying to get people to raise money . <next_sent> In Johannesburg , I had the opportunity to play to a mainly white , middle - class South African audience who ended up in tears because I use film clips that really touch the heart , the whole nature , of this terrible tragedy that is taking place , that people are tending to avoid , because they are fatigued , and they really do n't quite know what the solutions are . <next_sent> Aaron Motsoaledi , the current health minister , attended that concert and I had an opportunity to meet with him , and he gave his absolute commitment to try to making a change , which is absolutely necessary . <next_sent> This is in the Scottish Parliament . <next_sent> I 've subsequently become an envoy for Scotland and HIV . <next_sent> And I was showing them my experiences and trying to , again , raise awareness . <next_sent> And once again , in Edinburgh with the wonderful African Children 's Choir who I simply adore . <next_sent> And it 's children like this , many of whom have been orphaned because of their family being affected by the AIDS virus . <next_sent> I 'm sitting here in New York with Michel Sidibe -- he 's the director of UNAIDS . <next_sent> And I 'm very honored by the fact that Michel invited me , only a few months ago , to become a UNAIDS ambassador . <next_sent> And in this way , I 've been strengthening my platform and broadening my outreach . <next_sent> The message that UNAIDS are currently sending out to the world is that we would like to see the virtual elimination of the transmission of the virus from mother to child by 2015 . <next_sent> It 's a very ambitious goal but we believe it can be achieved with political will . <next_sent> This can happen . <next_sent> And here I am with a pregnant woman , who is HIV positive and we 're smiling , both of us are smiling , because we 're very confident , because we know that that young woman is receiving treatment so her life can be extended to take care of the baby she 's about to give birth to . <next_sent> And her baby will receive PMTCT , which will mean that that baby can be born free of the virus . <next_sent> Now that is prevention at the very beginning of life . <next_sent> It 's one way to start looking at intervention with the AIDS pandemic . <next_sent> Now , I just would like to finish off to tell you the little story about Avelile . <next_sent> This is Avelile -- she goes with me wherever I go . <next_sent> I tell her story to everyone because she represents one of millions of HIV / AIDS orphans . <next_sent> Avelile 's mother had HIV virus -- <next_sent> she died from AIDS - related illness . <next_sent> Avelile had the virus , she was born with the virus . <next_sent> And here she is at seven years old , weighing no more than a one year - old baby . <next_sent> At this point in her life , she 's suffering with full - blown AIDS and had pneumonia . <next_sent> We met her in a hospital in the Eastern Cape and spent a whole afternoon with her -- an adorable child . <next_sent> The doctors and nurses were phenomenal . <next_sent> They put her on very special nutritious diet and took great care of her . <next_sent> And we did n't know when we left the hospital -- because we filmed her story -- we did n't know if she was going to survive . <next_sent> So , it was obviously -- it was a very emotional encounter and left us feeling very resonant with this direct experience , this one child , you know , that story . <next_sent> Five months later , we went back to South Africa to meet Avelile again . <next_sent> And I 'm getting -- the hairs on my -- I do n't know if you can see the hairs on my arms . <next_sent> They 're standing up because I know what I 'm going to show you . <next_sent> This is the transformation that took place . <next_sent> Is n't it extraordinary ? <next_sent> That round of applause is actually for the doctors and nurses of the hospital who took care of Avelile . <next_sent> And I take it that you appreciate that kind of transformation . <next_sent> So , I would like to say to you , each one in the audience , if you feel that every mother and every child in the world has the right to have access to good nutrition and good medical care , and you believe that the Millennium Development Goals , specifically five and six , should be absolutely committed to by all governments around the world -- especially in sub - Saharan Africa -- could you please stand up . <next_sent> I think that 's fair to say , it 's almost everyone in the hall . <next_sent> Thank you very much .
(d / document
   :snt1 (s1.u / url-entity
               :topic (s1.t / talk-01))
   :snt2 (s2.s / share-01
               :ARG0 (s2.i / i)
               :ARG1 (s2.s2 / story
                            :topic (s2.b / become-01
                                         :ARG1 s2.i
                                         :ARG2 (s2.p / person
                                                     :ARG0-of (s2.c / campaign-01
                                                                    :ARG1 (s2.d / disease
                                                                                :name (s2.n / name
                                                                                            :op1 "HIV/AIDS"))))
                                         :manner (s2.a / amr-unknown)))
               :ARG2 (s2.y / you))
   :snt3 (s3.a / and
               :op2 (s3.n2 / name-01
                           :ARG1 (s3.c / campaign-01
                                       :ARG0 (s3.i / i
                                                   :same-as s2.i)
                                       :ARG2 (s3.c2 / campaign-01
                                                    :name (s3.n / name
                                                                :op1 "SING"
                                                                :op2 "Campaign")))
                           :ARG2 (s3.t / this)))
   :snt4 (s4.i3 / invite-01
                :ARG1 (s4.i / i
                            :same-as s2.i)
                :ARG2 (s4.p / participate-01
                            :ARG0 s4.i
                            :ARG1 (s4.l / launch-01
                                        :ARG1 (s4.o / organization
                                                    :name (s4.n / name
                                                                :op1 "Nelson"
                                                                :op2 "46664"
                                                                :op3 "Foundation")
                                                    :ARG1-of (s4.i2 / include-91
                                                                    :ARG2 (s4.f / foundation
                                                                                :mod (s4.d2 / disease
                                                                                            :name (s4.n2 / name
                                                                                                         :op1 "HIV/AIDS"))
                                                                                :poss (s4.p2 / person)))
                                                    :poss s4.p2)))
                :rel (s4.a / Mandela)
                :time (s4.d / date-entity
                            :month "11"
                            :year "2003"))
   :snt5 (s5.a / and
               :op2 (s5.h / have-03
                          :ARG0 (s5.p / person
                                      :name (s5.n / name
                                                  :op1 "Mandela")
                                      :same-as s4.a)
                          :ARG1 (s5.n3 / number
                                       :value "46664")
                          :time (s5.i / imprison-01
                                      :ARG1 s5.p
                                      :location (s5.i2 / island
                                                       :name (s5.n2 / name
                                                                    :op1 "Robben"
                                                                    :op2 "Island")))))
   :snt6 (s6.a / and
               :op2 (s6.h / have-06
                          :ARG0 (s6.a2 / and
                                       :op1 (s6.i / i
                                                  :same-as s2.i)
                                       :op2 (s6.p / person
                                                  :name (s6.n / name
                                                              :op1 "Youssou"
                                                              :op2 "N'Dour")
                                                  :location (s6.o / onstage)))
                          :ARG1 (s6.t / time
                                      :ARG5 (s6.l / life
                                                  :poss s6.i))))
   :snt7 (s7.i2 / invite-01
                :ARG1 (s7.a2 / artist
                             :mod (s7.a / all))
                :ARG2 (s7.j / join-04
                            :ARG0 s7.a2
                            :ARG1 (s7.p / person
                                        :name (s7.n / name
                                                    :op1 "Mandela")
                                        :same-as s4.a)
                            :location (s7.i3 / island
                                             :name (s7.n2 / name
                                                          :op1 "Robben"
                                                          :op2 "Island")
                                             :location-of (s7.g / give-01
                                                                :ARG0 s7.p
                                                                :ARG1 (s7.c2 / conference
                                                                             :manner (s7.s / stand-01
                                                                                           :ARG1 s7.a2
                                                                                           :ARG2 (s7.i / in-front-of
                                                                                                       :op1 (s7.c / cell
                                                                                                                  :location (s7.p3 / prison)
                                                                                                                  :poss s7.p
                                                                                                                  :time (s7.f / former)))))
                                                                :ARG2 (s7.p2 / press
                                                                             :poss (s7.w / world)
                                                                             :same-as s5.i2))))
                :time (s7.d / day
                            :mod (s7.n3 / next)))
   :snt8 (s8.p / possible-01
               :ARG1 (s8.s / see-01
                           :ARG0 (s8.y / you)
                           :ARG1 (s8.b / bar
                                       :part-of (s8.w / window
                                                      :location (s8.t / there)))))
   :snt9 (s9.o / occasion-02
               :ARG1 (s9.i / it)
               :beneficiary (s9.w / we
                                  :mod (s9.a / all)
                                  :same-as s7.a2)
               :mod (s9.m / momentous
                          :degree (s9.q / quite)))
   :snt10 (s10.t / tell-01
                 :ARG0 (s10.p / person
                              :name (s10.n / name
                                           :op1 "Mandela")
                              :same-as s4.a)
                 :ARG1 (s10.a3 / and
                               :op1 (s10.g / genocide-01
                                           :location (s10.c2 / country
                                                             :poss s10.p)
                                           :mod (s10.v2 / virtual))
                               :op2 (s10.d2 / die-01
                                            :ARG1 (s10.p2 / person
                                                          :quant "1000")
                                            :frequency (s10.r / rate-entity-91
                                                              :ARG2 (s10.t2 / temporal-quantity
                                                                            :unit (s10.d / day)
                                                                            :quant "1")))
                               :op3 (s10.v / victim
                                           :ARG1-of (s10.h / have-degree-91
                                                           :ARG2 (s10.v3 / vulnerable-01
                                                                         :ARG1 s10.v)
                                                           :ARG3 (s10.m2 / most)
                                                           :ARG5 (s10.a2 / all))
                                           :domain (s10.a4 / and
                                                           :op1 (s10.w / woman)
                                                           :op2 (s10.c / child))
                                           :mod (s10.l / line
                                                       :mod (s10.f / front))))
                 :ARG2 (s10.p3 / press
                               :mod (s10.w2 / world
                                            :same-as s7.w)
                               :same-as s7.p2)
                 :rel (s10.o / organization
                             :name (s10.n2 / name
                                           :op1 "Rainbow"
                                           :op2 "Nation")
                             :time (s10.a / after
                                          :op1 (s10.a5 / apartheid)))
                 :time (s10.m / moment
                              :mod (s10.t3 / that)))
   :snt11 (s11.i2 / impact-01
                  :ARG0 (s11.t / this
                               :same-as s10.t)
                  :ARG1 (s11.m / mind
                               :poss (s11.i / i
                                            :same-as s2.i))
                  :ARG1-of (s11.c / cause-01
                                  :ARG0 (s11.a2 / and
                                                :op1 (s11.w2 / woman
                                                             :domain s11.i)
                                                :op2 (s11.h / have-rel-role-91
                                                            :ARG0 s11.i
                                                            :ARG2 (s11.m2 / mother))
                                                :op3 (s11.r / realize-01
                                                            :ARG0 s11.i
                                                            :ARG1 (s11.a / affect-01
                                                                         :ARG0 (s11.p / pandemic
                                                                                      :ARG1-of (s11.i3 / include-91
                                                                                                       :ARG2 (s11.d2 / disease
                                                                                                                     :name (s11.n / name
                                                                                                                                  :op1 "HIV/AIDS"))
                                                                                                       :same-as s2.d))
                                                                         :ARG1 (s11.w3 / woman)
                                                                         :ARG1-of (s11.d / direct-02)
                                                                         :manner (s11.w / way
                                                                                        :mod (s11.s / such)))
                                                            :polarity "-")))
                  :mod (s11.h2 / huge))
   :snt12 (s12.a / and
                 :op2 (s12.c / cause-01
                             :ARG1 (s12.c3 / commit-01
                                           :ARG0 (s12.i / i
                                                        :same-as s2.i)
                                           :ARG2 (s12.t2 / tell-01
                                                         :ARG0 (s12.l / leave-11
                                                                      :ARG0 s12.i
                                                                      :ARG1 (s12.c4 / country
                                                                                    :name (s12.n / name
                                                                                                 :op1 "South"
                                                                                                 :op2 "Africa")))
                                                         :ARG1 (s12.o / obligate-01
                                                                      :ARG1 s12.i
                                                                      :ARG2 (s12.t / talk-01
                                                                                   :ARG0 s12.i
                                                                                   :ARG1 (s12.s / something
                                                                                                :domain (s12.t3 / this))))
                                                         :ARG2 s12.i
                                                         :time (s12.l2 / leave-11
                                                                       :ARG0 s12.i
                                                                       :ARG1 (s12.c2 / city
                                                                                     :name (s12.n2 / name
                                                                                                   :op1 "Capetown")))))))
   :snt13 (s13.o / obligate-01
                 :ARG2 (s13.s / serve-01
                              :ARG0 (s13.i / i
                                           :same-as s2.i)))
   :snt14 (s14.a / and
                 :op2 (s14.a2 / and
                              :op1 (s14.p / participate-01
                                          :ARG0 (s14.i / i
                                                       :same-as s2.i)
                                          :ARG1 (s14.e / event
                                                       :ARG1-of (s14.s / single-02)
                                                       :ARG1-of (s14.p2 / participate-01
                                                                        :ARG0 s14.i
                                                                        :ARG1-of (s14.p5 / possible-01))
                                                       :mod (s14.e2 / every)
                                                       :time (s14.d / date-entity
                                                                    :day "4"
                                                                    :month "12"
                                                                    :year "2006")))
                              :op2 (s14.g / give-01
                                          :ARG0 s14.i
                                          :ARG1 (s14.a3 / and
                                                        :op1 (s14.c3 / conference
                                                                     :mod (s14.n2 / news))
                                                        :op2 (s14.i2 / interview-01
                                                                     :ARG1 s14.i)
                                                        :op3 (s14.t / talk-01
                                                                    :ARG0 s14.i)
                                                        :op4 (s14.u / use-01
                                                                    :ARG0 s14.i
                                                                    :ARG1 (s14.p4 / platform
                                                                                  :mod (s14.m / musician)
                                                                                  :poss s14.i)))
                                          :manner (s14.c2 / commit-01
                                                          :ARG1 s14.i
                                                          :ARG1-of (s14.c / cause-01
                                                                          :ARG0 (s14.r / respect-01
                                                                                       :ARG0 s14.i
                                                                                       :ARG1 (s14.w / work-01
                                                                                                    :ARG0 (s14.p3 / person
                                                                                                                  :name (s14.n / name
                                                                                                                               :op1 "Mandela")
                                                                                                                  :same-as s4.a)
                                                                                                    :ARG1-of (s14.b / believe-01
                                                                                                                    :ARG1-of (s14.p6 / possible-01
                                                                                                                                     :polarity "-"))
                                                                                                    :mod (s14.t2 / tremendous))))
                                                          :ARG2 s14.p3))
                              :time (s14.s2 / subsequent)))
   :snt15 (s15.a / and
                 :op1 (s15.r / respect-01
                             :ARG0 (s15.e / everyone
                                          :location (s15.w / world))
                             :ARG1 (s15.p / person
                                          :name (s15.n / name
                                                       :op1 "Nelson"
                                                       :op2 "Mandela")
                                          :same-as s4.a))
                 :op2 (s15.r2 / revere-01
                              :ARG0 s15.p
                              :ARG1 s15.p))
   :snt16 (s16.c / contrast-01
                 :ARG2 (s16.k / know-02
                              :ARG0 (s16.t / they
                                           :mod (s16.a / all)
                                           :same-as s15.e)
                              :ARG1 (s16.e / event
                                           :location (s16.c2 / country
                                                             :name (s16.n / name
                                                                          :op1 "South"
                                                                          :op2 "Africa")
                                                             :ARG0-of (s16.h / have-03
                                                                             :ARG1 (s16.i / incident
                                                                                          :ARG1-of (s16.i3 / include-01
                                                                                                           :ARG2 (s16.i2 / incident
                                                                                                                         :ARG1-of (s16.h2 / have-degree-91
                                                                                                                                          :ARG2 (s16.h4 / high-02
                                                                                                                                                        :ARG1 s16.i2)
                                                                                                                                          :ARG3 (s16.m / most))
                                                                                                                         :mod (s16.t2 / transmit-01
                                                                                                                                      :ARG1 (s16.v / virus
                                                                                                                                                   :same-as s2.d))))
                                                                                          :quant "1")
                                                                             :same-as s12.c4)
                                                             :mod (s16.c3 / country
                                                                          :poss (s16.h3 / he
                                                                                        :same-as s4.a))
                                                             :same-as s12.c4))
                              :polarity (s16.a2 / amr-unknown)))
   :snt17 (s17.t4 / think-01
                  :ARG0 (s17.i / i
                               :same-as s2.i)
                  :ARG1 (s17.s / shock-01
                               :ARG1 (s17.p / person)
                               :condition (s17.a / and
                                                 :op1 (s17.g / go-out-17
                                                             :ARG0 s17.i
                                                             :destination (s17.s2 / street)
                                                             :time (s17.n / now))
                                                 :op2 (s17.t / tell-01
                                                             :ARG0 s17.i
                                                             :ARG1 (s17.t3 / thing
                                                                           :domain (s17.e / event
                                                                                          :location (s17.t2 / there)))
                                                             :ARG2 s17.p))))
   :snt18 (s18.f / fortunate-01
                 :ARG1 (s18.i / i
                              :same-as s2.i)
                 :ARG2 (s18.m / meet-02
                              :ARG0 s18.i
                              :ARG1 (s18.p / person
                                           :name (s18.n / name
                                                        :op1 "Zackie"
                                                        :op2 "Achmat")
                                           :ARG0-of (s18.f2 / found-01
                                                            :ARG1 (s18.o / organization
                                                                         :name (s18.n2 / name
                                                                                       :op1 "Treatment"
                                                                                       :op2 "Action"
                                                                                       :op3 "Campaign")))
                                           :mod (s18.p2 / person
                                                        :ARG0-of (s18.c / campaign-01)
                                                        :mod (s18.i2 / incredible))
                                           :mod (s18.a / activist))
                              :time (s18.a2 / after
                                            :quant (s18.c2 / couple
                                                           :op1 (s18.t / temporal-quantity
                                                                       :unit (s18.y / year)
                                                                       :quant "1"))))
                 :degree (s18.v / very))
   :snt19 (s19.m / meet-02
                 :ARG0 (s19.i / i
                              :same-as s2.i)
                 :ARG1 (s19.h / he
                              :same-as s18.p)
                 :location (s19.e / event
                                  :time (s19.d / date-entity
                                               :year "46664")))
   :snt20 (s20.w / wear-01
                 :ARG0 (s20.h / he
                              :same-as s18.p)
                 :ARG1 (s20.t / t-shirt
                              :ARG1-of (s20.r / resemble-01
                                              :ARG2 (s20.t2 / t-shirt
                                                            :ARG1-of (s20.w2 / wear-01
                                                                             :ARG0 (s20.i / i
                                                                                          :same-as s2.i)
                                                                             :time (s20.n / now))))))
   :snt21 (s21.a / and
                 :op1 (s21.t3 / tool
                              :domain (s21.t2 / this
                                              :same-as s20.t))
                 :op2 (s21.t / tell-01
                             :ARG0 s21.t2
                             :ARG1 (s21.s / solidarity
                                          :domain (s21.i / i
                                                         :same-as s2.i)
                                          :prep-with (s21.p / person
                                                            :ARG0-of (s21.h / have-03
                                                                            :ARG1 (s21.d / disease
                                                                                         :name (s21.n / name
                                                                                                      :op1 "HIV"
                                                                                                      :same-as s2.n)
                                                                                         :example (s21.p2 / person
                                                                                                          :ARG0-of (s21.l / live-02
                                                                                                                          :ARG1 s21.d))))))
                             :ARG2 (s21.y / you)))
   :snt22 (s22.a / and
                 :op2 (s22.s / say-01
                             :ARG0 (s22.i / i
                                          :same-as s2.i)
                             :ARG1 (s22.p / possible-01
                                          :ARG1 (s22.t2 / talk-01
                                                        :ARG0 (s22.w2 / we)
                                                        :ARG1 (s22.i2 / issue-02
                                                                      :mod (s22.t4 / this)))
                                          :mod (s22.y / yes))
                             :ARG1-of (s22.c / cause-01
                                             :ARG0 (s22.s2 / stigma)
                                             :manner (s22.w / way))
                             :manner (s22.w3 / wear-01
                                             :ARG0 s22.i
                                             :ARG1 (s22.t / t-shirt
                                                          :mod (s22.t3 / this)
                                                          :same-as s20.t))))
   :snt23 (s23.o / obligate-01
                 :ARG1 (s23.i / it
                              :same-as s22.i2)
                 :ARG2 (s23.b / be-located-at-91
                              :ARG1 s23.i
                              :ARG2 (s23.c / closet))
                 :polarity "-")
   :snt24 (s24.a / and
                 :op1 (s24.b / become-01
                             :ARG1 (s24.i / i
                                          :same-as s2.i)
                             :ARG2 (s24.m / member
                                          :ARG2-of (s24.h / have-org-role-91
                                                          :ARG0 s24.i
                                                          :ARG1 (s24.o / organization
                                                                       :name (s24.n / name
                                                                                    :op1 "Treatment"
                                                                                    :op2 "Action"
                                                                                    :op3 "Campaign"
                                                                                    :same-as s18.a)
                                                                       :mod (s24.i2 / incredible
                                                                                    :same-as s18.a)))))
                 :op2 (s24.p / pride-01
                             :ARG0 s24.i
                             :ARG2 (s24.m2 / member
                                           :ARG2-of (s24.h2 / have-org-role-91
                                                            :ARG0 s24.i
                                                            :ARG1 s24.o)
                                           :domain s24.o)
                             :degree (s24.v / very)))
   :snt25 (s25.c / campaign-01
                 :consist-of (s25.w / woman
                                    :ARG2-of (s25.i / include-91
                                                    :ARG1 (s25.m2 / most)
                                                    :mod (s25.p2 / positive
                                                                 :mod (s25.d / disease
                                                                             :name (s25.n / name
                                                                                          :op1 "HIV")
                                                                             :same-as s2.n)))
                                    :domain (s25.m / membership
                                                   :quant (s25.p / percentage-entity
                                                                 :value "80")))
                 :domain (s25.i2 / it
                                 :same-as s18.a)
                 :mod (s25.g / grass-roots))
   :snt26 (s26.w / work-01
                 :ARG0 (s26.t / they
                              :same-as s18.a)
                 :location (s26.f / field))
   :snt27 (s27.h / have-03
                 :ARG0 (s27.t / they
                              :same-as s18.a)
                 :ARG1 (s27.r / reach-03
                              :ARG0 s27.t
                              :ARG1 (s27.p / person
                                           :ARG0-of (s27.l / live-02
                                                           :ARG1 (s27.t2 / thing
                                                                         :ARG2-of (s27.a / affect-01
                                                                                         :ARG0 (s27.v / virus
                                                                                                      :same-as s2.d)))
                                                           :ARG1-of (s27.d / direct-02)))
                              :mod (s27.t3 / tremendous)))
   :snt28 (s28.h / have-03
                 :ARG0 (s28.t / they
                              :same-as s18.a)
                 :ARG1 (s28.p / program
                              :purpose (s28.e / educate-01)))
   :snt29 (s29.b / bring-01
                 :ARG0 (s29.t / they
                              :same-as s18.a)
                 :ARG1 (s29.i / issue-02
                              :ARG0 (s29.s / stigma))
                 :direction (s29.o / out))
   :snt30 (s30.e / extraordinary
                 :degree (s30.q / quite)
                 :domain (s30.t2 / thing
                                 :ARG1-of (s30.d / do-02
                                                 :ARG0 (s30.t / they
                                                              :same-as s18.a))))
   :snt31 (s31.a2 / and
                  :op2 (s31.s / support-01
                              :ARG0 (s31.c / campaign-01
                                           :name (s31.n / name
                                                        :op1 "SING")
                                           :ARG0 (s31.i / i
                                                        :same-as s2.i))
                              :ARG1 (s31.c2 / campaign-01
                                            :name (s31.n2 / name
                                                          :op1 "Treatment"
                                                          :op2 "Action")
                                            :same-as s18.a)
                              :manner (s31.t / try-01
                                             :ARG0 s31.i
                                             :ARG1 (s31.a3 / and
                                                           :op1 (s31.r / raise-01
                                                                       :ARG0 s31.i
                                                                       :ARG1 (s31.a4 / awareness))
                                                           :op2 (s31.t2 / try-01
                                                                        :ARG0 s31.i
                                                                        :ARG1 (s31.r2 / raise-02
                                                                                      :ARG0 s31.i
                                                                                      :ARG1 (s31.f / fund)
                                                                                      :mod (s31.a / also)))))))
   :snt32 (s32.g / go-10
                 :ARG1 (s32.f / fund-01
                              :quant (s32.l / lot)
                              :ARG1-of (s32.r / raise-02
                                              :ARG0 (s32.i / i
                                                           :same-as s2.i)
                                              :ARG1-of (s32.m / manage-02
                                                              :ARG0 s32.i)))
                 :ARG1-of (s32.d / direct-02)
                 :ARG2 (s32.a / and
                              :op1 (s32.o / organization
                                          :name (s32.n / name
                                                       :op1 "Treatment"
                                                       :op2 "Action"
                                                       :op3 "Campaign")
                                          :same-as s18.a)
                              :op2 (s32.w / work-01
                                          :ARG0 s32.o
                                          :mod (s32.i2 / incredible))
                              :op3 (s32.w2 / work-01
                                           :ARG0 s32.o
                                           :ARG1-of (s32.c / continue-01
                                                           :ARG0 s32.o
                                                           :mod (s32.s / still))
                                           :location (s32.c2 / country
                                                             :name (s32.n2 / name
                                                                           :op1 "South"
                                                                           :op2 "Africa")
                                                             :same-as s12.c4))))
   :snt33 (s33.c2 / cause-01
                  :ARG1 (s33.c / campaign-01
                               :ARG0 (s33.i / i
                                            :same-as s2.i
                                            :same-as s31.c)
                               :domain (s33.t / this
                                              :same-as s31.c)
                               :mod "12"))
   :snt34 (s34.a4 / and
                  :domain (s34.c / campaign-01)
                  :mod (s34.j / just)
                  :mod (s34.b / basic)
                  :op1 (s34.i / i
                              :same-as s2.i)
                  :op2 (s34.p / person
                              :quant (s34.a3 / about
                                             :op1 (s34.o / or
                                                         :op1 "3"
                                                         :op2 "4"))
                              :ARG0-of (s34.h / help-01
                                              :ARG1 (s34.s / support-01
                                                           :ARG0 s34.p
                                                           :ARG1 s34.i)
                                              :ARG2 s34.i)
                              :ARG1-of (s34.w / wonderful-03))
                  :rel (s34.a2 / SING)
                  :rel (s34.a / Campaign
                              :same-as s31.c))
   :snt35 (s35.a3 / and
                  :op1 (s35.t2 / travel-01
                               :ARG0 (s35.i / i
                                            :same-as s2.i)
                               :ARG1 (s35.a2 / all-over
                                             :op1 (s35.w / world))
                               :time (s35.b / before
                                            :duration (s35.t / temporal-quantity
                                                             :unit (s35.y / year)
                                                             :quant "2")
                                            :op1 (s35.n / now)))
                  :op2 (s35.g / go-02
                              :ARG0 s35.i
                              :ARG4 (s35.c / country
                                           :quant (s35.a / about
                                                         :op1 "12")
                                           :ARG1-of (s35.d / differ-02))))
   :snt36 (s36.a / and
                 :op1 (s36.b / be-located-at-91
                             :ARG1 (s36.i / i
                                          :ARG0-of (s36.g / get-01
                                                          :ARG1 (s36.c / check
                                                                       :ARG1-of (s36.f / fat-03)
                                                                       :ARG1-of (s36.n4 / nice-01)))
                                          :same-as s2.i)
                             :ARG2 (s36.c2 / city
                                           :name (s36.n / name
                                                        :op1 "Oslo")
                                           :location (s36.c4 / country
                                                             :name (s36.n2 / name
                                                                           :op1 "Norway")))
                             :location (s36.h / here))
                 :op2 (s36.s / sing-01
                             :ARG0 s36.i
                             :location (s36.c3 / city
                                               :name (s36.n3 / name
                                                             :op1 "Hong"
                                                             :op2 "Kong")))
                 :op3 (s36.t / try-01
                             :ARG0 s36.i
                             :ARG1 (s36.g2 / get-04
                                           :ARG0 s36.i
                                           :ARG1 (s36.r / raise-02
                                                        :ARG0 (s36.p / person)
                                                        :ARG1 (s36.m / money)))))
   :snt37 (s37.h / have-03
                 :ARG0 (s37.i / i
                              :same-as s2.i)
                 :ARG1 (s37.o / opportunity
                              :purpose (s37.p2 / play-to-06
                                               :ARG0 s37.i
                                               :ARG1 (s37.a3 / audience
                                                             :ARG1-of (s37.w / white-02
                                                                             :mod (s37.m / main))
                                                             :ARG1-of (s37.e / end-up-03
                                                                             :ARG1-of (s37.c / cause-01
                                                                                             :ARG0 (s37.u / use-01
                                                                                                          :ARG0 s37.i
                                                                                                          :ARG1 (s37.c5 / clip
                                                                                                                        :ARG0-of (s37.t6 / touch-01
                                                                                                                                         :ARG1 (s37.a / and
                                                                                                                                                      :op1 (s37.h2 / heart)
                                                                                                                                                      :op2 (s37.n3 / nature
                                                                                                                                                                   :mod (s37.w2 / whole)
                                                                                                                                                                   :poss (s37.t7 / tragedy
                                                                                                                                                                                 :ARG1-of (s37.t3 / terrible-01)
                                                                                                                                                                                 :ARG1-of (s37.a4 / avoid-01
                                                                                                                                                                                                  :ARG0 (s37.p / person)
                                                                                                                                                                                                  :ARG2-of (s37.t2 / tend-02
                                                                                                                                                                                                                   :ARG1 s37.p
                                                                                                                                                                                                                   :ARG1-of (s37.c2 / cause-01
                                                                                                                                                                                                                                    :ARG0 (s37.a2 / and
                                                                                                                                                                                                                                                  :op1 (s37.f / fatigue-01
                                                                                                                                                                                                                                                              :ARG1 s37.p)
                                                                                                                                                                                                                                                  :op2 (s37.k / know-01
                                                                                                                                                                                                                                                              :ARG0 s37.p
                                                                                                                                                                                                                                                              :ARG1 (s37.t4 / thing
                                                                                                                                                                                                                                                                            :ARG2-of (s37.s / solve-01))
                                                                                                                                                                                                                                                              :degree (s37.q / quite)
                                                                                                                                                                                                                                                              :polarity "-")))))
                                                                                                                                                                                 :mod (s37.t5 / this))))
                                                                                                                                         :ARG1-of (s37.r / real-04))
                                                                                                                        :mod (s37.f2 / film))))
                                                                             :ARG2 (s37.t / tear-03
                                                                                          :ARG1 s37.a3))
                                                             :mod (s37.c6 / country
                                                                          :name (s37.n2 / name
                                                                                        :op1 "South"
                                                                                        :op2 "Africa"))
                                                             :mod (s37.c4 / class
                                                                          :mod (s37.m2 / middle)))))
                 :location (s37.c3 / city
                                   :name (s37.n / name
                                                :op1 "Johannesburg")))
   :snt38 (s38.a3 / and
                  :op1 (s38.a4 / attend-01
                               :ARG0 (s38.p / person
                                            :name (s38.n / name
                                                         :op1 "Aaron"
                                                         :op2 "Motsoaledi")
                                            :ARG0-of (s38.h2 / have-org-role-91
                                                             :ARG2 (s38.m2 / minister
                                                                           :topic (s38.h3 / healthy))
                                                             :time (s38.c4 / current)))
                               :ARG1 (s38.c3 / concert
                                             :mod (s38.t / that)
                                             :same-as s37.p2))
                  :op2 (s38.h / have-03
                              :ARG0 (s38.i / i
                                           :same-as s2.i)
                              :ARG1 (s38.o / opportunity
                                           :topic (s38.m / meet-03
                                                         :ARG0 s38.i
                                                         :ARG1 s38.p)))
                  :op3 (s38.c2 / commit-01
                               :ARG1 s38.p
                               :ARG2 (s38.t2 / try-01
                                             :ARG0 s38.p
                                             :ARG1 (s38.c / change-01
                                                          :ARG0 s38.p
                                                          :ARG1-of (s38.n2 / need-01
                                                                           :manner (s38.a2 / absolute))))
                               :degree (s38.a / absolute)))
   :snt39 (s39.t / this
                 :location (s39.g / government-organization
                                  :name (s39.n / name
                                               :op1 "Scottish"
                                               :op2 "Parliament")))
   :snt40 (s40.b / become-01
                 :ARG1 (s40.i / i
                              :same-as s2.i)
                 :ARG2 (s40.e / envoy
                              :topic (s40.a / and
                                            :op1 (s40.c / country
                                                        :name (s40.n / name
                                                                     :op1 "Scotland"))
                                            :op2 (s40.d / disease
                                                        :name (s40.n2 / name
                                                                      :op1 "HIV")
                                                        :same-as s2.n)))
                 :time (s40.s / subsequent))
   :snt41 (s41.a2 / and
                  :op2 (s41.a3 / and
                               :op1 (s41.s / show-01
                                           :ARG0 (s41.i / i
                                                        :same-as s2.i)
                                           :ARG1 (s41.t2 / thing
                                                         :ARG1-of (s41.e / experience-01
                                                                         :ARG0 s41.i))
                                           :ARG2 (s41.t / they
                                                        :same-as s40.a))
                               :op2 (s41.t3 / try-01
                                            :ARG0 s41.i
                                            :ARG1 (s41.r / raise-01
                                                         :ARG0 s41.i
                                                         :ARG1 (s41.r2 / realize-01))
                                            :mod (s41.a / again))))
   :snt42 (s42.a3 / and
                  :op2 (s42.b / be-located-at-91
                              :ARG2 (s42.c / city
                                           :name (s42.n / name
                                                        :op1 "Edinburgh"))
                              :accompanier (s42.o2 / organization
                                                   :name (s42.n2 / name
                                                                 :op1 "African"
                                                                 :op2 "child"
                                                                 :op3 "Choir")
                                                   :ARG1-of (s42.w / wonderful-03)
                                                   :ARG1-of (s42.a / adore-01
                                                                   :ARG0 (s42.i / i
                                                                                :same-as s2.i)
                                                                   :mod (s42.s / simple)))
                              :mod (s42.a2 / again
                                           :mod (s42.o / once))))
   :snt43 (s43.a2 / and
                  :op2 (s43.c2 / child
                               :ARG1-of (s43.r / resemble-01
                                               :ARG2 (s43.t / this))
                               :ARG1-of (s43.o / orphan-01
                                               :ARG1-of (s43.c / cause-01
                                                               :ARG0 (s43.a / affect-01
                                                                            :ARG0 (s43.d / disease
                                                                                         :name (s43.n / name
                                                                                                      :op1 "AIDS")
                                                                                         :same-as s2.d)
                                                                            :ARG1 (s43.f / family
                                                                                         :poss s43.c2))))
                               :ARG2-of (s43.i / include-91
                                               :ARG3 (s43.m / many))))
   :snt44 (s44.s / sit-01
                 :ARG1 (s44.i / i
                              :same-as s2.i)
                 :ARG2 (s44.h2 / here
                               :location (s44.c / city
                                                :name (s44.n / name
                                                             :op1 "New"
                                                             :op2 "York")))
                 :accompanier (s44.p / person
                                     :name (s44.n2 / name
                                                   :op1 "Michel"
                                                   :op2 "Sidibe")
                                     :ARG0-of (s44.h / have-org-role-91
                                                     :ARG1 (s44.o / organization
                                                                  :name (s44.n3 / name
                                                                                :op1 "UNAIDS"))
                                                     :ARG2 (s44.d / director))))
   :snt45 (s45.a2 / and
                  :op2 (s45.h2 / honor-01
                               :ARG0 (s45.i2 / invite-01
                                             :ARG0 (s45.p / person
                                                          :name (s45.n / name
                                                                       :op1 "Michel")
                                                          :same-as s44.n2)
                                             :ARG1 (s45.i / i
                                                          :same-as s2.i)
                                             :ARG2 (s45.b / become-01
                                                          :ARG1 s45.i
                                                          :ARG2 (s45.a / ambassador
                                                                       :ARG2-of (s45.h / have-org-role-91
                                                                                       :ARG1 (s45.o2 / organization
                                                                                                     :name (s45.n2 / name
                                                                                                                   :op1 "UNAIDS")
                                                                                                     :mod-of s45.a
                                                                                                     :same-as s44.o))))
                                             :time (s45.b2 / before
                                                           :quant (s45.f / few
                                                                         :mod (s45.o / only)
                                                                         :op1 (s45.t / temporal-quantity
                                                                                     :unit (s45.m / month)
                                                                                     :quant "1"))
                                                           :op1 (s45.n3 / now)))
                               :ARG1 s45.i
                               :degree (s45.v / very)))
   :snt46 (s46.a / and
                 :manner (s46.w / way
                                :mod (s46.t / this))
                 :op2 (s46.a2 / and
                              :op1 (s46.s / strengthen-01
                                          :ARG0 (s46.i / i
                                                       :same-as s2.i)
                                          :ARG1 (s46.p / platform
                                                       :poss s46.i))
                              :op2 (s46.b / broaden-01
                                          :ARG0 s46.i
                                          :ARG1 (s46.r / reach-03
                                                       :ARG0 s46.i))))
   :snt47 (s47.m / message-01
                 :ARG0 (s47.o / organization
                              :name (s47.n / name
                                           :op1 "UNAIDS")
                              :same-as s44.o)
                 :ARG1 (s47.l / like-02
                              :ARG0 s47.o
                              :ARG1 (s47.s / see-01
                                           :ARG0 s47.o
                                           :ARG1 (s47.e / eliminate-01
                                                        :ARG1 (s47.t / transmit-01
                                                                     :ARG1 (s47.v2 / virus
                                                                                   :same-as s2.d)
                                                                     :ARG2 (s47.p / person
                                                                                  :ARG0-of (s47.h / have-rel-role-91
                                                                                                  :ARG2 (s47.m2 / mother)
                                                                                                  :ARG4 (s47.c / child)))
                                                                     :ARG3 (s47.p2 / person))
                                                        :mod (s47.v / virtual)
                                                        :time (s47.b / by
                                                                     :op1 (s47.d / date-entity
                                                                                 :year "2015")))))
                 :ARG1-of (s47.s2 / send-03
                                  :ARG0 s47.o
                                  :ARG2 (s47.w / world
                                               :same-as s35.w)
                                  :time (s47.c2 / current)))
   :snt48 (s48.c / contrast-01
                 :ARG1 (s48.g / goal
                              :mod (s48.a2 / ambitious
                                           :degree (s48.v / very)))
                 :ARG2 (s48.b / believe-01
                              :ARG0 (s48.w / we
                                           :same-as s44.o)
                              :ARG1 (s48.p2 / possible-01
                                            :ARG1 (s48.a / achieve-01
                                                         :ARG1 s48.g
                                                         :manner (s48.w2 / will-02
                                                                         :manner (s48.p / politics))))))
   :snt49 (s49.p / possible-01
                 :ARG1 (s49.t / this
                              :same-as s47.e))
   :snt50 (s50.a3 / and
                  :op2 (s50.a2 / accompany-01
                               :ARG0 (s50.i / i
                                            :same-as s2.i)
                               :ARG1 (s50.w / woman
                                            :ARG0-of (s50.s / smile-01)
                                            :ARG1-of (s50.i2 / impregnate-01)
                                            :mod (s50.p / positive
                                                        :mod (s50.d / disease
                                                                    :name (s50.n / name
                                                                                 :op1 "HIV")
                                                                    :same-as s2.n)))
                               :location (s50.h / here))
                  :rel (s50.c4 / confident-01
                               :ARG1 (s50.a4 / and
                                             :op1 s50.a2
                                             :op2 s50.w)
                               :ARG1-of (s50.c2 / cause-01)
                               :ARG0-of s50.c2
                               :ARG1-of (s50.c3 / cause-01
                                                :ARG0 (s50.k / know-01
                                                             :ARG0 s50.a4
                                                             :ARG1 (s50.r / receive-01
                                                                          :ARG0 (s50.w2 / woman
                                                                                        :mod (s50.y / young)
                                                                                        :same-as s50.p)
                                                                          :ARG1 (s50.t / treat-03
                                                                                       :ARG1 s50.w2
                                                                                       :ARG2 (s50.p2 / possible-01
                                                                                                     :ARG1 (s50.e / extend-01
                                                                                                                  :ARG1 (s50.l / live-01
                                                                                                                               :ARG0 s50.w2)
                                                                                                                  :ARG4 (s50.c / care-03
                                                                                                                               :ARG0 s50.w2
                                                                                                                               :ARG1 (s50.b / baby
                                                                                                                                            :ARG1-of (s50.b2 / bear-02
                                                                                                                                                             :ARG0 s50.w2
                                                                                                                                                             :time (s50.a / about-to))))))))))
                               :degree (s50.v / very)))
   :snt51 (s51.a / and
                 :op2 (s51.r / receive-01
                             :ARG0 (s51.b / baby
                                          :ARG0-of (s51.h / have-rel-role-91
                                                          :ARG1 (s51.s / she
                                                                       :same-as s50.p)
                                                          :ARG2 (s51.c / child))
                                          :same-as s50.b)
                             :ARG1 (s51.p2 / product
                                           :name (s51.n / name
                                                        :op1 "PMTCT"))
                             :ARG1-of (s51.m / mean-01
                                             :ARG2 (s51.p / possible-01
                                                          :ARG1 (s51.b2 / bear-02
                                                                        :ARG1 s51.b
                                                                        :ARG1-of (s51.f / free-04
                                                                                        :ARG2 (s51.v / virus
                                                                                                     :same-as s2.d)))))))
   :snt52 (s52.p / prevent-01
                 :domain (s52.t / that)
                 :mod (s52.n / now)
                 :time (s52.b / begin-01
                              :ARG1 (s52.l / life)
                              :mod (s52.v / very)))
   :snt53 (s53.m / manner
                 :ARG1-of (s53.i / include-91
                                 :ARG2 (s53.m2 / manner
                                               :manner-of (s53.s / start-01
                                                                 :ARG1 (s53.l / look-01
                                                                              :ARG1 (s53.i2 / intervene-01
                                                                                            :ARG1 (s53.p / pandemic
                                                                                                         :mod (s53.d / disease
                                                                                                                     :name (s53.n / name
                                                                                                                                  :op1 "AIDS")
                                                                                                                     :same-as s2.d)
                                                                                                         :same-as s11.p))))))
                 :domain (s53.i3 / it
                                 :same-as s52.t))
   :snt54 (s54.l / like-02
                 :ARG0 (s54.i / i
                              :same-as s2.i)
                 :ARG1 (s54.f / finish-01
                              :purpose (s54.t / tell-01
                                              :ARG0 s54.i
                                              :ARG1 (s54.s / story
                                                           :mod (s54.l2 / little)
                                                           :topic (s54.p / person
                                                                         :name (s54.n / name
                                                                                      :op1 "Avelile")))
                                              :ARG2 (s54.y / you))
                              :ARG0 s54.i)
                 :mod (s54.j / just)
                 :time (s54.n2 / now))
   :snt55 (s55.p / person
                 :name (s55.n / name
                              :op1 "Avelile")
                 :ARG0-of (s55.g / go-02
                                 :ARG4 (s55.t / thing
                                              :ARG4-of (s55.g2 / go-02
                                                               :ARG0 (s55.i / i
                                                                            :same-as s2.i)))
                                 :accompanier s55.i)
                 :domain (s55.t2 / this
                                 :same-as s54.p))
   :snt56 (s56.t / tell-01
                 :ARG0 (s56.i / i
                              :same-as s2.i)
                 :ARG1 (s56.s2 / story
                               :poss (s56.s / she
                                            :same-as s54.p)
                               :same-as s54.s)
                 :ARG1-of (s56.c / cause-01
                                 :ARG0 (s56.r / represent-01
                                              :ARG0 s56.s
                                              :ARG1 (s56.o / orphan
                                                           :ARG1-of (s56.i2 / include-91
                                                                            :ARG2 (s56.o2 / orphan
                                                                                          :quant (s56.m / multiple
                                                                                                        :op1 "1000000")
                                                                                          :mod (s56.d / disease
                                                                                                      :name (s56.n / name
                                                                                                                   :op1 "HIV/AIDS"
                                                                                                                   :same-as s2.n)
                                                                                                      :same-as s2.d)))
                                                           :quant "1")))
                 :ARG2 (s56.e / everyone))
   :snt57 (s57.h / have-03
                 :ARG0 (s57.p2 / person
                               :ARG0-of (s57.h2 / have-rel-role-91
                                                :ARG1 (s57.p / person
                                                             :name (s57.n / name
                                                                          :op1 "Avelile")
                                                             :same-as s54.p)
                                                :ARG2 (s57.m / mother)))
                 :ARG1 (s57.v / virus
                              :name (s57.n2 / name
                                            :op1 "HIV")
                              :same-as s2.d))
   :snt58 (s58.d / die-01
                 :ARG1 (s58.s / she
                              :same-as s57.p2)
                 :ARG1-of (s58.c / cause-01
                                 :ARG0 (s58.i / ill-01
                                              :ARG1 s58.s
                                              :ARG1-of (s58.r / relate-01
                                                              :ARG2 (s58.d2 / disease
                                                                            :name (s58.n / name
                                                                                         :op1 "AIDS"))))))
   :snt59 (s59.a / and
                 :op1 (s59.h / have-03
                             :ARG0 (s59.p / person
                                          :name (s59.n / name
                                                       :op1 "Avelile")
                                          :same-as s54.p)
                             :ARG1 (s59.v / virus
                                          :same-as s2.d))
                 :op2 (s59.h2 / have-03
                              :ARG0 s59.v
                              :ARG1 (s59.v2 / virus
                                            :same-as s2.d)
                              :time (s59.b / bear-02
                                           :ARG1 s59.p)))
   :snt60 (s60.a / and
                 :op2 (s60.s / she
                             :ARG1-of (s60.w / weigh-01
                                             :ARG3 (s60.b / baby
                                                          :quant (s60.n / no-more-than
                                                                        :op1 (s60.t2 / temporal-quantity
                                                                                     :unit (s60.y2 / year)
                                                                                     :quant "1"))))
                             :age (s60.t / temporal-quantity
                                         :unit (s60.y / year)
                                         :quant "7")
                             :location (s60.h / here)
                             :same-as s54.p))
   :snt61 (s61.a / and
                 :op1 (s61.s2 / suffer-01
                              :ARG0 (s61.s / she
                                           :same-as s54.p)
                              :ARG1 (s61.d / disease
                                           :name (s61.n / name
                                                        :op1 "AIDS"
                                                        :same-as s2.d)
                                           :ARG1-of (s61.b / blow-01
                                                           :degree (s61.f / full))))
                 :op2 (s61.h / have-03
                             :ARG0 s61.s
                             :ARG1 (s61.p / pneumonia))
                 :time (s61.p2 / point
                               :mod (s61.t / this)
                               :time-of (s61.l / live-01
                                               :ARG0 s61.s
                                               :same-as s50.l)))
   :snt62 (s62.a3 / and
                  :op1 (s62.m / meet-02
                              :ARG0 (s62.w / we)
                              :ARG1 (s62.s / she
                                           :mod (s62.c / child
                                                       :mod (s62.a / adorable)
                                                       :same-as s54.p)
                                           :same-as s54.p)
                              :location (s62.h / hospital
                                               :location (s62.c2 / country-region
                                                                 :name (s62.n / name
                                                                              :op1 "Eastern"
                                                                              :op2 "Cape"))))
                  :op2 (s62.s2 / spend-02
                               :ARG0 s62.w
                               :ARG1 (s62.d / date-entity
                                            :dayperiod (s62.a2 / afternoon
                                                               :mod (s62.w2 / whole)))
                               :accompanier s62.s))
   :snt63 (s63.p / phenomenal
                 :domain (s63.a / and
                                :op1 (s63.d / doctor)
                                :op2 (s63.n / nurse)))
   :snt64 (s64.a / and
                 :op1 (s64.p / put-01
                             :ARG0 (s64.t / they
                                          :same-as s63.a)
                             :ARG1 (s64.s / she
                                          :same-as s54.p)
                             :ARG2 (s64.d / diet
                                          :ARG1-of (s64.s2 / special-02
                                                           :degree (s64.v / very))
                                          :mod (s64.n / nutritious)))
                 :op2 (s64.c / care-03
                             :ARG0 s64.t
                             :ARG1 s64.s
                             :mod (s64.g / great)))
   :snt65 (s65.a / and
                 :op2 (s65.k / know-01
                             :ARG0 (s65.w / we
                                          :same-as s62.w)
                             :ARG1 (s65.t / time
                                          :time-of (s65.l / leave-11
                                                          :ARG0 s65.w
                                                          :ARG1 (s65.h / hospital
                                                                       :same-as s62.h)))
                             :ARG1-of (s65.c / cause-01
                                             :ARG0 (s65.f / film-01
                                                          :ARG0 s65.w
                                                          :ARG1 (s65.s2 / story
                                                                        :poss (s65.s / she
                                                                                     :same-as s54.p)
                                                                        :same-as s54.s)))
                             :polarity "-")
                 :op3 (s65.k2 / know-01
                              :ARG0 s65.w
                              :ARG1 (s65.t2 / truth-value
                                            :polarity-of (s65.s3 / survive-01
                                                                 :ARG0 s65.s))
                              :polarity "-"))
   :snt66 (s66.a / and
                 :ARG1-of (s66.o / obvious-01)
                 :op1 (s66.e2 / encounter-01
                              :ARG0 (s66.i / it)
                              :ARG0-of (s66.e / emotional-02
                                              :degree (s66.v / very)))
                 :op2 (s66.l / leave-13
                             :ARG0 s66.i
                             :ARG1 (s66.f / feel-01
                                          :ARG0 (s66.w / we
                                                       :same-as s62.w)
                                          :ARG1 (s66.r / resonate-01
                                                       :ARG0 (s66.a2 / and
                                                                     :op1 (s66.e3 / experience-01
                                                                                  :ARG1-of (s66.d / direct-02)
                                                                                  :mod (s66.t2 / this))
                                                                     :op2 (s66.c / child
                                                                                 :mod s66.t2
                                                                                 :quant "1"
                                                                                 :same-as s54.p)
                                                                     :op3 (s66.s / story
                                                                                 :mod (s66.t / that
                                                                                             :same-as s54.s)
                                                                                 :mod (s66.k / know-06
                                                                                             :ARG0 (s66.y / you))))
                                                       :ARG1 s66.w
                                                       :degree (s66.v2 / very)))))
   :snt67 (s67.g / go-back-19
                 :purpose (s67.m / meet-03
                                 :ARG0 (s67.w / we
                                              :same-as s62.w)
                                 :ARG1 (s67.p / person
                                              :name (s67.n2 / name
                                                            :op1 "Avelile")
                                              :same-as s54.p)
                                 :mod (s67.a2 / again))
                 :ARG1 s67.w
                 :ARG2 (s67.c / country
                              :name (s67.n / name
                                           :op1 "South"
                                           :op2 "Africa")
                              :same-as s12.c4)
                 :time (s67.a / after
                              :quant (s67.t / temporal-quantity
                                            :unit (s67.m2 / month)
                                            :quant "5")))
   :snt68 (s68.a / and
                 :op2 (s68.g / get-01
                             :ARG0 (s68.i / i
                                          :part (s68.h / hair)
                                          :part (s68.a2 / arm)
                                          :same-as s2.i)
                             :ARG1 s68.h)
                 :op3 (s68.k / know-01
                             :ARG0 s68.i
                             :ARG1 (s68.t / truth-value
                                          :polarity-of (s68.p / possible-01
                                                              :ARG1 (s68.s / see-01
                                                                           :ARG0 (s68.y / you)
                                                                           :ARG1 (s68.h2 / hair
                                                                                         :location s68.a2
                                                                                         :same-as s68.h))))
                             :polarity "-"))
   :snt69 (s69.s2 / stand-up-07
                  :ARG1 (s69.t / they
                               :same-as s68.h)
                  :ARG1-of (s69.c / cause-01
                                  :ARG0 (s69.k / know-01
                                               :ARG0 (s69.i / i
                                                            :same-as s2.i)
                                               :ARG1 (s69.t2 / thing
                                                             :ARG1-of (s69.s / show-01
                                                                             :ARG0 s69.i
                                                                             :ARG2 (s69.y / you))))))
   :snt70 (s70.t2 / transform-01
                  :ARG2 (s70.t / this))
   :snt71 (s71.e / extraordinary
                 :ARG1-of (s71.r / request-confirmation-91)
                 :domain (s71.i / it
                                :same-as s70.t))
   :snt72 (s72.e / event
                 :mod (s72.a3 / applaud-01
                              :ARG1 (s72.a2 / and
                                            :ARG0-of (s72.c / care-03
                                                            :ARG1 (s72.p / person
                                                                         :name (s72.n / name
                                                                                      :op1 "Avelile")
                                                                         :same-as s54.p))
                                            :op1 (s72.d / doctor)
                                            :op2 (s72.n2 / nurse)
                                            :part-of (s72.h / hospital))
                              :ARG1-of (s72.r / round-05
                                              :mod (s72.t / that))
                              :ARG1-of (s72.a / actual-02)))
   :snt73 (s73.a / and
                 :op2 (s73.t / take-04
                             :ARG0 (s73.i / i
                                          :same-as s2.i)
                             :ARG1 (s73.a2 / appreciate-02
                                           :ARG0 (s73.y / you)
                                           :ARG1 (s73.t3 / transform-01
                                                         :mod (s73.k / kind
                                                                     :mod (s73.t2 / that))))))
   :snt74 (s74.c2 / cause-01
                  :ARG1 (s74.l / like-02
                               :ARG0 (s74.i / i
                                            :same-as s2.i)
                               :ARG1 (s74.s / say-01
                                            :ARG0 s74.i
                                            :ARG1 (s74.a6 / and
                                                          :op1 (s74.f / feel-02
                                                                      :ARG0 (s74.y / you
                                                                                   :mod (s74.o / one
                                                                                               :location (s74.a9 / audience)
                                                                                               :mod (s74.e / each)))
                                                                      :ARG1 (s74.r2 / right-05
                                                                                    :ARG1 (s74.a4 / and
                                                                                                  :location (s74.w / world
                                                                                                                   :same-as s15.w)
                                                                                                  :op1 (s74.m2 / mother
                                                                                                               :mod (s74.e3 / every))
                                                                                                  :op2 (s74.c3 / child
                                                                                                               :mod (s74.e4 / every)
                                                                                                               :mod s74.e3))
                                                                                    :ARG2 (s74.a2 / access-01
                                                                                                  :ARG0 s74.a4
                                                                                                  :ARG1 (s74.a5 / and
                                                                                                                :op1 (s74.n3 / nutrition
                                                                                                                             :ARG1-of (s74.g4 / good-02))
                                                                                                                :op2 (s74.c / care-03
                                                                                                                            :ARG1-of (s74.g5 / good-02)
                                                                                                                            :mod (s74.m / medicine))))))
                                                          :op2 (s74.b / believe-01
                                                                      :ARG0 s74.y
                                                                      :ARG1 (s74.r / recommend-01
                                                                                   :ARG1 (s74.c4 / commit-01
                                                                                                 :ARG0 (s74.g7 / government-organization
                                                                                                               :ARG0-of (s74.g6 / govern-01)
                                                                                                               :location (s74.a8 / around
                                                                                                                                 :op1 (s74.w2 / world
                                                                                                                                              :ARG2-of (s74.i2 / include-91
                                                                                                                                                               :ARG1 (s74.w3 / world-region
                                                                                                                                                                             :name (s74.n2 / name
                                                                                                                                                                                           :op1 "Sub-Saharan"
                                                                                                                                                                                           :op2 "Africa")
                                                                                                                                                                             :mod (s74.e2 / especially)))
                                                                                                                                              :same-as s15.w))
                                                                                                               :mod (s74.a3 / all))
                                                                                                 :ARG1 (s74.b2 / between
                                                                                                               :ARG1-of (s74.s2 / specific-02
                                                                                                                                :ARG2 (s74.a7 / and
                                                                                                                                              :op1 s74.b2))
                                                                                                               :op1 (s74.g / goal
                                                                                                                           :name (s74.n / name
                                                                                                                                        :op1 "Millennium"
                                                                                                                                        :op2 "Development"))
                                                                                                               :op2 (s74.g2 / goal
                                                                                                                            :quant "5"))
                                                                                                 :degree (s74.a / absolute)))))
                                            :ARG1 (s74.s3 / stand-up-07
                                                          :ARG1 s74.a6
                                                          :polite "+")
                                            :ARG2 s74.y))
                  :rel (s74.g3 / goal
                               :quant "6"))
   :snt75 (s75.t2 / think-01
                  :ARG0 (s75.i / i
                               :same-as s2.i)
                  :ARG1 (s75.f / fair-01
                               :ARG1 (s75.s / say-01
                                            :ARG1 (s75.t / that))
                               :ARG1-of (s75.c / cause-01
                                               :ARG0 (s75.e / everyone
                                                            :location (s75.h / hall)
                                                            :mod (s75.a / almost)
                                                            :same-as s74.y))))
   :snt76 (s76.t / thank-01
                 :ARG0 (s76.i / i)
                 :ARG1 (s76.y / you
                              :same-as s2.i)
                 :mod (s76.m / much
                             :degree (s76.v / very))))

