# ::id doc-1016
# ::doc_file doc-1016
# ::tok http : / / www . ted . com / talks / emmanuel_jal_the_music_of_a_war_child< / url> <next_sent> I just want to say my name is Emmanuel Jal . <next_sent> And I come from a long way . <next_sent> I 've been telling a story that has been so painful for me . <next_sent> It 's been a tough journey for me , traveling the world , telling my story in form of a book . <next_sent> And also telling it like now . <next_sent> And also , the easiest one was when I was doing it in form of a music . <next_sent> So I have branded myself as a war child . <next_sent> I 'm doing this because of an old lady in my village now , who have lost her children . <next_sent> There is no newspaper to cover her pain , and what she wants to change in this society . <next_sent> And I 'm doing it for a young man who want to create a change and has no way to project his voice because he ca n't write . <next_sent> Because sometime I feel like stopping and not doing it , because I did n't know what I was putting myself into . <next_sent> Well I was born in the most difficult time , when my country was at war . <next_sent> I saw my village burned down . <next_sent> The world that meant a lot to me , I saw it vanish in my face . <next_sent> I saw my aunt in rape when I was only five . <next_sent> My mother was claimed by the war . <next_sent> My brothers and sisters were scattered . <next_sent> And up to now , me and my father were detached and I still have issues with him . <next_sent> Seeing people die every day , my mother crying , it 's like I was raised in a violence . <next_sent> And that made me call myself a war child . <next_sent> And not only that , when I was eight I became a child soldier . <next_sent> I did n't know what was the war for . <next_sent> But one thing I knew was an image that I saw that stuck in my head . <next_sent> When I went to the training camp I say , " I want to kill as many Muslims , and as many Arabs , as possible . " <next_sent> The training was n't easy , but that was the driving force , because I wanted to revenge for my family . <next_sent> I wanted to revenge for my village . <next_sent> Luckily now things have changed because I came to discover the truth . <next_sent> What was actually killing us was n't the Muslims , was n't the Arabs . <next_sent> It was somebody sitting somewhere manipulating the system , and using religion to get what they want to get out of us , which is the oil , the diamond , the gold and the land . <next_sent> So realizing the truth gave me a position to choose : should I continue to hate , or let it go ? <next_sent> So I happened to forgive . <next_sent> Now I sing music with the Muslims . <next_sent> I dance with them . <next_sent> I even had a movie out called " War Child , " funded by Muslim people . <next_sent> So that pain has gone out . <next_sent> But my story is huge . <next_sent> So I 'm just going to go into a different step now , which is easier for me . <next_sent> I 'm going to give you poem called " Forced to Sin , " which is from my album " War Child . " <next_sent> I talk about my story . <next_sent> One of the journey that I tread when I was tempted to eat my friend because we had no food and we were like around 400 . <next_sent> And only 16 people survived that journey . <next_sent> So I hope you 're going to hear this . <next_sent> My dreams are like torment . <next_sent> My every moment . <next_sent> Voices in my brain , of friends that was slain . <next_sent> Friends like Lual who died by my side , of starvation . <next_sent> In the burning jungle , and the desert plain . <next_sent> Next was I , but Jesus heard my cry . <next_sent> As I was tempted to eat the rotten flesh of my comrade , he gave me comfort . <next_sent> We used to raid villages , stealing chickens , goats and sheeps , anything we could eat . <next_sent> I knew it was rude , but we needed food . <next_sent> And therefore I was forced to sin , forced to sin to make a living , forced to sin to make a living . <next_sent> Sometimes you gotta lose to win . <next_sent> Never give up . <next_sent> Never give in . <next_sent> Left home at the age of seven . <next_sent> One year later , live with an AK - 47 by my side . <next_sent> Slept with one eye open wide . <next_sent> Run , duck , play dead and hide . <next_sent> I 've seen my people die like flies . <next_sent> But I 've never seen a dead body , at least one that I 've killed . <next_sent> But still as I wonder , I wo n't go under . <next_sent> Guns barking like lightning and thunder . <next_sent> As a child so young and tender , Words I ca n't forget I still remember . <next_sent> I saw sergeant command raising his hand , no retreat , no surrender . <next_sent> I carry the banner of the trauma . <next_sent> War child , child without a mama , still fighting in the saga . <next_sent> Yet as I wage this new war I 'm not alone in this drama . <next_sent> No sit or stop , as I reach for the top I 'm fully dedicated like a patriotic cop . <next_sent> I 'm on a fight , day and night . <next_sent> Sometime I do wrong in order to make things right . <next_sent> It 's like I 'm living a dream . <next_sent> First time I 'm feeling like a human being . <next_sent> Your empty bellies on the telly and now it 's you that I 'm fighting for . <next_sent> Left home . <next_sent> Do n't even know the day I 'll ever return . <next_sent> My country is war - torn . <next_sent> Music I used to hear was bombs and fire of guns . <next_sent> So many people die that I do n't even cry no more . <next_sent> Ask God question , what am I here for . <next_sent> And why are my people poor . <next_sent> And why , why when the rest of the children were learning how to read and write , I was learning how to fight . <next_sent> I ate snails , vultures , rabbits , snakes , and anything that had life . <next_sent> I was ready to eat . <next_sent> I know it 's a shame . <next_sent> But who is to be blamed ? <next_sent> That 's my story shared in the form of a lesson . <next_sent> Thank you . <next_sent> What energized me and kept me going is the music I do . <next_sent> I never saw anybody to tell my story to them so they could advise me or do therapy . <next_sent> So the music had been my therapy for me . <next_sent> It 's been where I actually see heaven , where I can be happy , where I can be a child again , in dances , through music . <next_sent> So one thing I know about music : music is the only thing that has power to enter your cell system , your mind , your heart , influence your soul and your spirit , and can even influence the way you live without even you knowing . <next_sent> Music is the only thing that can make you want to wake up your bed and shake your leg , without even wanting to do it . <next_sent> And so the power music has I normally compare to the power love when love does n't see a color . <next_sent> You know , if you fall in love with a frog , that 's it . <next_sent> One testimony about how I find music is powerful is when I was still a soldier back then . <next_sent> I hated the people in the north . <next_sent> But I do n't know why I do n't hate their music . <next_sent> So we party and dance to their music . <next_sent> And one thing that shocked me is one day they brought an Arab musician to come and entertain the soldiers . <next_sent> And I almost broke my leg dancing to his music . <next_sent> But I had this question . <next_sent> So now I 'm doing music so I know what the power of music is . <next_sent> So what 's happening here ? <next_sent> I 've been in a painful journey . <next_sent> Today is day number 233 in which I only eat dinner . <next_sent> And I 've done a campaign called Lose to Win . <next_sent> Where I 'm losing so that I could win the battle that I 'm fighting now . <next_sent> So my breakfast , my lunch , I donate it to a charity that I founded because we want to build a school in Sudan . <next_sent> And I 'm doing this because also it 's a normal thing in my home , people eat one meal a day . <next_sent> So in my village now , kids there , they normally listen to BBC , or any radio , and they are waiting to know , the day Emmanuel will eat his breakfast it means he got the money to build our school . <next_sent> And so I made a commitment . <next_sent> I say , " I 'm gonna not eat my breakfast . " <next_sent> I thought I was famous enough that I would raise the money within one month , but I 've been humbled . <next_sent> So it 's taken me 232 days . <next_sent> And I said , " No stop until we get it . " <next_sent> And like it 's been done on Facebook , MySpace . <next_sent> The people are giving three dollars . <next_sent> The lowest amount we ever got was 20 cents . <next_sent> Somebody donated 20 cents online . <next_sent> I do n't know how they did it . <next_sent> But that moved me . <next_sent> And so , the importance of education to me is what I 'm willing to die for . <next_sent> I 'm willing to die for this , because I know what it can do to my people . <next_sent> Education enlighten your brain , give you so many chances , and you 're able to survive . <next_sent> As a nation we have been crippled . <next_sent> For so many years we have fed on aid . <next_sent> You see a 20 - years - old , 30 - years - old families in a refugee camps . <next_sent> They only get the food that drops from the sky , from the U.N. <next_sent> So these people , you 're killing a whole generation if you just give them aid . <next_sent> If anybody want to help us this is what we need . <next_sent> Give us tools . <next_sent> Give the farmers tools . <next_sent> It 's rain . <next_sent> Africa is fertile . <next_sent> They can grow the crops . <next_sent> Invest in education . <next_sent> Education so that we have strong institution that can create a revolution to change everything . <next_sent> Because we have all those old men that are creating wars in Africa . <next_sent> They will die soon . <next_sent> But if you invest in education then we 'll be able to change Africa . <next_sent> That 's what I 'm asking . <next_sent> So in order to do that , I founded a charter called Gua Africa , where we put kids in school . <next_sent> And now we have a couple in university . <next_sent> We have like 40 kids , ex - child soldiers mixed with anybody that we feel like we want to support . <next_sent> And I said " I 'm going to put it in practice . " <next_sent> And with the people that are going to follow me and help me do things . <next_sent> That 's what I want to do to change , to make a difference in the world . <next_sent> Well now , my time is going , so I want to sing a song . <next_sent> But I 'll ask you guys to stand up so we celebrate the life of a British aid worker called Emma McCune that made it possible for me to be here . <next_sent> I 'm gonna sing this song , just to inspire you how this woman has made a difference . <next_sent> She came to my country and saw the importance of education . <next_sent> She said the only way to help Sudan is to invest in the women , educating them , educating the children , so that they could come and create a revolution in this complex society . <next_sent> So she even ended up marrying a commander from the SPLA . <next_sent> And she rescued over 150 child soldiers . <next_sent> One of them happened to be me now . <next_sent> And so at this moment I want to ask to celebrate Emma with me . <next_sent> Are you guys ready to celebrate Emma ? <next_sent> Audience : Yes ! <next_sent> Emmanuel Jal : All right . <next_sent> Big scream for Emma everybody . <next_sent> Yeah ! <next_sent> I 'm gonna get crazy now . <next_sent> Go save a life of a child .
(d / document
   :snt1 (s1.u / url-entity
               :topic (s1.t / talk-01
                            :ARG0 (s1.p / person
                                        :name (s1.n / name
                                                    :op1 "David"))))
   :snt2 (s2.w / want-01
               :ARG0 (s2.i / i)
               :ARG1 (s2.s / say-01
                           :ARG0 s2.i
                           :ARG1 (s2.n2 / name-01
                                        :ARG1 s2.i
                                        :ARG2 (s2.n / name
                                                    :op1 "Emmanuel"
                                                    :op2 "Jal")))
               :mod (s2.j / just))
   :snt3 (s3.a / and
               :op2 (s3.c / come-01
                          :ARG1 (s3.i / i
                                      :same-as s2.i)
                          :ARG3 (s3.w / way
                                      :ARG1-of (s3.l / long-03))))
   :snt4 (s4.t / tell-01
               :ARG0 (s4.i / i
                           :same-as s2.i)
               :ARG1 (s4.s2 / story
                            :ARG0-of (s4.p / pain-01
                                           :ARG1 s4.i
                                           :degree (s4.s / so))))
   :snt5 (s5.j / journey-01
               :ARG0 (s5.i / i
                           :same-as s2.i)
               :ARG1 (s5.a / and
                           :op1 (s5.t3 / travel-01
                                       :ARG0 s5.i
                                       :ARG1 (s5.w / world))
                           :op2 (s5.t / tell-01
                                      :ARG0 s5.i
                                      :ARG1 (s5.s / story
                                                  :poss s5.i
                                                  :same-as s4.s2)
                                      :medium (s5.f / form
                                                    :mod (s5.b / book))))
               :ARG1-of (s5.t2 / tough-02)
               :mod (s5.d / difficult))
   :snt6 (s6.a2 / and
                :op2 (s6.t / tell-01
                           :ARG1 (s6.i / it
                                       :same-as s4.s2)
                           :ARG1-of (s6.r / resemble-01
                                          :ARG2 (s6.n / now))
                           :mod (s6.a / also)))
   :snt7 (s7.a2 / and
                :mod (s7.a / also)
                :op2 (s7.o / one
                           :ARG1-of (s7.h / have-degree-91
                                          :ARG2 (s7.e / easy-05
                                                      :ARG1 s7.o)
                                          :ARG3 (s7.m / most))
                           :time (s7.d / do-02
                                       :ARG0 (s7.i / i
                                                   :same-as s2.i)
                                       :ARG1 (s7.i2 / it
                                                    :same-as s4.t)
                                       :manner (s7.f / form
                                                     :mod (s7.m2 / music)))))
   :snt8 (s8.c / cause-01
               :ARG1 (s8.b / brand-01
                           :ARG0 (s8.i / i
                                       :same-as s2.i)
                           :ARG1 s8.i
                           :ARG2 (s8.c2 / child
                                        :mod (s8.w / war-01))))
   :snt9 (s9.d / do-02
               :ARG0 (s9.i / i
                           :same-as s2.i)
               :ARG1 (s9.t / this
                           :same-as s4.t)
               :ARG1-of (s9.c / cause-01
                              :ARG0 (s9.l / lady
                                          :ARG0-of (s9.l2 / lose-02
                                                          :ARG1 (s9.p / person
                                                                      :ARG0-of (s9.h / have-rel-role-91
                                                                                     :ARG1 s9.l
                                                                                     :ARG2 (s9.c2 / child))))
                                          :location (s9.v / village
                                                          :poss s9.i)
                                          :mod (s9.o / old)
                                          :time (s9.n / now))))
   :snt10 (s10.n / newspaper
                 :ARG0-of (s10.c2 / cover-01
                                  :ARG1 (s10.a / and
                                               :op1 (s10.p / pain-01
                                                           :ARG1 (s10.s / she
                                                                        :same-as s9.l))
                                               :op2 (s10.t / thing
                                                           :ARG1-of (s10.c / change-01
                                                                           :ARG0 s10.s
                                                                           :ARG1-of (s10.w / want-01
                                                                                           :ARG0 s10.s))
                                                           :location (s10.s2 / society
                                                                             :mod (s10.t2 / this)))))
                 :polarity "-")
   :snt11 (s11.a / and
                 :op2 (s11.d / do-02
                             :ARG0 (s11.i / i
                                          :same-as s2.i)
                             :ARG1 (s11.i2 / it
                                           :same-as s4.t)
                             :ARG2 (s11.m / man
                                          :ARG0-of (s11.w / want-01
                                                          :ARG1 (s11.c3 / create-01
                                                                        :ARG0 s11.m
                                                                        :ARG1 (s11.c2 / change-01)))
                                          :ARG0-of (s11.h / have-03
                                                          :ARG1 (s11.w2 / way
                                                                        :manner-of (s11.p2 / project-01
                                                                                           :ARG0 s11.m
                                                                                           :ARG1 (s11.v / voice
                                                                                                        :poss s11.m)))
                                                          :ARG1-of (s11.c / cause-01
                                                                          :ARG0 (s11.p / possible-01
                                                                                       :ARG1 (s11.w3 / write-01
                                                                                                     :ARG0 s11.m)
                                                                                       :polarity "-"))
                                                          :polarity "-")
                                          :mod (s11.y / young))))
   :snt12 (s12.c / cause-01
                 :ARG0 (s12.k / know-01
                              :ARG0 (s12.i / i
                                           :same-as s2.i)
                              :ARG1 (s12.t / thing
                                           :ARG2-of (s12.p / put-01
                                                           :ARG0 s12.i
                                                           :ARG1 s12.i))
                              :polarity "-")
                 :ARG1 (s12.f / feel-06
                              :ARG0 s12.i
                              :ARG1 (s12.a / and
                                           :op1 (s12.s2 / stop-01
                                                        :ARG0 s12.i)
                                           :op2 (s12.d / do-02
                                                       :ARG0 s12.i
                                                       :ARG1 (s12.i2 / it
                                                                     :same-as s4.t)
                                                       :polarity "-"))
                              :frequency (s12.s / sometime)))
   :snt13 (s13.b / bear-02
                 :ARG1 (s13.i / i
                              :same-as s2.i)
                 :mod (s13.w2 / well)
                 :time (s13.t / time
                              :ARG1-of (s13.h / have-degree-91
                                              :ARG2 (s13.d / difficult)
                                              :ARG3 (s13.m / most)))
                 :time (s13.w / war-01
                              :ARG0 (s13.c / country
                                           :poss s13.i)))
   :snt14 (s14.s / see-01
                 :ARG0 (s14.i / i
                              :same-as s2.i)
                 :ARG1 (s14.b / burn-01
                              :ARG1 (s14.v / village
                                           :poss s14.i
                                           :same-as s9.v)))
   :snt15 (s15.s / see-01
                 :ARG0 (s15.i / i
                              :part (s15.f / face)
                              :same-as s2.i)
                 :ARG1 (s15.v / vanish-01
                              :ARG1 (s15.w / world
                                           :ARG1-of (s15.m / mean-01
                                                           :ARG2 (s15.l / lot)
                                                           :ARG2 s15.i))
                              :location s15.f))
   :snt16 (s16.s / see-01
                 :ARG0 (s16.i / i
                              :same-as s2.i)
                 :ARG1 (s16.r / rape-01
                              :ARG1 (s16.p / person
                                           :ARG0-of (s16.h / have-rel-role-91
                                                           :ARG1 s16.i
                                                           :ARG2 (s16.a2 / aunt))))
                 :time (s16.a / age-01
                              :ARG1 s16.i
                              :ARG2 (s16.t / temporal-quantity
                                           :unit (s16.y / year)
                                           :quant "5")
                              :mod (s16.o / only)))
   :snt17 (s17.c / claim-01
                 :ARG0 (s17.w / war)
                 :ARG1 (s17.p / person
                              :ARG0-of (s17.h / have-rel-role-91
                                              :ARG1 (s17.i / i
                                                           :same-as s2.i)
                                              :ARG2 (s17.m / mother))))
   :snt18 (s18.s / scatter-01
                 :ARG1 (s18.a / and
                              :op1 (s18.p / person
                                          :ARG0-of (s18.h / have-rel-role-91
                                                          :ARG1 (s18.i / i
                                                                       :same-as s2.i)
                                                          :ARG2 (s18.b / brother)))
                              :op2 (s18.p2 / person
                                           :ARG0-of (s18.h2 / have-rel-role-91
                                                            :ARG1 s18.i
                                                            :ARG2 (s18.s2 / sister)))))
   :snt19 (s19.a / and
                 :op2 (s19.a3 / and
                              :op1 (s19.s / separate-01
                                          :ARG1 (s19.a2 / and
                                                        :op1 (s19.i / i
                                                                    :same-as s2.i)
                                                        :op2 (s19.p / person
                                                                    :ARG0-of (s19.h / have-rel-role-91
                                                                                    :ARG1 s19.i
                                                                                    :ARG2 (s19.f / father))))
                                          :time (s19.u / up-to
                                                       :op1 (s19.n / now)))
                              :op2 (s19.i2 / issue-02
                                           :ARG0 s19.i
                                           :ARG1 s19.p
                                           :mod (s19.s2 / still))))
   :snt20 (s20.r3 / resemble-01
                  :ARG1 (s20.a / and
                               :op1 (s20.s / see-01
                                           :ARG0 (s20.i / i
                                                        :same-as s2.i
                                                        :same-as s17.p)
                                           :ARG1 (s20.d2 / die-01
                                                         :ARG1 (s20.p / person))
                                           :frequency (s20.r2 / rate-entity-91
                                                              :ARG3 (s20.t / temporal-quantity
                                                                           :unit (s20.d / day)
                                                                           :quant "1")))
                               :op2 (s20.c / cry-02
                                           :ARG0 (s20.p2 / person
                                                         :ARG0-of (s20.h / have-rel-role-91
                                                                         :ARG1 s20.i
                                                                         :ARG2 (s20.m / mother)))))
                  :ARG2 (s20.r / raise-03
                               :ARG1 s20.i
                               :location (s20.v / violence)))
   :snt21 (s21.a / and
                 :op2 (s21.m / make-02
                             :ARG0 (s21.t / that
                                          :same-as s20.s)
                             :ARG1 (s21.c / call-01
                                          :ARG0 (s21.i / i
                                                       :same-as s2.i)
                                          :ARG1 s21.i
                                          :ARG2 (s21.c2 / child
                                                        :mod (s21.w / war-01)))))
   :snt22 (s22.a2 / and
                  :op2 (s22.t2 / that
                               :mod (s22.o / only
                                           :polarity "-"))
                  :op3 (s22.b / become-01
                              :ARG1 (s22.i / i
                                           :same-as s2.i)
                              :ARG2 (s22.s / soldier
                                           :mod (s22.c / child))
                              :time (s22.a / age-01
                                           :ARG1 s22.i
                                           :ARG2 (s22.t / temporal-quantity
                                                        :unit (s22.y / year)
                                                        :quant "8"))))
   :snt23 (s23.k / know-01
                 :ARG0 (s23.i / i
                              :same-as s2.i)
                 :ARG1 (s23.t / thing
                              :purpose-of (s23.w / war-01))
                 :polarity "-")
   :snt24 (s24.c / contrast-01
                 :ARG2 (s24.k / know-01
                              :ARG0 (s24.i / i
                                           :part (s24.h / head)
                                           :same-as s2.i)
                              :ARG1 (s24.t / thing
                                           :domain (s24.i2 / image
                                                           :ARG1-of (s24.s / see-01
                                                                           :ARG0 s24.i)
                                                           :ARG1-of (s24.s2 / stick-01
                                                                            :ARG2 s24.h))
                                           :quant "1")))
   :snt25 (s25.s / say-01
                 :ARG0 (s25.i / i
                              :same-as s2.i)
                 :ARG1 (s25.w / want-01
                              :ARG0 s25.i
                              :ARG1 (s25.k / kill-01
                                           :ARG0 s25.i
                                           :ARG1 (s25.a / and
                                                        :op1 (s25.p / person
                                                                    :ARG1-of (s25.h / have-quant-91
                                                                                    :ARG3 (s25.e / equal)
                                                                                    :ARG4 (s25.p3 / possible-01
                                                                                                  :ARG1 s25.k))
                                                                    :mod (s25.r / religious-group
                                                                                :name (s25.n / name
                                                                                             :op1 "Islam")))
                                                        :op2 (s25.p2 / person
                                                                     :ARG1-of (s25.h2 / have-quant-91
                                                                                      :ARG3 (s25.e2 / equal))
                                                                     :mod (s25.e3 / ethnic-group
                                                                                  :name (s25.n2 / name
                                                                                                :op1 "Arab"))))))
                 :time (s25.g / go-02
                              :ARG0 s25.i
                              :ARG4 (s25.c / camp
                                           :purpose (s25.t / train-01))))
   :snt26 (s26.c2 / contrast-01
                  :ARG1 (s26.e / easy-05
                               :ARG1 (s26.t2 / train-01)
                               :polarity "-")
                  :ARG2 (s26.f2 / force
                                :ARG0-of (s26.d / drive-01)
                                :ARG1-of (s26.c / cause-01
                                                :ARG0 (s26.w / want-01
                                                             :ARG0 (s26.i / i
                                                                          :same-as s2.i)
                                                             :ARG1 (s26.r / revenge
                                                                          :beneficiary (s26.f / family
                                                                                              :ARG1-of (s26.h / have-org-role-91
                                                                                                              :ARG0 s26.i
                                                                                                              :ARG2 (s26.m / member))))))
                                :domain (s26.t / that)))
   :snt27 (s27.w / want-01
                 :ARG0 (s27.i / i
                              :same-as s2.i)
                 :ARG1 (s27.r / revenge
                              :beneficiary (s27.v / village
                                                  :poss s27.i
                                                  :same-as s9.v)))
   :snt28 (s28.c / cause-01
                 :ARG0 (s28.c3 / come-01
                               :ARG1 (s28.i / i
                                            :same-as s2.i)
                               :ARG4 (s28.d / discover-01
                                            :ARG0 s28.i
                                            :ARG1 (s28.t2 / truth)))
                 :ARG1 (s28.c2 / change-01
                               :ARG1 (s28.t / thing)
                               :mod (s28.l / lucky)
                               :time (s28.n / now)))
   :snt29 (s29.k / kill-01
                 :ARG0 (s29.a2 / and
                               :op1 (s29.p / person
                                           :mod (s29.r / religious-group
                                                       :name (s29.n / name
                                                                    :op1 "Muslim"))
                                           :polarity "-")
                               :op2 (s29.p2 / person
                                            :mod (s29.e / ethnic-group
                                                        :name (s29.n2 / name
                                                                      :op1 "Arab"))
                                            :polarity "-"))
                 :ARG1 (s29.w / we)
                 :ARG1-of (s29.a / actual-02))
   :snt30 (s30.a / and
                 :op1 (s30.s / sit-01
                             :ARG1 (s30.s2 / somebody
                                           :ARG0-of (s30.m / manipulate-02
                                                           :ARG1 (s30.s4 / system)))
                             :ARG2 (s30.s3 / somewhere))
                 :op2 (s30.u / use-01
                             :ARG0 s30.s2
                             :ARG1 (s30.r / religion)
                             :ARG2 (s30.g / get-01
                                          :ARG0 s30.s2
                                          :ARG1 (s30.t / thing
                                                       :ARG1-of (s30.g2 / get-01
                                                                        :ARG0 s30.s2
                                                                        :ARG1-of (s30.w / want-01
                                                                                        :ARG0 s30.s2)
                                                                        :ARG2 (s30.w2 / we
                                                                                      :same-as s29.w))
                                                       :consist-of (s30.a2 / and
                                                                           :op1 (s30.o / oil)
                                                                           :op2 (s30.d / diamond)
                                                                           :op3 (s30.g3 / gold)
                                                                           :op4 (s30.l / land))))))
   :snt31 (s31.i2 / infer-01
                  :ARG1 (s31.g / give-01
                               :ARG0 (s31.r / realize-01
                                            :ARG0 (s31.i / i
                                                         :same-as s2.i)
                                            :ARG1 (s31.t / truth))
                               :ARG1 (s31.p / position-02
                                            :ARG0 s31.i
                                            :ARG2 (s31.c / choose-01
                                                         :ARG0 s31.i
                                                         :ARG1 (s31.a / amr-choice
                                                                      :op1 (s31.r2 / recommend-01
                                                                                   :ARG1 (s31.c2 / continue-01
                                                                                                 :ARG0 s31.i
                                                                                                 :ARG1 (s31.h / hate-01
                                                                                                              :ARG0 s31.i)))
                                                                      :op2 (s31.r3 / recommend-01
                                                                                   :ARG1 (s31.l / let-01
                                                                                                :ARG0 s31.i
                                                                                                :ARG1 (s31.g2 / go-01
                                                                                                              :ARG1 (s31.i3 / it
                                                                                                                            :same-as s31.h)))))))
                               :ARG2 s31.i))
   :snt32 (s32.c / cause-01
                 :ARG1 (s32.h / happen-02
                              :ARG1 (s32.f / forgive-01
                                           :ARG0 (s32.i / i
                                                        :same-as s2.i))))
   :snt33 (s33.s / sing-01
                 :ARG0 (s33.i / i
                              :same-as s2.i)
                 :ARG1 (s33.m / music)
                 :accompanier (s33.p / person
                                     :mod (s33.r / religious-group
                                                 :name (s33.n / name
                                                              :op1 "Muslim")))
                 :time (s33.n2 / now))
   :snt34 (s34.d / dance-01
                 :ARG0 (s34.i / i
                              :same-as s2.i)
                 :accompanier (s34.t / they
                                     :same-as s33.p))
   :snt35 (s35.h / have-03
                 :ARG0 (s35.i / i
                              :same-as s2.i)
                 :ARG1 (s35.m / movie
                              :name (s35.n / name
                                           :op1 "War"
                                           :op2 "Child")
                              :ARG1-of (s35.f / fund-01
                                              :ARG0 (s35.p / person
                                                           :mod (s35.r / religious-group
                                                                       :name (s35.n2 / name
                                                                                     :op1 "Muslim")))))
                 :mod (s35.e / even))
   :snt36 (s36.i / infer-01
                 :ARG1 (s36.g / go-out-17
                              :ARG1 (s36.p / pain-01
                                           :mod (s36.t / that))))
   :snt37 (s37.c / contrast-01
                 :ARG2 (s37.h / huge
                              :domain (s37.s / story
                                             :poss (s37.i / i
                                                          :same-as s2.i)
                                             :same-as s4.s2)))
   :snt38 (s38.c / cause-01
                 :ARG1 (s38.g / go-06
                              :ARG0 (s38.i / i
                                           :same-as s2.i)
                              :ARG1 (s38.s / step-01
                                           :ARG0 s38.i
                                           :ARG1-of (s38.d / differ-02)
                                           :ARG1-of (s38.h / have-degree-91
                                                           :ARG2 (s38.e / easy-05
                                                                        :ARG1 s38.g
                                                                        :ARG2 s38.i)
                                                           :ARG3 (s38.m / more)))
                              :mod (s38.j / just)
                              :time (s38.n / now)))
   :snt39 (s39.g / give-01
                 :ARG0 (s39.i / i
                              :same-as s2.i)
                 :ARG1 (s39.p / poem
                              :name (s39.n / name
                                           :op1 "Forced"
                                           :op2 "to"
                                           :op3 "Sin")
                              :source (s39.a / album
                                             :name (s39.n2 / name
                                                           :op1 "War"
                                                           :op2 "Child")
                                             :poss s39.i))
                 :ARG2 (s39.y / you))
   :snt40 (s40.t / talk-01
                 :ARG0 (s40.i / i
                              :same-as s2.i)
                 :ARG1 (s40.s / story
                              :poss s40.i
                              :same-as s4.s2))
   :snt41 (s41.j / journey-01
                 :ARG1-of (s41.i2 / include-91
                                  :ARG2 (s41.j2 / journey-01
                                                :ARG1-of (s41.t2 / tread-01
                                                                 :ARG0 (s41.i / i
                                                                              :same-as s2.i)
                                                                 :time (s41.t / tempt-01
                                                                              :ARG1 s41.i
                                                                              :ARG1-of (s41.c / cause-01
                                                                                              :ARG0 (s41.a / and
                                                                                                           :op1 (s41.h / have-03
                                                                                                                       :ARG0 (s41.w / we
                                                                                                                                    :quant (s41.a2 / around
                                                                                                                                                   :op1 "400"))
                                                                                                                       :ARG1 (s41.f / food)
                                                                                                                       :polarity "-")
                                                                                                           :op2 s41.a2))
                                                                              :ARG3 (s41.e / eat-01
                                                                                           :ARG0 s41.i
                                                                                           :ARG1 (s41.p / person
                                                                                                        :ARG0-of (s41.h2 / have-rel-role-91
                                                                                                                         :ARG1 s41.i
                                                                                                                         :ARG2 (s41.f2 / friend)))))))))
   :snt42 (s42.a / and
                 :op2 (s42.s / survive-01
                             :ARG0 (s42.p / person
                                          :mod (s42.o / only)
                                          :quant "16")
                             :ARG1 (s42.j / journey-01
                                          :mod (s42.t / that))))
   :snt43 (s43.c / cause-01
                 :ARG1 (s43.h2 / hope-01
                               :ARG0 (s43.i / i
                                            :same-as s2.i)
                               :ARG1 (s43.h / hear-01
                                            :ARG0 (s43.y / you
                                                         :same-as s39.y)
                                            :ARG1 (s43.t / this))))
   :snt44 (s44.r / resemble-01
                 :ARG1 (s44.d / dream-01
                              :ARG0 (s44.i / i
                                           :same-as s2.i))
                 :ARG2 (s44.t / torture-01))
   :snt45 (s45.m / moment
                 :mod (s45.e / every)
                 :poss (s45.i / i
                              :same-as s2.i))
   :snt46 (s46.v / voice
                 :location (s46.b / brain
                                  :part-of (s46.i / i
                                                  :same-as s2.i))
                 :poss (s46.p / person
                              :ARG0-of (s46.h / have-rel-role-91
                                              :ARG1 s46.i
                                              :ARG2 (s46.f / friend))
                              :ARG1-of (s46.s / slay-01)))
   :snt47 (s47.c / cause-01
                 :ARG0 (s47.s2 / starve-01
                               :ARG1 (s47.i / i
                                            :same-as s2.i))
                 :ARG1 (s47.r / resemble-01
                              :ARG2 (s47.p2 / person
                                            :name (s47.n / name
                                                         :op1 "Lual"))
                              :ARG1 s47.p)
                 :rel (s47.p / person
                             :ARG0-of (s47.h / have-rel-role-91
                                             :ARG1 s47.i
                                             :ARG2 (s47.f / friend))
                             :ARG1-of (s47.d / die-01
                                             :location (s47.s / side
                                                              :poss s47.i))))
   :snt48 (s48.b / be-located-at-91
                 :ARG2 (s48.a / and
                              :op1 (s48.j / jungle
                                          :ARG1-of (s48.b2 / burn-01))
                              :op2 (s48.p / plain
                                          :mod (s48.d / desert))))
   :snt49 (s49.c / contrast-01
                 :ARG1 (s49.i / i
                              :location (s49.n2 / next)
                              :same-as s2.i)
                 :ARG2 (s49.h / hear-01
                              :ARG0 (s49.p / person
                                           :name (s49.n / name
                                                        :op1 "Jesus"))
                              :ARG1 (s49.c2 / cry-01
                                            :ARG0 s49.i)))
   :snt50 (s50.c / comfort-01
                 :ARG0 (s50.p / person
                              :ARG0-of (s50.h / have-rel-role-91
                                              :ARG1 (s50.i / i
                                                           :same-as s2.i)
                                              :ARG2 (s50.c2 / comrade)))
                 :ARG1 s50.i
                 :time (s50.t / tempt-01
                              :ARG1 s50.i
                              :ARG3 (s50.e / eat-01
                                           :ARG0 s50.i
                                           :ARG1 (s50.f / flesh
                                                        :ARG1-of (s50.r / rot-01)
                                                        :part-of s50.p))))
   :snt51 (s51.r / raid-01
                 :ARG0 (s51.w / we
                              :same-as s41.w)
                 :ARG1 (s51.v / village)
                 :manner (s51.s2 / steal-01
                                 :ARG0 s51.w
                                 :ARG1 (s51.a / and
                                              :mod (s51.a2 / anything
                                                           :ARG1-of (s51.e / eat-01
                                                                           :ARG0 s51.w
                                                                           :ARG1-of (s51.p / possible-01)))
                                              :op1 (s51.c / chicken)
                                              :op2 (s51.g / goat)
                                              :op3 (s51.s / sheep)))
                 :time (s51.u / use-03))
   :snt52 (s52.c / contrast-01
                 :ARG1 (s52.k / know-01
                              :ARG0 (s52.i / i
                                           :same-as s2.i)
                              :ARG1 (s52.r / rude-01
                                           :ARG1 (s52.i2 / it)))
                 :ARG2 (s52.n / need-01
                              :ARG0 (s52.w / we
                                           :same-as s41.w)
                              :ARG1 (s52.f / food)))
   :snt53 (s53.a / and
                 :op1 (s53.f / force-01
                             :ARG1 (s53.i / i
                                          :same-as s2.i)
                             :ARG2 (s53.s / sin-01
                                          :ARG0 s53.i))
                 :op2 (s53.c / cause-01)
                 :op2 (s53.f2 / force-01
                              :purpose (s53.l / live-01
                                              :ARG0 s53.i)
                              :ARG1 s53.i
                              :ARG2 s53.s)
                 :op3 (s53.f3 / force-01
                              :purpose (s53.m / make-05
                                              :ARG0 s53.i
                                              :ARG1 (s53.l2 / live-01))
                              :ARG1 s53.i
                              :ARG3 s53.l))
   :snt54 (s54.o / obligate-01
                 :ARG1 (s54.y / you)
                 :ARG2 (s54.l / lose-03
                              :purpose (s54.w / win-01
                                              :ARG0 s54.y)
                              :ARG0 s54.y)
                 :frequency (s54.s / sometimes))
   :snt55 (s55.g / give-up-07
                 :ARG0 (s55.y / you)
                 :time (s55.e / ever)
                 :mode "imperative"
                 :polarity "-")
   :snt56 (s56.g / give-in-09
                 :ARG0 (s56.y / you)
                 :time (s56.e / ever)
                 :mode "imperative"
                 :polarity "-")
   :snt57 (s57.l / leave-11
                 :ARG1 (s57.h / home)
                 :time (s57.a / age-01
                              :ARG2 (s57.t / temporal-quantity
                                           :unit (s57.y / year)
                                           :quant "7")))
   :snt58 (s58.l / live-01
                 :ARG0 (s58.y2 / you)
                 :manner (s58.b / be-located-at-91
                                :ARG1 (s58.p / product
                                             :name (s58.n / name
                                                          :op1 "AK-47"))
                                :ARG2 (s58.s / side
                                             :poss (s58.i / i
                                                          :same-as s2.i)))
                 :time (s58.a / after
                              :quant (s58.t / temporal-quantity
                                            :unit (s58.y / year)
                                            :quant "1"))
                 :mode "imperative")
   :snt59 (s59.s / sleep-01
                 :manner (s59.o / open-01
                                :ARG1 (s59.e / eye
                                             :quant "1")
                                :manner (s59.w / wide-02)))
   :snt60 (s60.a / and
                 :op1 (s60.r / run-02
                             :ARG0 (s60.y / you)
                             :mode "imperative")
                 :op2 (s60.d2 / duck-01
                              :ARG0 s60.y
                              :mode "imperative")
                 :op3 (s60.p / play-01
                             :ARG0 s60.y
                             :manner (s60.d / die-01
                                            :ARG1 s60.y))
                 :op4 (s60.h / hide-01
                             :ARG0 s60.y
                             :mode "imperative"))
   :snt61 (s61.s / see-01
                 :ARG0 (s61.i / i
                              :same-as s2.i)
                 :ARG1 (s61.d / die-01
                              :ARG1 (s61.p / person
                                           :poss s61.i)
                              :ARG1-of (s61.r / resemble-01
                                              :ARG2 (s61.f / fly-01))))
   :snt62 (s62.c / contrast-01
                 :ARG2 (s62.s / see-01
                              :ARG0 (s62.i / i
                                           :same-as s2.i)
                              :ARG1 (s62.b / body
                                           :ARG1-of (s62.d / die-01)
                                           :mod (s62.a / at-least
                                                       :op1 (s62.b2 / body
                                                                    :ARG1-of (s62.k / kill-01
                                                                                    :ARG0 s62.i))))
                              :time (s62.e / ever)
                              :polarity "-"))
   :snt63 (s63.c / contrast-01
                 :mod (s63.s / still)
                 :time (s63.w / wonder-01
                              :ARG0 (s63.i / i
                                           :same-as s2.i)
                              :ARG1 (s63.g / go-01
                                           :ARG1 s63.i
                                           :ARG4 (s63.u / under)
                                           :polarity "-")))
   :snt64 (s64.b / bark-01
                 :ARG0 (s64.g / gun)
                 :ARG1-of (s64.r / resemble-01
                                 :ARG2 (s64.a / and
                                              :op1 (s64.l / lightning-01)
                                              :op2 (s64.t / thunder))))
   :snt65 (s65.p / possible-01
                 :ARG1 (s65.f / forget-01
                              :ARG0 (s65.i / i
                                           :same-as s2.i)
                              :ARG1 (s65.w / word
                                           :ARG1-of (s65.r / remember-01
                                                           :ARG0 s65.i
                                                           :mod (s65.s2 / still))))
                 :prep-as (s65.c / child
                                 :ARG1-of (s65.t / tender-02)
                                 :mod (s65.y / young
                                             :degree (s65.s / so)))
                 :polarity "-")
   :snt66 (s66.s / see-01
                 :ARG0 (s66.i / i
                              :same-as s2.i)
                 :ARG1 (s66.a / and
                              :op1 (s66.r / raise-01
                                          :ARG0 (s66.p / person
                                                       :ARG0-of (s66.h2 / have-org-role-91
                                                                        :ARG2 (s66.s2 / sergeant))
                                                       :part (s66.h / hand))
                                          :ARG1 s66.h)
                              :op2 (s66.r2 / retreat-01
                                           :polarity "-")
                              :op3 (s66.s3 / surrender-01
                                           :ARG0 s66.p
                                           :polarity "-"))
                 :rel (s66.c / command-02
                             :ARG0 s66.h2))
   :snt67 (s67.c / carry-01
                 :ARG0 (s67.i / i
                              :same-as s2.i)
                 :ARG1 (s67.b / banner
                              :topic (s67.t / trauma)))
   :snt68 (s68.f / fight-01
                 :ARG0 (s68.c / child
                              :mod (s68.w / war)
                              :mod (s68.c2 / child
                                           :ARG0-of (s68.h / have-03
                                                           :ARG1 (s68.m / mama)
                                                           :polarity "-")))
                 :ARG1 (s68.s / saga)
                 :mod (s68.s2 / still))
   :snt69 (s69.h / have-concession-91
                 :ARG1 (s69.a / alone
                              :domain (s69.i / i
                                             :same-as s2.i)
                              :prep-in (s69.d / drama
                                              :mod (s69.t2 / this))
                              :time (s69.w / wage-01
                                           :ARG0 s69.i
                                           :ARG1 (s69.w2 / war
                                                         :ARG1-of (s69.n / new-01)
                                                         :mod (s69.t / this)))
                              :polarity "-"))
   :snt70 (s70.a / and
                 :op1 (s70.o / or
                             :op1 (s70.s / sit-01
                                         :ARG1 (s70.y / you)
                                         :mode "imperative"
                                         :polarity "-")
                             :op2 (s70.s2 / stop-01
                                          :ARG0 s70.y
                                          :mode "imperative"
                                          :polarity "-"))
                 :op2 (s70.d / dedicate-01
                             :ARG0 (s70.i / i
                                          :same-as s2.i)
                             :ARG1-of (s70.r2 / resemble-01
                                              :ARG2 (s70.c / cop
                                                           :mod (s70.p / patriotic)))
                             :degree (s70.f / full)
                             :time (s70.r / reach-03
                                          :ARG0 s70.i
                                          :ARG1 (s70.t / top))))
   :snt71 (s71.f / fight-01
                 :ARG0 (s71.i / i
                              :same-as s2.i)
                 :time (s71.a / and
                              :op1 (s71.d / date-entity
                                          :dayperiod (s71.d3 / day))
                              :op2 (s71.d2 / date-entity
                                           :dayperiod (s71.n / night))))
   :snt72 (s72.d / do-02
                 :purpose (s72.m / make-02
                                 :ARG0 (s72.i / i
                                              :same-as s2.i)
                                 :ARG1 (s72.r / right-02
                                              :ARG1 (s72.t / thing)))
                 :ARG0 s72.i
                 :ARG1 (s72.w / wrong-02
                              :ARG1 s72.i)
                 :frequency (s72.s / sometime))
   :snt73 (s73.r / resemble-01
                 :ARG1 (s73.i2 / it)
                 :ARG2 (s73.l / live-01
                              :ARG0 (s73.i / i
                                           :same-as s2.i)
                              :ARG1 (s73.t / thing
                                           :ARG1-of (s73.d / dream-01
                                                           :ARG0 s73.i))))
   :snt74 (s74.f / feel-01
                 :ARG0 (s74.i / i
                              :same-as s2.i)
                 :ARG1 (s74.r / resemble-01
                              :ARG1 s74.i
                              :ARG2 (s74.b / being
                                           :mod (s74.h / human)))
                 :ord (s74.o / ordinal-entity
                             :value "1")
                 :time (s74.t / time))
   :snt75 (s75.a / and
                 :op1 (s75.b / belly
                             :ARG1-of (s75.e / empty-02)
                             :medium (s75.t / television)
                             :poss (s75.y / you
                                          :same-as s39.y))
                 :op2 (s75.f / fight-01
                             :ARG0 (s75.i / i
                                          :same-as s2.i)
                             :ARG1 s75.y
                             :time (s75.n / now)))
   :snt76 (s76.l / leave-11
                 :ARG1 (s76.h / home))
   :snt77 (s77.k / know-01
                 :ARG0 (s77.i / i
                              :same-as s2.i)
                 :ARG1 (s77.d / day
                              :time-of (s77.r / return-01
                                              :ARG1 s77.i
                                              :time (s77.e2 / ever)))
                 :mod (s77.e / even)
                 :polarity "-")
   :snt78 (s78.t / tear-01
                 :ARG0 (s78.w / war-01)
                 :ARG1 (s78.c / country
                              :poss (s78.i / i
                                           :same-as s2.i)
                              :same-as s13.c))
   :snt79 (s79.h / hear-01
                 :ARG0 (s79.i / i
                              :same-as s2.i)
                 :ARG1 (s79.m / music
                              :domain (s79.a / and
                                             :op1 (s79.b / bomb)
                                             :op2 (s79.f / fire-01
                                                         :ARG1 (s79.g / gun))))
                 :time (s79.u / use-03))
   :snt80 (s80.c / cause-01
                 :ARG0 (s80.d / die-01
                              :ARG1 (s80.p / person
                                           :ARG1-of (s80.h / have-quant-91
                                                           :ARG2 (s80.m / many)
                                                           :ARG3 (s80.s / so))))
                 :ARG1 (s80.c2 / cry-02
                               :ARG0 (s80.i / i
                                            :same-as s2.i)
                               :mod (s80.e / even)
                               :polarity "-"))
   :snt81 (s81.a2 / and
                  :op1 (s81.a3 / ask-01
                               :ARG0 (s81.y / you)
                               :ARG2 (s81.p / person
                                            :name (s81.n / name
                                                         :op1 "God")
                                            :ARG1 (s81.q / question-01))
                               :mode "imperative")
                  :op2 (s81.b / be-located-at-91
                              :ARG1 (s81.i / i
                                           :same-as s2.i)
                              :ARG2 (s81.a / amr-unknown)
                              :ARG2 (s81.h / here)))
   :snt82 (s82.a2 / and
                  :op2 (s82.p2 / poor
                               :ARG1-of (s82.c / cause-01
                                               :ARG0 (s82.a / amr-unknown))
                               :domain (s82.p / person
                                              :poss (s82.i / i
                                                           :same-as s2.i)
                                              :same-as s26.f)))
   :snt83 (s83.a2 / and
                  :op2 (s83.c / cause-01
                              :ARG0 (s83.a / amr-unknown)
                              :ARG1 (s83.l2 / learn-01
                                            :ARG0 (s83.i / i
                                                         :same-as s2.i)
                                            :ARG1 (s83.t / thing)
                                            :time (s83.l / learn-01
                                                         :ARG0 (s83.r2 / rest
                                                                       :part-of (s83.c2 / child))
                                                         :ARG1 (s83.a3 / and
                                                                       :op1 (s83.r / read-01
                                                                                   :ARG0 s83.i)
                                                                       :op2 (s83.w / write-01
                                                                                   :ARG0 s83.i
                                                                                   :ARG1 (s83.t2 / thing
                                                                                                 :manner-of (s83.f / fight-01
                                                                                                                   :ARG0 s83.i))))))))
   :snt84 (s84.e / eat-01
                 :ARG0 (s84.i / i
                              :same-as s2.i)
                 :ARG1 (s84.a / and
                              :op1 (s84.s / snail)
                              :op2 (s84.v / vulture)
                              :op3 (s84.f / fox)
                              :op4 (s84.s2 / snake)
                              :op5 (s84.a2 / anything
                                           :ARG0-of (s84.h / have-03
                                                           :ARG1 (s84.l / life)))))
   :snt85 (s85.r / ready-01
                 :ARG1 (s85.i / i
                              :same-as s2.i)
                 :ARG2 (s85.e / eat-01
                              :ARG0 s85.i))
   :snt86 (s86.k / know-01
                 :ARG0 (s86.i / i
                              :same-as s2.i)
                 :ARG1 (s86.s / shame))
   :snt87 (s87.c / contrast-01
                 :ARG2 (s87.b / blame-01
                              :ARG1 (s87.a / amr-unknown)))
   :snt88 (s88.s / share-01
                 :ARG1 (s88.s2 / story
                               :domain (s88.t / that)
                               :poss (s88.i / i
                                            :same-as s2.i))
                 :manner (s88.f / form-01
                                :ARG1 (s88.l / lesson)))
   :snt89 (s89.t / thank-01
                 :ARG1 (s89.y / you))
   :snt90 (s90.a / and
                 :op1 (s90.e / energize-01
                             :ARG0 (s90.m / music
                                          :ARG1-of (s90.d / do-02
                                                          :ARG0 (s90.i / i
                                                                       :same-as s2.i)))
                             :ARG1 s90.i)
                 :op2 (s90.k / keep-02
                             :ARG0 s90.m
                             :ARG1 (s90.g / go-06
                                          :ARG0 s90.i)
                             :ARG1 s90.i))
   :snt91 (s91.s / see-01
                 :ARG0 (s91.i / i
                              :same-as s2.i)
                 :ARG1 (s91.a2 / anybody
                               :ARG0-of (s91.t / tell-01
                                               :purpose (s91.p / possible-01
                                                               :ARG1 (s91.o / or
                                                                            :op1 (s91.a / advise-01
                                                                                        :ARG0 (s91.t3 / they
                                                                                                      :same-as s91.a2)
                                                                                        :ARG1 s91.i)
                                                                            :op2 (s91.d / do-02
                                                                                        :ARG0 s91.t3
                                                                                        :ARG1 (s91.t2 / therapy))))
                                               :ARG1 (s91.s2 / story
                                                             :poss s91.i
                                                             :same-as s4.s2)
                                               :ARG2 s91.t3))
                 :time (s91.e / ever)
                 :polarity "-")
   :snt92 (s92.i2 / infer-01
                  :ARG1 (s92.t / therapy
                               :beneficiary (s92.i / i
                                                   :same-as s2.i)
                               :domain (s92.m / music
                                              :same-as s90.i)
                               :poss s92.i))
   :snt93 (s93.l / location
                 :location-of (s93.s / see-01
                                     :ARG0 (s93.i / i
                                                  :same-as s2.i)
                                     :ARG1 (s93.h2 / heaven)
                                     :ARG1-of (s93.a / actual-02))
                 :location-of (s93.p / possible-01
                                     :ARG1 (s93.h / happy-01
                                                  :ARG1 s93.i))
                 :location-of (s93.p2 / possible-01
                                      :ARG1 (s93.c / child
                                                   :domain s93.i
                                                   :manner (s93.d / dance-01
                                                                  :ARG0 s93.i)
                                                   :medium (s93.m / music)
                                                   :mod (s93.a2 / again))))
   :snt94 (s94.k / know-01
                 :ARG0 (s94.i / i
                              :same-as s2.i)
                 :ARG1 (s94.t / thing
                              :ARG1-of (s94.p2 / power-01
                                               :ARG2 (s94.a3 / and
                                                             :op1 (s94.e / enter-01
                                                                         :ARG0 s94.t
                                                                         :ARG1 (s94.a / and
                                                                                      :op1 (s94.s3 / system
                                                                                                   :mod (s94.c / cell)
                                                                                                   :part-of (s94.y / you
                                                                                                                   :part (s94.m / mind)
                                                                                                                   :part (s94.h / heart)
                                                                                                                   :part (s94.s / soul)
                                                                                                                   :part (s94.s2 / spirit)))
                                                                                      :op2 s94.m
                                                                                      :op3 s94.h))
                                                             :op2 (s94.i2 / influence-01
                                                                          :ARG0 s94.t
                                                                          :ARG1 (s94.a2 / and
                                                                                        :op1 s94.s
                                                                                        :op2 s94.s2))
                                                             :op3 (s94.p / possible-01
                                                                         :ARG1 (s94.i3 / influence-01
                                                                                       :ARG0 s94.t
                                                                                       :ARG1 (s94.w / way
                                                                                                    :manner-of (s94.l / live-01
                                                                                                                      :ARG0 s94.y))
                                                                                       :manner (s94.k2 / know-01
                                                                                                       :ARG0 s94.y
                                                                                                       :mod (s94.e3 / even)
                                                                                                       :polarity "-")
                                                                                       :mod (s94.e2 / even)))))
                              :domain (s94.m2 / music)
                              :mod (s94.o / only))
                 :topic s94.m2)
   :snt95 (s95.p / possible-01
                 :ARG1 (s95.m / make-02
                              :ARG0 (s95.t / thing
                                           :domain (s95.m2 / music)
                                           :mod (s95.o / only))
                              :ARG1 (s95.w2 / want-01
                                            :ARG0 (s95.y / you
                                                         :part (s95.l / leg))
                                            :ARG1 (s95.a / and
                                                         :op1 (s95.w / wake-up-02
                                                                     :ARG1 s95.y
                                                                     :location (s95.b / bed
                                                                                      :poss s95.y))
                                                         :op2 (s95.s / shake-01
                                                                     :ARG0 s95.y
                                                                     :ARG1 s95.l))
                                            :manner (s95.w3 / want-01
                                                            :ARG0 s95.y
                                                            :ARG1 (s95.d / do-02
                                                                         :ARG0 s95.y
                                                                         :ARG1 s95.a)
                                                            :mod (s95.e / even)
                                                            :polarity "-"))))
   :snt96 (s96.a / and
                 :op2 (s96.c / cause-01
                             :ARG1 (s96.c3 / compare-01
                                           :ARG0 (s96.i / i
                                                        :same-as s2.i)
                                           :ARG1 (s96.p / power
                                                        :poss (s96.m / music))
                                           :ARG1-of (s96.n / normal-02)
                                           :ARG2 (s96.p2 / power
                                                         :poss (s96.l / love-01)
                                                         :time (s96.s / see-01
                                                                      :ARG0 s96.l
                                                                      :ARG1 (s96.c2 / color-01
                                                                                    :ARG1 s96.l)
                                                                      :polarity "-")))))
   :snt97 (s97.k / know-01
                 :ARG0 (s97.y / you)
                 :ARG1 (s97.b / be-it-08
                              :condition (s97.f / fall-07
                                                :ARG1 s97.y
                                                :ARG2 (s97.l / love-01
                                                             :ARG0 s97.y
                                                             :ARG1 (s97.f2 / frog)))))
   :snt98 (s98.t / testify-01
                 :ARG1 (s98.f / find-02
                              :ARG0 (s98.i / i
                                           :same-as s2.i)
                              :ARG1 (s98.p / powerful-02
                                           :ARG1 (s98.m / music)))
                 :time (s98.s / soldier
                              :domain s98.i
                              :mod (s98.s2 / still)
                              :time (s98.t2 / then
                                            :mod (s98.b / back)))
                 :quant "1")
   :snt99 (s99.h / hate-01
                 :ARG0 (s99.i / i
                              :same-as s2.i)
                 :ARG1 (s99.p / person
                              :location (s99.n / north)))
   :snt100 (s100.c2 / contrast-01
                    :ARG2 (s100.k / know-01
                                  :ARG0 (s100.i / i
                                                :same-as s2.i)
                                  :ARG1 (s100.t2 / thing
                                                 :ARG0-of (s100.c / cause-01
                                                                  :ARG1 (s100.h / hate-01
                                                                                :ARG0 s100.i
                                                                                :ARG1 (s100.m / music
                                                                                              :poss (s100.t / they
                                                                                                            :same-as s99.p))
                                                                                :polarity "-")))
                                  :polarity "-"))
   :snt101 (s101.c / cause-01
                   :ARG1 (s101.a / and
                                 :op1 (s101.p / party-01
                                              :ARG0 (s101.w / we))
                                 :op2 (s101.d / dance-01
                                              :ARG0 s101.w
                                              :accompanier (s101.m / music
                                                                   :poss (s101.t / they
                                                                                 :same-as s99.p)
                                                                   :same-as s100.m))))
   :snt102 (s102.a / and
                   :op2 (s102.s / shock-01
                                :ARG0 (s102.b / bring-01
                                              :ARG0 (s102.t / they
                                                            :same-as s99.p)
                                              :ARG1 (s102.m / musician
                                                            :mod (s102.e2 / ethnic-group
                                                                          :name (s102.n / name
                                                                                        :op1 "Arab")))
                                              :ARG3 (s102.a2 / and
                                                             :op1 (s102.c / come-01
                                                                          :ARG1 s102.m)
                                                             :op2 (s102.e / entertain-01
                                                                          :ARG0 s102.m
                                                                          :ARG1 (s102.p / person
                                                                                        :ARG0-of (s102.h / have-org-role-91
                                                                                                         :ARG2 (s102.s2 / soldier)))))
                                              :time (s102.d / day
                                                            :mod (s102.o / one)))
                                :ARG1 (s102.i / i
                                              :same-as s2.i)))
   :snt103 (s103.a2 / and
                    :op2 (s103.b / break-01
                                 :ARG0 (s103.i / i
                                               :part (s103.l / leg)
                                               :same-as s2.i)
                                 :ARG1 s103.l
                                 :manner (s103.d / dance-01
                                                 :ARG0 s103.i
                                                 :ARG1 (s103.m / music
                                                               :poss (s103.h / he
                                                                             :same-as s102.m)))
                                 :mod (s103.a / almost)))
   :snt104 (s104.c / contrast-01
                   :ARG2 (s104.h / have-03
                                 :ARG0 (s104.i / i
                                               :same-as s2.i)
                                 :ARG1 (s104.t / thing
                                               :ARG1-of (s104.q / question-01
                                                                :ARG0 s104.i)
                                               :mod (s104.t2 / this))))
   :snt105 (s105.c / cause-01
                   :ARG1 (s105.d / do-02
                                 :purpose (s105.k / know-01
                                                  :ARG0 (s105.i / i
                                                                :same-as s2.i)
                                                  :ARG1 (s105.p / power-01
                                                                :ARG1 (s105.m / music)))
                                 :ARG0 s105.i
                                 :ARG1 s105.m
                                 :time (s105.n / now)))
   :snt106 (s106.e / event
                   :location (s106.h / here)
                   :manner (s106.a / amr-unknown))
   :snt107 (s107.j / journey-01
                   :ARG0 (s107.i / i
                                 :same-as s2.i)
                   :ARG0-of (s107.p / pain-01
                                    :ARG1 s107.i))
   :snt108 (s108.d / day
                   :domain (s108.t / today)
                   :time-of (s108.e / eat-01
                                    :ARG0 (s108.i / i
                                                  :same-as s2.i)
                                    :ARG1 (s108.d2 / dinner)
                                    :mod (s108.o / only))
                   :mod "233")
   :snt109 (s109.a / and
                   :op2 (s109.c2 / campaign-01
                                 :ARG0 (s109.i / i
                                               :same-as s2.i)
                                 :ARG1-of (s109.c / call-01
                                                  :ARG2 (s109.n / name
                                                                :op1 "Lose"
                                                                :op2 "to"
                                                                :op3 "Win"))))
   :snt110 (s110.l / lose-03
                   :purpose (s110.p / possible-01
                                    :ARG1 (s110.w / win-01
                                                  :ARG0 (s110.i / i
                                                                :same-as s2.i)
                                                  :ARG2 (s110.b / battle-01
                                                                :ARG1-of (s110.f / fight-01
                                                                                 :ARG0 s110.i
                                                                                 :time (s110.n / now)))))
                   :ARG0 s110.i)
   :snt111 (s111.c / cause-01
                   :ARG1 (s111.d / donate-01
                                 :ARG0 (s111.i / i
                                               :same-as s2.i)
                                 :ARG1 (s111.a / and
                                               :op1 (s111.t / thing
                                                            :ARG1-of (s111.b / breakfast-01
                                                                             :ARG0 s111.i))
                                               :op2 (s111.t2 / thing
                                                             :ARG1-of (s111.l / lunch-01
                                                                              :ARG0 s111.i)
                                                             :same-as s2.i))
                                 :ARG1-of (s111.c2 / cause-01
                                                   :ARG0 (s111.w / want-01
                                                                 :ARG0 (s111.w2 / we
                                                                                :same-as s41.w)
                                                                 :ARG1 (s111.b2 / build-01
                                                                                :ARG0 s111.w2
                                                                                :ARG1 (s111.s / school)
                                                                                :location (s111.c4 / country
                                                                                                   :name (s111.n / name
                                                                                                                 :op1 "Sudan")))))
                                 :ARG2 (s111.c3 / charity
                                                :ARG1-of (s111.f / found-01
                                                                 :ARG0 s111.i))))
   :snt112 (s112.a2 / and
                    :op2 (s112.d2 / do-02
                                  :ARG0 (s112.i / i
                                                :same-as s2.i)
                                  :ARG1 (s112.t2 / this
                                                 :same-as s111.d)
                                  :ARG1-of (s112.c / cause-01
                                                   :ARG0 (s112.e / eat-01
                                                                 :ARG0 (s112.p / person
                                                                               :location (s112.h / home))
                                                                 :ARG1 (s112.m / meal
                                                                               :ARG1-of (s112.r / rate-entity-91
                                                                                                :ARG2 (s112.t / temporal-quantity
                                                                                                              :unit (s112.d / day)
                                                                                                              :quant "1"))
                                                                               :quant "1")
                                                                 :ARG1-of (s112.n / normal-02)
                                                                 :location s112.h
                                                                 :mod (s112.a / also)))))
   :snt113 (s113.a / and
                   :location (s113.v / village
                                     :poss (s113.i / i
                                                   :same-as s2.i)
                                     :same-as s9.v)
                   :op1 (s113.l / listen-01
                                :ARG0 (s113.k / kid
                                              :location s113.v)
                                :ARG1 (s113.o / or
                                              :op1 (s113.p2 / publication
                                                            :name (s113.n / name
                                                                          :op1 "BBC"))
                                              :op2 (s113.r / radio
                                                           :mod (s113.a2 / any)))
                                :ARG1-of (s113.n3 / normal-02))
                   :op2 (s113.w / wait-01
                                :ARG1 s113.k
                                :ARG2 (s113.k2 / know-01
                                               :ARG0 s113.k
                                               :ARG1 (s113.m / mean-01
                                                             :ARG1 (s113.d / day
                                                                           :time-of (s113.e / eat-01
                                                                                            :ARG0 (s113.p / person
                                                                                                          :name (s113.n2 / name
                                                                                                                         :op1 "Emmanuel")
                                                                                                          :same-as s2.i)
                                                                                            :ARG1 (s113.b / breakfast
                                                                                                          :poss s113.p)))
                                                             :ARG2 (s113.g / get-01
                                                                           :ARG0 s113.p
                                                                           :ARG1 (s113.m2 / money
                                                                                          :purpose (s113.b2 / build-01
                                                                                                            :ARG0 s113.p
                                                                                                            :ARG1 (s113.s / school
                                                                                                                          :poss (s113.w2 / we
                                                                                                                                         :same-as s41.w))))))))
                   :time (s113.n4 / now))
   :snt114 (s114.a / and
                   :op2 (s114.c / cause-01
                                :ARG1 (s114.c2 / commit-01
                                               :ARG1 (s114.i / i
                                                             :same-as s2.i))))
   :snt115 (s115.s / say-01
                   :ARG0 (s115.i / i
                                 :same-as s2.i)
                   :ARG1 (s115.e / eat-01
                                 :ARG0 s115.i
                                 :ARG1 (s115.b / breakfast-01
                                               :ARG0 s115.i
                                               :same-as s113.b)
                                 :polarity "-"))
   :snt116 (s116.c / contrast-01
                   :ARG1 (s116.t2 / think-01
                                  :ARG0 (s116.i / i
                                                :same-as s2.i)
                                  :ARG1 (s116.h / have-degree-91
                                                :ARG1 s116.i
                                                :ARG2 (s116.f / fame-01
                                                              :ARG1 s116.i)
                                                :ARG3 (s116.e / enough)
                                                :ARG6 (s116.r / raise-02
                                                              :ARG0 s116.i
                                                              :ARG1 (s116.m / money
                                                                            :same-as s113.m2)
                                                              :time (s116.a / after
                                                                            :quant (s116.u / up-to
                                                                                           :op1 (s116.t / temporal-quantity
                                                                                                        :unit (s116.m2 / month)
                                                                                                        :quant "1"))
                                                                            :op1 (s116.n / now)))))
                   :ARG2 (s116.h2 / humble-01
                                  :ARG1 s116.i))
   :snt117 (s117.i2 / infer-01
                    :ARG1 (s117.t / take-10
                                  :ARG1 (s117.t2 / temporal-quantity
                                                 :unit (s117.d / day)
                                                 :quant "232")
                                  :ARG2 (s117.i / i
                                                :same-as s2.i)))
   :snt118 (s118.a / and
                   :op2 (s118.s / say-01
                                :ARG0 (s118.i / i
                                              :same-as s2.i)
                                :ARG1 (s118.s2 / stop-01
                                               :ARG0 (s118.y / you)
                                               :time (s118.u / until
                                                             :op1 (s118.g / get-01
                                                                          :ARG0 (s118.w / we
                                                                                        :same-as s41.w)
                                                                          :ARG1 (s118.i2 / it
                                                                                         :same-as s113.m2)))
                                               :mode "imperative"
                                               :polarity "-")))
   :snt119 (s119.a / and
                   :op2 (s119.r / resemble-01
                                :ARG1 (s119.i / it
                                              :ARG1-of (s119.d / do-02
                                                               :location (s119.a2 / and
                                                                                  :op1 (s119.p2 / publication
                                                                                                :name (s119.n / name
                                                                                                              :op1 "Facebook"))
                                                                                  :op2 (s119.p / product
                                                                                               :name (s119.n2 / name
                                                                                                              :op1 "MySpace")))))))
   :snt120 (s120.g / give-01
                   :ARG0 (s120.p / people)
                   :ARG1 (s120.m / monetary-quantity
                                 :unit (s120.d / dollar)
                                 :quant "3"))
   :snt121 (s121.g / get-01
                   :ARG0 (s121.w / we)
                   :ARG1 (s121.a / amount
                                 :ARG1-of (s121.h / have-degree-91
                                                  :ARG2 (s121.l / low-04
                                                                :ARG1 s121.a)
                                                  :ARG3 (s121.m2 / most))
                                 :domain (s121.m / monetary-quantity
                                                 :unit (s121.c / cent)
                                                 :quant "20"))
                   :time (s121.e / ever))
   :snt122 (s122.d / donate-01
                   :ARG0 (s122.s / somebody)
                   :ARG1 (s122.m / monetary-quantity
                                 :unit (s122.c / cent)
                                 :quant "20")
                   :medium (s122.o / online))
   :snt123 (s123.k / know-01
                   :ARG0 (s123.i / i
                                 :same-as s2.i)
                   :ARG1 (s123.t2 / thing
                                  :manner-of (s123.d / do-02
                                                     :ARG0 (s123.t / they
                                                                   :same-as s122.s)
                                                     :ARG1 (s123.i2 / it
                                                                    :same-as s122.d)))
                   :polarity "-")
   :snt124 (s124.c / contrast-01
                   :ARG2 (s124.m / move-05
                                 :ARG0 (s124.t / that
                                               :same-as s122.d)
                                 :ARG1 (s124.i / i
                                               :same-as s2.i)))
   :snt125 (s125.a / and
                   :op1 (s125.c / cause-01
                                :ARG1 (s125.t / thing
                                              :ARG2-of (s125.d / die-01
                                                               :ARG1 (s125.i / i
                                                                             :same-as s2.i)
                                                               :ARG1-of (s125.w / will-02
                                                                                :ARG0 s125.i))
                                              :domain (s125.i2 / important-01
                                                               :ARG1 (s125.e / educate-01)
                                                               :ARG1 s125.i))))
   :snt126 (s126.c / cause-01
                   :ARG0 (s126.k / know-01
                                 :ARG0 (s126.i / i
                                               :same-as s2.i)
                                 :ARG1 (s126.t / thing
                                               :ARG1-of (s126.d2 / do-02
                                                                 :ARG0 (s126.t2 / this)
                                                                 :ARG1-of (s126.p2 / possible-01)
                                                                 :ARG2 (s126.p / person
                                                                               :poss s126.i))))
                   :ARG1 (s126.w / will-02
                                 :ARG0 s126.i
                                 :ARG1 (s126.d / die-01
                                               :ARG1 s126.i
                                               :ARG2 s126.t2)))
   :snt127 (s127.a / and
                   :op1 (s127.e2 / enlighten-01
                                 :ARG0 (s127.e / educate-01)
                                 :ARG1 (s127.b / brain
                                               :part-of (s127.y / you)))
                   :op2 (s127.g / give-01
                                :ARG0 s127.e
                                :ARG1 (s127.c / chance-02
                                              :ARG0 s127.y
                                              :ARG1-of (s127.h / have-quant-91
                                                               :ARG2 (s127.m / many)
                                                               :ARG3 (s127.s / so)))
                                :ARG2 s127.y)
                   :op3 (s127.p / possible-01
                                :ARG1 (s127.s2 / survive-01
                                               :ARG0 s127.y)))
   :snt128 (s128.c / cripple-01
                   :ARG1 (s128.w / we
                                 :mod (s128.n / nation)))
   :snt129 (s129.f / feed-01
                   :ARG0 (s129.w / we
                                 :same-as s128.w)
                   :ARG2 (s129.a / aid-01)
                   :duration (s129.m / many
                                     :ARG2-of (s129.h / have-quant-91
                                                      :ARG3 (s129.s / so))
                                     :op1 (s129.t / temporal-quantity
                                                  :unit (s129.y / year)
                                                  :quant "1")))
   :snt130 (s130.s / see-01
                   :ARG0 (s130.y3 / you)
                   :ARG1 (s130.a / and
                                 :op1 (s130.f / family
                                              :age (s130.t / temporal-quantity
                                                           :unit (s130.y / year)
                                                           :quant "20"))
                                 :op2 (s130.f2 / family
                                               :age (s130.t2 / temporal-quantity
                                                             :unit (s130.y2 / year)
                                                             :quant "30")))
                   :location (s130.c / camp-02
                                     :ARG0 (s130.r / refugee)))
   :snt131 (s131.g / get-01
                   :ARG0 (s131.t / they
                                 :same-as s130.c)
                   :ARG1 (s131.f / food
                                 :ARG1-of (s131.d / drop-01
                                                  :ARG3 (s131.s / sky)))
                   :ARG2 (s131.o2 / organization
                                  :name (s131.n / name
                                                :op1 "United"
                                                :op2 "Nations"))
                   :mod (s131.o / only))
   :snt132 (s132.i / infer-01
                   :ARG1 (s132.k / kill-01
                                 :ARG0 (s132.y / you)
                                 :ARG1 (s132.p / person
                                               :mod (s132.t / this)
                                               :same-as s130.c)
                                 :ARG2 (s132.g / generation
                                               :quant (s132.w / whole))
                                 :condition (s132.g2 / give-01
                                                     :ARG0 s132.y
                                                     :ARG1 (s132.a / aid-01
                                                                   :ARG0 s132.y)
                                                     :ARG2 s132.p
                                                     :mod (s132.j / just))))
   :snt133 (s133.n / need-01
                   :ARG0 (s133.w2 / we
                                  :same-as s128.w)
                   :ARG1 (s133.t / this)
                   :condition (s133.w / want-01
                                      :ARG0 (s133.a / anybody)
                                      :ARG1 (s133.h / help-01
                                                    :ARG0 s133.a
                                                    :ARG2 s133.w2)))
   :snt134 (s134.g / give-01
                   :ARG0 (s134.y / you)
                   :ARG1 (s134.t / tool)
                   :ARG2 (s134.w / we
                                 :same-as s128.w)
                   :mode "imperative")
   :snt135 (s135.g / give-01
                   :ARG0 (s135.y / you)
                   :ARG1 (s135.t / tool)
                   :ARG2 (s135.p / person
                                 :ARG0-of (s135.f / farm-01))
                   :mode "imperative")
   :snt136 (s136.r / rain-01)
   :snt137 (s137.f / fertile
                   :domain (s137.c / continent
                                   :name (s137.n / name
                                                 :op1 "Africa")))
   :snt138 (s138.p / possible-01
                   :ARG1 (s138.g / grow-03
                                 :ARG0 (s138.t / they)
                                 :ARG1 (s138.c / crop)))
   :snt139 (s139.i / invest-01
                   :ARG0 (s139.y / you)
                   :ARG2 (s139.e / educate-01)
                   :mode "imperative")
   :snt140 (s140.e / educate-01
                   :purpose (s140.h / have-03
                                    :ARG0 (s140.w / we)
                                    :ARG1 (s140.i / institution
                                                  :ARG0-of (s140.c2 / create-01
                                                                    :ARG1 (s140.r / revolution-03
                                                                                  :ARG0 s140.i
                                                                                  :ARG0-of (s140.c / change-01
                                                                                                   :ARG1 (s140.e2 / everything)))
                                                                    :ARG1-of (s140.p / possible-01))
                                                  :ARG1-of (s140.s / strong-02))))
   :snt141 (s141.c / cause-01
                   :ARG0 (s141.h / have-03
                                 :ARG0 (s141.w2 / we
                                                :same-as s128.w)
                                 :ARG1 (s141.m / man
                                               :ARG0-of (s141.c3 / create-01
                                                                 :ARG1 (s141.w / war)
                                                                 :location (s141.c2 / continent
                                                                                    :name (s141.n / name
                                                                                                  :op1 "Africa")
                                                                                    :same-as s137.c))
                                               :mod (s141.o / old)
                                               :mod (s141.t / that
                                                            :mod (s141.a / all)))))
   :snt142 (s142.d / die-01
                   :ARG1 (s142.t / they
                                 :same-as s141.m)
                   :time (s142.s / soon))
   :snt143 (s143.c3 / contrast-01
                    :ARG2 (s143.p / possible-01
                                  :ARG1 (s143.c / change-01
                                                :ARG0 (s143.w / we)
                                                :ARG1 (s143.c2 / continent
                                                               :name (s143.n / name
                                                                             :op1 "Africa")
                                                               :same-as s137.c))
                                  :condition (s143.i / invest-01
                                                     :ARG0 (s143.y / you
                                                                   :same-as s39.y)
                                                     :ARG2 (s143.e / educate-01))))
   :snt144 (s144.t / that
                   :ARG1-of (s144.a / ask-01
                                    :ARG0 (s144.i / i
                                                  :same-as s2.i))
                   :same-as s143.c)
   :snt145 (s145.f / found-01
                   :purpose (s145.d / do-02
                                    :ARG0 (s145.i / i
                                                  :same-as s2.i)
                                    :ARG1 (s145.t / that
                                                  :same-as s143.c))
                   :ARG0 s145.i
                   :ARG1 (s145.c2 / charter
                                  :ARG1-of (s145.c / call-01
                                                   :ARG2 (s145.n / name
                                                                 :op1 "Gua"
                                                                 :op2 "Africa"))
                                  :location-of (s145.p / put-01
                                                       :ARG0 (s145.w / we
                                                                     :same-as s145.c2)
                                                       :ARG1 (s145.k / kid)
                                                       :ARG2 (s145.s / school-01))))
   :snt146 (s146.a / and
                   :op2 (s146.h / have-03
                                :ARG0 (s146.w / we
                                              :same-as s145.c2)
                                :ARG1 (s146.c / couple)
                                :location (s146.u / university)
                                :time (s146.n / now)))
   :snt147 (s147.h / have-03
                   :ARG0 (s147.w2 / we
                                  :same-as s145.c2)
                   :ARG1 (s147.a / and
                                 :op1 (s147.k / kid
                                              :quant (s147.l / like
                                                             :op1 "40"))
                                 :op2 (s147.s / soldier
                                              :ARG1-of (s147.m / mix-01
                                                               :ARG2 (s147.a2 / anybody
                                                                              :ARG1-of (s147.s2 / support-01
                                                                                                :ARG0 s147.w2
                                                                                                :ARG1-of (s147.w / want-01
                                                                                                                 :ARG0 s147.w2
                                                                                                                 :ARG1-of (s147.f / feel-01
                                                                                                                                  :ARG0 s147.w2)))))
                                              :mod (s147.c / child
                                                           :time (s147.e / ex)))))
   :snt148 (s148.a / and
                   :op2 (s148.s / say-01
                                :ARG0 (s148.i / i
                                              :same-as s2.i)
                                :ARG1 (s148.p2 / put-03
                                               :ARG0 s148.i
                                               :ARG1 (s148.i2 / it)
                                               :ARG2 (s148.p / practice-01
                                                             :ARG0 s148.i
                                                             :ARG1 s148.i2))))
   :snt149 (s149.a / and
                   :op2 (s149.p / person
                                :ARG0-of (s149.f / follow-01
                                                 :ARG1 (s149.i / i
                                                               :same-as s2.i))
                                :ARG0-of (s149.h / help-01
                                                 :ARG1 (s149.d / do-02
                                                               :ARG0 s149.i
                                                               :ARG1 (s149.t / thing))
                                                 :ARG2 s149.i)))
   :snt150 (s150.w / want-01
                   :ARG0 (s150.i / i
                                 :same-as s2.i)
                   :ARG1 (s150.d2 / do-02
                                  :purpose (s150.a / and
                                                   :op1 (s150.c / change-01
                                                                :ARG0 s150.i)
                                                   :op2 (s150.m / make-02
                                                                :ARG0 s150.i
                                                                :ARG1 (s150.d / differ-02
                                                                              :ARG1 (s150.w2 / world))))
                                  :ARG0 s150.i
                                  :ARG1 (s150.t / that)))
   :snt151 (s151.g / go-09
                   :ARG0-of (s151.c / cause-01
                                    :ARG1 (s151.w / want-01
                                                  :ARG0 (s151.i / i
                                                                :same-as s2.i)
                                                  :ARG1 (s151.s / sing-01
                                                                :ARG0 s151.i
                                                                :ARG1 (s151.s2 / song))))
                   :ARG1 (s151.t / time
                                 :poss s151.i)
                   :mod (s151.w2 / well)
                   :time (s151.n / now))
   :snt152 (s152.c2 / contrast-01
                    :ARG2 (s152.a2 / ask-02
                                   :ARG0 (s152.i / i
                                                 :same-as s2.i)
                                   :ARG1 (s152.s / stand-up-07
                                                 :purpose (s152.c / celebrate-01
                                                                  :ARG0 (s152.w / we)
                                                                  :ARG1 (s152.l / life
                                                                                :poss (s152.p / person
                                                                                              :name (s152.n2 / name
                                                                                                             :op1 "Emma"
                                                                                                             :op2 "McCune")
                                                                                              :ARG0-of (s152.w2 / work-01
                                                                                                                :ARG1 (s152.a / aid-01))
                                                                                              :ARG0-of (s152.m / make-02
                                                                                                               :ARG1 (s152.p2 / possible-01
                                                                                                                              :ARG1 (s152.b / be-located-at-91
                                                                                                                                            :ARG1 s152.i
                                                                                                                                            :ARG2 (s152.h / here))))
                                                                                              :mod (s152.c3 / country
                                                                                                            :name (s152.n / name
                                                                                                                          :op1 "Great"
                                                                                                                          :op2 "Britain")))))
                                                 :ARG1 (s152.y / you
                                                               :mod (s152.g / guy)
                                                               :same-as s39.y))))
   :snt153 (s153.s / sing-01
                   :purpose (s153.i2 / inspire-01
                                     :ARG0 (s153.i / i
                                                   :same-as s2.i)
                                     :ARG1 (s153.y / you
                                                   :same-as s39.y)
                                     :ARG2 (s153.m / make-02
                                                   :ARG0 (s153.w / woman
                                                                 :mod (s153.t2 / this)
                                                                 :same-as s152.w2)
                                                   :ARG1 (s153.d / differ-02))
                                     :mod (s153.j / just))
                   :ARG0 s153.i
                   :ARG1 (s153.s2 / song
                                  :mod (s153.t / this)
                                  :same-as s151.s2))
   :snt154 (s154.a / and
                   :op1 (s154.c / come-01
                                :ARG1 (s154.s2 / she
                                               :same-as s152.w2)
                                :ARG4 (s154.c2 / country
                                               :poss (s154.i / i
                                                             :same-as s2.i)
                                               :same-as s13.c))
                   :op2 (s154.s / see-01
                                :ARG0 s154.s2
                                :ARG1 (s154.i2 / important-01
                                               :ARG1 (s154.e / educate-01))))
   :snt155 (s155.s / say-01
                   :ARG0 (s155.s2 / she
                                  :same-as s152.w2)
                   :ARG1 (s155.w / way
                                 :domain (s155.i / invest-01
                                                 :purpose (s155.p / possible-01
                                                                  :ARG1 (s155.a2 / and
                                                                                 :op1 (s155.c2 / come-01
                                                                                               :ARG1 (s155.w2 / woman))
                                                                                 :op2 (s155.c5 / create-01
                                                                                               :ARG0 s155.w2
                                                                                               :ARG1 (s155.r / revolution-03
                                                                                                             :ARG0 s155.w2
                                                                                                             :location (s155.s3 / society
                                                                                                                                :mod (s155.c3 / complex)
                                                                                                                                :mod (s155.t / this))))))
                                                 :ARG2 s155.w2
                                                 :ARG2 (s155.a / and
                                                               :op1 (s155.e / educate-01
                                                                            :ARG1 s155.w2
                                                                            :op2-of s155.a)
                                                               :op3 (s155.e2 / educate-01
                                                                             :ARG1 (s155.c / child))))
                                 :manner-of (s155.h / help-01
                                                    :ARG1 (s155.c4 / country
                                                                   :name (s155.n / name
                                                                                 :op1 "Sudan")
                                                                   :same-as s13.c))
                                 :mod (s155.o / only)))
   :snt156 (s156.c / cause-01
                   :ARG1 (s156.e / end-up-03
                                 :ARG1 (s156.s / she
                                               :same-as s152.w2)
                                 :ARG2 (s156.m / marry-01
                                               :ARG1 s156.s
                                               :ARG2 (s156.p / person
                                                             :ARG0-of (s156.h / have-org-role-91
                                                                              :ARG1 (s156.o / organization
                                                                                            :name (s156.n / name
                                                                                                          :op1 "SPLA"))
                                                                              :ARG2 (s156.c2 / commander))))
                                 :mod (s156.e2 / even)))
   :snt157 (s157.a / and
                   :op2 (s157.r / rescue-01
                                :ARG0 (s157.s / she
                                              :same-as s152.w2)
                                :ARG1 (s157.s2 / soldier
                                               :quant (s157.o / over
                                                              :op1 "150")
                                               :mod (s157.c / child))))
   :snt158 (s158.h / happen-02
                   :ARG1 (s158.i / i
                                 :domain (s158.o / one
                                                 :ARG1-of (s158.i2 / include-91
                                                                   :ARG2 (s158.t / they
                                                                                 :same-as s157.s2)))
                                 :same-as s2.i)
                   :time (s158.n / now))
   :snt159 (s159.a / and
                   :op2 (s159.c / cause-01
                                :ARG1 (s159.w / want-01
                                              :ARG0 (s159.i / i
                                                            :same-as s2.i)
                                              :ARG1 (s159.a2 / ask-02
                                                             :ARG0 s159.i
                                                             :ARG1 (s159.c2 / celebrate-02
                                                                            :ARG1 (s159.p / person
                                                                                          :name (s159.n / name
                                                                                                        :op1 "Emma")
                                                                                          :same-as s152.w2)
                                                                            :accompanier s159.i))
                                              :time (s159.m / moment
                                                            :mod (s159.t / this)))))
   :snt160 (s160.r / ready-01
                   :ARG1 (s160.y / you
                                 :mod (s160.g / guy)
                                 :same-as s39.y)
                   :ARG2 (s160.c / celebrate-02
                                 :ARG0 s160.y
                                 :ARG1 (s160.p / person
                                               :name (s160.n / name
                                                             :op1 "Emma")
                                               :same-as s152.w2))
                   :polarity (s160.a / amr-unknown))
   :snt161 (s161.s / say-01
                   :ARG0 (s161.a / audience)
                   :ARG1 (s161.y / yes)
                   :mode "expressive")
   :snt162 (s162.s / say-01
                   :ARG0 (s162.p / person
                                 :name (s162.n / name
                                               :op1 "Emmanuel"
                                               :op2 "Jal")
                                 :same-as s2.i)
                   :ARG1 (s162.r / right-06
                                 :mod (s162.a / all)))
   :snt163 (s163.s / say-01
                   :ARG0 (s163.i / i)
                   :ARG1 (s163.s2 / scream-01
                                  :ARG2 (s163.p / person
                                                :name (s163.n / name
                                                              :op1 "Emma")
                                                :same-as s152.w2)
                                  :mod (s163.b / big))
                   :ARG2 (s163.e / everybody))
   :snt164 (s164.y / yeah
                   :mode "expressive")
   :snt165 (s165.g / get-03
                   :ARG1 (s165.i / i
                                 :same-as s2.i)
                   :ARG2 (s165.c / crazy-03
                                 :ARG1 s165.i)
                   :time (s165.n / now))
   :snt166 (s166.g / go-03
                   :ARG0 (s166.y / you)
                   :ARG1 (s166.s / save-02
                                 :ARG0 s166.y
                                 :ARG1 (s166.l / live-01
                                               :ARG0 (s166.c / child)))
                   :mode "imperative"))

