# ::id doc-909
# ::doc_file doc-909
# ::tok http : / / www . ted . com / talks / charles_limb_your_brain_on_improv< / url> <next_sent> So I am a surgeon who studies creativity , and I have never had a patient tell me that " I really want you to be creative during surgery , " and so I guess there 's a little bit of irony to it . <next_sent> I will say though that , after having done surgery a lot , it 's somewhat similar to playing a musical instrument . <next_sent> And for me , this sort of deep and enduring fascination with sound is what led me to both be a surgeon and also to study the science of sound , particularly music . <next_sent> And so I 'm going to try to talk to you over the next few minutes about my career in terms of how I 'm able to actually try to study music and really try to grapple with all these questions of how the brain is able to be creative . <next_sent> I 've done most of this work at Johns Hopkins University , but also at the National Institute of Health where I was previously . <next_sent> I 'm going to go over some science experiments and try to cover three musical experiments . <next_sent> I 'm going to start off by playing a video for you . <next_sent> And this video is a video of Keith Jarrett , who 's a well - known jazz improviser and probably the most well - known , iconic example of someone who takes improvisation to a really higher level . <next_sent> And he 'll improvise entire concerts off the top of his head , and he 'll never play it exactly the same way again , and so , as a form of intense creativity , I think this is a great example . <next_sent> And so why do n't we go and click the video . <next_sent> It 's really a remarkable , awesome thing that happens there . <next_sent> I 've always -- just as a listener , as just a fan -- I listen to that , and I 'm just astounded . <next_sent> I think -- how can this possibly be ? <next_sent> How can the brain generate that much information , that much music , spontaneously ? <next_sent> And so I set out with this concept , scientifically , that artistic creativity , it 's magical , but it 's not magic , meaning that it 's a product of the brain . <next_sent> There 's not too many brain - dead people creating art . <next_sent> And so with this notion that artistic creativity is in fact a neurologic product , I took this thesis that we could study it just like we study any other complex neurologic process . <next_sent> And I think there 's some sub - questions there that I put there . <next_sent> Is it truly possible to study creativity scientifically ? <next_sent> And I think that 's a good question . <next_sent> And I 'll tell you that most scientific studies of music , they 're very dense , and when you actually go through them , it 's very hard to recognize the music in it . <next_sent> In fact , they seem to be very unmusical entirely and to miss the whole point of the music . <next_sent> And so it brings the second question : Why should scientists study creativity ? <next_sent> Maybe we 're not the right people to do it . <next_sent> Well it may be , but I will say that , from a scientific perspective -- we talked a lot about innovation today -- the science of innovation , how much we understand about how the brain is able to innovate is in its infancy , and truly , we know very little about how we are able to be creative . <next_sent> And so I think that we 're going to see over the next 10 , 20 , 30 years a real science of creativity that 's burgeoning and is going to flourish . <next_sent> Because we now have new methods that can enable us to take this process of something like this , complex jazz improvisation , and study it rigorously . <next_sent> And so it gets down to the brain . <next_sent> And so all of us have this remarkable brain , which is poorly understood to say the least . <next_sent> I think that neuroscientists have many more questions than answers , and I myself , I 'm not going to give you many answers today , just ask a lot of questions . <next_sent> And fundamentally that 's what I do in my lab . <next_sent> I ask questions about what is this brain doing to enable us to do this . <next_sent> This is the main method that I use . <next_sent> This is called functional MRI . <next_sent> If you 've been in an MRI scanner , it 's very much the same , but this one is outfitted in a special way to not just take pictures of your brain , but to also take pictures of active areas of the brain . <next_sent> Now the way that 's done is by the following . <next_sent> There 's something called BOLD imaging , which is Blood Oxygen Level Dependent imaging . <next_sent> Now when you 're in an fMRI scanner , you 're in a big magnet that 's aligning your molecules in certain areas . <next_sent> When an area of the brain is active , meaning a neural area is active , it gets blood flow shunted to that area . <next_sent> That blood flow causes an increase in local blood to that area with a deoxyhemoglobin change in concentration . <next_sent> Deoxyhemoglobin can be detected by MRI , whereas oxyhemoglobin ca n't . <next_sent> So through this method of inference -- and we 're measuring blood flow , not neural activity -- we say that an area of the brain that 's getting more blood was active during a particular task , and that 's the crux of how fMRI works . <next_sent> And it 's been used since the ' 90s to study really complex processes . <next_sent> Now I 'm going to review a study that I did , which was jazz in an fMRI scanner . <next_sent> And this was done with a colleague of mine , Alan Braun , at the NIH . <next_sent> This is a short video of how we did this project . <next_sent> Charles Limb : This is a plastic MIDI piano keyboard that we use for the jazz experiments . <next_sent> And it 's a 35 - key keyboard that is designed to fit both inside the scanner , be magnetically safe , have minimal interference that would contribute to any artifact and have this cushion so that it can rest on the players ' legs while they 're lying down in the scanner , playing on their back . <next_sent> And it works like this -- this does n't actually produce any sound . <next_sent> It sends out what 's called a MIDI signal -- or a Musical Instrument Digital Interface -- through these wires into the box and then the computer , which then trigger high - quality piano samples like this . <next_sent> CL : Okay , so it works . <next_sent> And so through this piano keyboard , we now have the means to take a musical process and study it . <next_sent> So what do you do now that you have this cool piano keyboard ? <next_sent> You ca n't just sort of -- " It 's great we 've got this keyboard . " <next_sent> We actually have to come up with a scientific experiment . <next_sent> And so the experiment really rests on the following : What happens in the brain during something that 's memorized and over - learned , and what happens in the brain during something that is spontaneously generated , or improvised , in a way that 's matched motorically and in terms of lower - level sensory motor features ? <next_sent> And so , I have here what we call the " paradigms . " <next_sent> There 's a scale paradigm , which is just playing a scale up and down , memorized . <next_sent> And then there 's improvising on a scale -- quarter notes , metronome , right hand -- scientifically very safe , but musically really boring . <next_sent> And then there 's the bottom one , which is called the jazz paradigm . <next_sent> And so what we did was we brought professional jazz players to the NIH , and we had them memorize this piece of music on the left , the lower - left -- which is what you heard me playing -- and then we had them improvise to the same exact chord changes . <next_sent> And if you can hit that lower - right sound icon , that 's an example of what was recorded in the scanner . <next_sent> So in the end , it 's not the most natural environment , but they 're able to play real music . <next_sent> And I 've listened to that solo 200 times , and I still like it . <next_sent> And the musicians , they were comfortable in the end . <next_sent> And so we first measured the number of notes . <next_sent> Were they in fact just playing a lot more notes when they were improvising ? <next_sent> That was not what was going on . <next_sent> And then we looked at the brain activity . <next_sent> I 'm going to try to condense this for you . <next_sent> These are contrast maps that are showing subtractions between what changes when you 're improvising versus when you 're doing something memorized . <next_sent> In red is an area that active in the prefrontal cortex , the frontal lobe of the brain , and in blue is this area that was deactivated . <next_sent> And so we had this focal area called the medial prefrontal cortex that went way up in activity . <next_sent> We had this broad patch of area called the lateral prefrontal cortex that went way down in activity , and I 'll summarize that for you here . <next_sent> Now these are multifunctional areas of the brain . <next_sent> As I like to say , these are not the " jazz areas " of the brain . <next_sent> They do a whole host of things that have to do with self - reflection , introspection , working memory and so forth . <next_sent> Really , consciousness is seated in the frontal lobe . <next_sent> But we have this combination of an area that 's thought to be involved in self - monitoring , turning off , and this area that 's thought to be autobiographical , or self - expressive , turning on . <next_sent> And we think , at least in this preliminary -- it 's one study ; it 's probably wrong , but it 's one study -- we think that at least a reasonable hypothesis is that , to be creative , you have to have this weird dissociation in your frontal lobe . <next_sent> One area turns on , and a big area shuts off , so that you 're not inhibited , so that you 're willing to make mistakes , so that you 're not constantly shutting down all of these new generative impulses . <next_sent> Now a lot of people know that music is not always a solo activity -- sometimes it 's done communicatively . <next_sent> And so the next question was : What happens when musicians are trading back and forth , something called " trading fours , " which is something they do normally in a jazz experiment ? <next_sent> So this is a twelve - bar blues . <next_sent> And I 've broken it down into four - bar groups here , so you would know how you would trade . <next_sent> So this is a musician , Mike Pope , one of the world 's best bassists and a fantastic piano player . <next_sent> So he 's now playing the piece that we just saw just a little better than I wrote it . <next_sent> Nurse : Nothing 's in your pockets , right Mike ? <next_sent> CL : You have to have the right attitude to agree to it . <next_sent> It 's kind of fun actually . <next_sent> And so now we 're playing back and forth . <next_sent> And then I 'm in the control room here , playing back and forth . <next_sent> Mike Pope : This is a pretty good representation of what it 's like . <next_sent> And it 's good that it 's not too quick . <next_sent> The fact that we do it over and over again lets you acclimate to your surroundings . <next_sent> So the hardest thing for me was the kinesthetic thing , of looking at my hands through two mirrors , and not able to move at all except for my hand . <next_sent> That was challenging . <next_sent> But again , there were moments , for sure , there were moments of real , honest - to - God musical interplay , for sure . <next_sent> CL : At this point , I 'll take a few moments . <next_sent> And so what you 're seeing here -- and I 'm doing a cardinal sin in science , which is to show you preliminary data . <next_sent> This is one subject 's data . <next_sent> This is , in fact , Mike Pope 's data . <next_sent> So what am I showing you here ? <next_sent> When he was trading fours with me , improvising versus memorized , his language areas lit up , his Broca 's area , which is inferior frontal gyrus on the left . <next_sent> He actually had it also homologous on the right . <next_sent> This is an area thought to be involved in expressive communication . <next_sent> This whole notion that music is a language -- well maybe there 's a neurologic basis to it in fact after all , and we can see it when two musicians are having a musical conversation . <next_sent> And so we 've done this actually on eight subjects now , and we 're just getting all the data together , so hopefully we 'll have something to say about it meaningfully . <next_sent> Now when I think about improvisation and the language , well what 's next ? <next_sent> Rap , of course , rap -- free - style . <next_sent> And so I 've always been fascinated by free - style . <next_sent> And let 's go ahead and play this video here . <next_sent> There are , in fact , a lot of correlations between the two forms of music I think in different time periods . <next_sent> In a lot a ways , rap serves the same social function that jazz used to serve . <next_sent> So how do you study rap scientifically ? <next_sent> And my colleagues kind of think I 'm crazy , but I think it 's very viable . <next_sent> And so this is what you do : you have a free - style artist come in and memorize a rap that you write for them , that they 've never heard before , and then you have them free - style . <next_sent> So I told my lab members that I would rap for TED , and they said , " No , you wo n't . " <next_sent> And then I thought -- But here 's the thing . <next_sent> With this big screen , you can all rap with me . <next_sent> Okay ? <next_sent> So what we had them do was memorize this lower - left sound icon , please . <next_sent> This is the control condition . <next_sent> This is what they memorized . <next_sent> So now , what 's great about these free - stylers , they will get cued different words . <next_sent> They do n't know what 's coming , but they 'll hear something off the cuff . <next_sent> Go ahead and hit that right sound icon . <next_sent> They are going to be cued these three square words : " like , " " not " and " head . " <next_sent> He does n't know what 's coming . <next_sent> It 's doing something that , neurologically , is remarkable . <next_sent> Whether or not you like the music is irrelevant . <next_sent> Creatively speaking , it 's just a phenomenal thing . <next_sent> This is a short video of how we actually do this in a scanner . <next_sent> CL : We 're here with Emmanuel . <next_sent> CL : That was recorded in the scanner , by the way . <next_sent> CL : That 's Emmanuel in the scanner . <next_sent> He 's just memorized a rhyme for us . <next_sent> Well , this is actually four rappers ' brains . <next_sent> And what we see , we do see language areas lighting up , but then -- eyes closed -- when you are free - styling versus memorizing , you 've got major visual areas lighting up . <next_sent> You 've got major cerebellar activity , which is involved in motor coordination . <next_sent> You have heightened brain activity when you 're doing a comparable task , when that one task is creative and the other task is memorized . <next_sent> It 's very preliminary , but I think it 's kind of cool . <next_sent> So just to conclude , we 've got a lot of questions to ask , and like I said , we 'll ask questions here , not answer them . <next_sent> But we want to get at the root of what is creative genius , neurologically , and I think , with these methods , we 're getting close to being there . <next_sent> And I think hopefully in the next 10 , 20 years you 'll actually see real , meaningful studies that say science has to catch up to art , and maybe we 're starting now to get there . <next_sent> And so I want to thank you for your time . <next_sent> I appreciate it .
(d / document
   :snt1 (s1.u / url-entity
               :topic (s1.t / talk-01
                            :ARG0 (s1.p / person
                                        :name (s1.n / name
                                                    :ARG0 "i"
                                                    :op1 "Muslim"))))
   :snt2 (s2.a / and
               :ARG0-of (s2.c / cause-01
                              :ARG1 (s2.g / guess-01
                                          :ARG0 (s2.i / i)
                                          :ARG1 (s2.i2 / irony
                                                       :degree (s2.b / bit
                                                                     :mod (s2.l / little))
                                                       :domain (s2.i3 / it))))
               :op1 (s2.p2 / person
                           :ARG0-of (s2.s2 / surgery-01)
                           :ARG0-of (s2.s / study-01
                                          :ARG1 (s2.c3 / creativity))
                           :domain s2.i)
               :op2 (s2.t / tell-01
                          :ARG0 (s2.p3 / person
                                       :ARG0-of (s2.h / have-rel-role-91
                                                      :ARG1 s2.i
                                                      :ARG2 (s2.p / patient)))
                          :ARG1 (s2.w / want-01
                                      :ARG0 s2.p3
                                      :ARG1 (s2.c2 / creative
                                                   :domain (s2.y / you))
                                      :degree (s2.r / really)
                                      :time (s2.s3 / surgery-01))
                          :ARG2 s2.i
                          :time (s2.e / ever)
                          :polarity "-"))
   :snt3 (s3.h / have-concession-91
               :ARG2 (s3.s / say-01
                           :ARG0 (s3.i / i
                                       :same-as s2.i)
                           :ARG1 (s3.r / resemble-01
                                       :ARG1 (s3.i3 / it
                                                    :same-as s3.s3)
                                       :ARG2 (s3.p / play-11
                                                   :ARG2 (s3.i2 / instrument
                                                                :mod (s3.m / music)))
                                       :degree (s3.s2 / somewhat)
                                       :time (s3.a / after
                                                   :op1 (s3.s3 / surgery-01
                                                               :quant (s3.l / lot)
                                                               :ARG1 s3.i)))))
   :snt4 (s4.a2 / and
                :op2 (s4.l / lead-03
                           :ARG0 (s4.f / fascinate-01
                                       :ARG0 (s4.s3 / sound)
                                       :ARG1 (s4.i / i
                                                   :same-as s2.i)
                                       :ARG1-of (s4.d / deep-02)
                                       :ARG2-of (s4.e / endure-01)
                                       :mod (s4.s2 / sort
                                                   :mod (s4.t / this)))
                           :ARG2 (s4.a3 / and
                                        :op1 (s4.p2 / person
                                                    :ARG0-of (s4.s5 / surgery-01)
                                                    :domain s4.i)
                                        :op2 (s4.s4 / study-01
                                                    :ARG0 s4.i
                                                    :ARG1 (s4.s / science
                                                                :mod s4.s3
                                                                :mod (s4.p / particular
                                                                           :op1 (s4.m / music)))
                                                    :mod (s4.a / also)))))
   :snt5 (s5.a3 / and
                :op2 (s5.c2 / cause-01
                            :ARG1 (s5.t6 / try-01
                                         :ARG0 (s5.i / i
                                                     :same-as s2.i)
                                         :ARG1 (s5.t / talk-01
                                                     :ARG0 s5.i
                                                     :ARG1 (s5.c / career
                                                                 :poss s5.i
                                                                 :topic (s5.t3 / thing
                                                                               :manner-of (s5.p / possible-01
                                                                                                :ARG1 (s5.a4 / and
                                                                                                             :op1 (s5.t7 / try-01
                                                                                                                         :ARG0 s5.i
                                                                                                                         :ARG1 (s5.s / study-01
                                                                                                                                     :ARG0 s5.i
                                                                                                                                     :ARG1 (s5.m2 / music))
                                                                                                                         :ARG1-of (s5.a / actual-02))
                                                                                                             :op2 (s5.t8 / try-01
                                                                                                                         :ARG0 s5.i
                                                                                                                         :ARG1 (s5.g / grapple-01
                                                                                                                                     :ARG0 s5.i
                                                                                                                                     :ARG1 (s5.q / question-01
                                                                                                                                                 :ARG1 (s5.t4 / thing
                                                                                                                                                              :manner-of (s5.p2 / possible-01
                                                                                                                                                                                :ARG1 (s5.c3 / create-01
                                                                                                                                                                                             :ARG0 (s5.b / brain))))
                                                                                                                                                 :mod (s5.t5 / this)
                                                                                                                                                 :mod (s5.a2 / all)))
                                                                                                                         :ARG1-of (s5.r / real-04))))))
                                                     :ARG2 (s5.y / you)
                                                     :time (s5.f / few
                                                                 :op1 (s5.t2 / temporal-quantity
                                                                             :unit (s5.m / minute
                                                                                         :mod (s5.n / next))
                                                                             :quant "1"))))))
   :snt6 (s6.c / contrast-01
               :ARG1 (s6.w / work-01
                           :ARG0 (s6.i / i
                                       :same-as s2.i)
                           :location (s6.u / university
                                           :name (s6.n / name
                                                       :op1 "Johns"
                                                       :op2 "Hopkins"
                                                       :op3 "University"))
                           :mod (s6.t / this)
                           :mod (s6.m / most))
               :ARG2 (s6.w2 / work-01
                            :ARG0 s6.i
                            :location (s6.g / government-organization
                                            :name (s6.n2 / name
                                                         :op1 "National"
                                                         :op2 "Institute"
                                                         :op3 "of"
                                                         :op4 "Health"))
                            :mod (s6.a / also)
                            :time (s6.p / previous)))
   :snt7 (s7.a / and
               :op1 (s7.g / go-over-26
                          :ARG0 (s7.i / i
                                      :same-as s2.i)
                          :ARG1 (s7.e / experiment-01
                                      :quant (s7.s2 / some)
                                      :mod (s7.s / science)))
               :op2 (s7.t / try-01
                          :ARG0 s7.i
                          :ARG1 (s7.c / cover-03
                                      :ARG0 s7.i
                                      :ARG1 (s7.e2 / experiment-01
                                                   :ARG1 (s7.m / music)
                                                   :quant "3"))))
   :snt8 (s8.s / start-off-02
               :ARG0 (s8.i / i
                           :same-as s2.i)
               :ARG1 (s8.p / play-11
                           :ARG0 s8.i
                           :ARG1 (s8.v / video)
                           :beneficiary (s8.y / you
                                              :same-as s5.y)))
   :snt9 (s9.a / and
               :op2 (s9.v / video
                          :domain (s9.v2 / video
                                         :topic (s9.p / person
                                                      :name (s9.n / name
                                                                  :op1 "Keith"
                                                                  :op2 "Jarrett")
                                                      :ARG0-of (s9.i2 / improvise-01
                                                                      :ARG1 (s9.j / jazz)
                                                                      :ARG1-of (s9.k / know-02
                                                                                     :degree (s9.w / well)))
                                                      :ARG1-of (s9.h / have-degree-91
                                                                     :ARG2 (s9.k2 / know-02
                                                                                  :ARG1 s9.p)
                                                                     :ARG3 (s9.m2 / most)
                                                                     :ARG5 (s9.e / exemplify-01
                                                                                 :ARG0 s9.p
                                                                                 :ARG1 (s9.s / someone
                                                                                             :ARG0-of (s9.t / take-01
                                                                                                            :ARG1 s9.i2
                                                                                                            :ARG3 (s9.l / level
                                                                                                                        :ARG1-of (s9.h2 / have-degree-91
                                                                                                                                        :ARG2 (s9.h3 / high-02
                                                                                                                                                     :ARG1 s9.l)
                                                                                                                                        :ARG3 (s9.m / more
                                                                                                                                                    :ARG1-of (s9.r / real-04))))))
                                                                                 :mod (s9.i / iconic))
                                                                     :mod (s9.p2 / probable))))
                          :mod (s9.t2 / this
                                      :same-as s8.v)))
   :snt10 (s10.a2 / and
                  :ARG0-of (s10.c / cause-01
                                  :ARG1 (s10.t / think-01
                                               :ARG0 (s10.i / i
                                                            :same-as s2.i)
                                               :ARG1 (s10.e4 / exemplify-01
                                                             :ARG0 (s10.t2 / this
                                                                           :same-as s8.v)
                                                             :mod (s10.g / great)
                                                             :mod (s10.f / form
                                                                         :mod (s10.c3 / creativity
                                                                                      :ARG1-of (s10.i3 / intense-02))))))
                  :op2 (s10.i2 / improvise-01
                               :ARG0 (s10.h / he
                                            :part (s10.h2 / head
                                                          :part (s10.t3 / top)))
                               :ARG1 (s10.c2 / concert
                                             :mod (s10.e / entire))
                               :manner (s10.o / off
                                              :op1 s10.t3))
                  :op3 (s10.p / play-11
                              :ARG0 s10.h
                              :ARG1 (s10.i4 / it
                                            :same-as s10.c2)
                              :manner (s10.w / way
                                             :ARG1-of (s10.s / same-01
                                                             :mod (s10.e3 / exact)))
                              :mod (s10.a / again)
                              :time (s10.e2 / ever)
                              :polarity "-"))
   :snt11 (s11.a2 / and
                  :op1 (s11.c / cause-01
                              :ARG0 (s11.a / amr-unknown)
                              :ARG1 (s11.a3 / and
                                            :op1 (s11.g / go-02
                                                        :ARG0 (s11.w / we)
                                                        :polarity "-")
                                            :op2 (s11.c2 / click-01
                                                         :ARG0 s11.w
                                                         :ARG1 (s11.v / video
                                                                      :same-as s8.v)))))
   :snt12 (s12.a / and
                 :ARG1-of (s12.r / real-04)
                 :op1 (s12.r2 / remarkable-02
                              :ARG1 (s12.t2 / thing
                                            :location (s12.t / there)))
                 :op2 (s12.a2 / awe-01
                              :ARG0 s12.t2))
   :snt13 (s13.a2 / and
                  :op1 (s13.l2 / listen-01
                               :ARG0 (s13.i / i
                                            :same-as s2.i)
                               :ARG1 (s13.t / that
                                            :same-as s8.v))
                  :op2 (s13.a3 / astound-01
                               :ARG1 s13.i
                               :mod (s13.j / just))
                  :rel (s13.p / person
                              :ARG0-of (s13.l / listen-01)
                              :mod s13.j)
                  :rel (s13.f / fan
                              :mod s13.j)
                  :rel (s13.a / always))
   :snt14 (s14.t / think-01
                 :ARG0 (s14.i / i
                              :same-as s2.i)
                 :ARG1 (s14.p / possible-01
                              :ARG1 (s14.t2 / this)
                              :manner (s14.a / amr-unknown)))
   :snt15 (s15.p / possible-01
                 :ARG1 (s15.g / generate-01
                              :ARG0 (s15.b / brain)
                              :ARG1 (s15.a2 / and
                                            :op1 (s15.i / information
                                                        :quant (s15.m / much
                                                                      :degree (s15.t / that)))
                                            :op2 (s15.m3 / music
                                                         :quant (s15.m2 / much
                                                                        :degree s15.t)))
                              :manner (s15.a3 / automatic))
                 :manner (s15.a / amr-unknown))
   :snt16 (s16.a / and
                 :op2 (s16.c / cause-01
                             :ARG1 (s16.s2 / set-out-06
                                           :ARG0 (s16.i / i
                                                        :same-as s2.i)
                                           :ARG1 (s16.c2 / concept
                                                         :domain (s16.c3 / contrast-01
                                                                         :ARG1 (s16.m2 / magical
                                                                                       :domain (s16.c4 / creativity
                                                                                                       :mod (s16.a2 / art)))
                                                                         :ARG2 (s16.m / magic
                                                                                      :ARG1-of (s16.m3 / mean-01
                                                                                                       :ARG2 (s16.p / produce-01
                                                                                                                    :ARG0 (s16.b / brain)
                                                                                                                    :ARG1 s16.c4))
                                                                                      :domain s16.c4
                                                                                      :polarity "-"))
                                                         :mod (s16.t / this))
                                           :manner (s16.s / science))))
   :snt17 (s17.p / person
                 :ARG0-of (s17.c / create-01
                                 :ARG1 (s17.a / art))
                 :ARG1-of (s17.h / have-quant-91
                                 :ARG2 (s17.m / many)
                                 :ARG3 (s17.t / too)
                                 :polarity "-")
                 :part (s17.b / brain
                              :ARG1-of (s17.d / die-01)))
   :snt18 (s18.a / and
                 :op2 (s18.c / cause-01
                             :ARG0 (s18.n2 / notion
                                           :topic (s18.p3 / produce-01
                                                          :ARG1 (s18.c3 / creativity
                                                                        :mod (s18.a3 / artistic))
                                                          :ARG2 (s18.n / neurology)
                                                          :mod (s18.i2 / in-fact)))
                             :ARG1 (s18.t / take-01
                                          :ARG0 (s18.i / i
                                                       :same-as s2.i)
                                          :ARG1 (s18.t2 / thesis
                                                        :mod (s18.t3 / this)
                                                        :topic (s18.p / possible-01
                                                                      :ARG1 (s18.s / study-01
                                                                                   :ARG0 (s18.w / we)
                                                                                   :ARG1 s18.c3
                                                                                   :ARG1-of (s18.r / resemble-01
                                                                                                   :ARG2 (s18.s2 / study-01
                                                                                                                 :ARG0 s18.w
                                                                                                                 :ARG1 (s18.p2 / process-02
                                                                                                                               :ARG1 s18.n
                                                                                                                               :mod (s18.c2 / complex)
                                                                                                                               :mod (s18.o / other)
                                                                                                                               :mod (s18.a2 / any))))))))))
   :snt19 (s19.a / and
                 :op2 (s19.t2 / think-01
                              :ARG0 (s19.i / i
                                           :same-as s2.i)
                              :ARG1 (s19.p / put-01
                                           :ARG0 s19.i
                                           :ARG1 (s19.q / question-01
                                                        :quant (s19.s / some)
                                                        :location (s19.t / there)
                                                        :mod (s19.s2 / sub))
                                           :ARG2 s19.t)))
   :snt20 (s20.p / possible-01
                 :ARG1 (s20.s2 / study-01
                               :ARG1 (s20.c / creativity)
                               :manner (s20.s / scientific))
                 :ARG1-of (s20.t / true-01)
                 :polarity (s20.a / amr-unknown))
   :snt21 (s21.a / and
                 :op2 (s21.t2 / think-01
                              :ARG0 (s21.i / i
                                           :same-as s2.i)
                              :ARG1 (s21.q / question-01
                                           :ARG1 (s21.t / that)
                                           :ARG1-of (s21.g / good-02))))
   :snt22 (s22.a2 / and
                  :op2 (s22.t / tell-01
                              :ARG0 (s22.i / i
                                           :same-as s2.i)
                              :ARG1 (s22.a3 / and
                                            :op1 (s22.d / dense
                                                        :degree (s22.v / very)
                                                        :domain (s22.s2 / study-01
                                                                        :quant (s22.m / most)
                                                                        :ARG1 (s22.m2 / music)
                                                                        :mod (s22.s / science)))
                                            :op2 (s22.h / hard-02
                                                        :ARG1 (s22.r / recognize-02
                                                                     :ARG0 (s22.y / you
                                                                                  :same-as s5.y)
                                                                     :ARG1 (s22.m3 / music
                                                                                   :location s22.s2))
                                                        :degree (s22.v2 / very)
                                                        :time (s22.g / go-02
                                                                     :ARG0 s22.y
                                                                     :ARG1 s22.s2
                                                                     :ARG1-of (s22.a / actual-02))))
                              :ARG2 s22.y))
   :snt23 (s23.s / seem-01
                 :ARG1 (s23.a / and
                              :op1 (s23.m3 / musical-note
                                           :degree (s23.v / very)
                                           :degree (s23.e / entire)
                                           :domain (s23.t / they
                                                          :same-as s22.s2)
                                           :polarity "-")
                              :op2 (s23.m / miss-02
                                          :ARG0 s23.t
                                          :ARG1 (s23.p / point-03
                                                       :ARG1 (s23.m2 / music)
                                                       :mod (s23.w / whole))))
                 :mod (s23.i / in-fact))
   :snt24 (s24.a2 / and
                  :op2 (s24.b / bring-01
                              :ARG0 (s24.i / it)
                              :ARG1 (s24.q / question-01
                                           :ARG1 (s24.c / cause-01
                                                        :ARG0 (s24.a / amr-unknown)
                                                        :ARG1 (s24.r / recommend-01
                                                                     :ARG1 (s24.s3 / study-01
                                                                                   :ARG0 (s24.s / scientist)
                                                                                   :ARG1 (s24.c2 / creativity))))
                                           :ord (s24.o / ordinal-entity
                                                       :value "2"))
                              :mod (s24.s2 / so)))
   :snt25 (s25.p2 / possible-01
                  :ARG1 (s25.p / person
                               :ARG1-of (s25.r / right-03
                                               :ARG2 (s25.d / do-02
                                                            :ARG1 (s25.i / it
                                                                         :same-as s24.s3))
                                               :polarity "-")
                               :domain (s25.w / we
                                              :same-as s24.s)))
   :snt26 (s26.c / contrast-01
                 :ARG1 (s26.p2 / possible-01
                               :ARG1 (s26.i5 / it)
                               :mod (s26.w2 / well))
                 :ARG2 (s26.s / say-01
                              :ARG0 (s26.i / i
                                           :same-as s2.i))
                 :rel (s26.t / talk-01
                             :ARG0 (s26.w / we)
                             :ARG1 (s26.i3 / innovate-01
                                           :quant (s26.l2 / lot)
                                           :ARG1 (s26.a / and
                                                        :op1 (s26.s3 / science
                                                                     :mod s26.i3)
                                                        :op2 (s26.t2 / thing
                                                                     :degree-of (s26.u / understand-01
                                                                                       :ARG0 s26.w
                                                                                       :ARG1 (s26.p3 / possible-01
                                                                                                     :ARG1 (s26.i4 / innovate-01
                                                                                                                   :ARG0 (s26.b / brain))
                                                                                                     :time (s26.i2 / infancy
                                                                                                                   :poss s26.b))))
                                                        :op3 (s26.k / know-01
                                                                    :ARG0 s26.w
                                                                    :ARG1 (s26.l / little
                                                                                 :degree (s26.v / very)
                                                                                 :topic (s26.t3 / thing
                                                                                                :manner-of (s26.p4 / possible-01
                                                                                                                   :ARG1 (s26.c2 / create-01
                                                                                                                                 :ARG0 s26.w))))
                                                                    :ARG1-of (s26.t5 / true-01))))
                             :manner (s26.p / perspective
                                            :mod (s26.s2 / science))
                             :time (s26.t4 / today)))
   :snt27 (s27.a / and
                 :op2 (s27.t3 / think-01
                              :ARG0 (s27.i / i
                                           :same-as s2.i)
                              :ARG1 (s27.s2 / see-01
                                            :ARG0 (s27.w / we)
                                            :ARG1 (s27.s / science
                                                         :ARG1-of (s27.r / real-04)
                                                         :ARG1-of (s27.b2 / burgeon-01)
                                                         :ARG1-of (s27.f / flourish-01)
                                                         :topic (s27.c / creativity))))
                 :rel (s27.b / between
                             :mod (s27.n / next)
                             :op1 (s27.t / temporal-quantity
                                         :unit (s27.y / year)
                                         :quant "10")
                             :op2 (s27.t2 / temporal-quantity
                                          :unit (s27.y2 / year)
                                          :quant "20"
                                          :quant "30")))
   :snt28 (s28.c / cause-01
                 :ARG0 (s28.h / have-03
                              :ARG0 (s28.w / we)
                              :ARG1 (s28.m / method
                                           :ARG0-of (s28.e / enable-01
                                                           :ARG1 (s28.a / and
                                                                        :op1 (s28.t / take-01
                                                                                    :ARG0 s28.w
                                                                                    :ARG1 (s28.p2 / process-02
                                                                                                  :ARG1 (s28.s / something
                                                                                                               :ARG1-of (s28.r / resemble-01
                                                                                                                               :ARG2 (s28.t2 / this))
                                                                                                               :ARG1-of (s28.i / improvise-01
                                                                                                                               :ARG2 (s28.j / jazz)
                                                                                                                               :mod (s28.c2 / complex)))))
                                                                        :op2 (s28.s2 / study-01
                                                                                     :ARG0 s28.w
                                                                                     :ARG1 s28.p2
                                                                                     :manner (s28.r2 / rigorous)))
                                                           :ARG1-of (s28.p / possible-01)
                                                           :ARG2 s28.w)
                                           :ARG1-of (s28.n / new-01))
                              :time (s28.n2 / now)))
   :snt29 (s29.a / and
                 :op2 (s29.c / cause-01
                             :ARG1 (s29.g / get-05
                                          :ARG1 (s29.i / it)
                                          :ARG2 (s29.d / down-01
                                                       :ARG1 (s29.b / brain)))))
   :snt30 (s30.a2 / and
                  :op2 (s30.h / have-03
                              :ARG0 (s30.w / we
                                           :mod (s30.a / all))
                              :ARG1 (s30.b / brain
                                           :ARG1-of (s30.r / remarkable-02)
                                           :ARG1-of (s30.u / understand-01
                                                           :ARG2 (s30.t / thing
                                                                        :ARG0-of (s30.s / say-01
                                                                                        :mod (s30.l / least)))
                                                           :manner (s30.p / poor))
                                           :mod (s30.t2 / this)
                                           :same-as s29.b)))
   :snt31 (s31.a / and
                 :op1 (s31.t / think-01
                             :ARG0 (s31.i / i
                                          :same-as s2.i)
                             :ARG1 (s31.h / have-03
                                          :ARG0 (s31.s / scientist)
                                          :ARG1 (s31.q / question-01
                                                       :ARG0 s31.s
                                                       :ARG1-of (s31.h2 / have-quant-91
                                                                        :ARG2 (s31.m / many)
                                                                        :ARG3 (s31.m3 / more)
                                                                        :ARG4 (s31.a2 / answer-01)))))
                 :op2 (s31.g / give-01
                             :ARG0 s31.i
                             :ARG1-of (s31.c / contrast-01
                                             :ARG2 (s31.a4 / ask-01
                                                           :ARG0 (s31.y / you
                                                                        :ARG1 (s31.a3 / answer-01
                                                                                      :quant (s31.m2 / many)
                                                                                      :ARG0 s31.i))
                                                           :ARG1 (s31.q2 / question-01
                                                                         :quant (s31.l / lot)
                                                                         :ARG0 s31.y)
                                                           :mod (s31.j / just)))
                             :ARG2 s31.y
                             :time (s31.t2 / today)
                             :polarity "-"))
   :snt32 (s32.a / and
                 :manner (s32.f / fundamental)
                 :op2 (s32.d / do-02
                             :ARG0 (s32.i / i
                                          :same-as s2.i)
                             :ARG1 (s32.t / that
                                          :same-as s31.a4)
                             :location (s32.l / lab
                                              :poss s32.i)))
   :snt33 (s33.q / question-01
                 :ARG0 (s33.i / i
                              :same-as s2.i)
                 :ARG1 (s33.t / thing
                              :ARG1-of (s33.d / do-02
                                              :purpose (s33.e / enable-01
                                                              :ARG0 (s33.b / brain
                                                                           :mod (s33.t2 / this)
                                                                           :same-as s29.b)
                                                              :ARG1 (s33.d2 / do-02
                                                                            :ARG0 (s33.w / we)
                                                                            :ARG1 (s33.t3 / this))
                                                              :ARG2 s33.w)
                                              :ARG0 s33.b)))
   :snt34 (s34.m2 / method
                  :ARG1-of (s34.u / use-01
                                  :ARG0 (s34.i / i
                                               :same-as s2.i))
                  :domain (s34.t / this)
                  :mod (s34.m / main))
   :snt35 (s35.c / call-01
                 :ARG1 (s35.t / this
                              :same-as s34.t)
                 :ARG2 (s35.e / event
                              :name (s35.n / name
                                           :op1 "MRI")
                              :ARG0-of (s35.f / function-01)))
   :snt36 (s36.c / contrast-01
                 :ARG1 (s36.s / same-01
                              :ARG1 (s36.i / it)
                              :condition (s36.b / be-located-at-91
                                                :ARG1 (s36.y / you
                                                             :part s36.b2)
                                                :ARG2 (s36.s2 / scanner
                                                              :mod (s36.e2 / event
                                                                           :name (s36.n / name
                                                                                        :op1 "MRI"))))
                              :mod (s36.m / much
                                          :degree (s36.v / very)))
                 :ARG2 (s36.e / equip-01
                              :purpose (s36.a3 / and
                                               :op1 (s36.p / photograph-01
                                                           :ARG0 (s36.s3 / scanner)
                                                           :ARG1 (s36.b2 / brain
                                                                         :part (s36.a4 / area
                                                                                       :ARG0-of (s36.a / activity-06))))
                                               :op2 (s36.p2 / photograph-01
                                                            :ARG0 s36.s3
                                                            :ARG1 s36.a4
                                                            :mod (s36.a2 / also)))
                              :ARG1 s36.s3
                              :manner (s36.w / way
                                             :ARG1-of (s36.s4 / special-02))))
   :snt37 (s37.d / do-02
                 :ARG0 (s37.t2 / thing
                               :ARG1-of (s37.f / follow-01))
                 :ARG1 (s37.t / that)
                 :time (s37.n / now))
   :snt38 (s38.i2 / image
                  :ARG0-of (s38.d / depend-01
                                  :ARG1 (s38.l / level
                                               :name (s38.n2 / name
                                                             :op1 "Blood")
                                               :mod (s38.a / air)))
                  :domain (s38.i / image
                                 :name (s38.n / name
                                              :op1 "BOLD")))
   :snt39 (s39.b2 / be-located-at-91
                  :ARG1 (s39.y / you)
                  :ARG2 (s39.m / magnet
                               :ARG0-of (s39.a / align-01
                                               :ARG1 (s39.m2 / molecule
                                                             :poss s39.y)
                                               :location (s39.a2 / area
                                                                 :mod (s39.c / certain)))
                               :mod (s39.b3 / big))
                  :time (s39.b / be-located-at-91
                               :ARG1 s39.y
                               :ARG2 (s39.s / scanner
                                            :mod (s39.e / event
                                                        :name (s39.n / name
                                                                     :op1 "fMRI"))))
                  :time (s39.n2 / now))
   :snt40 (s40.g / get-04
                 :ARG0 (s40.a3 / area
                               :part-of (s40.b2 / brain))
                 :ARG1 (s40.s / shun-01
                              :ARG1 (s40.f / flow-01
                                           :ARG1 (s40.b / blood))
                              :ARG2 s40.a3)
                 :time (s40.a / activity-06
                              :ARG0 s40.a3
                              :ARG1-of (s40.m / mean-01
                                              :ARG2 (s40.a2 / activity-06
                                                            :ARG0 (s40.a4 / area
                                                                          :mod (s40.n / nerve))))))
   :snt41 (s41.c / cause-01
                 :ARG0 (s41.f / flow-01
                              :ARG1 (s41.b / blood)
                              :mod (s41.t / that))
                 :ARG1 (s41.i / increase-01
                              :ARG1 (s41.b2 / blood
                                            :ARG1-of (s41.l / local-02))
                              :destination (s41.a / area
                                                  :mod (s41.t2 / that)
                                                  :same-as s40.a4)
                              :manner (s41.c2 / change-01
                                              :ARG1 (s41.d / deoxyhemoglobin)
                                              :ARG1-of (s41.c3 / concentrate-02))))
   :snt42 (s42.c / contrast-01
                 :ARG1 (s42.p / possible-01
                              :ARG1 (s42.d / detect-01
                                           :ARG1 (s42.d3 / disease
                                                         :name (s42.n / name
                                                                      :op1 "Deoxyhemoglobin"))
                                           :manner (s42.e / event
                                                          :name (s42.n2 / name
                                                                        :op1 "MRI"))))
                 :ARG2 (s42.p2 / possible-01
                               :ARG1 (s42.d2 / detect-01
                                             :ARG1 (s42.o / oxyhemoglobin)
                                             :manner s42.e)
                               :polarity "-"))
   :snt43 (s43.a3 / and
                  :op1 (s43.s / say-01
                              :ARG0 (s43.w / we)
                              :ARG1 (s43.a2 / activity-06
                                            :ARG0 (s43.a4 / area
                                                          :ARG0-of (s43.g / get-01
                                                                          :ARG1 (s43.b2 / blood
                                                                                        :quant (s43.m4 / more)))
                                                          :part-of (s43.b3 / brain))
                                            :time (s43.t / task-01
                                                         :mod (s43.p / particular)))
                              :manner (s43.m3 / method
                                              :mod (s43.t4 / this)
                                              :mod (s43.i / infer-01)
                                              :op1 (s43.m / measure-01
                                                          :ARG0 s43.w
                                                          :ARG1 (s43.f / flow-01
                                                                       :ARG1 (s43.b / blood))
                                                          :instrument s43.m3)))
                  :op2 (s43.m2 / measure-01
                               :ARG0 s43.w
                               :ARG1 s43.f
                               :ARG1 (s43.a / activity-06
                                            :ARG0 (s43.n2 / nerve))
                               :polarity "-")
                  :op2 (s43.c / crux
                              :domain s43.a2
                              :part-of (s43.t2 / thing
                                               :manner-of (s43.w2 / work-09
                                                                  :ARG1 (s43.t3 / thing
                                                                                :name (s43.n / name
                                                                                             :op1 "fMRI")
                                                                                :same-as s39.e)))))
   :snt44 (s44.a / and
                 :op2 (s44.u / use-01
                             :ARG1 (s44.i / it
                                          :same-as s39.e)
                             :ARG2 (s44.s2 / study-01
                                           :ARG1 (s44.p / process-02
                                                        :mod (s44.c / complex
                                                                    :degree (s44.r / really))))
                             :time (s44.s / since
                                          :op1 (s44.d / date-entity
                                                      :decade "1990"))))
   :snt45 (s45.r / review-01
                 :ARG0 (s45.i / i
                              :same-as s2.i)
                 :ARG1 (s45.s2 / study-01
                               :ARG1-of (s45.d / do-02
                                               :ARG0 s45.i)
                               :location (s45.s / scanner
                                                :mod (s45.e / event
                                                            :name (s45.n / name
                                                                         :op1 "fMRI"
                                                                         :same-as s39.e)))
                               :mod (s45.j / jazz))
                 :time (s45.n2 / now))
   :snt46 (s46.a / and
                 :op2 (s46.d / do-02
                             :ARG0 (s46.p / person
                                          :name (s46.n / name
                                                       :op1 "Alan"
                                                       :op2 "Braun")
                                          :ARG0-of (s46.h2 / have-rel-role-91
                                                           :ARG1 (s46.i / i
                                                                        :same-as s2.i)
                                                           :ARG2 (s46.c / colleague))
                                          :ARG0-of (s46.h / have-org-role-91
                                                          :ARG1 (s46.g / government-organization
                                                                       :name (s46.n2 / name
                                                                                     :op1 "National"
                                                                                     :op2 "Health"
                                                                                     :op3 "System"))))
                             :ARG1 (s46.t / this
                                          :same-as s45.s2)))
   :snt47 (s47.v / video
                 :ARG1-of (s47.s / short-07)
                 :domain (s47.t2 / this)
                 :topic (s47.t / thing
                               :manner-of (s47.d / do-02
                                                 :ARG0 (s47.w / we)
                                                 :ARG1 (s47.p / project
                                                              :mod (s47.t3 / this)
                                                              :same-as s45.s2))))
   :snt48 (s48.s / say-01
                 :ARG1 (s48.k / keyboard
                              :ARG1-of (s48.u / use-01
                                              :ARG0 (s48.w / we
                                                           :same-as s47.w)
                                              :ARG2 (s48.e / experiment-01
                                                           :mod (s48.j / jazz)))
                              :domain (s48.t / this)
                              :mod (s48.p2 / piano)
                              :mod (s48.p4 / product
                                           :name (s48.n2 / name
                                                         :op1 "MIDI")))
                 :ARG2 (s48.p / person
                              :name (s48.n / name
                                           :op1 "Charles"
                                           :op2 "Limb")
                              :same-as s2.i)
                 :rel (s48.p3 / plastic))
   :snt49 (s49.a / and
                 :op2 (s49.k2 / keyboard
                              :ARG1-of (s49.k / key-02
                                              :quant "35")
                              :ARG1-of (s49.d / design-01
                                              :ARG3 (s49.a2 / and
                                                            :op1 (s49.f / fit-01
                                                                        :ARG1 s49.k2
                                                                        :ARG2 (s49.i / inside
                                                                                     :op1 (s49.t / thing
                                                                                                 :ARG0-of (s49.s2 / scan-01)
                                                                                                 :same-as s45.s)))
                                                            :op2 (s49.s / safe-01
                                                                        :ARG0 s49.k2
                                                                        :manner (s49.m / magnet))
                                                            :op3 (s49.h / have-03
                                                                        :ARG0 s49.k2
                                                                        :ARG1 (s49.i2 / interfere-01
                                                                                      :ARG0-of (s49.c / contribute-01
                                                                                                      :ARG2 (s49.a4 / artifact
                                                                                                                    :mod (s49.a3 / any)))
                                                                                      :ARG1-of (s49.m2 / minimal-02)))
                                                            :op4 (s49.h2 / have-03
                                                                         :purpose (s49.p4 / possible-01
                                                                                          :ARG1 (s49.r / rest-01
                                                                                                       :ARG1 s49.k2
                                                                                                       :ARG2 (s49.l / leg
                                                                                                                    :part-of (s49.p / person
                                                                                                                                    :ARG0-of (s49.p2 / play-01)
                                                                                                                                    :ARG0-of (s49.p3 / play-01
                                                                                                                                                     :location (s49.b / back))
                                                                                                                                    :part s49.b))
                                                                                                       :time (s49.l2 / lie-07
                                                                                                                     :ARG1 s49.p
                                                                                                                     :ARG2 s49.t
                                                                                                                     :ARG2 (s49.d2 / down))))
                                                                         :ARG0 s49.k2
                                                                         :ARG1 (s49.c2 / cushion
                                                                                       :mod (s49.t2 / this))))))
                 :rel (s49.b2 / both))
   :snt50 (s50.a2 / and
                  :op2 (s50.w / work-09
                              :ARG1 (s50.i / it
                                           :same-as s48.t)
                              :manner (s50.r / resemble-01
                                             :ARG2 (s50.t / this
                                                          :ARG0-of (s50.m / mean-01
                                                                          :ARG1 (s50.p / produce-01
                                                                                       :ARG0 s50.t
                                                                                       :ARG1 (s50.s / sound
                                                                                                    :mod (s50.a3 / any))
                                                                                       :ARG1-of (s50.a / actual-02)
                                                                                       :polarity "-"))))))
   :snt51 (s51.s2 / send-out-04
                  :ARG0 (s51.i / it
                               :same-as s48.t)
                  :ARG1 (s51.t3 / thing
                                :ARG1-of (s51.c / call-01
                                                :ARG2 (s51.p2 / product
                                                              :name (s51.n / name
                                                                           :op1 "MIDI"
                                                                           :op1 "Musical"
                                                                           :op2 "Instrument"
                                                                           :op3 "Digital"
                                                                           :op4 "Interface")
                                                              :mod (s51.s3 / signal))))
                  :path (s51.w / wire
                               :destination (s51.a / and
                                                   :ARG0-of (s51.t6 / trigger-01
                                                                    :ARG1 (s51.s / sample-01
                                                                                 :ARG1 (s51.p / piano)
                                                                                 :example (s51.t5 / this)
                                                                                 :mod (s51.q / quality
                                                                                             :ARG1-of (s51.h / high-02)))
                                                                    :time (s51.t2 / then))
                                                   :op1 (s51.b / box)
                                                   :op2 (s51.c2 / computer
                                                                :time (s51.t / then)))
                               :mod (s51.t4 / this)))
   :snt52 (s52.s / say-01
                 :ARG0 (s52.p / person
                              :name (s52.n / name
                                           :op1 "CL"))
                 :ARG1 (s52.i / infer-01
                              :ARG1 (s52.w / work-09
                                           :ARG1 (s52.i2 / it
                                                         :same-as s48.t))
                              :ARG1-of (s52.o / okay-01)))
   :snt53 (s53.a / and
                 :op2 (s53.h / have-03
                             :ARG0 (s53.w / we)
                             :ARG1 (s53.m / means
                                          :instrument-of (s53.a2 / and
                                                                 :op1 (s53.t / take-01
                                                                             :ARG0 s53.w
                                                                             :ARG1 (s53.p2 / process-02
                                                                                           :ARG1 (s53.m2 / music)))
                                                                 :op2 (s53.s / study-01
                                                                             :ARG0 s53.w
                                                                             :ARG1 s53.p2)))
                             :instrument (s53.k / keyboard
                                                :mod (s53.p / piano)
                                                :mod (s53.t2 / this)
                                                :same-as s48.t)
                             :time (s53.n / now)))
   :snt54 (s54.d / do-02
                 :ARG0 (s54.y / you
                              :same-as s53.w)
                 :ARG1 (s54.a / amr-unknown)
                 :condition (s54.h / have-03
                                   :ARG0 s54.y
                                   :ARG1 (s54.k / keyboard
                                                :ARG1-of (s54.c / cool-04)
                                                :mod (s54.p / piano)
                                                :mod (s54.t / this)
                                                :same-as s48.t))
                 :time (s54.n / now))
   :snt55 (s55.p / possible-01
                 :ARG1 (s55.s / say-01
                              :ARG0 (s55.y / you)
                              :ARG1 (s55.g2 / great
                                            :domain (s55.g / get-02
                                                           :ARG0 (s55.w / we
                                                                        :same-as s53.w)
                                                           :ARG1 (s55.k / keyboard
                                                                        :mod (s55.t / this)
                                                                        :same-as s48.t)))
                              :degree (s55.s2 / sort-of)
                              :mod (s55.j / just))
                 :polarity "-")
   :snt56 (s56.o / obligate-01
                 :ARG1 (s56.w / we
                              :same-as s53.w)
                 :ARG1-of (s56.a / actual-02)
                 :ARG2 (s56.c / come-up-11
                              :ARG0 s56.w
                              :ARG1 (s56.e / experiment-01
                                           :mod (s56.s / science))))
   :snt57 (s57.a / and
                 :op2 (s57.c / cause-01
                             :ARG1 (s57.r3 / rest-02
                                           :ARG1 (s57.e3 / experiment-01
                                                         :same-as s56.e)
                                           :ARG1-of (s57.r / real-04)
                                           :ARG2 (s57.f2 / follow-04
                                                         :ARG1 (s57.a2 / and
                                                                       :op1 (s57.e / event
                                                                                   :location (s57.b / brain)
                                                                                   :time (s57.s2 / something
                                                                                                 :ARG1-of (s57.r2 / recite-01)
                                                                                                 :ARG1-of (s57.l / learn-01
                                                                                                                 :mod (s57.o / over))))
                                                                       :op2 (s57.e2 / event
                                                                                    :ARG1-of (s57.m / match-01
                                                                                                    :ARG3 (s57.t / term
                                                                                                                 :mod (s57.f / feature
                                                                                                                             :ARG1-of (s57.s / sense-01)
                                                                                                                             :mod (s57.m4 / motor)
                                                                                                                             :mod (s57.l2 / level
                                                                                                                                          :ARG1-of (s57.h / have-degree-91
                                                                                                                                                          :ARG2 (s57.l3 / low-04
                                                                                                                                                                        :ARG1 s57.l2)
                                                                                                                                                          :ARG3 (s57.m2 / more)))))
                                                                                                    :manner (s57.m3 / motor))
                                                                                    :location s57.b
                                                                                    :time (s57.s3 / something
                                                                                                  :ARG1-of (s57.g / generate-01
                                                                                                                  :manner (s57.a3 / automatic))
                                                                                                  :ARG1-of (s57.i / improvise-01))))))))
   :snt58 (s58.a / and
                 :op2 (s58.c2 / cause-01
                              :ARG1 (s58.h / have-03
                                           :ARG0 (s58.i / i
                                                        :same-as s2.i)
                                           :ARG1 (s58.t / thing
                                                        :ARG1-of (s58.c / call-01
                                                                        :ARG0 (s58.w / we)
                                                                        :ARG2 (s58.s / stereotype-01)))
                                           :location (s58.h2 / here))))
   :snt59 (s59.p / paradigm
                 :ARG0-of (s59.p2 / play-11
                                  :ARG1 (s59.s2 / scale)
                                  :mod (s59.j / just)
                                  :path (s59.a / and
                                               :op1 (s59.u / up-03
                                                           :ARG1 s59.s2)
                                               :op2 (s59.d / down-03
                                                           :ARG1 s59.s2)))
                 :mod (s59.s / scale)
                 :mod (s59.b / bank
                             :ARG1-of (s59.r / remember-01)))
   :snt60 (s60.a / and
                 :op2 (s60.i / improvise-01
                             :example (s60.c / contrast-01
                                             :ARG1 (s60.s / safe-01
                                                          :degree (s60.v / very)
                                                          :manner (s60.s3 / science))
                                             :ARG2 (s60.b / bore-02
                                                          :ARG0 s60.i
                                                          :degree (s60.r / really)
                                                          :mod (s60.m2 / music)))
                             :medium (s60.s2 / scale
                                             :example (s60.a2 / and
                                                              :op1 (s60.n / note
                                                                          :mod (s60.q / quarter))
                                                              :op2 (s60.m / metronome)
                                                              :op3 (s60.h / hand
                                                                          :ARG1-of (s60.r2 / right-04))))
                             :time (s60.t / then)))
   :snt61 (s61.a / and
                 :ARG1-of (s61.c / call-01
                                 :ARG2 (s61.p / paradigm
                                              :mod (s61.j / jazz)))
                 :op2 (s61.b / bottom
                             :time (s61.t / then)))
   :snt62 (s62.a / and
                 :op2 (s62.a2 / and
                              :op1 (s62.b / bring-01
                                          :ARG0 (s62.w / we
                                                       :same-as s53.w)
                                          :ARG1 (s62.p / person
                                                       :ARG0-of (s62.p3 / play-11
                                                                        :ARG1 (s62.j / jazz))
                                                       :mod (s62.p5 / professional))
                                          :ARG2 (s62.g / government-organization
                                                       :name (s62.n / name
                                                                    :op1 "NIH")
                                                       :same-as s46.h))
                              :op2 (s62.h / have-04
                                          :ARG0 s62.w
                                          :ARG1 (s62.r / remember-01
                                                       :ARG0 s62.p
                                                       :ARG1 (s62.p2 / piece
                                                                     :ARG1-of (s62.l / left-19
                                                                                     :ARG1-of (s62.h3 / have-degree-91
                                                                                                      :ARG2 (s62.l2 / low-04)
                                                                                                      :ARG3 (s62.m2 / more)))
                                                                     :ARG1-of (s62.p4 / play-11
                                                                                      :ARG0 (s62.i / i
                                                                                                   :same-as s2.i)
                                                                                      :ARG1-of (s62.h4 / hear-01
                                                                                                       :ARG0 (s62.y / you
                                                                                                                    :same-as s5.y)
                                                                                                       :ARG2 s62.i))
                                                                     :mod (s62.t2 / this)
                                                                     :mod (s62.m3 / music))))
                              :op3 (s62.h2 / have-04
                                           :ARG0 s62.w
                                           :ARG1 (s62.i2 / improvise-01
                                                         :ARG0 s62.p
                                                         :manner (s62.c / change-01
                                                                        :ARG1 (s62.c2 / chord)
                                                                        :ARG1-of (s62.s / same-01
                                                                                        :degree (s62.e / exact))))
                                           :time (s62.t / then)))
                 :rel (s62.m / monetary-quantity))
   :snt63 (s63.a / and
                 :op2 (s63.e / exemplify-01
                             :ARG0 (s63.h2 / hit-02
                                           :ARG0 (s63.y / you)
                                           :ARG1 (s63.i / icon
                                                        :ARG1-of (s63.r2 / right-04)
                                                        :ARG1-of (s63.h / have-degree-91
                                                                        :ARG2 (s63.l / low-04
                                                                                     :ARG1 s63.i)
                                                                        :ARG3 (s63.m / more))
                                                        :mod (s63.s2 / sound-02)))
                             :ARG1 (s63.t / thing
                                          :ARG1-of (s63.r / record-01
                                                          :ARG0 (s63.t2 / thing
                                                                        :ARG0-of (s63.s / scan-01)
                                                                        :same-as s45.s)))
                             :condition (s63.p / possible-01
                                               :ARG1 s63.h2)))
   :snt64 (s64.c / contrast-01
                 :ARG1 (s64.e2 / environment
                               :ARG1-of (s64.h / have-degree-91
                                               :ARG2 (s64.n / natural-03
                                                            :ARG1 s64.e2)
                                               :ARG3 (s64.m / most)
                                               :polarity "-")
                               :domain (s64.i / it))
                 :ARG2 (s64.p2 / possible-01
                               :ARG1 (s64.p / play-11
                                            :ARG0 (s64.t / they
                                                         :same-as s62.p)
                                            :ARG1 (s64.m2 / music
                                                          :ARG1-of (s64.r / real-04))))
                 :time (s64.e / end-01))
   :snt65 (s65.a / and
                 :op2 (s65.a2 / and
                              :op2 (s65.l2 / listen-01
                                           :ARG0 (s65.i / i
                                                        :same-as s2.i)
                                           :ARG1 (s65.s / solo
                                                        :mod (s65.t / that))
                                           :frequency "200")
                              :op3 (s65.l / like-01
                                          :ARG0 s65.i
                                          :ARG1 s65.s
                                          :time (s65.s2 / still))))
   :snt66 (s66.a / and
                 :op1 (s66.c / comfortable-02
                             :ARG1 (s66.m / musician
                                          :same-as s62.p)
                             :time (s66.e / end-01)))
   :snt67 (s67.a / and
                 :op2 (s67.c / cause-01
                             :ARG1 (s67.m / measure-01
                                          :ARG0 (s67.w / we
                                                       :same-as s53.w)
                                          :ARG1 (s67.n2 / number
                                                        :quant-of (s67.n / note))
                                          :ord (s67.o / ordinal-entity
                                                      :value "1"))))
   :snt68 (s68.p / play-11
                 :ARG0 (s68.t / they
                              :same-as s62.p)
                 :ARG1 (s68.n / note
                              :quant (s68.m / more
                                            :quant (s68.l / lot)))
                 :mod (s68.j / just)
                 :mod (s68.i2 / in-fact)
                 :polarity (s68.a / amr-unknown)
                 :time (s68.i / improvise-01
                              :ARG0 s68.t))
   :snt69 (s69.t2 / thing
                  :ARG1-of (s69.g / go-on-15)
                  :domain (s69.t / that
                                 :same-as s68.p)
                  :polarity "-")
   :snt70 (s70.a2 / and
                  :op2 (s70.l / look-01
                              :ARG0 (s70.w / we
                                           :same-as s53.w)
                              :ARG1 (s70.a / activity-06
                                           :ARG0 (s70.b / brain))
                              :time (s70.t / then)))
   :snt71 (s71.t2 / try-01
                  :ARG0 (s71.i / i
                               :same-as s2.i)
                  :ARG1 (s71.c / condone-01
                               :ARG0 s71.i
                               :ARG1 (s71.t / this)
                               :beneficiary (s71.y / you
                                                   :same-as s5.y)))
   :snt72 (s72.m / map
                 :ARG0-of (s72.s / show-01
                                 :ARG1 (s72.c4 / corporation
                                               :ARG0-of (s72.a / add-02
                                                               :ARG1 (s72.b / between
                                                                            :op1 (s72.t / thing
                                                                                        :ARG1-of (s72.c / change-01
                                                                                                        :time (s72.i / improvise-01
                                                                                                                     :ARG0 (s72.y / you))))
                                                                            :op2 (s72.c2 / change-01
                                                                                         :ARG1 s72.c4
                                                                                         :time (s72.d / do-02
                                                                                                      :ARG0 s72.y
                                                                                                      :ARG1 (s72.s2 / something
                                                                                                                    :ARG1-of (s72.f / familiarize-01
                                                                                                                                    :ARG0 s72.y))))))))
                 :ARG1-of (s72.c3 / contrast-01)
                 :domain (s72.t2 / this))
   :snt73 (s73.a3 / and
                  :op1 (s73.a4 / area
                               :ARG0-of (s73.a2 / activity-06
                                                :location (s73.c / cortex
                                                                 :domain (s73.l / lobe
                                                                                :mod (s73.f / frontal)
                                                                                :part-of (s73.b2 / brain))
                                                                 :mod (s73.p / prefrontal)))
                               :ARG1-of (s73.r / red-02))
                  :op2 (s73.a5 / area
                               :ARG1-of (s73.a / activate-01)
                               :location (s73.b / blue)
                               :mod (s73.t / this)))
   :snt74 (s74.a2 / and
                  :op1 (s74.h / have-03
                              :ARG0 (s74.w2 / we
                                            :same-as s53.w)
                              :ARG1 (s74.a3 / area
                                            :ARG1-of (s74.g / go-01
                                                            :ARG4 (s74.a / activity-06
                                                                         :ARG0 s74.a3)
                                                            :direction (s74.u / up
                                                                              :extent (s74.w / way)))
                                            :ARG2-of (s74.f / focus-01)
                                            :mod (s74.t / this)))
                  :rel (s74.c / cortex
                              :name (s74.n / name
                                           :op1 "medial"
                                           :op2 "prefrontal")))
   :snt75 (s75.a2 / and
                  :op1 (s75.h / have-03
                              :ARG0 (s75.w2 / we
                                            :same-as s53.w)
                              :ARG1 (s75.p / patch
                                           :ARG1-of (s75.b / broad-02)
                                           :ARG1-of (s75.c / call-01
                                                           :ARG2 (s75.c2 / cortex
                                                                         :name (s75.n / name
                                                                                      :op1 "lateral"
                                                                                      :op2 "prefrontal")
                                                                         :mod "prefrontal"))
                                           :ARG1-of (s75.g / go-01
                                                           :ARG4 (s75.a / activity-06
                                                                        :ARG0 s75.p)
                                                           :direction (s75.d / down
                                                                             :extent (s75.w / way)))
                                           :mod (s75.t / this)
                                           :part-of (s75.a3 / area)))
                  :op2 (s75.s / summarize-01
                              :ARG0 (s75.i / i
                                           :same-as s2.i)
                              :ARG1 s75.p
                              :beneficiary (s75.y / you
                                                  :same-as s5.y)
                              :location (s75.h2 / here)))
   :snt76 (s76.a / area
                 :domain (s76.t / this)
                 :mod (s76.m / multifunctional)
                 :part-of (s76.b / brain)
                 :time (s76.n / now))
   :snt77 (s77.a / area
                 :ARG1-of (s77.s / say-01
                                 :ARG0 (s77.i / i
                                              :same-as s2.i)
                                 :ARG1-of (s77.l / like-01
                                                 :ARG0 s77.i))
                 :domain (s77.t / this
                                :same-as s76.t)
                 :mod (s77.j / jazz)
                 :part-of (s77.b / brain)
                 :polarity "-")
   :snt78 (s78.d / do-02
                 :ARG0 (s78.t / they
                              :same-as s76.t)
                 :ARG1 (s78.h2 / host-01
                               :ARG1 (s78.t2 / thing
                                             :ARG0-of (s78.h / have-to-do-with-04
                                                             :ARG1 (s78.a / and
                                                                          :op1 (s78.r / reflect-02
                                                                                      :ARG0 s78.t
                                                                                      :ARG1 s78.t)
                                                                          :op2 (s78.i / introspection)
                                                                          :op3 (s78.w2 / work-01
                                                                                       :ARG1 (s78.m / memory))
                                                                          :op4 (s78.f / forth
                                                                                      :mod (s78.s / so)))))
                               :mod (s78.w / whole)))
   :snt79 (s79.s / seat-01
                 :ARG1 (s79.c / consciousness)
                 :ARG1-of (s79.r / real-04)
                 :ARG2 (s79.l / lobe
                              :mod (s79.f / frontal)
                              :same-as s73.c))
   :snt80 (s80.c2 / contrast-01
                  :ARG2 (s80.h / have-03
                               :ARG0 (s80.w / we
                                            :same-as s53.w)
                               :ARG1 (s80.c / combine-01
                                            :ARG1 (s80.a2 / area
                                                          :ARG0-of (s80.t / think-01
                                                                          :ARG1 (s80.i / involve-01
                                                                                       :ARG1 s80.a2
                                                                                       :ARG2 (s80.a / and
                                                                                                    :op1 (s80.m / monitor-01
                                                                                                                :ARG0 (s80.s / self)
                                                                                                                :ARG1 s80.s)
                                                                                                    :op2 (s80.t4 / turn-off-07
                                                                                                                 :ARG1 s80.s)))))
                                            :ARG2 (s80.a3 / area
                                                          :ARG1-of (s80.t2 / think-01
                                                                           :ARG2 (s80.o / or
                                                                                        :op1 (s80.b / biography
                                                                                                    :domain s80.s)
                                                                                        :op2 (s80.e / express-01
                                                                                                    :ARG0 s80.s
                                                                                                    :ARG1 s80.s))))
                                            :mod (s80.t3 / this))))
   :snt81 (s81.a / and
                 :op2 (s81.t / think-01
                             :ARG0 (s81.w / we
                                          :same-as s53.w)
                             :ARG1 (s81.s / study-01
                                          :domain (s81.i / it)
                                          :mod (s81.p / preliminary
                                                      :mod (s81.t3 / this)
                                                      :mod (s81.a2 / at-least))
                                          :quant "1")
                             :op3 (s81.t2 / think-01
                                          :ARG1 (s81.h3 / hypothesize-01
                                                        :ARG1 (s81.o / obligate-01
                                                                     :ARG1 (s81.y / you
                                                                                  :part (s81.l / lobe
                                                                                               :mod (s81.f / frontal)))
                                                                     :ARG2 (s81.h / have-03
                                                                                  :purpose (s81.c / create-01
                                                                                                  :ARG0 s81.y)
                                                                                  :ARG0 s81.y
                                                                                  :ARG1 (s81.d / dissociate-01
                                                                                               :location s81.l
                                                                                               :mod (s81.w2 / weird))))
                                                        :ARG1-of (s81.r / reasonable-02
                                                                        :mod (s81.a3 / at-least)))
                                          :ARG2-of (s81.h2 / have-concession-91
                                                           :ARG1 (s81.p2 / probable
                                                                         :domain (s81.w3 / wrong-02
                                                                                         :ARG1 s81.s))))
                             :ARG0-of s81.t2))
   :snt82 (s82.a2 / and
                  :purpose (s82.a3 / and
                                   :op1 (s82.i2 / inhibit-01
                                                :ARG1 (s82.y / you)
                                                :polarity "-")
                                   :op2 (s82.w / will-02
                                               :ARG0 s82.y
                                               :ARG1 (s82.m / mistake-02
                                                            :ARG0 s82.y))
                                   :op3 (s82.s / shut-down-05
                                               :ARG0 s82.y
                                               :ARG1 (s82.i / impulse
                                                            :ARG1-of (s82.n / new-01)
                                                            :mod (s82.t / this)
                                                            :mod (s82.a / all)
                                                            :mode "expressive")
                                               :frequency (s82.c / constant)
                                               :polarity "-"))
                  :op1 (s82.t2 / turn-on-13
                               :ARG1 (s82.a4 / area
                                             :quant (s82.o / one)))
                  :op2 (s82.s2 / shut-off-04
                               :ARG1 (s82.a5 / area
                                             :mod (s82.b / big))))
   :snt83 (s83.k / know-01
                 :ARG0 (s83.p / person
                              :quant (s83.l / lot))
                 :ARG1 (s83.a3 / and
                               :op1 (s83.a / activity-06
                                           :ARG1 (s83.m / music)
                                           :manner (s83.s / solo)
                                           :time (s83.a2 / always
                                                         :polarity "-"))
                               :op2 (s83.d / do-02
                                           :ARG1 s83.m
                                           :frequency (s83.s2 / sometimes)
                                           :manner (s83.c / community)))
                 :time (s83.n / now))
   :snt84 (s84.a2 / and
                  :op2 (s84.c2 / cause-01
                               :ARG1 (s84.q / question-01
                                            :ARG1 (s84.a / amr-unknown
                                                         :condition (s84.t / trade-01
                                                                           :ARG0 (s84.m / musician)
                                                                           :ARG1-of (s84.c / call-01
                                                                                           :ARG2 (s84.t2 / trade-01
                                                                                                         :ARG1 (s84.s / string-entity
                                                                                                                      :value "4")
                                                                                                         :ARG1-of (s84.d / do-02
                                                                                                                         :purpose (s84.e / experiment-01
                                                                                                                                         :ARG1 (s84.j / jazz))
                                                                                                                         :ARG0 s84.m
                                                                                                                         :ARG1-of (s84.n2 / normal-02))))
                                                                           :path (s84.a3 / and
                                                                                         :op1 (s84.b / back)
                                                                                         :op2 (s84.f / forth))))
                                            :mod (s84.n / next))))
   :snt85 (s85.i / infer-01
                 :ARG1 (s85.b2 / blah-blah-blah
                               :domain (s85.t / this)
                               :mod (s85.b / bar
                                           :quant "12")))
   :snt86 (s86.a / and
                 :op2 (s86.b2 / break-down-27
                              :ARG0 (s86.i / i
                                           :same-as s2.i)
                              :ARG0-of (s86.c / cause-01
                                              :ARG1 (s86.k / know-01
                                                           :ARG0 (s86.y / you)
                                                           :ARG1 (s86.t / thing
                                                                        :manner-of (s86.t2 / trade-01
                                                                                           :ARG0 s86.y))))
                              :ARG1 (s86.i2 / it
                                            :same-as s85.t)
                              :ARG2 (s86.g / group
                                           :consist-of (s86.b / bar
                                                              :quant "4"))
                              :location (s86.h / here)))
   :snt87 (s87.i2 / infer-01
                  :ARG1 (s87.m2 / musician
                                :domain (s87.t / this)
                                :domain (s87.a / and
                                               :op1 (s87.i / include-91
                                                           :ARG1 (s87.p / person
                                                                        :name (s87.n / name
                                                                                     :op1 "Mike"
                                                                                     :op2 "Pope"))
                                                           :ARG2 (s87.m3 / musician
                                                                         :ARG1-of (s87.h / have-degree-91
                                                                                         :ARG2 (s87.g / good-03
                                                                                                      :ARG1 s87.m3)
                                                                                         :ARG3 (s87.m / most)
                                                                                         :ARG5 (s87.w / world)
                                                                                         :ARG5 (s87.m4 / musician
                                                                                                       :location s87.w))))
                                               :op2 (s87.p3 / play-11
                                                            :ARG0 s87.p
                                                            :ARG1-of (s87.f / fantastic-03)
                                                            :ARG2 (s87.p2 / piano)))))
   :snt88 (s88.p2 / play-11
                  :ARG0 (s88.h2 / he
                                :same-as s87.a)
                  :ARG1 (s88.p / piece
                               :ARG1-of (s88.s / see-01
                                               :ARG0 (s88.w / we
                                                            :same-as s53.w)
                                               :mod (s88.j / just))
                               :ARG1-of (s88.h / have-degree-91
                                               :ARG2 (s88.g / good-03
                                                            :ARG1 s88.p
                                                            :mod (s88.l / little
                                                                        :mod (s88.j2 / just)))
                                               :ARG3 (s88.m / more)
                                               :ARG4 (s88.w2 / write-01
                                                             :ARG0 (s88.i / i
                                                                          :same-as s2.i)
                                                             :ARG1 s88.p)))
                  :time (s88.n / now))
   :snt89 (s89.s / say-01
                 :ARG0 (s89.n3 / nurse)
                 :ARG1 (s89.i / in-pocket-03
                              :ARG0 (s89.p / person
                                           :name (s89.n / name
                                                        :op1 "Mike")
                                           :same-as s87.a)
                              :ARG1 (s89.n2 / nothing)
                              :ARG1-of (s89.r / request-confirmation-91
                                              :ARG2 s89.p)))
   :snt90 (s90.s / say-01
                 :ARG0 (s90.p / person
                              :name (s90.n / name
                                           :op1 "CL"))
                 :ARG1 (s90.o / obligate-01
                              :ARG1 (s90.h / have-03
                                           :ARG0 (s90.y / you)
                                           :ARG1 (s90.a2 / attitude
                                                         :ARG1-of (s90.r / right-03)))
                              :ARG2 (s90.a / agree-01
                                           :ARG0 s90.y
                                           :ARG1 (s90.i / it
                                                        :same-as s85.t))))
   :snt91 (s91.f / fun-01
                 :ARG1 (s91.i / it
                              :same-as s85.t)
                 :ARG1-of (s91.a / actual-02)
                 :degree (s91.k / kind-of))
   :snt92 (s92.a / and
                 :op2 (s92.c / cause-01
                             :ARG1 (s92.p / play-01
                                          :ARG0 (s92.w / we
                                                       :same-as s47.w)
                                          :path (s92.a2 / and
                                                        :op1 (s92.b / back)
                                                        :op2 (s92.f / forth))
                                          :time (s92.n / now))))
   :snt93 (s93.a / and
                 :op1 (s93.b2 / be-located-at-91
                              :ARG1 (s93.i / i
                                           :ARG0-of (s93.p / play-01
                                                           :path (s93.a2 / and
                                                                         :op1 (s93.b / back)
                                                                         :op2 (s93.f / forth)))
                                           :same-as s2.i)
                              :ARG2 (s93.r / room
                                           :location (s93.h / here)
                                           :location-of (s93.c / control-01)))
                 :time (s93.t / then))
   :snt94 (s94.s / say-01
                 :ARG1 (s94.r / represent-01
                              :ARG0 (s94.t / this)
                              :ARG1 (s94.i / it)
                              :ARG1-of (s94.g / good-07
                                              :degree (s94.p2 / pretty)))
                 :ARG2 (s94.p / person
                              :name (s94.n / name
                                           :op1 "Mike"
                                           :op2 "Pope")
                              :same-as s87.a))
   :snt95 (s95.a / and
                 :op2 (s95.g / good-02
                             :ARG1 (s95.h / have-degree-91
                                          :ARG1 (s95.i / it
                                                       :same-as s94.t)
                                          :ARG2 (s95.q / quick-02
                                                       :ARG1 s95.i)
                                          :ARG3 (s95.t / too)
                                          :polarity "-")))
   :snt96 (s96.l / let-01
                 :ARG0 (s96.f / fact
                              :mod (s96.d / do-02
                                          :ARG0 (s96.w / we)
                                          :ARG1 (s96.i / it
                                                       :same-as s94.t)
                                          :frequency (s96.o / over-and-over)))
                 :ARG1 (s96.a / adjust-01
                              :ARG1 (s96.y / you)
                              :ARG2 (s96.t / thing
                                           :ARG1-of (s96.s / surround-01
                                                           :ARG2 s96.y))))
   :snt97 (s97.i2 / infer-01
                  :ARG1 (s97.t / thing
                               :ARG1-of (s97.h4 / have-degree-91
                                                :ARG2 (s97.h3 / hard-02
                                                              :ARG1 s97.t
                                                              :beneficiary (s97.i / i
                                                                                  :part (s97.h / hand)
                                                                                  :part (s97.h2 / hand)
                                                                                  :same-as s87.a))
                                                :ARG3 (s97.m2 / most))
                               :domain (s97.a / and
                                              :op1 (s97.l / look-01
                                                          :ARG0 s97.i
                                                          :ARG1 s97.h
                                                          :instrument (s97.t2 / through
                                                                              :op1 (s97.m / mirror
                                                                                          :quant "2")))
                                              :op2 (s97.p / possible-01
                                                          :ARG1 (s97.m3 / move-01
                                                                        :ARG1 s97.i
                                                                        :ARG2-of (s97.e / except-01
                                                                                        :ARG1 s97.h2)
                                                                        :degree (s97.a2 / at-all))
                                                          :polarity "-"))
                               :mod (s97.k / kinesthetic)))
   :snt98 (s98.c / challenge-01
                 :ARG0 (s98.t / that
                              :same-as s97.a))
   :snt99 (s99.c / contrast-01
                 :ARG2 (s99.m / moment
                              :ARG1-of (s99.s / sure-02)
                              :mod (s99.m2 / moment
                                           :mod (s99.p2 / play-01
                                                        :ARG1-of (s99.h / honest-01
                                                                        :ARG2 (s99.p / person
                                                                                     :name (s99.n / name
                                                                                                  :op1 "God")))
                                                        :ARG1-of (s99.r / real-04)
                                                        :ARG1-of (s99.s2 / sure-02)
                                                        :ARG2 (s99.m3 / music))))
                 :mod (s99.a / again))
   :snt100 (s100.s / say-01
                   :ARG0 (s100.p / person
                                 :name (s100.n / name
                                               :op1 "CL"))
                   :ARG1 (s100.t / take-01
                                 :ARG0 (s100.i / i
                                               :same-as s2.i)
                                 :ARG1 (s100.m / moment
                                               :quant (s100.f / few)))
                   :time (s100.p2 / point
                                  :mod (s100.t2 / this)))
   :snt101 (s101.a / and
                   :op2 (s101.a2 / and
                                 :op1 (s101.s2 / see-01
                                               :ARG0 (s101.y / you
                                                             :same-as s5.y)
                                               :location (s101.h / here))
                                 :op2 (s101.d2 / do-02
                                               :ARG0 (s101.i / i
                                                             :same-as s2.i)
                                               :ARG1 (s101.s4 / sin-01
                                                              :ARG0 s101.i
                                                              :ARG1 (s101.s3 / show-01
                                                                             :ARG0 s101.i
                                                                             :ARG1 (s101.d / data
                                                                                           :mod (s101.p / preliminary))
                                                                             :ARG2 s101.y)
                                                              :mod (s101.c / cardinal)
                                                              :mod (s101.s / science)))))
   :snt102 (s102.d / data
                   :domain (s102.t / this
                                   :same-as s94.t)
                   :poss (s102.s / subject
                                 :quant "1"))
   :snt103 (s103.d / data
                   :domain (s103.t / this
                                   :same-as s94.t)
                   :mod (s103.i / in-fact)
                   :poss (s103.p / person
                                 :name (s103.n / name
                                               :op1 "Mike"
                                               :op2 "Pope")
                                 :same-as s87.a))
   :snt104 (s104.s / show-01
                   :ARG0 (s104.i / i
                                 :same-as s2.i)
                   :ARG1 (s104.a / amr-unknown)
                   :ARG2 (s104.y / you
                                 :same-as s5.y)
                   :location (s104.h / here))
   :snt105 (s105.a2 / and
                    :op1 (s105.l3 / light-up-08
                                  :ARG1 (s105.a3 / area
                                                 :mod (s105.l / language)
                                                 :poss (s105.h / he
                                                               :same-as s87.a)))
                    :op2 s105.l3
                    :rel (s105.n / name
                                 :op1 "Broca")
                    :rel (s105.a4 / area
                                  :part (s105.g / gyrus
                                                :ARG1-of (s105.i3 / inferior-01)
                                                :ARG1-of (s105.l2 / left-19)
                                                :mod (s105.f / frontal))
                                  :name-of s105.g)
                    :rel (s105.a5 / area)
                    :time (s105.a / and
                                  :op1 (s105.t / trade-01
                                               :ARG0 s105.h
                                               :ARG1 (s105.s / string-entity
                                                             :value "4")
                                               :ARG2 (s105.i / i
                                                             :same-as s2.i))
                                  :op2 (s105.i4 / instead-of-91
                                                :ARG1 (s105.i2 / improvise-01
                                                               :ARG0 s105.h)
                                                :ARG2 (s105.r / recite-01
                                                              :ARG0 s105.h))))
   :snt106 (s106.h / have-03
                   :ARG0 (s106.h2 / he
                                  :same-as s87.a)
                   :ARG1 (s106.i / it
                                 :mod (s106.r / racist
                                              :mod (s106.a2 / also))
                                 :same-as s105.a5)
                   :ARG1-of (s106.a / actual-02)
                   :ARG1-of (s106.r2 / right-08))
   :snt107 (s107.a / area
                   :ARG1-of (s107.i / involve-01
                                    :ARG1-of (s107.t / think-01)
                                    :ARG2 (s107.c / communicate-01
                                                  :ARG0-of (s107.e / express-01)))
                   :domain (s107.t2 / this))
   :snt108 (s108.a / and
                   :domain (s108.n2 / notion
                                    :mod (s108.w2 / whole)
                                    :mod (s108.t / this)
                                    :topic (s108.l / language
                                                   :domain (s108.m / music)))
                   :op1 (s108.p / possible-01
                                :ARG1 (s108.b / base-02
                                              :ARG1 s108.n2
                                              :mod (s108.n / neurology)
                                              :mod (s108.i / in-fact)))
                   :op2 (s108.p2 / possible-01
                                 :ARG1 (s108.s / see-01
                                               :ARG0 (s108.w / we)
                                               :ARG1 (s108.i2 / it)
                                               :time (s108.c / converse-01
                                                             :ARG0 (s108.m3 / musician
                                                                            :quant "2")
                                                             :ARG1 (s108.m2 / music)))))
   :snt109 (s109.a3 / and
                    :op1 (s109.d2 / do-02
                                  :ARG0 (s109.w / we
                                                :same-as s53.w)
                                  :ARG1 (s109.t / this)
                                  :ARG1-of (s109.a / actual-02)
                                  :time (s109.n / now)
                                  :topic (s109.s3 / subject
                                                  :quant "8"))
                    :op2 (s109.g / get-04
                                 :ARG0 s109.w
                                 :ARG0-of (s109.c / cause-01
                                                  :ARG1 (s109.h2 / hope-01
                                                                 :ARG0 s109.w
                                                                 :ARG1 (s109.h / have-03
                                                                               :ARG0 s109.w
                                                                               :ARG1 (s109.s2 / something
                                                                                              :ARG1-of (s109.s / say-01
                                                                                                               :ARG0 s109.w
                                                                                                               :manner (s109.m / meaningful-05)
                                                                                                               :topic (s109.i / it))))))
                                 :ARG1 (s109.t2 / together
                                                :domain (s109.d / data
                                                                :mod (s109.a2 / all)))
                                 :mod (s109.j / just)))
   :snt110 (s110.a / amr-unknown
                   :mod (s110.n / next)
                   :time (s110.t / think-01
                                 :ARG0 (s110.i / i
                                               :same-as s2.i)
                                 :ARG1 (s110.a2 / and
                                                :op1 (s110.i2 / improvise-01)
                                                :op2 (s110.l / language)))
                   :time (s110.n2 / now))
   :snt111 (s111.r / rap-02
                   :manner (s111.s / style
                                   :ARG1-of (s111.f / free-04))
                   :mod (s111.o / of-course))
   :snt112 (s112.a2 / and
                    :op2 (s112.f / fascinate-01
                                 :ARG0 (s112.s2 / style
                                                :ARG1-of (s112.f2 / free-04))
                                 :ARG1 (s112.i / i
                                               :same-as s2.i)
                                 :mod (s112.s / so)
                                 :time (s112.a / always)))
   :snt113 (s113.a2 / and
                    :op2 (s113.a3 / and
                                  :op1 (s113.g / go-06
                                               :ARG0 (s113.w / we)
                                               :ARG2 (s113.a / ahead)
                                               :mode "imperative")
                                  :op2 (s113.p / play-11
                                               :ARG0 s113.w
                                               :ARG1 (s113.v / video
                                                             :mod (s113.t / this)
                                                             :same-as s8.v)
                                               :location (s113.h / here))))
   :snt114 (s114.c / correlate-01
                   :quant (s114.l / lot)
                   :ARG1 (s114.f / form
                                 :mod (s114.m / music)
                                 :quant "2")
                   :ARG1-of (s114.t / think-01
                                    :ARG0 (s114.i / i
                                                  :same-as s2.i))
                   :mod (s114.i2 / in-fact)
                   :time (s114.p / period
                                 :ARG1-of (s114.d / differ-02)
                                 :mod (s114.t2 / time)))
   :snt115 (s115.s2 / serve-01
                    :ARG0 (s115.r / rap-02)
                    :ARG1 (s115.f / function-01
                                  :ARG0 s115.r
                                  :ARG1 (s115.s4 / society)
                                  :ARG1-of (s115.s / same-01
                                                   :ARG2 (s115.s3 / serve-01
                                                                  :ARG0 (s115.j / jazz)
                                                                  :ARG1 (s115.f2 / function-01
                                                                                 :ARG0 s115.j)
                                                                  :time (s115.u / use-03))))
                    :manner (s115.w / way
                                    :quant (s115.l / lot)))
   :snt116 (s116.s2 / study-01
                    :ARG0 (s116.y / you
                                  :same-as s2.i)
                    :ARG1 (s116.m / music
                                  :name (s116.n / name
                                                :op1 "rap")
                                  :same-as s115.r)
                    :manner (s116.a / amr-unknown)
                    :manner (s116.s / scientific))
   :snt117 (s117.a / and
                   :op2 (s117.c2 / contrast-01
                                 :ARG1 (s117.t / think-01
                                               :ARG0 (s117.p / person
                                                             :ARG0-of (s117.h / have-rel-role-91
                                                                              :ARG1 (s117.i / i
                                                                                            :same-as s2.i)
                                                                              :ARG2 (s117.c / colleague)))
                                               :ARG1 (s117.c3 / crazy-03
                                                              :ARG1 s117.i)
                                               :degree (s117.k / kind-of))
                                 :ARG2 (s117.t2 / think-01
                                                :ARG0 s117.i
                                                :ARG1 (s117.v2 / viable
                                                               :degree (s117.v / very)
                                                               :domain (s117.i2 / it
                                                                                :same-as s115.r)))))
   :snt118 (s118.a / and
                   :op2 (s118.d / do-02
                                :ARG0 (s118.y / you)
                                :ARG1 (s118.t3 / this)
                                :consist-of (s118.a3 / and
                                                     :op1 (s118.a2 / and
                                                                   :op1 (s118.c / come-01
                                                                                :ARG1 (s118.a4 / artist
                                                                                               :mod (s118.s / style
                                                                                                            :ARG3-of (s118.f / free-04))))
                                                                   :op2 (s118.r2 / recognize-02
                                                                                 :ARG0 s118.a4
                                                                                 :ARG1 (s118.r / rap
                                                                                               :ARG1-of (s118.w / write-01
                                                                                                                :ARG0 s118.a4
                                                                                                                :beneficiary (s118.t2 / they
                                                                                                                                      :same-as s118.a4))
                                                                                               :ARG1-of (s118.h2 / hear-01
                                                                                                                 :ARG0 s118.t2
                                                                                                                 :time (s118.e / ever)
                                                                                                                 :time (s118.b / before)
                                                                                                                 :polarity "-"))))
                                                     :op2 (s118.h / have-03
                                                                  :ARG0 s118.y
                                                                  :ARG1 s118.t2
                                                                  :time (s118.t / then)))))
   :snt119 (s119.c / cause-01
                   :ARG1 (s119.a / and
                                 :op1 (s119.t / tell-01
                                              :ARG0 (s119.i / i
                                                            :same-as s2.i)
                                              :ARG1 (s119.r / rap-02
                                                            :ARG0 s119.i
                                                            :beneficiary (s119.p2 / publication
                                                                                  :name (s119.n / name
                                                                                                :op1 "TED")))
                                              :ARG2 (s119.p / person
                                                            :ARG0-of (s119.h / have-org-role-91
                                                                             :ARG1 (s119.l / lab)
                                                                             :ARG2 (s119.m / member))
                                                            :same-as s117.p))
                                 :op2 (s119.s / say-01
                                              :ARG0 s119.p
                                              :ARG1 (s119.d / do-02
                                                            :ARG0 s119.i
                                                            :ARG1 s119.r
                                                            :polarity "-"))))
   :snt120 (s120.a / and
                   :op2 (s120.t3 / think-01
                                 :ARG0 (s120.i / i
                                               :same-as s2.i)
                                 :ARG1 (s120.c / contrast-01
                                               :ARG2 (s120.h / here
                                                             :location-of (s120.t2 / thing)))
                                 :time (s120.t / then)))
   :snt121 (s121.p / possible-01
                   :ARG1 (s121.r / rap-02
                                 :ARG0 (s121.y / you
                                               :mod (s121.a / all))
                                 :accompanier (s121.i / i
                                                      :same-as s2.i))
                   :instrument (s121.s / screen
                                       :mod (s121.b / big)
                                       :mod (s121.t / this)))
   :snt122 (s122.o / okay-04
                   :polarity (s122.a / amr-unknown))
   :snt123 (s123.h / have-04
                   :ARG0 (s123.w / we
                                 :same-as s53.w)
                   :ARG1 (s123.d / do-02
                                 :ARG0 (s123.t / they
                                               :same-as s117.p)
                                 :ARG1 (s123.r / recognize-02
                                               :ARG0 s123.t
                                               :ARG1 (s123.i / icon
                                                             :ARG1-of (s123.l / left-20)
                                                             :ARG1-of (s123.h2 / have-degree-91
                                                                               :ARG2 (s123.l2 / low-04
                                                                                              :ARG1 s123.i)
                                                                               :ARG3 (s123.m / more))
                                                             :mod (s123.s / sound-01)
                                                             :mod (s123.t2 / this))))
                   :mod (s123.p / please))
   :snt124 (s124.c / condition
                   :domain (s124.t / this
                                   :same-as s123.i)
                   :mod (s124.c2 / control-01))
   :snt125 (s125.r / recite-01
                   :ARG0 (s125.t / they
                                 :same-as s117.p)
                   :ARG1 (s125.t2 / this
                                  :same-as s123.i))
   :snt126 (s126.g / great
                   :domain (s126.p / person
                                   :ARG0-of (s126.s / style-01)
                                   :ARG1-of (s126.f / free-03)
                                   :domain (s126.c / cue
                                                   :topic (s126.w / word
                                                                  :ARG1-of (s126.d / differ-02)))
                                   :mod (s126.t / this))
                   :time (s126.n / now))
   :snt127 (s127.c2 / contrast-01
                    :ARG1 (s127.k / know-01
                                  :ARG0 (s127.t / they
                                                :same-as s126.s)
                                  :ARG1 (s127.t2 / thing
                                                 :ARG1-of (s127.c / come-01))
                                  :polarity "-")
                    :ARG2 (s127.h / hear-01
                                  :ARG0 s127.t
                                  :ARG1 (s127.s / something)
                                  :manner (s127.o / off-the-cuff)))
   :snt128 (s128.a2 / and
                    :op1 (s128.g / go-06
                                 :ARG0 (s128.y / you)
                                 :ARG2 (s128.a / ahead)
                                 :mode "imperative")
                    :op2 (s128.h / hit-02
                                 :ARG0 s128.y
                                 :ARG1 (s128.i / icon
                                               :ARG1-of (s128.r / right-03)
                                               :mod (s128.s / sound-02)
                                               :mod (s128.t / that))
                                 :mode "imperative"))
   :snt129 (s129.c / cue
                   :beneficiary (s129.t / they
                                        :same-as s126.s)
                   :domain (s129.w / word
                                   :example (s129.a / and
                                                    :op1 (s129.s2 / string-entity
                                                                  :polarity "-")
                                                    :op2 (s129.h / head))
                                   :mod (s129.s / square)
                                   :mod (s129.t2 / this)
                                   :quant "3"))
   :snt130 (s130.k / know-01
                   :ARG0 (s130.h / he)
                   :ARG1 (s130.t / thing
                                 :ARG1-of (s130.c / come-01))
                   :polarity "-")
   :snt131 (s131.d / do-02
                   :ARG0 (s131.i / it)
                   :ARG1 (s131.s / something
                                 :ARG1-of (s131.r / remarkable-02
                                                  :manner (s131.n / neurology))))
   :snt132 (s132.r / relevant-01
                   :ARG1 (s132.t / truth-value
                                 :polarity-of (s132.l / like-01
                                                      :ARG0 (s132.y / you)
                                                      :ARG1 (s132.m / music)))
                   :polarity "-")
   :snt133 (s133.t / thing
                   :ARG1-of (s133.s / speak-01
                                    :manner (s133.c / create-01))
                   :mod (s133.p / phenomenal)
                   :mod (s133.j / just))
   :snt134 (s134.v / video
                   :ARG1-of (s134.s2 / short-07)
                   :topic (s134.d / do-02
                                  :ARG0 (s134.w / we
                                                :same-as s53.w)
                                  :ARG1 (s134.t2 / this)
                                  :ARG1-of (s134.a / actual-02)
                                  :instrument (s134.t / thing
                                                      :ARG0-of (s134.s / scan-01))))
   :snt135 (s135.s / say-01
                   :ARG0 (s135.p / person
                                 :name (s135.n / name
                                               :op1 "CL"))
                   :ARG1 (s135.b / be-located-at-91
                                 :ARG1 (s135.w / we
                                               :same-as s53.w)
                                 :ARG2 (s135.h / here)
                                 :accompanier (s135.p2 / person
                                                       :name (s135.n2 / name
                                                                      :op1 "Emmanuel"))))
   :snt136 (s136.s / say-01
                   :ARG0 (s136.p / person
                                 :name (s136.n / name
                                               :op1 "CL")
                                 :same-as s90.p)
                   :ARG1 (s136.r / record-01
                                 :ARG1 (s136.t / that)
                                 :instrument (s136.t2 / thing
                                                      :ARG0-of (s136.s2 / scan-01)
                                                      :same-as s45.s))
                   :mod (s136.b / by-the-way))
   :snt137 (s137.s / say-01
                   :ARG0 (s137.p / person
                                 :name (s137.n / name
                                               :op1 "CL"))
                   :ARG1 (s137.p2 / person
                                  :name (s137.n2 / name
                                                 :op1 "Emmanuel")
                                  :domain (s137.t / that)
                                  :location (s137.t2 / thing
                                                     :ARG0-of (s137.s2 / scan-01)
                                                     :same-as s45.s
                                                     :same-as s135.p2)))
   :snt138 (s138.r / recite-01
                   :ARG0 (s138.h / he
                                 :same-as s135.p2)
                   :ARG1 (s138.r2 / rhyme)
                   :beneficiary (s138.w / we
                                        :same-as s53.w)
                   :mod (s138.j / just))
   :snt139 (s139.b / brain
                   :ARG1-of (s139.a / actual-02)
                   :domain (s139.t / this)
                   :mod (s139.w / well)
                   :part-of (s139.p / person
                                    :ARG0-of (s139.r / rap-02)
                                    :quant "4"))
   :snt140 (s140.a / and
                   :op2 (s140.c3 / contrast-01
                                 :ARG1 (s140.s / see-01
                                               :ARG0 (s140.w / we
                                                             :same-as s53.w)
                                               :ARG1 (s140.l2 / light-up-08
                                                              :ARG0 (s140.a2 / area
                                                                             :mod (s140.l / language))))
                                 :ARG2 (s140.g / get-02
                                               :ARG0 (s140.y / you
                                                             :part (s140.e / eye))
                                               :ARG1 (s140.l3 / light-up-08
                                                              :ARG1 (s140.a3 / area
                                                                             :ARG1-of (s140.m / major-02)
                                                                             :mod (s140.v / visual)))
                                               :time (s140.i / instead-of-91
                                                             :ARG2 (s140.c / Occupy)
                                                             :ARG2 (s140.r / remember-01
                                                                           :ARG0 s140.y))
                                               :time (s140.t / then)))
                   :rel (s140.c2 / close-01
                                 :ARG1 s140.e)
                   :rel (s140.s2 / style-01
                                 :ARG0 s140.y
                                 :ARG1 s140.y
                                 :ARG1-of s140.i
                                 :ARG3-of (s140.f / free-04)))
   :snt141 (s141.g / get-02
                   :ARG0 (s141.y / you)
                   :ARG1 (s141.a / activity-06
                                 :ARG0 (s141.c / cerebrum)
                                 :ARG1-of (s141.m / major-02)
                                 :ARG1-of (s141.i / involve-01
                                                  :ARG2 (s141.c2 / coordinate-01
                                                                 :manner (s141.m2 / motor)))))
   :snt142 (s142.a / activity-06
                   :ARG0 (s142.b / brain)
                   :ARG1-of (s142.h / heighten-01)
                   :time (s142.a2 / and
                                  :op1 (s142.d / do-02
                                               :ARG0 (s142.y / you)
                                               :ARG1 (s142.t / task
                                                             :ARG1-of (s142.c / compare-01
                                                                              :ARG1-of (s142.p / possible-01))))
                                  :op2 (s142.c2 / creative
                                                :domain (s142.t2 / task
                                                                 :mod (s142.o / one)
                                                                 :same-as s142.t))
                                  :op3 (s142.r / remember-01
                                               :ARG0 s142.y
                                               :ARG1 (s142.t3 / task
                                                              :mod (s142.o2 / other)))))
   :snt143 (s143.c / contrast-01
                   :ARG1 (s143.p / preliminary
                                 :degree (s143.v / very)
                                 :domain (s143.i2 / it))
                   :ARG2 (s143.t / think-01
                                 :ARG0 (s143.i / i
                                               :same-as s2.i)
                                 :ARG1 (s143.c2 / cool-04
                                                :ARG1 s143.i2
                                                :degree (s143.k / kind-of))))
   :snt144 (s144.a / and
                   :ARG1-of (s144.c / conclude-01
                                    :mod (s144.j / just))
                   :op1 (s144.g / get-02
                                :ARG0 (s144.w / we)
                                :ARG1 (s144.t / thing
                                              :quant (s144.l / lot)
                                              :ARG1-of (s144.q / question-01)
                                              :ARG1-of (s144.a4 / ask-01
                                                                :ARG0 s144.w)))
                   :op2 (s144.a2 / and
                                 :ARG1-of (s144.s / say-01
                                                  :ARG0 (s144.i / i
                                                                :same-as s2.i))
                                 :op1 (s144.a5 / ask-01
                                               :ARG0 s144.w
                                               :ARG1 (s144.q2 / question-01
                                                              :ARG0 s144.w)
                                               :location (s144.h / here))
                                 :op2 (s144.a3 / answer-01
                                               :ARG0 s144.w
                                               :ARG1 s144.t
                                               :polarity "-"))
                   :rel (s144.r / resemble-01
                                :ARG2 s144.s))
   :snt145 (s145.c3 / contrast-01
                    :ARG2 (s145.a / and
                                  :op1 (s145.w / want-01
                                               :ARG0 (s145.w2 / we)
                                               :ARG1 (s145.g2 / get-05
                                                              :ARG1 s145.w2
                                                              :ARG2 (s145.r / root-02
                                                                            :ARG1 (s145.g / genius
                                                                                          :mod (s145.c4 / creative))
                                                                            :manner (s145.c2 / constitutional))))
                                  :op2 (s145.t2 / think-01
                                                :ARG0 (s145.i / i
                                                              :same-as s2.i)
                                                :ARG1 (s145.c / close-06
                                                              :ARG1 s145.w2
                                                              :ARG2 (s145.t / there
                                                                            :ARG2-of (s145.b / be-located-at-91
                                                                                             :ARG1 s145.w2))
                                                              :instrument (s145.m / method
                                                                                  :mod (s145.t3 / this))))))
   :snt146 (s146.a3 / and
                    :op1 (s146.s3 / see-01
                                  :ARG0 (s146.y3 / you)
                                  :ARG1 (s146.s5 / study-01
                                                 :ARG0-of (s146.m / meaningful-05)
                                                 :ARG0-of (s146.s / say-01
                                                                  :ARG1 (s146.o / obligate-01
                                                                                :ARG1 (s146.s2 / science)
                                                                                :ARG2 (s146.c / catch-up-04
                                                                                              :ARG1 s146.s2
                                                                                              :ARG2 (s146.a4 / art))))
                                                 :ARG1-of (s146.r / real-04))
                                  :ARG1-of (s146.a / actual-02)
                                  :ARG1-of (s146.h / hope-01)
                                  :time (s146.a2 / after
                                                 :quant (s146.b / between
                                                                :op1 (s146.t2 / temporal-quantity
                                                                              :unit (s146.y / year)
                                                                              :quant "10")
                                                                :op2 (s146.t / temporal-quantity
                                                                             :unit (s146.y2 / year)
                                                                             :quant "20"))
                                                 :op1 (s146.n / now)))
                    :op2 (s146.t3 / think-01
                                  :ARG0 (s146.i / i
                                                :same-as s2.i))
                    :op2 (s146.p / possible-01
                                 :ARG1 (s146.s4 / start-01
                                                :ARG0 (s146.w / we)
                                                :ARG1 (s146.g / get-05
                                                              :ARG1 s146.w
                                                              :ARG2 s146.c)
                                                :time (s146.n2 / now))))
   :snt147 (s147.a / and
                   :op2 (s147.c / cause-01
                                :ARG1 (s147.w / want-01
                                              :ARG0 (s147.i / i
                                                            :same-as s2.i)
                                              :ARG1 (s147.t / thank-01
                                                            :ARG0 s147.i
                                                            :ARG1 (s147.y / you
                                                                          :same-as s2.i)
                                                            :ARG2 (s147.t2 / time
                                                                           :poss s147.y)))))
   :snt148 (s148.a / appreciate-02
                   :ARG0 (s148.i / i
                                 :same-as s2.i)
                   :ARG1 (s148.i2 / it)))

