# ::id doc-70
# ::doc_file doc-70
# ::tok http : / / www . ted . com / talks / andrew_fitzgerald_adventures_in_twitter_fiction< / url> <next_sent> So in my free time outside of Twitter I experiment a little bit with telling stories online , experimenting with what we can do with new digital tools . <next_sent> And in my job at Twitter , I actually spent a little bit of time working with authors and storytellers as well , helping to expand out the bounds of what people are experimenting with . <next_sent> And I want to talk through some examples today of things that people have done that I think are really fascinating using flexible identity and anonymity on the web and blurring the lines between fact and fiction . <next_sent> But I want to start and go back to the 1930 s . <next_sent> Long before a little thing called Twitter , radio brought us broadcasts and connected millions of people to single points of broadcast . <next_sent> And from those single points emanated stories . <next_sent> Some of them were familiar stories . <next_sent> Some of them were new stories . <next_sent> And for a while they were familiar formats , but then radio began to evolve its own unique formats specific to that medium . <next_sent> Think about episodes that happened live on radio . <next_sent> Combining the live play and the serialization of written fiction , you get this new format . <next_sent> And the reason why I bring up radio is that I think radio is a great example of how a new medium defines new formats which then define new stories . <next_sent> And of course , today , we have an entirely new medium to play with , which is this online world . <next_sent> This is the map of verified users on Twitter and the connections between them . <next_sent> There are thousands upon thousands of them . <next_sent> Every single one of these points is its own broadcaster . <next_sent> We 've gone to this world of many to many , where access to the tools is the only barrier to broadcasting . <next_sent> And I think that we should start to see wildly new formats emerge as people learn how to tell stories in this new medium . <next_sent> I actually believe that we are in a wide open frontier for creative experimentation , if you will , that we 've explored and begun to settle this wild land of the Internet and are now just getting ready to start to build structures on it , and those structures are the new formats of storytelling that the Internet will allow us to create . <next_sent> I believe this starts with an evolution of existing methods . <next_sent> The short story , for example , people are saying that the short story is experiencing a renaissance of sorts thanks to e - readers , digital marketplaces . <next_sent> One writer , Hugh Howey , experimented with short stories on Amazon by releasing one very short story called " Wool . " <next_sent> And he actually says that he did n't intend for " Wool " to become a series , but that the audience loved the first story so much they demanded more , and so he gave them more . <next_sent> He gave them " Wool 2 , " which was a little bit longer than the first one , " Wool 3 , " which was even longer , culminating in " Wool 5 , " which was a 60,000 - word novel . <next_sent> I think Howey was able to do all of this because he had the quick feedback system of e - books . <next_sent> He was able to write and publish in relatively short order . <next_sent> There was no mediator between him and the audience . <next_sent> It was just him directly connected with his audience and building on the feedback and enthusiasm that they were giving him . <next_sent> So this whole project was an experiment . <next_sent> It started with the one short story , and I think the experimentation actually became a part of Howey 's format . <next_sent> And that 's something that this medium enabled , was experimentation being a part of the format itself . <next_sent> This is a short story by the author Jennifer Egan called " Black Box . " <next_sent> It was originally written specifically with Twitter in mind . <next_sent> Egan convinced The New Yorker to start a New Yorker fiction account from which they could tweet all of these lines that she created . <next_sent> Now Twitter , of course , has a 140 - character limit . <next_sent> Egan mocked that up just writing manually in this storyboard sketchbook , used the physical space constraints of those storyboard squares to write each individual tweet , and those tweets ended up becoming over 600 of them that were serialized by The New Yorker . <next_sent> Every night , at 8 p . m. , you could tune in to a short story from The New Yorker 's fiction account . <next_sent> I think that 's pretty exciting : tune - in literary fiction . <next_sent> The experience of Egan 's story , of course , like anything on Twitter , there were multiple ways to experience it . <next_sent> You could scroll back through it , but interestingly , if you were watching it live , there was this suspense that built because the actual tweets , you had no control over when you would read them . <next_sent> They were coming at a pretty regular clip , but as the story was building , normally , as a reader , you control how fast you move through a text , but in this case , The New Yorker did , and they were sending you bit by bit by bit , and you had this suspense of waiting for the next line . <next_sent> Another great example of fiction and the short story on Twitter , Elliott Holt is an author who wrote a story called " Evidence . " <next_sent> It began with this tweet : " On November 28 at 10:13 p . m. , a woman identified as Miranda Brown , 44 , of Brooklyn , fell to her death from the roof of a Manhattan hotel . " <next_sent> It begins in Elliott 's voice , but then Elliott 's voice recedes , and we hear the voices of Elsa , Margot and Simon , characters that Elliott created on Twitter specifically to tell this story , a story from multiple perspectives leading up to this moment at 10:13 p . m. <next_sent> when this woman falls to her death . <next_sent> These three characters brought an authentic vision from multiple perspectives . <next_sent> One reviewer called Elliott 's story " Twitter fiction done right , " because she did . <next_sent> She captured that voice and she had multiple characters and it happened in real time . <next_sent> Interestingly , though , it was n't just Twitter as a distribution mechanism . <next_sent> It was also Twitter as a production mechanism . <next_sent> Elliott told me later she wrote the whole thing with her thumbs . <next_sent> She laid on the couch and just went back and forth between different characters tweeting out each line , line by line . <next_sent> I think that this kind of spontaneous creation of what was coming out of the characters ' voices really lent an authenticity to the characters themselves , but also to this format that she had created of multiple perspectives in a single story on Twitter . <next_sent> As you begin to play with flexible identity online , it gets even more interesting as you start to interact with the real world . <next_sent> Things like Invisible Obama or the famous " binders full of women " that came up during the 2012 election cycle , or even the fan fiction universe of " West Wing " Twitter in which you have all of these accounts for every single one of the characters in " The West Wing , " including the bird that taps at Josh Lyman 's window in one single episode . <next_sent> All of these are rapid iterations on a theme . <next_sent> They are creative people experimenting with the bounds of what is possible in this medium . <next_sent> You look at something like " West Wing " Twitter , in which you have these fictional characters that engage with the real world . <next_sent> They comment on politics , they cry out against the evils of Congress . <next_sent> Keep in mind , they 're all Democrats . <next_sent> And they engage with the real world . <next_sent> They respond to it . <next_sent> So once you take flexible identity , anonymity , engagement with the real world , and you move beyond simple homage or parody and you put these tools to work in telling a story , that 's when things get really interesting . <next_sent> So during the Chicago mayoral election there was a parody account . <next_sent> It was Mayor Emanuel . <next_sent> It gave you everything you wanted from Rahm Emanuel , particularly in the expletive department . <next_sent> This foul - mouthed account followed the daily activities of the race , providing commentary as it went . <next_sent> It followed all of the natural tropes of a good , solid Twitter parody account , but then started to get weird . <next_sent> And as it progressed , it moved from this commentary to a multi - week , re al-time science fiction epic in which your protagonist , Rahm Emanuel , engages in multi - dimensional travel on election day , which is -- it did n't actually happen . <next_sent> I double checked the newspapers . <next_sent> And then , very interestingly , it came to an end . <next_sent> This is something that does n't usually happen with a Twitter parody account . <next_sent> It ended , a true narrative conclusion . <next_sent> And so the author , Dan Sinker , who was a journalist , who was completely anonymous this whole time , I think Dan -- it made a lot of sense for him to turn this into a book , because it was a narrative format in the end , and I think that turning it into a book is representative of this idea that he had created something new that needed to be translated into previous formats . <next_sent> One of my favorite examples of something that 's happening on Twitter right now , actually , is the very absurdist Crimer Show . <next_sent> Crimer Show tells the story of a supercriminal and a hapless detective that face off in this exceptionally strange lingo , with all of the tropes of a television show . <next_sent> Crimer Show 's creator has said that it is a parody of a popular type of show in the U.K. , but , man , is it weird . <next_sent> And there are all these times where Crimer , the supercriminal , does all of these TV things . <next_sent> He 's always taking off his sunglasses or turning to the camera , but these things just happen in text . <next_sent> I think borrowing all of these tropes from television and additionally presenting each Crimer Show as an episode , spelled E - P - P - A - S - O - D , " eppasod , " presenting them as episodes really , it creates something new . <next_sent> There is a new " eppasod " of Crimer Show on Twitter pretty much every day , and they 're archived that way . <next_sent> And I think this is an interesting experiment in format . <next_sent> Something totally new has been created here out of parodying something on television . <next_sent> I think in nonfiction re al-time storytelling , there are a lot of really excellent examples as well . <next_sent> RealTimeWWII is an account that documents what was happening on this day 60 years ago in exceptional detail , as if you were reading the news reports from that day . <next_sent> And the author Teju Cole has done a lot of experimentation with putting a literary twist on events of the news . <next_sent> In this particular case , he 's talking about drone strikes . <next_sent> I think that in both of these examples , you 're beginning to see ways in which people are telling stories with nonfiction content that can be built into new types of fictional storytelling . <next_sent> So with re al-time storytelling , blurring the lines between fact and fiction , the real world and the digital world , flexible identity , anonymity , these are all tools that we have accessible to us , and I think that they 're just the building blocks . <next_sent> They are the bits that we use to create the structures , the frames , that then become our settlements on this wide open frontier for creative experimentation . <next_sent> Thank you .
(d / document
   :snt1 (s1.u / url-entity
               :value "Magic")
   :snt2 (s2.c / cause-01
               :ARG1 (s2.e / experiment-01
                           :ARG0 (s2.i / i)
                           :ARG1 (s2.t / tell-01
                                       :ARG0 s2.i
                                       :ARG1 (s2.s / story)
                                       :medium (s2.o / online))
                           :degree (s2.b / bit
                                         :mod (s2.l / little))
                           :manner (s2.e2 / experiment-01
                                          :ARG0 s2.i
                                          :ARG1 (s2.t2 / thing
                                                       :ARG1-of (s2.d2 / do-02
                                                                       :ARG0 (s2.w / we)
                                                                       :ARG1-of (s2.p / possible-01)
                                                                       :ARG3 (s2.t4 / tool
                                                                                    :ARG1-of (s2.n2 / new-01)
                                                                                    :mod (s2.d / digital)))))
                           :time (s2.t3 / time
                                        :ARG1-of (s2.f / free-04)
                                        :mod (s2.o2 / outside
                                                    :op1 (s2.p2 / publication
                                                                :name (s2.n / name
                                                                            :op1 "Twitter")))
                                        :poss s2.i)))
   :snt3 (s3.a2 / and
                :op2 (s3.s / spend-02
                           :ARG0 (s3.i / i
                                       :same-as s2.i)
                           :ARG1 (s3.t3 / time
                                        :quant (s3.b / bit
                                                     :mod (s3.l / little)))
                           :ARG1-of (s3.a / actual-02)
                           :ARG2 (s3.w / work-01
                                       :ARG0 s3.i
                                       :ARG2 (s3.h / help-01
                                                   :ARG0 s3.i
                                                   :ARG1 (s3.e / expand-01
                                                               :ARG1 (s3.b2 / bound-09
                                                                            :ARG0 (s3.t2 / thing
                                                                                         :ARG1-of (s3.e2 / experiment-01
                                                                                                         :ARG0 (s3.p3 / person))))
                                                               :direction (s3.o / out)))
                                       :ARG3 (s3.a3 / and
                                                    :op1 (s3.p / person
                                                               :ARG0-of (s3.a5 / author-01))
                                                    :op2 (s3.p2 / person
                                                                :ARG0-of (s3.t / tell-01
                                                                               :ARG1 (s3.s2 / story))))
                                       :mod (s3.a4 / as-well))
                           :prep-in (s3.j / job
                                          :location (s3.p4 / publication
                                                           :name (s3.n / name
                                                                       :op1 "Twitter")
                                                           :same-as s2.p2)
                                          :poss s3.i)))
   :snt4 (s4.a / and
               :op2 (s4.w / want-01
                          :ARG0 (s4.i / i
                                      :same-as s2.i)
                          :ARG1 (s4.t / talk-01
                                      :ARG0 s4.i
                                      :ARG1 (s4.t2 / thing
                                                   :quant (s4.s / some)
                                                   :example-of (s4.t3 / thing
                                                                      :ARG0-of (s4.f2 / fascinate-01
                                                                                      :ARG1 (s4.a2 / and
                                                                                                   :op1 (s4.u / use-01
                                                                                                              :ARG0 (s4.p / person)
                                                                                                              :ARG1 (s4.a3 / and
                                                                                                                           :location (s4.w2 / web)
                                                                                                                           :op1 (s4.i2 / identity
                                                                                                                                       :ARG1-of (s4.f4 / flexible-03))
                                                                                                                           :op2 (s4.a4 / anonymity)))
                                                                                                   :op2 (s4.b2 / blur-01
                                                                                                               :ARG0 s4.p
                                                                                                               :ARG1 (s4.l / line
                                                                                                                           :mod (s4.b / between
                                                                                                                                      :op1 (s4.f / fact)
                                                                                                                                      :op2 (s4.f3 / fiction)))))
                                                                                      :ARG1-of (s4.t4 / think-01
                                                                                                      :ARG0 s4.i)
                                                                                      :degree (s4.r / really))
                                                                      :ARG1-of (s4.d / do-02
                                                                                     :ARG0 s4.p)))
                                      :time (s4.t5 / today))))
   :snt5 (s5.c / contrast-01
               :ARG2 (s5.w / want-01
                           :ARG0 (s5.i / i
                                       :same-as s2.i)
                           :ARG1 (s5.a / and
                                       :op1 (s5.s / start-01
                                                  :ARG0 s5.i)
                                       :op2 (s5.g / go-back-19
                                                  :ARG1 s5.i
                                                  :ARG2 (s5.d / date-entity
                                                              :decade "1930")))))
   :snt6 (s6.a / and
               :op1 (s6.b2 / bring-01
                           :ARG0 (s6.r / radio)
                           :ARG1 (s6.b3 / broadcast-01)
                           :ARG2 (s6.w / we))
               :op2 (s6.c / connect-01
                          :ARG0 s6.r
                          :ARG1 (s6.p / person
                                      :quant (s6.m / multiple
                                                   :op1 "1000000"))
                          :ARG2 (s6.p2 / point
                                       :ARG1-of (s6.s / single-02)
                                       :location-of (s6.b4 / broadcast-01)))
               :time (s6.b / before
                           :ARG1-of (s6.l2 / long-03)
                           :op1 (s6.t / thing
                                      :name (s6.n / name
                                                  :op1 "Twitter")
                                      :mod (s6.l / little)
                                      :same-as s2.p2)))
   :snt7 (s7.a / and
               :op2 (s7.e / emanate-01
                          :ARG1 (s7.s2 / story)
                          :ARG2 (s7.p / point
                                      :ARG1-of (s7.s / single-02)
                                      :mod (s7.t / that)
                                      :same-as s6.p2)))
   :snt8 (s8.i / include-91
               :ARG1 (s8.s2 / story
                            :ARG1-of (s8.f / familiarize-01))
               :ARG2 (s8.s3 / story)
               :ARG3 (s8.s / some))
   :snt9 (s9.i / include-91
               :ARG1 (s9.s2 / story
                            :ARG1-of (s9.n / new-01))
               :ARG3 (s9.s / some))
   :snt10 (s10.a / and
                 :concession-of (s10.b / begin-01
                                       :ARG0 (s10.r / radio)
                                       :ARG1 (s10.e / evolve-01
                                                    :ARG1 s10.r
                                                    :ARG2 (s10.f3 / format
                                                                  :ARG1-of (s10.u / unique-01)
                                                                  :ARG1-of (s10.s / specific-02
                                                                                  :ARG2 (s10.m / medium
                                                                                               :mod (s10.t / that)
                                                                                               :same-as s10.r))
                                                                  :poss s10.r))
                                       :time (s10.t2 / then))
                 :op1 (s10.f2 / format
                              :ARG1-of (s10.f / familiarize-01
                                              :ARG2 (s10.t3 / they
                                                            :same-as s7.s2)
                                              :duration (s10.w / while))))
   :snt11 (s11.t / think-01
                 :ARG0 (s11.y / you)
                 :ARG1 (s11.e / episode
                              :manner (s11.l / live)
                              :medium (s11.r / radio))
                 :mode "imperative")
   :snt12 (s12.g / get-01
                 :ARG0 (s12.y / you)
                 :ARG1 (s12.f2 / format
                               :ARG1-of (s12.n / new-01)
                               :mod (s12.t / this))
                 :ARG2 (s12.c / combine-01
                              :ARG0 s12.y
                              :ARG1 (s12.p / play-11
                                           :mod (s12.l / live))
                              :ARG2 (s12.p2 / publicize-01
                                            :ARG1 (s12.f / fiction
                                                         :ARG1-of (s12.w / write-01)))))
   :snt13 (s13.a / and
                 :op2 (s13.c / cause-01
                             :ARG0 (s13.t3 / think-01
                                           :ARG0 (s13.i / i
                                                        :same-as s2.i)
                                           :ARG1 (s13.e / exemplify-01
                                                        :ARG0 (s13.r / radio)
                                                        :ARG1 (s13.t2 / thing
                                                                      :ARG2-of (s13.d / define-01
                                                                                      :ARG0 (s13.m / medium
                                                                                                   :ARG1-of (s13.n / new-01
                                                                                                                   :ARG1 (s13.f / format
                                                                                                                                :ARG0-of (s13.d2 / define-01
                                                                                                                                                 :ARG1 (s13.s / story
                                                                                                                                                              :ARG1-of (s13.n2 / new-01))
                                                                                                                                                 :time (s13.t / then)))))
                                                                                      :ARG1 s13.f))
                                                        :mod (s13.g / great)))
                             :ARG1 (s13.b / bring-up-02
                                          :ARG0 s13.i
                                          :ARG1 s13.r)))
   :snt14 (s14.a / and
                 :mod (s14.o / of-course)
                 :op1 (s14.h / have-03
                             :ARG0 (s14.w / we)
                             :ARG1 (s14.m / medium
                                          :ARG1-of (s14.n / new-01
                                                          :degree (s14.e / entire))
                                          :ARG2-of (s14.p / play-01
                                                          :ARG0 s14.w)
                                          :domain (s14.w2 / world
                                                          :mod (s14.o2 / online)
                                                          :mod (s14.t / this)))
                             :time (s14.t2 / today)))
   :snt15 (s15.a / and
                 :op1 (s15.m / map
                             :consist-of (s15.p / person
                                                :ARG0-of (s15.u / use-01
                                                                :ARG1 (s15.p2 / publication
                                                                              :name (s15.n / name
                                                                                           :op1 "Twitter")
                                                                              :same-as s2.p2))
                                                :ARG1-of (s15.v / verify-01))
                             :mod (s15.t / this))
                 :op2 (s15.c / connect-01
                             :ARG2 s15.p))
   :snt16 (s16.t / they
                 :quant (s16.u / upon
                               :op1 (s16.m / multiple
                                           :op1 "1000"))
                 :same-as s15.p)
   :snt17 (s17.b / broadcast-01
                 :ARG0 (s17.p / point
                              :ARG1-of (s17.i / include-91
                                              :ARG2 (s17.p2 / point
                                                            :mod (s17.t / this)
                                                            :same-as s15.p))
                              :ARG1-of (s17.s / single-02)
                              :mod (s17.e / every)
                              :ARG1-of s17.b))
   :snt18 (s18.g / go-02
                 :ARG0 (s18.w / we)
                 :ARG4 (s18.w2 / world
                               :quant (s18.b2 / between
                                              :op1 (s18.m / many))
                               :location-of (s18.b / barrier
                                                   :beneficiary (s18.b3 / broadcast-01)
                                                   :domain (s18.a / access-01
                                                                  :ARG1 (s18.t2 / tool))
                                                   :mod (s18.o / only))
                               :mod (s18.t / this)))
   :snt19 (s19.a / and
                 :op2 (s19.t3 / think-01
                              :ARG0 (s19.i / i
                                           :same-as s2.i)
                              :ARG1 (s19.r / recommend-01
                                           :ARG1 (s19.s2 / start-01
                                                         :ARG0 (s19.w / we)
                                                         :ARG1 (s19.s / see-01
                                                                      :ARG0 s19.w
                                                                      :ARG1 (s19.e / emerge-02
                                                                                   :ARG0 (s19.f / format
                                                                                                :ARG1-of (s19.n / new-01
                                                                                                                :ARG1 (s19.m / medium
                                                                                                                             :mod (s19.t4 / this))
                                                                                                                :degree (s19.w2 / wild)))
                                                                                   :time (s19.l / learn-01
                                                                                                :ARG0 (s19.p / person)
                                                                                                :ARG1 (s19.t2 / thing
                                                                                                              :manner-of (s19.t / tell-01
                                                                                                                                :ARG0 s19.p
                                                                                                                                :ARG1 (s19.s3 / story)
                                                                                                                                :medium s19.m)))))))))
   :snt20 (s20.b3 / believe-01
                  :ARG0 (s20.i / i
                               :same-as s2.i)
                  :ARG1 (s20.b / be-located-at-91
                               :ARG1 (s20.w / we)
                               :ARG2 (s20.f2 / frontier
                                             :purpose (s20.e / experiment-01
                                                             :manner (s20.c2 / creative))
                                             :ARG1-of (s20.o / open-07)
                                             :ARG1-of (s20.w2 / wide-02))
                               :condition (s20.w4 / will-02
                                                  :ARG0 (s20.y / you)
                                                  :ARG1 s20.b))
                  :ARG1-of (s20.a / actual-02)
                  :rel (s20.e2 / explore-01
                               :ARG0 s20.w
                               :ARG1 (s20.l / land
                                            :mod (s20.w3 / wild)
                                            :mod (s20.t2 / this)
                                            :poss (s20.i2 / internet
                                                          :same-as s4.w2)))
                  :rel (s20.a3 / and
                               :op1 s20.b
                               :op2 (s20.b2 / begin-01
                                            :ARG0 s20.w
                                            :ARG1 (s20.s / settle-03
                                                         :ARG0 s20.w
                                                         :ARG1 s20.l))
                               :op3 (s20.r / ready-01
                                           :ARG0 s20.w
                                           :ARG1 (s20.s2 / start-01
                                                         :ARG0 s20.w
                                                         :ARG1 (s20.b4 / build-01
                                                                       :ARG0 s20.w
                                                                       :ARG1 (s20.s3 / structure)
                                                                       :location s20.l))
                                           :mod (s20.j / just)
                                           :time (s20.n2 / now))
                               :op4 (s20.f / format
                                           :ARG1-of (s20.n / new-01)
                                           :ARG1-of (s20.c / create-01
                                                           :ARG0 s20.w
                                                           :ARG1-of (s20.a2 / allow-01
                                                                            :ARG0 (s20.i3 / internet
                                                                                          :same-as s4.w2)))
                                           :domain s20.s3
                                           :mod (s20.t / tell-01))))
   :snt21 (s21.b / believe-01
                 :ARG0 (s21.i / i
                              :same-as s2.i)
                 :ARG1 (s21.s / start-01
                              :ARG1 (s21.t / this)
                              :ARG2 (s21.e / evolve-01
                                           :ARG1 (s21.m / method
                                                        :ARG1-of (s21.e2 / exist-01)))))
   :snt22 (s22.s / say-01
                 :ARG0 (s22.p / person)
                 :ARG0-of (s22.e2 / exemplify-01)
                 :ARG1 (s22.e3 / experience-01
                               :ARG0 (s22.s4 / story
                                             :ARG1-of (s22.s2 / short-07))
                               :ARG1 (s22.r2 / renaissance
                                             :ARG1-of (s22.c / cause-01
                                                             :ARG0 (s22.t / thing
                                                                          :ARG0-of (s22.m / market-01
                                                                                          :mod (s22.d / digital))
                                                                          :mod (s22.p2 / person
                                                                                       :ARG0-of (s22.r / read-01
                                                                                                       :ARG1 (s22.e / electronics)))))
                                             :mod (s22.s3 / sort))))
   :snt23 (s23.e / experiment-01
                 :ARG0 (s23.p / person
                              :name (s23.n / name
                                           :op1 "Hugh"
                                           :op2 "Howey")
                              :ARG0-of (s23.w / write-01)
                              :quant "1")
                 :ARG1 (s23.s3 / story
                               :ARG1-of (s23.s / short-07))
                 :manner (s23.r / release-01
                                :ARG0 s23.p
                                :ARG1 (s23.s4 / story
                                              :ARG1-of (s23.s2 / short-07
                                                               :degree (s23.v / very))
                                              :ARG1-of (s23.c / call-01
                                                              :ARG2 (s23.n3 / name
                                                                            :op1 "Wool"))
                                              :quant "1"))
                 :medium (s23.c2 / company
                                 :name (s23.n2 / name
                                               :op1 "Amazon")))
   :snt24 (s24.a2 / and
                  :op2 (s24.s / say-01
                              :ARG0 (s24.h3 / he
                                            :same-as s23.p)
                              :ARG1 (s24.c2 / contrast-01
                                            :ARG1 (s24.i / intend-01
                                                         :ARG0 s24.h3
                                                         :ARG1 (s24.b / become-01
                                                                      :ARG1 (s24.b2 / book
                                                                                    :name (s24.n / name
                                                                                                 :op1 "Wool"))
                                                                      :ARG2 (s24.s2 / series))
                                                         :polarity "-"))
                              :ARG1-of (s24.a / actual-02))
                  :rel (s24.l / love-01
                              :ARG0 (s24.a3 / audience)
                              :ARG0-of (s24.c / cause-01
                                              :ARG1 (s24.g / give-01
                                                           :ARG0 s24.h3
                                                           :ARG1 (s24.m / more
                                                                        :ARG1-of (s24.h2 / have-quant-91
                                                                                         :ARG3 (s24.m2 / more)))
                                                           :ARG2 s24.a3))
                              :ARG1 (s24.s4 / story
                                            :ord (s24.o / ordinal-entity
                                                        :value "1")
                                            :same-as s23.s4)
                              :ARG1-of (s24.h / have-degree-91
                                              :ARG2 (s24.m3 / much)
                                              :ARG3 (s24.s3 / so)
                                              :ARG6 (s24.d / demand-01
                                                           :ARG0 s24.a3))))
   :snt25 (s25.g / give-01
                 :ARG0 (s25.h3 / he
                               :same-as s23.p)
                 :ARG2 (s25.t / they
                              :same-as s24.a3)
                 :rel (s25.p / product
                             :name (s25.n / name
                                          :op1 "Wool"
                                          :op2 "2")
                             :ARG1-of (s25.h / have-degree-91
                                             :ARG2 (s25.l2 / long-03
                                                           :ARG1 (s25.b / bit
                                                                        :mod (s25.l / little)))
                                             :ARG3 (s25.m / more
                                                          :quant s25.b)
                                             :ARG4 (s25.p3 / publication
                                                           :name (s25.n2 / name
                                                                         :op1 "Wool"
                                                                         :op2 "3")
                                                           :ARG1-of (s25.c / culminate-01
                                                                           :ARG2 (s25.p2 / product
                                                                                         :name s25.n2
                                                                                         :domain (s25.n3 / novel
                                                                                                         :consist-of (s25.w / word
                                                                                                                            :quant "60"))
                                                                                         :op2 "5")))))
                 :rel (s25.o / ordinal-entity
                             :value "1"
                             :same-as s23.s4)
                 :rel (s25.l3 / long-03
                              :ARG2-of (s25.h2 / have-degree-91
                                               :ARG3 (s25.m2 / more
                                                             :mod (s25.e / even)))
                              :mod s25.e))
   :snt26 (s26.t / think-01
                 :ARG0 (s26.i / i
                              :same-as s2.i)
                 :ARG1 (s26.p2 / possible-01
                               :ARG1 (s26.d / do-02
                                            :ARG0 (s26.p / person
                                                         :name (s26.n / name
                                                                      :op1 "Howey")
                                                         :same-as s23.p)
                                            :ARG1 (s26.t2 / this
                                                          :mod (s26.a / all)))
                               :ARG1-of (s26.c / cause-01
                                               :ARG0 (s26.h / have-03
                                                            :ARG0 s26.p
                                                            :ARG1 (s26.s / system
                                                                         :mod (s26.f / feedback
                                                                                     :ARG1-of (s26.q / quick-02))
                                                                         :mod (s26.b / book
                                                                                     :mod (s26.e / electronics)))))))
   :snt27 (s27.p / possible-01
                 :ARG1 (s27.a / and
                              :ARG1-of (s27.o / order-02
                                              :ARG1-of (s27.s / short-07
                                                              :ARG2-of (s27.r / relative-05)))
                              :op1 (s27.w / write-01
                                          :ARG0 (s27.h / he
                                                       :same-as s23.p))
                              :op2 (s27.p2 / publish-01
                                           :ARG0 s27.h)))
   :snt28 (s28.p / person
                 :ARG0-of (s28.m / mediate-01
                                 :ARG1 (s28.h / he
                                              :same-as s23.p)
                                 :ARG2 (s28.a / audience))
                 :polarity "-")
   :snt29 (s29.a / and
                 :op1 (s29.c / connect-01
                             :ARG1 (s29.h / he)
                             :ARG1-of (s29.d / direct-02)
                             :ARG2 (s29.a3 / audience
                                           :poss s29.h
                                           :same-as s24.a3)
                             :mod (s29.j / just))
                 :op2 (s29.b / build-02
                             :ARG0 s29.h
                             :ARG1 (s29.a2 / and
                                           :ARG1-of (s29.g / give-01
                                                           :ARG0 s29.a3
                                                           :ARG2 s29.h)
                                           :op1 (s29.f / feedback)
                                           :op2 (s29.e / enthusiasm))))
   :snt30 (s30.i / infer-01
                 :ARG1 (s30.e / experiment-01
                              :ARG1 (s30.p / project
                                           :mod (s30.w / whole)
                                           :mod (s30.t / this))))
   :snt31 (s31.a2 / and
                  :op1 (s31.s2 / start-01
                               :ARG1 (s31.i2 / it
                                             :same-as s30.p)
                               :ARG2 (s31.s3 / story
                                             :ARG1-of (s31.s / short-07)
                                             :quant "1"
                                             :same-as s23.s4))
                  :op2 (s31.t / think-01
                              :ARG0 (s31.i / i
                                           :same-as s2.i)
                              :ARG1 (s31.b / become-01
                                           :ARG1 (s31.e / experiment-01)
                                           :ARG1-of (s31.a / actual-02)
                                           :ARG2 (s31.p / part
                                                        :part-of (s31.f / format
                                                                        :poss (s31.p2 / person
                                                                                      :name (s31.n / name
                                                                                                   :op1 "Howey")
                                                                                      :same-as s23.p))))))
   :snt32 (s32.a / and
                 :op2 (s32.e / enable-01
                             :ARG0 (s32.m / medium
                                          :mod (s32.t / this)
                                          :same-as s19.m)
                             :ARG1 (s32.s / something
                                          :domain (s32.h / have-part-91
                                                         :ARG1 (s32.f / format)
                                                         :ARG2 (s32.e2 / experiment-01)))))
   :snt33 (s33.s2 / story
                  :ARG1-of (s33.s / short-07)
                  :domain (s33.t / this)
                  :mod (s33.p / person
                              :name (s33.n / name
                                           :op1 "Black"
                                           :op1 "Jennifer"
                                           :op2 "Box"
                                           :op2 "Egan")
                              :ARG0-of (s33.a / author-01)))
   :snt34 (s34.w / write-01
                 :ARG1 (s34.i / it
                              :same-as s33.t)
                 :ARG1-of (s34.s / specific-02)
                 :manner (s34.p / publication
                                :name (s34.n / name
                                             :op1 "Twitter")
                                :same-as s2.p2)
                 :manner (s34.h / have-in-mind-13
                                :ARG1 s34.p)
                 :mod (s34.o / original))
   :snt35 (s35.c / convince-01
                 :ARG0 (s35.p / person
                              :name (s35.n / name
                                           :op1 "Egan")
                              :same-as s33.a)
                 :ARG1 (s35.m / magazine
                              :name (s35.n2 / name
                                            :op1 "The"
                                            :op2 "New"
                                            :op3 "Yorker"))
                 :ARG2 (s35.s / start-01
                              :ARG0 s35.m
                              :ARG1 (s35.a / account
                                           :instrument-of (s35.t2 / tweet-02
                                                                  :ARG0 s35.m
                                                                  :ARG1 (s35.l / line
                                                                               :ARG1-of (s35.c2 / create-01
                                                                                                :ARG0 s35.p)
                                                                               :mod (s35.t / this)
                                                                               :mod (s35.a2 / all))
                                                                  :ARG1-of (s35.p2 / possible-01))
                                           :mod (s35.f / fiction)
                                           :poss s35.m)))
   :snt36 (s36.h / have-03
                 :ARG0 (s36.p / publication
                              :name (s36.n / name
                                           :op1 "Twitter")
                              :same-as s2.p2)
                 :ARG1 (s36.l / limit-01
                              :ARG2 (s36.c / character
                                           :quant "140"))
                 :mod (s36.o / of-course)
                 :time (s36.n2 / now))
   :snt37 (s37.a / and
                 :op1 (s37.m2 / mock-01
                              :ARG0 (s37.p / person
                                           :name (s37.n / name
                                                        :op1 "Egan")
                                           :same-as s33.a)
                              :ARG1 (s37.t2 / that
                                            :same-as s36.l))
                 :op2 (s37.u / use-01
                             :ARG0 s37.p
                             :ARG1 (s37.c / constrain-01
                                          :ARG0 (s37.s3 / square
                                                        :mod (s37.s4 / storyboard)
                                                        :mod (s37.v / variable
                                                                    :name (s37.n2 / name
                                                                                  :op1 "The"
                                                                                  :op2 "New"
                                                                                  :op3 "Yorker")))
                                          :ARG1 (s37.s2 / space
                                                        :mod (s37.p2 / physical)))
                             :ARG2 (s37.w2 / write-01
                                           :ARG0 s37.p
                                           :ARG1 (s37.t4 / tweet-02
                                                         :mod (s37.i2 / individual)
                                                         :mod (s37.e / each))))
                 :op3 (s37.e2 / end-up-03
                              :ARG1 s37.t4
                              :ARG2 (s37.b / become-01
                                           :ARG1 s37.t4
                                           :ARG2 (s37.t / temporal-quantity
                                                        :ARG1-of (s37.i / include-91
                                                                        :ARG2 (s37.o / over
                                                                                     :op1 "600")))))
                 :rel (s37.w / write-01
                             :ARG0 s37.p
                             :location (s37.s / sketchbook
                                              :mod s37.s4
                                              :mod (s37.t3 / this))
                             :manner (s37.m / manual)
                             :mod (s37.j / just)))
   :snt38 (s38.p / possible-01
                 :ARG1 (s38.t / tune-in-02
                              :ARG0 (s38.y / you)
                              :ARG2 (s38.s2 / story
                                            :ARG1-of (s38.s / short-07)
                                            :source (s38.a / account-01
                                                           :ARG0 (s38.m / magazine
                                                                        :name (s38.n / name
                                                                                     :op1 "The"
                                                                                     :op2 "New"
                                                                                     :op3 "Yorker")
                                                                        :same-as s35.m)
                                                           :mod (s38.f / fiction))))
                 :frequency (s38.r / rate-entity-91
                                   :ARG4 (s38.d / date-entity
                                                :dayperiod (s38.n2 / night)
                                                :time "8:00")))
   :snt39 (s39.t / think-01
                 :ARG0 (s39.i / i
                              :same-as s2.i)
                 :ARG1 (s39.e / excite-01
                              :ARG0 (s39.t2 / tune-in-02
                                            :ARG2 (s39.f / fiction
                                                         :mod (s39.l / literary)))
                              :degree (s39.p / pretty)))
   :snt40 (s40.h / have-manner-91
                 :ARG1 (s40.e / experience-01
                              :ARG0 (s40.s / story
                                           :poss (s40.p / person
                                                        :name (s40.n / name
                                                                     :op1 "Egan")
                                                        :same-as s33.a)
                                           :same-as s33.t))
                 :ARG1-of (s40.r / resemble-01
                                 :ARG2 (s40.a / anything
                                              :location (s40.p2 / publication
                                                                :name (s40.n2 / name
                                                                              :op1 "Twitter")
                                                                :same-as s2.p2)))
                 :ARG2 (s40.w / way
                              :manner-of (s40.e2 / experience-01
                                                 :ARG1 (s40.i / it
                                                              :same-as s40.e)))
                 :mod (s40.o / of-course)
                 :rel (s40.m / multiple))
   :snt41 (s41.c2 / contrast-01
                  :ARG1 (s41.p / possible-01
                               :ARG1 (s41.s / scroll-01
                                            :ARG0 (s41.y / you)
                                            :direction (s41.b / back)
                                            :path (s41.t3 / through
                                                          :op1 (s41.i2 / it
                                                                       :same-as s40.e))))
                  :ARG2 (s41.s2 / suspense
                                :ARG1-of (s41.b2 / build-01)
                                :ARG1-of (s41.c / cause-01
                                                :ARG0 (s41.c3 / control-01
                                                              :ARG0 s41.y
                                                              :ARG1 (s41.t / thing
                                                                           :ARG1-of (s41.a / actual-02)
                                                                           :ARG1-of (s41.t5 / tweet-02))
                                                              :ARG2 (s41.t4 / time
                                                                            :time-of (s41.r / read-01
                                                                                            :ARG0 s41.y
                                                                                            :ARG1 s41.t))
                                                              :polarity "-"))
                                :ARG2-of (s41.i / interest-01)
                                :condition (s41.w / watch-01
                                                  :ARG0 s41.y
                                                  :ARG1 s41.i2
                                                  :manner (s41.l / live))
                                :mod (s41.t2 / this)))
   :snt42 (s42.c6 / contrast-01
                  :ARG1 (s42.c5 / contrast-01
                                :ARG1 (s42.c4 / come-01
                                              :ARG1 (s42.t2 / they
                                                            :same-as s41.t)
                                              :manner (s42.c3 / clip
                                                              :ARG1-of (s42.r2 / regular-02
                                                                               :degree (s42.p2 / pretty))))
                                :ARG2 (s42.c7 / control-01
                                              :ARG0 (s42.p / person
                                                           :ARG0-of (s42.r / read-01))
                                              :ARG1 (s42.t3 / thing
                                                            :ARG2-of (s42.f / fast-02
                                                                            :ARG1 (s42.m2 / move-01
                                                                                          :ARG0 (s42.y / you)
                                                                                          :path (s42.t / text))))
                                              :ARG1 s42.y
                                              :ARG1-of (s42.n3 / normal-02)
                                              :ARG1-of (s42.c2 / cause-01
                                                               :ARG0 (s42.b2 / build-01
                                                                             :ARG1 (s42.s2 / story)))))
                  :ARG2 (s42.a / and
                               :op1 (s42.d2 / do-02
                                            :ARG0 (s42.m / magazine
                                                         :name (s42.n / name
                                                                      :op1 "The"
                                                                      :op2 "New"
                                                                      :op3 "Yorker")
                                                         :same-as s35.m))
                               :op2 (s42.s / send-01
                                           :ARG0 s42.m
                                           :ARG1 s42.y
                                           :mod (s42.d / day-by-day
                                                       :prep-by (s42.b / bit)))
                               :op3 (s42.h / have-03
                                           :ARG0 s42.y
                                           :ARG1 (s42.s3 / suspense
                                                         :mod (s42.t5 / this)
                                                         :mod (s42.w / wait-01
                                                                     :ARG1 s42.y
                                                                     :ARG2 (s42.l / line
                                                                                  :mod (s42.n2 / next)))))
                               :time (s42.c / case-04
                                            :ARG1 (s42.t4 / this))))
   :snt43 (s43.w / write-01
                 :ARG0 (s43.p / person
                              :name (s43.n2 / name
                                            :op1 "Elliott"
                                            :op2 "Holt")
                              :ARG0-of (s43.a3 / author-01))
                 :ARG0-of (s43.e2 / exemplify-01
                                  :ARG0 s43.p
                                  :ARG1 (s43.a / and
                                               :op1 (s43.f / fiction)
                                               :op2 (s43.s2 / story
                                                            :ARG1-of (s43.s / short-07)))
                                  :medium (s43.p2 / publication
                                                  :name (s43.n / name
                                                               :op1 "Twitter")
                                                  :same-as s2.p2)
                                  :mod (s43.g / great)
                                  :mod (s43.a2 / another))
                 :ARG1 (s43.s3 / story
                               :ARG1-of (s43.c / call-01
                                               :ARG2 (s43.e / evidence-01))))
   :snt44 (s44.b / begin-01
                 :ARG1 (s44.i2 / it
                               :same-as s43.s3)
                 :ARG2 (s44.t3 / tweet-02
                               :ARG1 (s44.f / fall-01
                                            :ARG1 (s44.w / woman
                                                         :ARG1-of (s44.i / identify-01
                                                                         :ARG2 (s44.p / person
                                                                                      :name (s44.n / name
                                                                                                   :op1 "Miranda"
                                                                                                   :op2 "Brown")
                                                                                      :age (s44.t / temporal-quantity
                                                                                                  :unit (s44.y / year)
                                                                                                  :quant "44")
                                                                                      :location (s44.c / city-district
                                                                                                       :name (s44.n2 / name
                                                                                                                     :op1 "Brooklyn")))))
                                            :ARG3 (s44.r / roof
                                                         :part-of (s44.h / hotel
                                                                         :location (s44.c2 / city-district
                                                                                           :name (s44.n3 / name
                                                                                                         :op1 "Manhattan"))))
                                            :ARG4 (s44.d2 / die-01
                                                          :ARG1 s44.w)
                                            :time (s44.d / date-entity
                                                         :day "13"
                                                         :day "28"
                                                         :month "11"))
                               :mod (s44.t2 / this)))
   :snt45 (s45.c2 / contrast-01
                  :ARG1 (s45.b / begin-01
                               :ARG1 (s45.i / it
                                            :same-as s43.s3)
                               :prep-in (s45.v / voice
                                               :poss (s45.p / person
                                                            :name (s45.n / name
                                                                         :op1 "Elliott"))))
                  :ARG2 (s45.a / and
                               :op1 (s45.r / recede-01
                                           :ARG0 s45.p
                                           :time (s45.t2 / then))
                               :op2 (s45.h / hear-01
                                           :ARG0 (s45.w / we)
                                           :ARG1 (s45.v2 / voice
                                                         :poss (s45.a2 / and
                                                                       :mod (s45.c / character
                                                                                   :ARG1-of (s45.c3 / create-01
                                                                                                    :purpose (s45.t / tell-01
                                                                                                                    :ARG0 s45.p
                                                                                                                    :ARG1 (s45.s2 / story
                                                                                                                                  :manner (s45.p5 / perspective
                                                                                                                                                  :quant (s45.m2 / multiple)
                                                                                                                                                  :ARG1-of (s45.l / lead-up-05
                                                                                                                                                                  :ARG2 (s45.m / moment
                                                                                                                                                                               :mod (s45.t3 / this)
                                                                                                                                                                               :time (s45.d / date-entity
                                                                                                                                                                                            :day "13"
                                                                                                                                                                                            :month "10:13"))))
                                                                                                                                  :mod s45.t3)
                                                                                                                    :ARG1-of (s45.s / specific-02))
                                                                                                    :ARG0 s45.p
                                                                                                    :medium (s45.p6 / publication
                                                                                                                    :name (s45.n5 / name
                                                                                                                                  :op1 "Twitter")
                                                                                                                    :same-as s2.p2)))
                                                                       :op1 (s45.p2 / person
                                                                                    :name (s45.n2 / name
                                                                                                  :op1 "Elsa"))
                                                                       :op2 (s45.p3 / person
                                                                                    :name (s45.n3 / name
                                                                                                  :op1 "Margot"))
                                                                       :op3 (s45.p4 / person
                                                                                    :name (s45.n4 / name
                                                                                                  :op1 "Simon")))))))
   :snt46 (s46.b / be-temporally-at-91
                 :ARG2 (s46.f / fall-01
                              :ARG1 (s46.w / woman
                                           :mod (s46.t / this)
                                           :same-as s44.w)
                              :ARG4 (s46.d / die-01
                                           :ARG1 s46.w
                                           :same-as s44.d2)
                              :same-as s44.f))
   :snt47 (s47.b / bring-01
                 :ARG0 (s47.c / character
                              :mod (s47.t / this)
                              :quant "3"
                              :same-as s45.p2)
                 :ARG1 (s47.e / envision-01
                              :ARG1-of (s47.a / authentic-02)
                              :source (s47.p / perspective
                                             :quant (s47.m / multiple))))
   :snt48 (s48.c / call-01
                 :ARG0 (s48.p / person
                              :ARG0-of (s48.r / review-02)
                              :quant "1")
                 :ARG1 (s48.s / story
                              :poss (s48.p2 / person
                                            :name (s48.n / name
                                                         :op1 "Elliott"))
                              :same-as s33.t)
                 :ARG1-of (s48.c2 / cause-01
                                  :ARG0 (s48.d2 / do-02
                                                :ARG0 s48.p2))
                 :ARG2 (s48.f / fiction
                              :ARG1-of (s48.d / do-02
                                              :ARG1-of (s48.r2 / right-02))
                              :medium (s48.p3 / publication
                                              :name (s48.n2 / name
                                                            :op1 "Twitter")
                                              :same-as s2.p2)))
   :snt49 (s49.a / and
                 :op1 (s49.c / capture-01
                             :ARG0 (s49.s / she)
                             :ARG1 (s49.v / voice
                                          :mod (s49.t / that)))
                 :op2 (s49.h / have-03
                             :ARG0 s49.s
                             :ARG1 (s49.c2 / character
                                           :quant (s49.m / multiple)))
                 :op3 (s49.i / it
                             :mod (s49.r / real-time)))
   :snt50 (s50.m / mechanism
                 :purpose (s50.d / distribute-01)
                 :ARG2-of (s50.i / interest-01
                                 :ARG1-of (s50.h / have-concession-91))
                 :domain (s50.p / publication
                                :name (s50.n / name
                                             :op1 "Twitter"
                                             :same-as s2.p2)
                                :mod (s50.j / just
                                            :polarity "-")))
   :snt51 (s51.p2 / publication
                  :name (s51.n / name
                               :op1 "Twitter"
                               :same-as s2.p2)
                  :purpose (s51.m / mechanism
                                  :purpose (s51.p / produce-01))
                  :mod (s51.a / also))
   :snt52 (s52.t / tell-01
                 :ARG0 (s52.p / person
                              :name (s52.n / name
                                           :op1 "Elliott")
                              :part (s52.t3 / thumb))
                 :ARG1 (s52.w2 / write-01
                               :ARG0 s52.p
                               :ARG1 (s52.t2 / thing
                                             :mod (s52.w / whole)
                                             :same-as s33.t)
                               :instrument s52.t3)
                 :ARG2 (s52.i / i
                              :same-as s2.i)
                 :time (s52.a / after))
   :snt53 (s53.a / and
                 :op1 (s53.l / lay-01
                             :ARG1 (s53.s / she)
                             :ARG2 (s53.c2 / couch))
                 :op2 (s53.g / go-01
                             :ARG1 s53.s
                             :ARG4 (s53.b2 / between
                                           :op1 (s53.c / character
                                                       :ARG0-of (s53.t / tweet-02
                                                                       :ARG1-of (s53.b3 / byline-91)
                                                                       :manner (s53.l2 / line
                                                                                       :mod (s53.e / each))
                                                                       :mod (s53.o / out))
                                                       :ARG1-of (s53.d / differ-02)))
                             :mod (s53.j / just)
                             :path (s53.a2 / and
                                           :op1 (s53.b / back)
                                           :op2 (s53.f / forth))))
   :snt54 (s54.t2 / think-01
                  :ARG0 (s54.i / i
                               :same-as s2.i)
                  :ARG1 (s54.c3 / contrast-01
                                :ARG1 (s54.l / lend-01
                                             :ARG0 (s54.c4 / create-01
                                                           :ARG1 (s54.t / thing
                                                                        :ARG1-of (s54.c2 / come-out-09
                                                                                         :ARG2 (s54.v / voice-01
                                                                                                      :ARG0 (s54.c / character))))
                                                           :mod (s54.s3 / spontaneous)
                                                           :mod (s54.k / kind
                                                                       :mod (s54.t3 / this)))
                                             :ARG1 (s54.a2 / authentic-02
                                                           :ARG1 s54.c)
                                             :ARG1-of (s54.r / real-04))
                                :ARG2 (s54.f / format
                                             :ARG1-of (s54.c5 / create-01
                                                              :ARG0 (s54.s / she)
                                                              :consist-of (s54.p / perspective
                                                                                 :quant (s54.m / multiple))
                                                              :medium (s54.p2 / publication
                                                                              :name (s54.n / name
                                                                                           :op1 "Twitter")
                                                                              :same-as s2.p2))
                                             :location (s54.s4 / story
                                                               :ARG1-of (s54.s2 / single-02))
                                             :mod (s54.t4 / this)
                                             :mod (s54.a / also))))
   :snt55 (s55.g / get-03
                 :ARG1 (s55.i4 / it)
                 :ARG2 (s55.i3 / interest-01
                               :ARG0 s55.i4
                               :ARG2-of (s55.h / have-degree-91
                                               :ARG1 s55.i4
                                               :ARG3 (s55.m / more
                                                            :mod (s55.e / even))))
                 :time (s55.b / begin-01
                              :ARG0 (s55.y / you)
                              :ARG1 (s55.p / play-01
                                           :ARG0 s55.y
                                           :ARG2 (s55.i / identity
                                                        :ARG1-of (s55.f / flexible-03))
                                           :medium (s55.o / online)))
                 :time (s55.s / start-01
                              :ARG0 s55.y
                              :ARG1 (s55.i2 / interact-01
                                            :ARG0 s55.y
                                            :ARG1 (s55.w / world
                                                         :ARG1-of (s55.r / real-04)))))
   :snt56 (s56.r / resemble-01
                 :ARG1 (s56.t2 / thing)
                 :ARG2 (s56.o2 / or
                               :op1 (s56.p / person
                                           :name (s56.n / name
                                                        :op1 "Invisible"
                                                        :op2 "Obama"))
                               :op2 (s56.b / bind-01
                                           :ARG1 (s56.b3 / book
                                                         :ARG1-of (s56.f4 / full-09
                                                                          :ARG2 (s56.w2 / woman))
                                                         :ARG1-of (s56.c3 / come-up-13
                                                                          :time (s56.c4 / cycle
                                                                                        :mod (s56.e / elect-01)
                                                                                        :time (s56.d / date-entity
                                                                                                     :year "2012"))))
                                           :ARG1-of (s56.f / fame-01))
                               :op3 (s56.u / universe
                                           :location-of (s56.h / have-03
                                                               :ARG0 (s56.y / you)
                                                               :ARG1 (s56.a / account-01
                                                                            :ARG1 (s56.o / one
                                                                                         :ARG1-of (s56.s / single-02)
                                                                                         :mod (s56.e4 / every)
                                                                                         :part-of (s56.c / character
                                                                                                         :ARG1-of (s56.i2 / include-91
                                                                                                                          :ARG2 (s56.c2 / character
                                                                                                                                        :location (s56.p3 / publication
                                                                                                                                                          :name (s56.n2 / name
                                                                                                                                                                        :op1 "West"
                                                                                                                                                                        :op2 "Wing"
                                                                                                                                                                        :op3 "Twitter"))))
                                                                                                         :ARG2-of (s56.i / include-01
                                                                                                                         :ARG1 (s56.b2 / bird
                                                                                                                                       :ARG0-of (s56.t / tap-03
                                                                                                                                                       :ARG1 (s56.w / window
                                                                                                                                                                    :poss (s56.p2 / person
                                                                                                                                                                                  :name (s56.n3 / name
                                                                                                                                                                                                :op1 "Josh"
                                                                                                                                                                                                :op2 "Lyman")))
                                                                                                                                                       :duration (s56.e2 / episode
                                                                                                                                                                         :ARG1-of (s56.s2 / single-02)
                                                                                                                                                                         :quant "1"))))))
                                                                            :mod (s56.t3 / this)
                                                                            :mod (s56.a2 / all)))
                                           :mod (s56.f3 / fiction
                                                        :mod (s56.f2 / fan))
                                           :mod (s56.e3 / even)
                                           :mod s56.p3)))
   :snt57 (s57.i / innovate-01
                 :ARG1 (s57.t2 / this
                               :mod (s57.a / all))
                 :ARG4 (s57.t / theme)
                 :manner (s57.r / rapid))
   :snt58 (s58.p / person
                 :ARG0-of (s58.e / experiment-01
                                 :ARG1 (s58.t2 / thing
                                               :ARG0-of (s58.b / bound-09
                                                               :ARG1 (s58.p2 / possible-01
                                                                             :ARG1 (s58.m / medium
                                                                                          :mod (s58.t3 / this))))))
                 :domain (s58.t / they
                                :same-as s57.t2)
                 :mod (s58.c / creative))
   :snt59 (s59.l / look-01
                 :ARG0 (s59.y / you)
                 :ARG1 (s59.s / something
                              :ARG1-of (s59.r2 / resemble-01
                                               :ARG2 (s59.p / publication
                                                            :name (s59.n2 / name
                                                                          :op1 "Twitter")
                                                            :location-of (s59.h / have-03
                                                                                :ARG0 s59.y
                                                                                :ARG1 (s59.c / character
                                                                                             :ARG0-of (s59.e / engage-01
                                                                                                             :ARG2 (s59.w / world
                                                                                                                          :ARG1-of (s59.r / real-04)))
                                                                                             :mod (s59.f / fiction)
                                                                                             :mod (s59.t / this)))
                                                            :mod (s59.b / broadcast-program
                                                                        :name (s59.n / name
                                                                                     :op1 "West"
                                                                                     :op2 "Wing"))))))
   :snt60 (s60.a / and
                 :op1 (s60.c / comment-01
                             :ARG0 (s60.t / they
                                          :same-as s59.c)
                             :ARG3 (s60.p / politics))
                 :op2 (s60.c2 / cry-out-03
                              :ARG0 s60.t
                              :ARG1 (s60.e / evil
                                           :poss (s60.g / government-organization
                                                        :name (s60.n / name
                                                                     :op1 "Congress")))))
   :snt61 (s61.k / keep-in-mind-08
                 :ARG1 (s61.y / you)
                 :ARG2 (s61.h / have-org-role-91
                              :ARG0 (s61.t / they
                                           :mod (s61.a / all)
                                           :same-as s59.c)
                              :ARG1 (s61.p / political-party
                                           :name (s61.n / name
                                                        :op1 "Democratic"
                                                        :op2 "Party")))
                 :mode "imperative")
   :snt62 (s62.a / and
                 :op2 (s62.e / engage-01
                             :ARG0 (s62.t / they
                                          :same-as s59.c)
                             :ARG2 (s62.w / world
                                          :ARG1-of (s62.r / real-04)
                                          :same-as s59.w)))
   :snt63 (s63.r / respond-01
                 :ARG0 (s63.t / they
                              :same-as s59.c)
                 :ARG1 (s63.i / it
                              :same-as s59.w))
   :snt64 (s64.i2 / infer-01
                  :ARG1 (s64.g / get-03
                               :ARG1 (s64.t3 / thing)
                               :ARG2 (s64.i3 / interest-01
                                             :ARG2 s64.t3
                                             :degree (s64.r2 / really))
                               :time (s64.o / once
                                            :op1 (s64.a2 / and
                                                         :op1 (s64.m / move-01
                                                                     :ARG0 (s64.y / you)
                                                                     :ARG2 (s64.b / beyond
                                                                                  :op1 (s64.o2 / or
                                                                                               :ARG1-of (s64.s / simple-02)
                                                                                               :op1 (s64.h / homage)
                                                                                               :op2 (s64.p / parody-01))))
                                                         :op2 (s64.p2 / put-03
                                                                      :ARG0 s64.y
                                                                      :ARG1 (s64.t5 / tool
                                                                                    :mod (s64.t4 / this))
                                                                      :ARG2 (s64.w / work-01
                                                                                   :ARG0 s64.t5
                                                                                   :ARG1 (s64.t2 / tell-01
                                                                                                 :ARG1 (s64.s2 / story)))))))
                  :rel (s64.t / take-01
                              :ARG0 s64.y
                              :ARG1 (s64.a / and
                                           :op1 (s64.i / identity
                                                       :ARG1-of (s64.f / flexible-03))
                                           :op2 (s64.a3 / anonymity)
                                           :op3 (s64.e / engage-01
                                                       :ARG2 (s64.w2 / world
                                                                     :ARG1-of (s64.r / real-04)
                                                                     :same-as s59.w)))))
   :snt65 (s65.a / account
                 :mod (s65.p / parody-01)
                 :time (s65.e / elect-01
                              :ARG2 (s65.m / mayor)
                              :location (s65.c / city
                                               :name (s65.n / name
                                                            :op1 "Chicago"))))
   :snt66 (s66.p / person
                 :name (s66.n / name
                              :op1 "Emanuel")
                 :ARG0-of (s66.h / have-org-role-91
                                 :ARG2 (s66.m / mayor)))
   :snt67 (s67.g / give-01
                 :ARG0 (s67.i / it
                              :same-as s65.p)
                 :ARG1 (s67.e / everything
                              :ARG1-of (s67.w / want-01
                                              :ARG0 (s67.y / you)))
                 :ARG2 s67.y
                 :ARG2 (s67.p2 / person
                               :name (s67.n / name
                                            :op1 "Rahm"
                                            :op2 "Emanuel")
                               :part (s67.d / department
                                            :mod (s67.e2 / expletive)
                                            :mod (s67.p / particular)
                                            :topic-of s67.g)
                               :same-as s66.p))
   :snt68 (s68.a3 / and
                  :op1 (s68.f / follow-01
                              :ARG1 (s68.a / account-01
                                           :ARG0-of (s68.m / mouth-01
                                                           :mod (s68.f2 / foul))
                                           :mod (s68.t2 / this)
                                           :same-as s65.p)
                              :ARG2 (s68.a2 / activity-06
                                            :ARG0 (s68.r / race
                                                         :same-as s65.e)
                                            :frequency (s68.r2 / rate-entity-91
                                                               :ARG3 (s68.t / temporal-quantity
                                                                            :unit (s68.d / day)
                                                                            :quant "1"))))
                  :op2 (s68.p / provide-01
                              :ARG0 s68.a
                              :ARG1 (s68.c / comment-01
                                           :ARG0 s68.a
                                           :time (s68.g / go-01
                                                        :ARG1 s68.a2))))
   :snt69 (s69.c / contrast-01
                 :ARG1 (s69.f / follow-02
                              :ARG0 (s69.i / it
                                           :same-as s65.p)
                              :ARG1 (s69.s3 / stereotype-01
                                            :ARG1-of (s69.n2 / natural-02)
                                            :ARG2 (s69.a / account
                                                         :ARG0-of (s69.p / parody-01)
                                                         :ARG1-of (s69.s / solid-02)
                                                         :ARG1-of (s69.g2 / good-02)
                                                         :medium (s69.p2 / publication
                                                                         :name (s69.n / name
                                                                                      :op1 "Twitter")
                                                                         :same-as s2.p2))
                                            :mod (s69.a2 / all)))
                 :ARG2 (s69.s2 / start-01
                               :ARG1 (s69.g / get-03
                                            :ARG1 s69.i
                                            :ARG2 (s69.w / weird))
                               :time (s69.t / then)))
   :snt70 (s70.a2 / and
                  :op2 (s70.m / move-01
                              :ARG0 (s70.i / it
                                           :same-as s65.p)
                              :ARG2 (s70.e3 / epic
                                            :duration (s70.m2 / multiple
                                                              :op1 (s70.t / temporal-quantity
                                                                          :unit (s70.w / week)
                                                                          :quant "1"))
                                            :location-of (s70.e2 / engage-01
                                                                 :ARG1 (s70.p2 / protagonist
                                                                               :name (s70.n / name
                                                                                            :op1 "Rahm"
                                                                                            :op2 "Emanuel")
                                                                               :poss (s70.y / you)
                                                                               :same-as s66.p)
                                                                 :ARG2 (s70.t5 / travel-01
                                                                               :ARG0 s70.p2
                                                                               :manner (s70.d2 / dimension
                                                                                               :quant (s70.m3 / multiple))
                                                                               :time (s70.d / day
                                                                                            :time-of (s70.e / elect-01)))
                                                                 :mod (s70.e4 / event
                                                                              :ARG1-of (s70.a / actual-02)
                                                                              :polarity "-"))
                                            :mod (s70.f / fiction
                                                        :mod (s70.s / science))
                                            :mod (s70.t4 / time
                                                         :ARG1-of (s70.r / real-04)))
                              :ARG3 (s70.t2 / thing
                                            :ARG1-of (s70.c / comment-01)
                                            :mod (s70.t3 / this)
                                            :same-as s68.c)
                              :time (s70.p / progress-01
                                           :ARG1 s70.i)))
   :snt71 (s71.c / check-01
                 :ARG0 (s71.i / i
                              :same-as s2.i)
                 :ARG1 (s71.n / newspaper)
                 :ARG1-of (s71.d / double-01))
   :snt72 (s72.a / and
                 :op2 (s72.c / come-04
                             :ARG1 (s72.i2 / it
                                           :same-as s65.p)
                             :ARG2 (s72.e / end-01
                                          :ARG1 s72.i2)
                             :ARG2-of (s72.i / interest-01
                                             :degree (s72.v / very))
                             :time (s72.t / then)))
   :snt73 (s73.s / something
                 :domain (s73.t / this
                                :same-as s72.c)
                 :mod (s73.e / event
                             :mod (s73.u / usual
                                         :polarity "-")
                             :topic (s73.a / account
                                           :ARG0-of (s73.p / parody-01)
                                           :medium (s73.p2 / publication
                                                           :name (s73.n / name
                                                                        :op1 "Twitter")
                                                           :same-as s2.p2))))
   :snt74 (s74.e / end-01
                 :ARG1 (s74.i / it
                              :same-as s65.p)
                 :ARG3 (s74.c / conclude-01
                              :ARG1 (s74.n / narrate-01
                                           :ARG1-of (s74.t / true-01))
                              :same-as s74.e))
   :snt75 (s75.a / and
                 :op2 (s75.t / think-01
                             :ARG0 (s75.i / i
                                          :same-as s2.i)
                             :ARG1 (s75.s / sense-02
                                          :quant (s75.l / lot)
                                          :ARG1 (s75.t8 / turn-02
                                                        :ARG0 (s75.p / person
                                                                     :name (s75.n / name
                                                                                  :op1 "Dan"
                                                                                  :op2 "Sinker")
                                                                     :ARG0-of (s75.a4 / author-01)
                                                                     :mod (s75.j / journalist)
                                                                     :mod (s75.a3 / anonymous
                                                                                  :ARG1-of (s75.c2 / complete-02)
                                                                                  :time (s75.t6 / time
                                                                                                :mod (s75.w / whole)
                                                                                                :mod (s75.t3 / this))))
                                                        :ARG1 (s75.t4 / this
                                                                      :same-as s65.p)
                                                        :ARG2 (s75.b / book))
                                          :ARG1-of (s75.c / cause-01
                                                          :ARG0 (s75.a2 / and
                                                                        :op1 (s75.f / format
                                                                                    :domain s75.t4
                                                                                    :mod (s75.n2 / narrate-01)
                                                                                    :time (s75.e / end-01))
                                                                        :op2 (s75.t2 / think-01
                                                                                     :ARG0 s75.i
                                                                                     :ARG1 (s75.r / represent-01
                                                                                                  :ARG0 (s75.t9 / turn-02
                                                                                                                :ARG1 s75.p
                                                                                                                :ARG2 s75.b)
                                                                                                  :ARG1 (s75.i2 / idea
                                                                                                                :mod (s75.t5 / this)
                                                                                                                :topic (s75.c3 / create-01
                                                                                                                               :ARG0 s75.p
                                                                                                                               :ARG1 (s75.s2 / something
                                                                                                                                             :ARG0-of (s75.n3 / need-01
                                                                                                                                                              :ARG1 (s75.t7 / translate-01
                                                                                                                                                                            :ARG1 s75.s2
                                                                                                                                                                            :ARG2 (s75.f2 / format
                                                                                                                                                                                          :mod (s75.p2 / previous))))
                                                                                                                                             :ARG1-of (s75.n4 / new-01)))))))))))
   :snt76 (s76.b / broadcast-program
                 :name (s76.n2 / name
                               :op1 "Crimer"
                               :op2 "Show")
                 :ARG1-of (s76.i2 / include-91
                                  :ARG2 (s76.e / exemplify-01
                                               :ARG1 (s76.s / something
                                                            :location (s76.p / publication
                                                                             :name (s76.n / name
                                                                                          :op1 "Twitter")
                                                                             :same-as s2.p2))
                                               :ARG1-of (s76.f / favor-01
                                                               :ARG0 (s76.i / i
                                                                            :same-as s2.i))
                                               :ARG1-of (s76.a2 / actual-02)
                                               :time (s76.n3 / now
                                                             :mod (s76.r / right))))
                 :mod (s76.a / absurdist
                             :degree (s76.v / very)))
   :snt77 (s77.t2 / tell-01
                  :ARG0 (s77.b / broadcast-program
                               :name (s77.n / name
                                            :op1 "Crimer"
                                            :op2 "Show")
                               :same-as s76.n2)
                  :ARG1 (s77.s2 / story
                                :topic (s77.a2 / and
                                               :ARG0-of (s77.f / face-01
                                                               :ARG1 (s77.l / lingo
                                                                            :mod (s77.s3 / strange
                                                                                         :degree (s77.e / exceptional))
                                                                            :mod (s77.t4 / this)))
                                               :op1 (s77.s4 / supercriminal)
                                               :op2 (s77.d / detective
                                                           :mod (s77.h / hapless))))
                  :accompanier (s77.t3 / theme
                                       :mod (s77.a / all)
                                       :mod (s77.s / show-04
                                                   :ARG1 (s77.t / television))))
   :snt78 (s78.s / say-01
                 :ARG0 (s78.p2 / person
                               :ARG0-of (s78.c2 / create-01
                                                :ARG1 (s78.b / broadcast-program
                                                             :name (s78.n / name
                                                                          :op1 "Crimer"
                                                                          :op2 "Show")
                                                             :same-as s76.n2)))
                 :ARG1 (s78.h / have-concession-91
                              :ARG1 (s78.w / weird
                                           :domain s78.b
                                           :mod (s78.m / man
                                                       :mode "expressive"))
                              :ARG2 (s78.p / parody-01
                                           :ARG0 s78.b
                                           :ARG1 (s78.t / type
                                                        :ARG1-of (s78.p3 / popular-02
                                                                         :location (s78.c / country
                                                                                          :name (s78.n2 / name
                                                                                                        :op1 "U.K.")))
                                                        :mod (s78.s2 / show-04)))))
   :snt79 (s79.a3 / and
                  :op2 (s79.t4 / time
                               :mod (s79.t3 / this)
                               :mod (s79.a / all)
                               :time-of (s79.d / do-02
                                               :ARG0 (s79.p / person
                                                            :name (s79.n / name
                                                                         :op1 "Crimer")
                                                            :ARG2-of (s79.c / criminal-03)
                                                            :same-as s77.s4)
                                               :ARG1 (s79.t2 / thing
                                                             :medium (s79.t / television)
                                                             :mod (s79.a2 / all)))))
   :snt80 (s80.c2 / contrast-01
                  :ARG1 (s80.o / or
                               :op1 (s80.t / take-off-07
                                           :ARG0 (s80.h / he
                                                        :same-as s77.s4)
                                           :ARG1 (s80.s / sunglasses
                                                        :poss s80.h))
                               :op2 (s80.t5 / turn-01
                                            :ARG0 s80.h
                                            :direction (s80.c / camera))
                               :time (s80.a / always))
                  :ARG2 (s80.t3 / thing
                                :medium (s80.t2 / text)
                                :mod (s80.t4 / this
                                             :same-as s79.t2)
                                :mod (s80.j / just)))
   :snt81 (s81.t2 / think-01
                  :ARG0 (s81.i / i
                               :same-as s2.i)
                  :ARG1 (s81.c / create-01
                               :ARG0 (s81.a3 / and
                                             :op1 (s81.b / borrow-01
                                                         :ARG1 (s81.f / format
                                                                      :mod (s81.t3 / this)
                                                                      :mod (s81.a2 / all))
                                                         :ARG2 (s81.t / television))
                                             :op2 (s81.p / present-01
                                                         :ARG1 (s81.b2 / broadcast-program
                                                                       :name (s81.n / name
                                                                                    :op1 "Crimer"
                                                                                    :op2 "Show")
                                                                       :mod (s81.e / each))
                                                         :ARG3 (s81.e2 / episode
                                                                       :ARG1-of (s81.s2 / spell-01
                                                                                        :ARG2 (s81.s3 / string-entity
                                                                                                      :value "eppasod"))
                                                                       :ARG1-of (s81.p2 / present-01
                                                                                        :ARG1-of (s81.r / real-04)
                                                                                        :manner s81.e2))
                                                         :mod (s81.a / additional)))
                               :ARG1 (s81.s / something
                                            :ARG1-of (s81.n2 / new-01))))
   :snt82 (s82.a / and
                 :op1 (s82.b / broadcast-program
                             :name (s82.n / name
                                          :op1 "Crimer"
                                          :op2 "Show"
                                          :same-as s76.n2)
                             :ARG1-of (s82.n3 / new-01)
                             :frequency (s82.r / rate-entity-91
                                               :ARG3 (s82.p / pretty-much)
                                               :ARG3 (s82.t / temporal-quantity
                                                            :unit (s82.d / day)
                                                            :quant "1"))
                             :medium (s82.p2 / publication
                                             :name (s82.n2 / name
                                                           :op1 "Twitter")
                                             :same-as s2.p2)
                             :mod (s82.d2 / digital))
                 :op2 (s82.r2 / record-01
                              :ARG1 s82.b
                              :manner (s82.w / way
                                             :mod (s82.t2 / that))))
   :snt83 (s83.a / and
                 :op2 (s83.t / think-01
                             :ARG0 (s83.i / i
                                          :same-as s2.i)
                             :ARG1 (s83.e / experiment-01
                                          :ARG2 (s83.f / format)
                                          :ARG2-of (s83.i2 / interest-01)
                                          :domain (s83.t2 / this))))
   :snt84 (s84.c / create-01
                 :ARG1 (s84.s / something
                              :ARG1-of (s84.n / new-01
                                              :degree (s84.t2 / total)))
                 :ARG2 (s84.p / parrot-01
                              :ARG1 (s84.s2 / something
                                            :medium (s84.t / television)))
                 :location (s84.h / here))
   :snt85 (s85.t2 / think-01
                  :ARG0 (s85.i / i
                               :same-as s2.i)
                  :ARG1 (s85.e / example
                               :quant (s85.l / lot)
                               :ARG1-of (s85.e2 / excellent-02
                                                :degree (s85.r / really))
                               :mod (s85.a / as-well)
                               :topic (s85.f / fiction
                                             :mod (s85.t / tell-01
                                                         :ARG1 (s85.t3 / time))
                                             :polarity "-")))
   :snt86 (s86.a / account-01
                 :ARG0-of (s86.d3 / document-01
                                  :ARG1 (s86.e / event
                                               :time (s86.d / day
                                                            :mod (s86.t2 / this))
                                               :time (s86.b / before
                                                            :quant (s86.t / temporal-quantity
                                                                          :unit (s86.y / year)
                                                                          :quant "60")
                                                            :op1 (s86.n3 / now)))
                                  :ARG1-of (s86.d2 / detail-01
                                                   :mod (s86.e2 / exceptional))
                                  :manner (s86.r / read-01
                                                 :ARG0 (s86.y2 / you)
                                                 :ARG1 (s86.r2 / report-01
                                                               :ARG1 s86.d
                                                               :mod (s86.n2 / news))))
                 :rel (s86.n / name
                             :op1 "RealTimeWWII"))
   :snt87 (s87.a / and
                 :op2 (s87.e2 / experiment-01
                              :quant (s87.l2 / lot)
                              :ARG0 (s87.p / person
                                           :name (s87.n / name
                                                        :op1 "Teju"
                                                        :op2 "Cole")
                                           :ARG0-of (s87.a2 / author-01))
                              :ARG1 (s87.p2 / put-01
                                            :ARG0 s87.p
                                            :ARG1 (s87.t / twist-01
                                                         :mod (s87.l / literary))
                                            :ARG2 (s87.e / event
                                                         :mod (s87.n2 / news)))))
   :snt88 (s88.t / talk-01
                 :ARG0 (s88.h / he
                              :same-as s87.p)
                 :ARG1 (s88.s / strike-01
                              :ARG2 (s88.d / drone))
                 :prep-in (s88.c / case-04
                                 :ARG1 (s88.t2 / this)
                                 :mod (s88.p / particular)))
   :snt89 (s89.t3 / think-01
                  :ARG0 (s89.i / i
                               :same-as s2.i)
                  :ARG1 (s89.b / begin-01
                               :ARG0 (s89.y / you)
                               :ARG1 (s89.s / see-01
                                            :ARG0 s89.y
                                            :ARG1 (s89.w / way
                                                         :manner-of (s89.t / tell-01
                                                                           :ARG0 (s89.p / person)
                                                                           :ARG1 (s89.s2 / story
                                                                                         :ARG0-of (s89.h / have-03
                                                                                                         :ARG1 (s89.c / content
                                                                                                                      :mod (s89.f / fiction
                                                                                                                                  :polarity "-")))
                                                                                         :ARG1-of (s89.b3 / build-01
                                                                                                          :ARG1-of (s89.p2 / possible-01)
                                                                                                          :ARG2 (s89.t2 / tell-01
                                                                                                                        :ARG1 (s89.f2 / fiction)
                                                                                                                        :mod (s89.t5 / type
                                                                                                                                     :ARG1-of (s89.n / new-01))))))))
                               :prep-in (s89.e / example
                                               :mod (s89.t4 / this)
                                               :mod (s89.b2 / both))))
   :snt90 (s90.a6 / and
                  :op1 (s90.t6 / tool
                               :ARG1-of (s90.h / have-03
                                               :ARG0 (s90.w / we))
                               :ARG1-of (s90.a / access-01
                                               :ARG0 s90.w)
                               :domain (s90.t4 / this
                                               :mod (s90.a2 / all)))
                  :op2 (s90.t3 / think-01
                               :ARG0 (s90.i / i
                                            :same-as s2.i)
                               :ARG1 (s90.b / block
                                            :ARG2-of (s90.b3 / build-01)
                                            :domain (s90.t2 / they
                                                            :same-as s90.t4)
                                            :mod (s90.j / just)))
                  :rel (s90.a3 / and
                               :op1 (s90.t / tell-01
                                           :mod (s90.t5 / time))
                               :op2 (s90.b2 / blur-01
                                            :ARG1 (s90.l / line
                                                         :path (s90.a4 / and
                                                                       :op1 (s90.f / fact)
                                                                       :op2 (s90.f2 / fiction))))
                               :op3 (s90.i2 / identity
                                            :ARG1-of (s90.f3 / flexible-03))
                               :op4 (s90.a7 / anonymity))
                  :rel (s90.a5 / and
                               :op1 (s90.w2 / world
                                            :ARG1-of (s90.r / real-04))
                               :op2 (s90.w3 / world
                                            :mod (s90.d / digital))))
   :snt91 (s91.b2 / bit
                  :ARG1-of (s91.u / use-01
                                  :ARG0 (s91.w / we)
                                  :ARG2 (s91.c / create-01
                                               :ARG0 s91.w
                                               :ARG1 (s91.a / and
                                                            :ARG1-of (s91.b / become-01
                                                                            :ARG2 (s91.s / settlement
                                                                                         :location (s91.f2 / frontier
                                                                                                           :purpose (s91.e / experiment-01
                                                                                                                           :manner (s91.c2 / creative))
                                                                                                           :ARG1-of (s91.o / open-06)
                                                                                                           :ARG1-of (s91.w2 / wide-02)
                                                                                                           :mod (s91.t3 / this))
                                                                                         :poss s91.w)
                                                                            :time (s91.t / then))
                                                            :op1 (s91.s2 / structure)
                                                            :op2 (s91.f / frame-06))))
                  :domain (s91.t2 / they
                                  :same-as s90.t4))
   :snt92 (s92.t / thank-01
                 :ARG1 (s92.y / you
                              :same-as s2.i)))

