# ::id doc-323
# ::doc_file doc-323
# ::tok http : / / www . ted . com / talks / paul_conneally_digital_humanitarianism< / url> <next_sent> The humanitarian model has barely changed since the early 20th century . <next_sent> Its origins are firmly rooted in the analog age . <next_sent> And there is a major shift coming on the horizon . <next_sent> The catalyst for this change was the major earthquake that struck Haiti on the 12th of January in 2010 . <next_sent> Haiti was a game changer . <next_sent> The earthquake destroyed the capital of Port - au - Prince , claiming the lives of some 320,000 people , rendering homeless about 1.2 million people . <next_sent> Government institutions were completely decapitated , including the presidential palace . <next_sent> I remember standing on the roof of the Ministry of Justice in downtown Port - au - Prince . <next_sent> It was about two meters high , completely squashed by the violence of the earthquake . <next_sent> For those of us on the ground in those early days , it was clear for even the most disaster - hardened veterans that Haiti was something different . <next_sent> Haiti was something we had n't seen before . <next_sent> But Haiti provided us with something else unprecedented . <next_sent> Haiti allowed us to glimpse into a future of what disaster response might look like in a hyper - connected world where people have access to mobile smart devices . <next_sent> Because out of the urban devastation in Port - au - Prince came a torrent of SMS texts -- people crying for help , beseeching us for assistance , sharing data , offering support , looking for their loved ones . <next_sent> This was a situation that traditional aid agencies had never before encountered . <next_sent> We were in one of the poorest countries on the planet , but 80 percent of the people had mobile devices in their hands . <next_sent> And we were unprepared for this , and they were shaping the aid effort . <next_sent> Outside Haiti also , things were looking different . <next_sent> Tens of thousands of so - called digital volunteers were scouring the Internet , converting tweets that had already been converted from texts and putting these into open - source maps , layering them with all sorts of important information -- people like Crisis Mappers and Open Street Map -- and putting these on the Web for everybody -- the media , the aid organizations and the communities themselves -- to participate in and to use . <next_sent> Back in Haiti , people were increasingly turning to the medium of SMS . <next_sent> People that were hungry and hurting were signaling their distress , were signaling their need for help . <next_sent> On street sides all over Port - au - Prince , entrepreneurs sprung up offering mobile phone charging stations . <next_sent> They understood more than we did people 's innate need to be connected . <next_sent> Never having been confronted with this type of situation before , we wanted to try and understand how we could tap into this incredible resource , how we could really leverage this incredible use of mobile technology and SMS technology . <next_sent> We started talking with a local telecom provider called Voilà , which is a subsidiary of Trilogy International . <next_sent> We had basically three requirements . <next_sent> We wanted to communicate in a two - way form of communication . <next_sent> We did n't want to shout ; we needed to listen as well . <next_sent> We wanted to be able to target specific geographic communities . <next_sent> We did n't need to talk to the whole country at the same time . <next_sent> And we wanted it to be easy to use . <next_sent> Out of this rubble of Haiti and from this devastation came something that we call TERA -- the Trilogy Emergency Response Application -- which has been used to support the aid effort ever since . <next_sent> It has been used to help communities prepare for disasters . <next_sent> It has been used to signal early warning in advance of weather - related disasters . <next_sent> It 's used for public health awareness campaigns such as the prevention of cholera . <next_sent> And it is even used for sensitive issues such as building awareness around gender - based violence . <next_sent> But does it work ? <next_sent> We have just published an evaluation of this program , and the evidence that is there for all to see is quite remarkable . <next_sent> Some 74 percent of people received the data . <next_sent> Those who were intended to receive the data , 74 percent of them received it . <next_sent> 96 percent of them found it useful . <next_sent> 83 percent of them took action -- evidence that it is indeed empowering . <next_sent> And 73 percent of them shared it . <next_sent> The TERA system was developed from Haiti with support of engineers in the region . <next_sent> It is a user - appropriate technology that has been used for humanitarian good to great effect . <next_sent> Technology is transformational . <next_sent> Right across the developing world , citizens and communities are using technology to enable them to bring about change , positive change , in their own communities . <next_sent> The grassroots has been strengthened through the social power of sharing and they are challenging the old models , the old analog models of control and command . <next_sent> One illustration of the transformational power of technology is in Kibera . <next_sent> Kibera is one of Africa 's largest slums . <next_sent> It 's on the outskirts of Nairobi , the capital city of Kenya . <next_sent> It 's home to an unknown number of people -- some say between 250,000 and 1.2 million . <next_sent> If you were to arrive in Nairobi today and pick up a tourist map , Kibera is represented as a lush , green national park devoid of human settlement . <next_sent> Young people living in Kibera in their community , with simple handheld devices , GPS handheld devices and SMS - enabled mobile phones , have literally put themselves on the map . <next_sent> They have collated crowd - sourced data and rendered the invisible visible . <next_sent> People like Josh and Steve are continuing to layer information upon information , re al-time information , Tweet it and text it onto these maps for all to use . <next_sent> You can find out about the latest impromptu music session . <next_sent> You can find out about the latest security incident . <next_sent> You can find out about places of worship . <next_sent> You can find out about the health centers . <next_sent> You can feel the dynamism of this living , breathing community . <next_sent> They also have their own news network on YouTube with 36,000 viewers at the moment . <next_sent> They 're showing us what can be done with mobile , digital technologies . <next_sent> They 're showing that the magic of technology can bring the invisible visible . <next_sent> And they are giving a voice to themselves . <next_sent> They are telling their own story , bypassing the official narrative . <next_sent> And we 're seeing from all points on the globe similar stories . <next_sent> In Mongolia for instance , where 30 percent of the people are nomadic , SMS information systems are being used to track migration and weather patterns . <next_sent> SMS is even used to hold herder summits from remote participation . <next_sent> And if people are migrating into urban , unfamiliar , concrete environments , they can also be helped in anticipation with social supporters ready and waiting for them based on SMS knowledge . <next_sent> In Nigeria , open - source SMS tools are being used by the Red Cross community workers to gather information from the local community in an attempt to better understand and mitigate the prevalence of malaria . <next_sent> My colleague , Jason Peat , who runs this program , tells me it 's 10 times faster and 10 times cheaper than the traditional way of doing things . <next_sent> And not only is it empowering to the communities , but really importantly , this information stays in the community where it is needed to formulate long - term health polices . <next_sent> We are on a planet of seven billion people , five billion mobile subscriptions . <next_sent> By 2015 , there will be three billion smartphones in the world . <next_sent> The U.N. broadband commission has recently set targets to help broadband access in 50 percent of the Developing World , compared to 20 percent today . <next_sent> We are hurtling towards a hyper - connected world where citizens from all cultures and all social strata will have access to smart , fast mobile devices . <next_sent> People are understanding , from Cairo to Oakland , that there are new ways to come together , there are new ways to mobilize , there are new ways to influence . <next_sent> A transformation is coming which needs to be understood by the humanitarian structures and humanitarian models . <next_sent> The collective voices of people needs to be more integrated through new technologies into the organizational strategies and plans of actions and not just recycled for fundraising or marketing . <next_sent> We need to , for example , embrace the big data , the knowledge that is there from market leaders who understand what it means to use and leverage big data . <next_sent> One idea that I 'd like you to consider , for instance , is to take a look at our IT departments . <next_sent> They 're normally backroom or basement hardware service providers , but they need to be elevated to software strategists . <next_sent> We need people in our organizations who know what it 's like to work with big data . <next_sent> We need technology as a core organizational principle . <next_sent> We need technological strategists in the boardroom who can ask and answer the question , " What would Amazon or Google do with all of this data ? " <next_sent> and convert it to humanitarian good . <next_sent> The possibilities that new digital technologies are bringing can help humanitarian organizations , not only ensure that people 's right to information is met , or that they have their right to communicate , but I think in the future , humanitarian organizations will also have to anticipate the right for people to access critical communication technologies in order to ensure that their voices are heard , that they 're truly participating , that they 're truly empowered in the humanitarian world . <next_sent> It has always been the elusive ideal to ensure full participation of people affected by disasters in the humanitarian effort . <next_sent> We now have the tools . <next_sent> We now have the possibilities . <next_sent> There are no more reasons not to do it . <next_sent> I believe we need to bring the humanitarian world from analog to digital . <next_sent> Thank you very much .
(d / document
   :snt1 (s1.u / url-entity
               :topic (s1.t / talk-01
                            :ARG0 (s1.p / person
                                        :name (s1.n / name
                                                    :op1 "Europe"))))
   :snt2 (s2.c / change-01
               :ARG1 (s2.m / model
                           :mod (s2.h / humanitarian))
               :degree (s2.b / barely)
               :time (s2.s / since
                           :op1 (s2.e / early
                                      :op1 (s2.d / date-entity
                                                 :century "20"))))
   :snt3 (s3.r / root-02
               :ARG1 (s3.o / originate-01
                           :ARG1 (s3.i / it
                                       :same-as s2.m))
               :ARG1-of (s3.f / firm-03)
               :ARG2 (s3.a / age
                           :mod (s3.a2 / analog)))
   :snt4 (s4.a / and
               :op2 (s4.c / come-01
                          :ARG1 (s4.s / shift-01
                                      :ARG1-of (s4.m / major-02))
                          :direction (s4.h / horizon)))
   :snt5 (s5.c / catalyze-01
               :ARG0 (s5.e / earthquake
                           :ARG0-of (s5.s / strike-01
                                          :ARG1 (s5.c3 / country
                                                       :name (s5.n / name
                                                                   :op1 "Haiti"))
                                          :time (s5.d / date-entity
                                                      :day "12"
                                                      :month "1"
                                                      :year "2010"))
                           :ARG1-of (s5.m / major-02))
               :ARG1 (s5.c2 / change-01
                            :mod (s5.t / this)
                            :same-as s4.s))
   :snt6 (s6.c / change-01
               :ARG0 (s6.c2 / country
                            :name (s6.n / name
                                        :op1 "Haiti")
                            :same-as s5.c3)
               :ARG1 (s6.g / game))
   :snt7 (s7.a2 / and
                :op1 (s7.d / destroy-01
                           :ARG0 (s7.e / earthquake
                                       :ARG0-of (s7.c3 / claim-02
                                                       :ARG1 (s7.l / live-01
                                                                   :ARG0 (s7.p / person
                                                                               :quant (s7.s / some
                                                                                            :op1 "340000"))))
                                       :ARG0-of (s7.r / render-01
                                                      :ARG1 (s7.p2 / person
                                                                   :quant (s7.a / about
                                                                                :op1 "1200000"))
                                                      :ARG2 (s7.h2 / homeless))
                                       :same-as s5.e)
                           :ARG1 (s7.c2 / city
                                        :name (s7.n / name
                                                    :op1 "Port-au-Prince")
                                        :ARG0-of (s7.h / have-org-role-91
                                                       :ARG2 (s7.c / capital))))
                :op2 s7.r)
   :snt8 (s8.d / decapitate-01
               :ARG1 (s8.i2 / institution
                            :ARG2-of (s8.i / include-01
                                           :ARG1 (s8.p / palace
                                                       :poss (s8.p2 / person
                                                                    :ARG0-of (s8.h / have-org-role-91
                                                                                   :ARG2 (s8.p3 / president)))))
                            :mod (s8.g2 / government-organization
                                        :ARG0-of (s8.g / govern-01)))
               :ARG1-of (s8.c / complete-02))
   :snt9 (s9.r / remember-01
               :ARG0 (s9.i / i)
               :ARG1 (s9.s / stand-01
                           :ARG1 s9.i
                           :ARG2 (s9.r2 / roof
                                        :part-of (s9.g / government-organization
                                                       :name (s9.n / name
                                                                   :op1 "Ministry"
                                                                   :op2 "of"
                                                                   :op3 "Justice")
                                                       :location (s9.c / city
                                                                       :name (s9.n2 / name
                                                                                    :op1 "Port-au-Prince")
                                                                       :location (s9.d / downtown))))))
   :snt10 (s10.h / high-02
                 :ARG1 (s10.i / it
                              :ARG1-of (s10.s / squash-01
                                              :ARG0 (s10.v / violence
                                                           :poss (s10.e / earthquake
                                                                        :same-as s5.e))
                                              :ARG1-of (s10.c / complete-02))
                              :same-as s9.r2)
                 :ARG2 (s10.a / about
                              :op1 (s10.d / distance-quantity
                                          :unit (s10.m / meter)
                                          :quant "2")))
   :snt11 (s11.c2 / clear-06
                  :ARG0 (s11.p / person
                               :ARG1-of (s11.i / include-91
                                               :ARG2 (s11.w / we))
                               :location (s11.g / ground)
                               :mod (s11.t / that)
                               :mod (s11.e2 / even)
                               :time (s11.d / day
                                            :mod (s11.e / early)
                                            :mod (s11.t2 / that)))
                  :ARG1 (s11.s / something
                               :ARG1-of (s11.d2 / differ-02)
                               :domain (s11.c3 / country
                                               :name (s11.n / name
                                                            :op1 "Haiti")
                                               :same-as s5.c3))
                  :beneficiary (s11.v / veteran
                                      :ARG1-of (s11.h / have-degree-91
                                                      :ARG2 (s11.c / change-01
                                                                   :ARG1 s11.v
                                                                   :ARG2 (s11.d3 / disaster))
                                                      :ARG3 (s11.m / most))))
   :snt12 (s12.s2 / something
                  :ARG1-of (s12.s / see-01
                                  :ARG0 (s12.w / we)
                                  :time (s12.b / before)
                                  :polarity "-")
                  :domain (s12.c / country
                                 :name (s12.n / name
                                              :op1 "Haiti")
                                 :same-as s5.c3))
   :snt13 (s13.c / contrast-01
                 :ARG2 (s13.p2 / provide-01
                               :ARG0 (s13.c2 / country
                                             :name (s13.n / name
                                                          :op1 "Haiti")
                                             :same-as s5.c3)
                               :ARG1 (s13.s / something
                                            :mod (s13.e / else)
                                            :mod (s13.p / precedent
                                                        :polarity "-"))
                               :ARG2 (s13.w / we
                                            :same-as s12.w)))
   :snt14 (s14.a2 / allow-01
                  :ARG0 (s14.c2 / country
                                :name (s14.n / name
                                             :op1 "Haiti")
                                :same-as s5.c3)
                  :ARG1 (s14.g / glimpse-01
                               :ARG0 (s14.w / we)
                               :ARG1 (s14.f / future
                                            :domain (s14.l / look-02
                                                           :ARG0 (s14.r / respond-01
                                                                        :ARG1 (s14.d2 / disaster))
                                                           :ARG1 (s14.t / thing)
                                                           :ARG1-of (s14.p2 / possible-01)
                                                           :location (s14.w2 / world
                                                                             :ARG1-of (s14.c / connect-01
                                                                                             :degree (s14.h2 / hyper))
                                                                             :location-of (s14.h / have-03
                                                                                                 :ARG0 (s14.p / person)
                                                                                                 :ARG1 (s14.a / access-01
                                                                                                              :ARG0 s14.p
                                                                                                              :ARG1 (s14.d / device
                                                                                                                           :ARG1-of (s14.s / smart-06)
                                                                                                                           :ARG1-of (s14.m / mobile-02)))))))))
   :snt15 (s15.c / cause-01
                 :ARG0 (s15.c3 / come-03
                               :ARG1 (s15.t3 / torrent
                                             :consist-of (s15.t2 / text-01
                                                                 :consist-of (s15.a / and
                                                                                    :op1 (s15.c4 / cry-02
                                                                                                 :ARG0 (s15.p / person)
                                                                                                 :ARG1 (s15.h / help-01
                                                                                                              :ARG1 s15.p))
                                                                                    :op2 (s15.b / beg-01
                                                                                                :ARG0 s15.p
                                                                                                :ARG1 (s15.w / we)
                                                                                                :ARG2 (s15.a2 / assist-01
                                                                                                              :ARG0 s15.w
                                                                                                              :ARG1 s15.p))
                                                                                    :op3 (s15.s / share-01
                                                                                                :ARG0 s15.p
                                                                                                :ARG1 (s15.d / data))
                                                                                    :op4 (s15.o / offer-01
                                                                                                :ARG0 s15.p
                                                                                                :ARG1 (s15.s2 / support-01))
                                                                                    :op5 (s15.l / look-01
                                                                                                :ARG0 s15.p
                                                                                                :ARG1 (s15.o2 / one
                                                                                                              :ARG1-of (s15.l2 / love-01
                                                                                                                               :ARG0 s15.p))))
                                                                 :medium (s15.t / text-01)))
                               :ARG2 (s15.d2 / devastate-01
                                             :location (s15.c2 / city
                                                               :name (s15.n / name
                                                                            :op1 "Port-au-Prince")
                                                               :same-as s7.c2)
                                             :mod (s15.u / urban))))
   :snt16 (s16.e / encounter-01
                 :ARG0 (s16.a / agency
                              :ARG0-of (s16.a2 / aid-01)
                              :mod (s16.t2 / tradition))
                 :ARG1 (s16.s / situation
                              :mod (s16.t / this))
                 :time (s16.b / before)
                 :time (s16.e2 / ever)
                 :polarity "-")
   :snt17 (s17.c / contrast-01
                 :ARG1 (s17.b / be-located-at-91
                              :ARG1 (s17.w / we)
                              :ARG2 (s17.c2 / country
                                            :ARG1-of (s17.h / have-degree-91
                                                            :ARG2 (s17.p5 / poor)
                                                            :ARG3 (s17.m2 / most)
                                                            :ARG5 (s17.c3 / country
                                                                          :location (s17.p4 / planet)))
                                            :same-as s7.c2))
                 :ARG2 (s17.i / in-ones-hands-04
                              :ARG0 (s17.p2 / person
                                            :ARG1-of (s17.i2 / include-91
                                                             :ARG2 (s17.p3 / person)
                                                             :ARG3 (s17.p / percentage-entity
                                                                          :value "80")))
                              :ARG1 (s17.d / device
                                           :ARG1-of (s17.m / mobile-02))))
   :snt18 (s18.a2 / and
                  :op2 (s18.a3 / and
                               :op1 (s18.p / prepare-02
                                           :ARG1 (s18.w / we)
                                           :ARG2 (s18.t2 / this)
                                           :polarity "-")
                               :op2 (s18.s / shape-01
                                           :ARG0 (s18.t / they
                                                        :same-as s17.p2)
                                           :ARG1 (s18.e / effort-01
                                                        :ARG1 (s18.a / aid-01)))))
   :snt19 (s19.l / look-02
                 :ARG0 (s19.t / thing)
                 :ARG1 (s19.d / differ-02
                              :ARG1 s19.t)
                 :location (s19.o / outside
                                  :mod (s19.a / also)
                                  :op1 (s19.c / country
                                              :name (s19.n / name
                                                           :op1 "Haiti")
                                              :same-as s5.c3)))
   :snt20 (s20.a4 / and
                  :op1 (s20.s / scour-02
                              :ARG0 (s20.p2 / person
                                            :quant (s20.m3 / multiple
                                                           :op1 "10000")
                                            :ARG0-of (s20.v / volunteer-01
                                                            :mod (s20.d / digital))
                                            :mod (s20.s2 / so-called))
                              :ARG1 (s20.i3 / internet))
                  :op2 (s20.c2 / convert-01
                               :ARG0 s20.p2
                               :ARG1 (s20.t2 / tweet-02
                                             :ARG1-of (s20.c3 / convert-01
                                                              :ARG2 (s20.t / text-01)
                                                              :time (s20.a3 / already))))
                  :op3 (s20.l / lay-01
                              :ARG0 s20.p2
                              :ARG1 s20.t2
                              :ARG2 (s20.i2 / information
                                            :ARG1-of (s20.i / important-01)
                                            :ARG1-of (s20.r / resemble-01
                                                            :ARG2 (s20.p3 / person))
                                            :mod (s20.s3 / sort
                                                         :mod (s20.a2 / all))))
                  :op4 (s20.p7 / put-01
                               :purpose (s20.a6 / and
                                                :op1 (s20.p / participate-01
                                                            :ARG0 (s20.e / everybody
                                                                         :example (s20.a5 / and
                                                                                          :op1 (s20.m2 / media)
                                                                                          :op2 (s20.o2 / organization
                                                                                                       :ARG0-of (s20.a / aid-01))
                                                                                          :op3 (s20.c / community)))
                                                            :ARG1 s20.i2)
                                                :op2 (s20.u / use-01
                                                            :ARG0 s20.e
                                                            :ARG1 s20.i2))
                               :ARG0 s20.p2
                               :ARG1 (s20.m / map
                                            :mod (s20.s4 / source
                                                         :ARG1-of (s20.o / open-04)))
                               :ARG2 (s20.w / web
                                            :same-as s20.i3)
                               :beneficiary s20.e)
                  :rel (s20.p6 / put-01
                               :ARG0 s20.p2
                               :ARG1 s20.t2
                               :ARG2 s20.m)
                  :rel (s20.p4 / publication
                               :name (s20.n / name
                                            :op1 "Crisis"
                                            :op2 "Mappers"))
                  :rel (s20.p5 / publication
                               :name (s20.n2 / name
                                             :op1 "Open"
                                             :op2 "Street"
                                             :op3 "Map")))
   :snt21 (s21.t / turn-14
                 :ARG0 (s21.p / person)
                 :ARG1 (s21.m / medium
                              :medium (s21.m2 / message-01
                                              :mod (s21.o / Social)))
                 :ARG1-of (s21.i / increase-01)
                 :location (s21.c / country
                                  :name (s21.n / name
                                               :op1 "Haiti")
                                  :same-as s5.c3))
   :snt22 (s22.a / and
                 :op1 (s22.s / signal-07
                             :ARG0 (s22.p / person
                                          :ARG0-of (s22.h2 / hunger-01)
                                          :ARG1-of (s22.h3 / hurt-01))
                             :ARG1 (s22.d / distress-01
                                          :ARG1 s22.p))
                 :op2 (s22.s2 / signal-07
                              :ARG0 s22.p
                              :ARG1 (s22.n / need-01
                                           :ARG0 s22.p
                                           :ARG1 (s22.h / help-01
                                                        :ARG1 s22.p))))
   :snt23 (s23.s2 / spring-up-02
                  :ARG1 (s23.e / entrepreneur
                               :ARG0-of (s23.o / offer-01
                                               :ARG1 (s23.s3 / station
                                                             :ARG0-of (s23.c / charge-03
                                                                             :ARG1 (s23.p / phone
                                                                                          :ARG1-of (s23.m / mobile-02))))))
                  :location (s23.s / side
                                   :location (s23.a / all-over
                                                    :op1 (s23.c2 / city
                                                                 :name (s23.n / name
                                                                              :op1 "Port-au-Prince")
                                                                 :same-as s7.c2))
                                   :mod (s23.s4 / street)))
   :snt24 (s24.u / understand-01
                 :ARG0 (s24.t / they
                              :same-as s23.e)
                 :ARG2-of (s24.h / have-degree-91
                                 :ARG1 s24.t
                                 :ARG3 (s24.m / more)
                                 :ARG4 (s24.u2 / understand-01
                                               :ARG0 (s24.w / we)
                                               :ARG1 (s24.n2 / need-01
                                                             :ARG0 (s24.p / person)
                                                             :ARG1 (s24.c / connect-01
                                                                          :ARG1 s24.p)
                                                             :ARG1-of (s24.n / natural-02
                                                                             :ARG2 s24.p)))))
   :snt25 (s25.c / cause-01
                 :ARG0 (s25.c2 / confront-01
                               :ARG1 (s25.s / situation
                                            :ARG1-of (s25.t9 / type-03
                                                             :mod (s25.t6 / this)))
                               :ARG1 (s25.w2 / we
                                             :same-as s24.w)
                               :time (s25.b / before)
                               :polarity "-")
                 :ARG1 (s25.w / want-01
                              :ARG0 s25.w2
                              :ARG1 (s25.a / and
                                           :op1 (s25.t8 / try-01
                                                        :ARG0 s25.w2)
                                           :op2 (s25.u / understand-01
                                                       :ARG0 s25.w2
                                                       :ARG1 (s25.a2 / and
                                                                     :op1 (s25.t4 / thing
                                                                                  :manner-of (s25.p / possible-01
                                                                                                    :ARG1 (s25.t / tap-02
                                                                                                                 :ARG0 s25.w2
                                                                                                                 :ARG1 (s25.r2 / resource
                                                                                                                               :mod (s25.i / incredible)
                                                                                                                               :mod (s25.t7 / this)))))
                                                                     :op2 (s25.t5 / thing
                                                                                  :manner-of (s25.p2 / possible-01
                                                                                                     :ARG1 (s25.l / leverage-01
                                                                                                                  :ARG0 s25.w2
                                                                                                                  :ARG1 (s25.u2 / use-01
                                                                                                                                :ARG1 (s25.a3 / and
                                                                                                                                              :op1 (s25.t2 / technology
                                                                                                                                                           :ARG1-of (s25.m / mobile-02))
                                                                                                                                              :op2 (s25.t3 / technology
                                                                                                                                                           :mod (s25.s2 / string-entity
                                                                                                                                                                        :value "SMS")))
                                                                                                                                :mod s25.i)
                                                                                                                  :ARG1-of (s25.r / real-04)))))))))
   :snt26 (s26.s / start-01
                 :ARG0 (s26.w / we
                              :same-as s24.w)
                 :ARG1 (s26.t / talk-01
                              :ARG0 s26.w
                              :ARG2 (s26.c / company
                                           :name (s26.n / name
                                                        :op1 "Voilà")
                                           :ARG0-of (s26.p / provide-01
                                                           :ARG1 (s26.t2 / telecom))
                                           :ARG1-of (s26.l / local-02)
                                           :mod (s26.s2 / subsidiary
                                                        :poss (s26.c2 / company
                                                                      :name (s26.n2 / name
                                                                                    :op1 "Trilogy"
                                                                                    :op2 "International"))))))
   :snt27 (s27.h / have-03
                 :ARG0 (s27.w / we
                              :same-as s24.w)
                 :ARG1 (s27.t / thing
                              :ARG1-of (s27.r / require-01)
                              :quant "3")
                 :mod (s27.b / basic))
   :snt28 (s28.w / want-01
                 :ARG0 (s28.w2 / we
                               :same-as s24.w)
                 :ARG1 (s28.c / communicate-01
                              :ARG0 s28.w2
                              :manner (s28.f / form
                                             :mod (s28.t / two-way))))
   :snt29 (s29.a / and
                 :op1 (s29.w / want-01
                             :ARG0 (s29.w2 / we
                                           :same-as s24.w)
                             :ARG1 (s29.s / shout-01
                                          :ARG0 s29.w2)
                             :polarity "-")
                 :op2 (s29.n / need-01
                             :ARG0 s29.w2
                             :ARG1 (s29.l / listen-01
                                          :ARG0 s29.w2
                                          :mod (s29.a2 / as-well))))
   :snt30 (s30.w / want-01
                 :ARG0 (s30.w2 / we
                               :same-as s24.w)
                 :ARG1 (s30.p / possible-01
                              :ARG1 (s30.t / target-01
                                           :ARG0 s30.w2
                                           :ARG1 (s30.c / community
                                                        :ARG1-of (s30.s / specific-02)
                                                        :mod (s30.g / geography)))))
   :snt31 (s31.n / need-01
                 :ARG0 (s31.w / we
                              :same-as s24.w)
                 :ARG1 (s31.t / talk-01
                              :ARG0 s31.w
                              :ARG2 (s31.c / country
                                           :mod (s31.w2 / whole))
                              :time (s31.t2 / time
                                            :ARG1-of (s31.s / same-01)))
                 :polarity "-")
   :snt32 (s32.a / and
                 :op2 (s32.w / want-01
                             :ARG0 (s32.w2 / we
                                           :same-as s24.w)
                             :ARG1 (s32.e / easy-05
                                          :ARG1 (s32.u / use-01
                                                       :ARG1 (s32.i / it)))))
   :snt33 (s33.c2 / come-03
                  :ARG1 (s33.s2 / something
                                :ARG1-of (s33.c / call-01
                                                :ARG0 (s33.w / we
                                                             :same-as s24.w)
                                                :ARG2 (s33.n2 / name
                                                              :op1 "Trilogy"
                                                              :op2 "Emergency"
                                                              :op3 "Response"
                                                              :op4 "Application"))
                                :ARG1-of (s33.u / use-01
                                                :ARG2 (s33.s3 / support-01
                                                              :ARG1 (s33.e / effort-01
                                                                           :ARG1 (s33.a / aid-01)
                                                                           :same-as s18.e))
                                                :time (s33.e2 / ever)
                                                :time (s33.s / since
                                                             :op1 (s33.d / devastate-01
                                                                         :mod (s33.t / this)
                                                                         :same-as s15.d2))))
                  :ARG2 (s33.a2 / and
                                :op1 (s33.r / rubble
                                            :mod s33.t
                                            :poss (s33.c3 / country
                                                          :name (s33.n / name
                                                                       :op1 "Haiti")
                                                          :same-as s5.c3))
                                :op2 s33.d))
   :snt34 (s34.u / use-01
                 :ARG1 (s34.i / it
                              :same-as s33.s2)
                 :ARG2 (s34.h / help-01
                              :ARG0 s34.i
                              :ARG1 (s34.p / prepare-02
                                           :ARG0 (s34.c / community)
                                           :ARG2 (s34.d / disaster))
                              :ARG2 s34.c))
   :snt35 (s35.u / use-01
                 :ARG1 (s35.i2 / it
                               :same-as s33.s2)
                 :ARG2 (s35.s / signal-07
                              :ARG0 s35.i2
                              :ARG1 (s35.w / warn-01
                                           :ARG1 (s35.d / disaster
                                                        :ARG1-of (s35.r / relate-01
                                                                        :ARG2 (s35.w2 / weather)))
                                           :ARG1-of (s35.i / in-advance-04)
                                           :time (s35.e / early))))
   :snt36 (s36.u / use-01
                 :ARG1 (s36.i / it
                              :same-as s33.s2)
                 :ARG2 (s36.c / campaign-01
                              :ARG0-of (s36.r / realize-01
                                              :ARG1 (s36.h / healthy
                                                           :domain (s36.p2 / public)))
                              :example (s36.p / prevent-01
                                              :ARG1 (s36.c2 / cholera))))
   :snt37 (s37.a / and
                 :op2 (s37.u / use-01
                             :ARG1 (s37.i2 / it
                                           :same-as s33.s2)
                             :ARG2 (s37.i / issue
                                          :ARG0-of (s37.s / sensitive-03)
                                          :example (s37.b2 / build-02
                                                           :ARG1 (s37.r / realize-01
                                                                        :ARG1 (s37.v / violence
                                                                                     :ARG1-of (s37.b / base-02
                                                                                                     :ARG2 (s37.g / gender))))))
                             :mod (s37.e / even)))
   :snt38 (s38.c / contrast-01
                 :ARG2 (s38.w / work-09
                              :ARG1 (s38.i / it
                                           :same-as s33.s2)
                              :polarity (s38.a / amr-unknown)))
   :snt39 (s39.a2 / and
                  :op1 (s39.p3 / publish-01
                               :ARG0 (s39.w / we)
                               :ARG1 (s39.e / evaluate-01
                                            :ARG0 s39.w
                                            :ARG1 (s39.p2 / program
                                                          :mod (s39.t2 / this)
                                                          :same-as s33.s2))
                               :time (s39.j / just))
                  :op2 (s39.r / remarkable-02
                              :ARG1 (s39.e2 / evidence-01
                                            :ARG1-of (s39.s / see-01
                                                            :ARG0 (s39.p / person
                                                                         :mod (s39.a / all)))
                                            :location (s39.t / there))
                              :degree (s39.q / quite)))
   :snt40 (s40.r / receive-01
                 :ARG0 (s40.p2 / person
                               :ARG1-of (s40.i / include-91
                                               :ARG2 (s40.p3 / person)
                                               :ARG3 (s40.s / some
                                                            :op1 (s40.p / percentage-entity
                                                                        :value "74"))))
                 :ARG1 (s40.d / data))
   :snt41 (s41.r2 / receive-01
                  :ARG0 (s41.p2 / person
                                :ARG0-of (s41.r / receive-01
                                                :ARG1 (s41.d / data
                                                             :same-as s40.d)
                                                :ARG1-of (s41.i2 / intend-01))
                                :ARG1-of (s41.i / include-91
                                                :ARG2 (s41.t2 / they
                                                              :same-as s41.r)
                                                :ARG3 (s41.p / percentage-entity
                                                             :value "74"))
                                :mod (s41.t / that))
                  :ARG1 s41.d)
   :snt42 (s42.f / find-01
                 :ARG0 (s42.p2 / person
                               :quant (s42.p / percentage-entity
                                             :value "96")
                               :ARG1-of (s42.i / include-91
                                               :ARG2 (s42.t / they
                                                            :same-as s41.r)))
                 :ARG1 (s42.u / useful-05
                              :ARG0 s42.p2
                              :ARG1 (s42.i2 / it
                                            :same-as s40.d)))
   :snt43 (s43.a / act-02
                 :ARG0 (s43.p2 / person
                               :quant (s43.p / percentage-entity
                                             :value "83")
                               :ARG1-of (s43.i / include-91
                                               :ARG2 (s43.t / they
                                                            :same-as s41.r)))
                 :ARG0-of (s43.e2 / evidence-01
                                  :ARG1 (s43.e / empower-01
                                               :ARG0 (s43.i3 / it
                                                             :same-as s40.d)
                                               :mod (s43.i2 / indeed))))
   :snt44 (s44.a / and
                 :op2 (s44.s / share-01
                             :ARG0 (s44.p2 / person
                                           :quant (s44.p / percentage-entity
                                                         :value "73")
                                           :ARG1-of (s44.i / include-91
                                                           :ARG2 (s44.t / they
                                                                        :same-as s41.r)))
                             :ARG1 (s44.i2 / it
                                           :same-as s40.d)))
   :snt45 (s45.d / develop-02
                 :ARG1 (s45.s2 / system
                               :name (s45.n / name
                                            :op1 "TERA")
                               :same-as s33.s2)
                 :ARG1-of (s45.s / support-01
                                 :ARG0 (s45.p / person
                                              :ARG0-of (s45.e / engineer-01)
                                              :location (s45.r / region)))
                 :source (s45.c / country
                                :name (s45.n2 / name
                                              :op1 "Haiti")
                                :same-as s5.c3))
   :snt46 (s46.t / technology
                 :ARG1-of (s46.a2 / appropriate-02
                                  :ARG2 (s46.p / person
                                               :ARG0-of (s46.u / use-01)))
                 :ARG1-of (s46.u2 / use-01
                                  :ARG2 (s46.g / good-04
                                               :mod (s46.h / humanitarian))
                                  :ARG2-of (s46.a / affect-01
                                                  :degree (s46.g2 / great))))
   :snt47 (s47.t2 / transform-01
                  :ARG0 (s47.t / technology))
   :snt48 (s48.u / use-01
                 :ARG0 (s48.a2 / and
                               :op1 (s48.c2 / citizen)
                               :op2 (s48.c3 / community))
                 :ARG1 (s48.t / technology)
                 :ARG2 (s48.e / enable-01
                              :ARG0 s48.a2
                              :ARG1 (s48.b / bring-about-05
                                           :ARG0 s48.a2
                                           :ARG1 (s48.c / change-01
                                                        :mod (s48.p / positive))
                                           :location (s48.c4 / community
                                                             :poss s48.a2))
                              :ARG2 s48.t)
                 :location (s48.a / across
                                  :mod (s48.r / right)
                                  :op1 (s48.w / world
                                              :ARG1-of (s48.d / develop-02))))
   :snt49 (s49.a2 / and
                  :op1 (s49.s3 / strengthen-01
                               :ARG0 (s49.p / power
                                            :mod (s49.s2 / social)
                                            :poss (s49.s / share-01))
                               :ARG1 (s49.g / grass-roots))
                  :op2 (s49.c / challenge-01
                              :ARG0 s49.g
                              :ARG1 (s49.m / model
                                           :mod (s49.o / old)
                                           :mod (s49.m2 / model
                                                        :mod (s49.a / analog)
                                                        :mod (s49.o2 / old)
                                                        :topic (s49.a3 / and
                                                                       :op1 (s49.c3 / control-01)
                                                                       :op2 (s49.c2 / command-02))))))
   :snt50 (s50.i / illustrate-01
                 :ARG1 (s50.p / power-01
                              :ARG0 (s50.t / technology)
                              :ARG0-of (s50.t2 / transform-01))
                 :location (s50.c / city-district
                                  :name (s50.n / name
                                               :op1 "Kibera")))
   :snt51 (s51.i / include-91
                 :ARG1 (s51.c / city
                              :name (s51.n / name
                                           :op1 "Kibera")
                              :same-as s50.c)
                 :ARG2 (s51.s / slum
                              :ARG1-of (s51.h / have-degree-91
                                              :ARG2 (s51.l / large)
                                              :ARG3 (s51.m / most)
                                              :ARG5 (s51.c2 / continent
                                                            :name (s51.n2 / name
                                                                          :op1 "Africa")))))
   :snt52 (s52.b / be-located-at-91
                 :ARG1 (s52.i / it
                              :same-as s50.c)
                 :ARG2 (s52.o / outskirt
                              :part-of (s52.c2 / city
                                               :name (s52.n / name
                                                            :op1 "Nairobi")
                                               :ARG0-of (s52.h / have-org-role-91
                                                               :ARG1 (s52.c3 / country
                                                                             :name (s52.n2 / name
                                                                                           :op1 "Kenya"))
                                                               :ARG2 (s52.c / capital)))))
   :snt53 (s53.h / home
                 :beneficiary (s53.p / person
                                     :quant (s53.n / number
                                                   :ARG1-of (s53.k / know-01
                                                                   :polarity "-"))
                                     :quant (s53.b / between
                                                   :ARG1-of (s53.s / say-01
                                                                   :ARG0 (s53.s2 / some))
                                                   :op1 "250000"
                                                   :op2 "1200000"))
                 :domain (s53.i / it
                                :same-as s50.c))
   :snt54 (s54.h / have-condition-91
                 :ARG1 (s54.r / represent-01
                              :ARG1 (s54.c2 / city-district
                                            :name (s54.n2 / name
                                                          :op1 "Kibera")
                                            :same-as s50.c)
                              :ARG2 (s54.p / park
                                           :ARG1-of (s54.g / green-02)
                                           :ARG1-of (s54.l / lack-01
                                                           :ARG2 (s54.s / settlement
                                                                        :mod (s54.h2 / human)))
                                           :mod (s54.n3 / nation)
                                           :mod (s54.l2 / lush)))
                 :ARG2 (s54.a / and
                              :op1 (s54.a2 / arrive-01
                                           :ARG1 (s54.y / you)
                                           :ARG4 (s54.c / city
                                                        :name (s54.n / name
                                                                     :op1 "Nairobi")
                                                        :same-as s52.c2)
                                           :time (s54.t / today))
                              :op2 (s54.p3 / pick-up-04
                                           :ARG0 s54.y
                                           :ARG1 (s54.m / map
                                                        :mod (s54.p2 / person
                                                                     :ARG0-of (s54.t2 / tour-01))))))
   :snt55 (s55.p5 / put-01
                  :ARG0 (s55.p / person
                               :ARG0-of (s55.l2 / live-01
                                                :location (s55.c / city-district
                                                                 :name (s55.n / name
                                                                              :op1 "Kibera"
                                                                              :same-as s50.c)
                                                                 :location (s55.c2 / community
                                                                                   :poss s55.p)))
                               :ARG0-of (s55.h2 / have-03
                                                :ARG1 (s55.a / and
                                                             :op1 (s55.d / device
                                                                         :ARG1-of (s55.s / simple-02)
                                                                         :mod (s55.h / handheld))
                                                             :op2 (s55.d2 / device
                                                                          :ARG1-of (s55.m2 / mobile-02
                                                                                           :ARG1 s55.p2)
                                                                          :mod (s55.p3 / product
                                                                                       :name (s55.n2 / name
                                                                                                     :op1 "GPS")))))
                               :mod (s55.y / young)
                               :ARG1-of s55.p5)
                  :ARG2 (s55.m / map)
                  :manner (s55.l / literal)
                  :rel (s55.e / enable-01
                              :ARG0 (s55.p4 / product
                                            :name (s55.n3 / name
                                                          :op1 "SMS"))
                              :op3 (s55.p2 / phone)))
   :snt56 (s56.a / and
                 :op1 (s56.c / compile-01
                             :ARG0 (s56.t / they
                                          :same-as s55.e)
                             :ARG1 (s56.d / data
                                          :ARG1-of (s56.s3 / source-01
                                                           :ARG2 (s56.c2 / crowd))))
                 :op2 (s56.r / render-01
                             :ARG0 s56.t
                             :ARG1 (s56.t2 / thing
                                           :ARG1-of (s56.s / see-01
                                                           :ARG1-of (s56.p / possible-01
                                                                           :polarity "-")))
                             :ARG2 (s56.s2 / see-01
                                           :ARG1 s56.t2)))
   :snt57 (s57.c / continue-01
                 :ARG0 (s57.p / person
                              :ARG1-of (s57.r / resemble-01
                                              :ARG2 (s57.a2 / and
                                                            :op1 (s57.p2 / person
                                                                         :name (s57.n2 / name
                                                                                       :op1 "Josh"))
                                                            :op2 (s57.p3 / person
                                                                         :name (s57.n3 / name
                                                                                       :op1 "Steve")))))
                 :ARG1 (s57.a3 / and
                               :op1 (s57.l / layer
                                           :domain (s57.i / information
                                                          :mod (s57.n / International))
                                           :location (s57.i2 / information))
                               :op2 (s57.t3 / tweet-02
                                            :ARG0 s57.p
                                            :ARG1 s57.i)
                               :op3 (s57.t / text-01
                                           :purpose (s57.u / use-01
                                                           :ARG0 (s57.p4 / person
                                                                         :mod (s57.a / all)))
                                           :ARG0 s57.p
                                           :ARG1 s57.i
                                           :ARG2 (s57.m / map
                                                        :mod (s57.t2 / this)))))
   :snt58 (s58.p / possible-01
                 :ARG1 (s58.f / find-out-03
                              :ARG0 (s58.y / you)
                              :ARG1 (s58.s / session
                                           :mod (s58.m / music)
                                           :mod (s58.i / impromptu)
                                           :mod (s58.l / last))))
   :snt59 (s59.p / possible-01
                 :ARG1 (s59.f / find-out-03
                              :ARG0 (s59.y / you)
                              :ARG1 (s59.i / incident
                                           :mod (s59.s / security)
                                           :mod (s59.l / last))))
   :snt60 (s60.p2 / possible-01
                  :ARG1 (s60.f / find-out-03
                               :ARG0 (s60.y / you)
                               :ARG1 (s60.p / place
                                            :location-of (s60.w / worship-01))))
   :snt61 (s61.p / possible-01
                 :ARG1 (s61.f / find-out-03
                              :ARG0 (s61.y / you)
                              :ARG1 (s61.c / center
                                           :mod (s61.h / health))))
   :snt62 (s62.p / possible-01
                 :ARG1 (s62.f / feel-01
                              :ARG0 (s62.y / you)
                              :ARG1 (s62.d / dynamism
                                           :poss (s62.c / community
                                                        :ARG0-of (s62.b / breathe-01)
                                                        :ARG0-of (s62.l / live-01)
                                                        :mod (s62.t / this)
                                                        :same-as s55.e))))
   :snt63 (s63.h / have-03
                 :ARG0 (s63.t / they
                              :same-as s57.a2)
                 :ARG1 (s63.n2 / network
                               :medium (s63.p2 / publication
                                               :name (s63.n / name
                                                            :op1 "YouTube"))
                               :mod (s63.n3 / news)
                               :poss s63.t
                               :prep-with (s63.p / person
                                                 :ARG0-of (s63.v / view-01)
                                                 :time (s63.m / moment)
                                                 :quant "35000"))
                 :mod (s63.a / also))
   :snt64 (s64.s / show-01
                 :ARG0 (s64.t2 / they
                               :same-as s57.a2)
                 :ARG1 (s64.t3 / thing
                               :ARG1-of (s64.d2 / do-02
                                                :ARG1-of (s64.p / possible-01)
                                                :ARG2 (s64.t / technology
                                                             :mod (s64.d / digital)
                                                             :mod (s64.m / mobile))))
                 :ARG2 (s64.w / we))
   :snt65 (s65.s3 / show-01
                  :ARG0 (s65.t2 / they
                                :same-as s57.a2)
                  :ARG1 (s65.p / possible-01
                               :ARG1 (s65.b / bring-01
                                            :ARG0 (s65.m / magic
                                                         :poss (s65.t / technology))
                                            :ARG1 (s65.s2 / see-01
                                                          :ARG1 (s65.t3 / thing
                                                                        :ARG1-of (s65.s / see-01
                                                                                        :ARG1-of (s65.p2 / possible-01
                                                                                                         :polarity "-")))))))
   :snt66 (s66.a / and
                 :op2 (s66.g / give-01
                             :ARG0 (s66.t / they
                                          :same-as s57.a2)
                             :ARG1 (s66.v / voice-01
                                          :ARG0 s66.t
                                          :ARG1 s66.t)
                             :ARG2 s66.t))
   :snt67 (s67.t / tell-01
                 :ARG0 (s67.t2 / they
                               :same-as s57.a2)
                 :ARG0-of (s67.b / bypass-01
                                 :ARG1 (s67.n / narrative
                                              :mod (s67.o / official)))
                 :ARG1 (s67.s / story
                              :poss s67.t2))
   :snt68 (s68.a2 / and
                  :op2 (s68.s / see-01
                              :ARG0 (s68.w / we)
                              :ARG1 (s68.s2 / story
                                            :ARG1-of (s68.r / resemble-01))
                              :source (s68.p / point
                                             :location (s68.g / globe
                                                              :same-as s17.p4)
                                             :mod (s68.a / all))))
   :snt69 (s69.u / use-01
                 :ARG1 (s69.s / system
                              :mod (s69.i2 / information)
                              :mod (s69.p5 / product
                                           :name (s69.n2 / name
                                                         :op1 "SMS")))
                 :ARG2 (s69.t / track-01
                              :ARG0 s69.s
                              :ARG1 (s69.a / and
                                           :op1 (s69.m / migrate-01)
                                           :op2 (s69.p / pattern
                                                       :mod (s69.w / weather))))
                 :location (s69.c / country
                                  :name (s69.n / name
                                               :op1 "Mongolia")
                                  :ARG0-of (s69.e / exemplify-01)
                                  :location-of (s69.n3 / nomad
                                                       :domain (s69.p3 / person
                                                                       :ARG1-of (s69.i / include-91
                                                                                       :ARG2 (s69.p4 / person)
                                                                                       :ARG3 (s69.p2 / percentage-entity
                                                                                                     :value "30"))))))
   :snt70 (s70.u / use-01
                 :ARG1 (s70.p3 / product
                               :name (s70.n / name
                                            :op1 "SMS"))
                 :ARG2 (s70.h2 / hold-04
                               :ARG0 s70.p3
                               :ARG1 (s70.s / summit
                                            :mod (s70.p2 / person
                                                         :ARG0-of (s70.h / herd-01))
                                            :prep-from (s70.p / participate-01
                                                              :mod (s70.r / remote))))
                 :mod (s70.e / even))
   :snt71 (s71.a2 / and
                  :op2 (s71.h / have-condition-91
                              :ARG1 (s71.p3 / possible-01
                                            :ARG1 (s71.h2 / help-01
                                                          :ARG1 (s71.a4 / anticipate-01
                                                                        :ARG0 (s71.a3 / and
                                                                                      :op1 (s71.r / ready-01
                                                                                                  :ARG1 (s71.p2 / person
                                                                                                                :ARG0-of (s71.s2 / support-01
                                                                                                                                 :mod (s71.s / social))))
                                                                                      :op2 (s71.w / wait-01
                                                                                                  :ARG1 s71.p2
                                                                                                  :ARG2 (s71.p / person))))
                                                          :ARG1-of (s71.b / base-02
                                                                          :ARG2 (s71.k / know-01
                                                                                       :ARG1 (s71.p4 / product
                                                                                                     :name (s71.n / name
                                                                                                                  :op1 "SMS"))))
                                                          :ARG2 s71.p
                                                          :mod (s71.a / also)))
                              :ARG2 (s71.m / migrate-01
                                           :ARG0 s71.p
                                           :ARG2 (s71.e / environment
                                                        :ARG1-of (s71.c / concrete-02)
                                                        :ARG1-of (s71.f / familiarize-01)
                                                        :mod (s71.u / urban)))))
   :snt72 (s72.u2 / use-01
                  :ARG0 (s72.p / person
                               :ARG0-of (s72.w / work-01
                                               :ARG2 (s72.c / community)
                                               :mod (s72.o2 / organization)))
                  :ARG1 (s72.t / tool
                               :mod (s72.p3 / product
                                            :name (s72.n2 / name
                                                          :op1 "SMS"))
                               :mod (s72.s / source
                                           :ARG1-of (s72.o / open-01)))
                  :ARG2 (s72.g / gather-01
                               :purpose (s72.a2 / attempt-01
                                                :ARG0 s72.p
                                                :ARG1 (s72.a / and
                                                             :op1 (s72.u / understand-01
                                                                         :ARG0 s72.p
                                                                         :ARG1 (s72.p2 / prevalence
                                                                                       :poss (s72.d / disease
                                                                                                    :name (s72.n3 / name
                                                                                                                  :op1 "Malaria")))
                                                                         :ARG1-of (s72.h / have-degree-91
                                                                                         :ARG1 (s72.m / mitigate-01
                                                                                                      :ARG0 s72.p
                                                                                                      :ARG1 s72.p2)
                                                                                         :ARG2 (s72.g2 / good-02)
                                                                                         :ARG3 (s72.m2 / more)))
                                                             :op2 s72.m))
                               :ARG0 s72.p
                               :ARG1 (s72.i / information
                                            :source (s72.c2 / community
                                                            :ARG1-of (s72.l / local-02))))
                  :location (s72.c3 / country
                                    :name (s72.n / name
                                                 :op1 "Nigeria"))
                  :rel (s72.e / Red)
                  :rel (s72.r / Cross))
   :snt73 (s73.t / tell-01
                 :ARG0 (s73.p / person
                              :name (s73.n / name
                                           :op1 "Jason"
                                           :op2 "Peat")
                              :ARG0-of (s73.r / run-01
                                              :ARG1 (s73.p2 / program
                                                            :mod (s73.t3 / this)
                                                            :same-as s33.s2))
                              :mod (s73.c2 / colleague
                                           :poss (s73.i / i
                                                        :same-as s9.i)))
                 :ARG1 (s73.a / and
                              :op1 (s73.h / have-degree-91
                                          :ARG1 s73.p2
                                          :ARG2 (s73.f / fast-02
                                                       :ARG1 s73.p2)
                                          :ARG3 (s73.t4 / times
                                                        :quant "10"))
                              :op2 (s73.h2 / have-degree-91
                                           :ARG1 s73.p2
                                           :ARG2 (s73.t5 / times
                                                         :quant "10")
                                           :ARG2 (s73.c / cheap-02
                                                        :ARG1 s73.p2)
                                           :ARG4 (s73.w / way
                                                        :manner-of (s73.d / do-02
                                                                          :ARG1 (s73.t2 / thing))
                                                        :mod (s73.t6 / traditional))))
                 :ARG2 s73.i)
   :snt74 (s74.a / and
                 :op1 (s74.e / empower-01
                             :ARG1 (s74.c / community))
                 :op2 (s74.s / stay-01
                             :ARG1 (s74.i2 / information
                                           :mod (s74.t / this)
                                           :same-as s72.i)
                             :ARG1-of (s74.i / important-01
                                             :degree (s74.r / really))
                             :location (s74.c2 / community
                                               :location-of (s74.n / need-01
                                                                   :ARG0 s74.i2
                                                                   :ARG1 (s74.f / formulate-01
                                                                                :ARG0 s74.i2
                                                                                :ARG1 (s74.p / policy-01
                                                                                             :ARG1-of (s74.l / long-03)
                                                                                             :ARG2 (s74.h / health)))))))
   :snt75 (s75.b / be-located-at-91
                 :ARG1 (s75.w / we)
                 :ARG2 (s75.p2 / planet
                               :consist-of (s75.a / and
                                                  :op1 (s75.p / person
                                                              :quant "7000000000")
                                                  :op2 (s75.s / subscribe-01
                                                              :ARG1 (s75.m / mobile)
                                                              :quant "5000000000"))))
   :snt76 (s76.p / phone
                 :location (s76.w / world
                                  :same-as s17.p4)
                 :time (s76.b / by
                              :op1 (s76.d / date-entity
                                          :year "2015"))
                 :quant "3000000000")
   :snt77 (s77.s / set-02
                 :ARG0 (s77.c / commission
                              :poss (s77.o / organization
                                           :name (s77.n / name
                                                        :op1 "U.N."))
                              :topic (s77.b / broadband))
                 :ARG1 (s77.t / target-01
                              :ARG1 (s77.h / help-01
                                           :ARG0 s77.c
                                           :ARG1 (s77.a / access-01
                                                        :ARG1 (s77.b2 / broadband)
                                                        :location (s77.p / percentage-entity
                                                                         :ARG1-of (s77.i / include-91
                                                                                         :ARG2 (s77.w / world
                                                                                                      :ARG1-of (s77.d / develop-02)))
                                                                         :ARG1-of (s77.c2 / compare-01
                                                                                          :ARG2 (s77.p2 / percentage-entity
                                                                                                        :ARG1-of (s77.i2 / include-91
                                                                                                                         :ARG2 s77.w)
                                                                                                        :value "20"))
                                                                         :value "50"))))
                 :rel (s77.a2 / access-01
                              :ARG1 s77.b2
                              :time (s77.t2 / today))
                 :time (s77.r / recent))
   :snt78 (s78.h / hurt-01
                 :ARG1 (s78.w / we)
                 :direction (s78.w2 / world
                                    :ARG1-of (s78.c2 / connect-01
                                                     :degree (s78.h2 / hyper))
                                    :location-of (s78.a / access-01
                                                        :ARG0 (s78.c / citizen
                                                                     :source (s78.a4 / and
                                                                                     :op1 (s78.c3 / culture
                                                                                                  :mod (s78.a2 / all))
                                                                                     :op2 (s78.s3 / strata
                                                                                                  :mod (s78.s2 / society)
                                                                                                  :mod (s78.a3 / all))))
                                                        :ARG1 (s78.d / device
                                                                     :ARG1-of (s78.f / fast-02)
                                                                     :ARG1-of (s78.s / smart-06)
                                                                     :mod (s78.m / mobile)))))
   :snt79 (s79.u / understand-01
                 :ARG0 (s79.p / person
                              :source (s79.c / city
                                             :name (s79.n2 / name
                                                           :op1 "Cairo")))
                 :ARG1 (s79.a / and
                              :op1 (s79.w / way
                                          :ARG1-of (s79.n3 / new-01
                                                           :ARG1 (s79.m / mobilize-01))
                                          :manner-of (s79.c3 / come-04
                                                             :ARG1 (s79.t / together)))
                              :op2 s79.m
                              :op3 (s79.w2 / way
                                           :ARG1-of (s79.n4 / new-01)
                                           :manner-of (s79.i / influence-01)))
                 :prep-to (s79.c2 / city
                                  :name (s79.n / name
                                               :op1 "Oakland")))
   :snt80 (s80.c / come-03
                 :ARG1 (s80.t / transform-01
                              :ARG0-of (s80.n / need-01
                                              :ARG1 (s80.u / understand-01
                                                           :ARG0 (s80.a / and
                                                                        :op1 (s80.s / structure
                                                                                    :mod (s80.h / humanitarian))
                                                                        :op2 (s80.m / model-01
                                                                                    :ARG1 s80.h))
                                                           :ARG1 s80.t))))
   :snt81 (s81.n / need-01
                 :ARG1 (s81.a3 / and
                               :op1 (s81.i / integrate-01
                                           :ARG1 (s81.v / voice
                                                        :mod (s81.c / collective)
                                                        :poss (s81.p / person))
                                           :ARG2 (s81.a2 / and
                                                         :op1 (s81.s / strategy
                                                                     :ARG1-of (s81.o2 / organize-01))
                                                         :op2 (s81.p2 / plan-01
                                                                      :ARG1 (s81.a / act-02)))
                                           :ARG2-of (s81.h / have-degree-91
                                                           :ARG1 s81.v
                                                           :ARG3 (s81.m2 / more))
                                           :manner (s81.t / technology
                                                          :ARG1-of (s81.n2 / new-01)))
                               :op2 (s81.r / recycle-01
                                           :purpose (s81.o / or
                                                           :op1 (s81.f / fundraise-04)
                                                           :op2 (s81.m / market-01))
                                           :ARG1 s81.v
                                           :mod (s81.j / just
                                                       :polarity "-"))))
   :snt82 (s82.e2 / exemplify-01
                  :ARG1 (s82.n / need-01
                               :ARG0 (s82.w / we)
                               :ARG1 (s82.e / embrace-01
                                            :ARG0 s82.w
                                            :ARG1 (s82.d / data
                                                         :ARG1-of (s82.k / know-01
                                                                         :location (s82.t / there)
                                                                         :source (s82.p / person
                                                                                        :ARG0-of (s82.l / lead-02
                                                                                                        :ARG1 (s82.m / market))
                                                                                        :ARG0-of (s82.u / understand-01
                                                                                                        :ARG1 (s82.t2 / thing
                                                                                                                      :ARG2-of (s82.m2 / mean-01
                                                                                                                                       :ARG1 (s82.a / and
                                                                                                                                                    :op1 (s82.u2 / use-01
                                                                                                                                                                 :ARG1 s82.d)
                                                                                                                                                    :op2 (s82.l2 / leverage-01
                                                                                                                                                                 :ARG1 s82.d)))))))
                                                         :mod (s82.b / big)))))
   :snt83 (s83.e / exemplify-01
                 :ARG0 (s83.i2 / idea
                               :quant (s83.o / one)
                               :ARG1-of (s83.c / consider-02
                                               :ARG0 (s83.y / you)
                                               :ARG1-of (s83.l / like-02
                                                               :ARG0 (s83.i / i
                                                                            :same-as s9.i)))
                               :domain (s83.l2 / look-01
                                               :ARG0 s83.y
                                               :ARG1 (s83.d / department
                                                            :poss (s83.w / we)
                                                            :topic (s83.t / technology
                                                                          :mod (s83.i3 / information))))))
   :snt84 (s84.c2 / contrast-01
                  :ARG1 (s84.c / company
                               :ARG0-of (s84.p2 / provide-01
                                                :ARG1 (s84.s / serve-01
                                                             :ARG1 (s84.h / hardware)))
                               :ARG1-of (s84.n2 / normal-02)
                               :domain (s84.t / they
                                              :same-as s83.d)
                               :mod (s84.o / or
                                           :op1 s84.n2
                                           :op2 (s84.b2 / basement)))
                  :ARG2 (s84.n / need-01
                               :ARG0 s84.t
                               :ARG1 (s84.e / elevate-01
                                            :ARG1 s84.t
                                            :ARG2 (s84.p / person
                                                         :ARG0-of (s84.s3 / strategize-01
                                                                          :ARG1 (s84.s2 / software)))))
                  :rel (s84.b / backroom))
   :snt85 (s85.n / need-01
                 :ARG0 (s85.w / we)
                 :ARG1 (s85.p / person
                              :ARG0-of (s85.k / know-01
                                              :ARG1 (s85.t / thing
                                                           :ARG2-of (s85.r / resemble-01
                                                                           :ARG1 (s85.w2 / work-01
                                                                                         :ARG3 (s85.d / data
                                                                                                      :mod (s85.b / big))))))
                              :source (s85.o / organization
                                             :poss s85.w)))
   :snt86 (s86.n / need-01
                 :ARG0 (s86.w / we)
                 :ARG1 (s86.t / technology
                              :prep-as (s86.p / principle
                                              :mod (s86.o / organize-01)
                                              :mod (s86.c / core))))
   :snt87 (s87.n3 / need-01
                  :ARG0 (s87.w / we)
                  :ARG1 (s87.p / person
                               :ARG0-of (s87.s / strategize-01
                                               :ARG1 (s87.t / technology))
                               :ARG0-of (s87.a4 / ask-01
                                                :ARG1-of (s87.p2 / possible-01
                                                                 :ARG1 (s87.a3 / answer-01
                                                                               :ARG0 s87.p
                                                                               :ARG1 (s87.q / question-01
                                                                                            :ARG1 (s87.d2 / do-02
                                                                                                          :ARG0 (s87.o / or
                                                                                                                       :op1 (s87.c / company
                                                                                                                                   :name (s87.n / name
                                                                                                                                                :op1 "Amazon"))
                                                                                                                       :op2 (s87.c2 / company
                                                                                                                                    :name (s87.n2 / name
                                                                                                                                                  :op1 "Google")))
                                                                                                          :ARG1 (s87.a2 / amr-unknown)
                                                                                                          :ARG3 (s87.d / data
                                                                                                                       :mod (s87.t2 / this)
                                                                                                                       :mod (s87.a / all)))))))
                               :location (s87.b / boardroom)))
   :snt88 (s88.a / and
                 :op2 (s88.c / convert-01
                             :ARG1 (s88.i / it
                                          :same-as s87.d)
                             :ARG2 (s88.g / good-04
                                          :mod (s88.h / humanitarian))))
   :snt89 (s89.a3 / and
                  :op1 (s89.p4 / possible-01
                               :ARG1 (s89.h3 / help-01
                                             :ARG0 (s89.p3 / possible-01
                                                           :ARG1-of (s89.b / bring-01
                                                                           :ARG0 (s89.t / technology
                                                                                        :ARG1-of (s89.n / new-01)
                                                                                        :mod (s89.d / digital))))
                                             :ARG1 (s89.o3 / or
                                                           :op1 (s89.e2 / ensure-01
                                                                        :ARG0 (s89.o4 / organization)
                                                                        :ARG1 (s89.m / meet-01
                                                                                     :ARG1 (s89.r / right-05
                                                                                                  :ARG1 (s89.p2 / person)
                                                                                                  :ARG2 (s89.i2 / information)))
                                                                        :mod (s89.o2 / only))
                                                           :op2 (s89.h / have-03
                                                                       :ARG0 s89.p2
                                                                       :ARG1 (s89.r2 / right-05
                                                                                     :ARG1 s89.p2
                                                                                     :ARG2 (s89.c / communicate-01
                                                                                                  :ARG0 s89.p2))))
                                             :ARG2 s89.o4))
                  :op2 (s89.t3 / think-01
                               :ARG0 (s89.i / i
                                            :same-as s9.i)
                               :ARG1 (s89.o / obligate-01
                                            :ARG1 (s89.o5 / organization
                                                          :mod (s89.h4 / humanitarian))
                                            :ARG2 (s89.a5 / anticipate-01
                                                          :purpose (s89.e3 / ensure-01
                                                                           :ARG0 s89.o4
                                                                           :ARG1 (s89.a4 / and
                                                                                         :op1 (s89.h2 / hear-01
                                                                                                      :ARG1 (s89.v / voice-01
                                                                                                                   :ARG0 s89.p2))
                                                                                         :op2 (s89.p / participate-01
                                                                                                     :ARG0 s89.p2
                                                                                                     :ARG1-of (s89.t4 / true-01
                                                                                                                      :ARG1 (s89.e / empower-01
                                                                                                                                   :ARG1 s89.o4
                                                                                                                                   :location (s89.w / world
                                                                                                                                                    :mod (s89.h5 / humanitarian)))))
                                                                                         :op3 s89.e))
                                                          :ARG0 s89.o5
                                                          :ARG1 (s89.r3 / right-05
                                                                        :ARG1 s89.p2
                                                                        :ARG2 (s89.a / access-01
                                                                                     :ARG0 s89.p2
                                                                                     :ARG1 (s89.t2 / technology
                                                                                                   :ARG1-of (s89.c3 / critical-02)
                                                                                                   :instrument-of (s89.c2 / communicate-01)))))
                                            :mod (s89.a2 / also)
                                            :time (s89.f / future))))
   :snt90 (s90.i / ideal
                 :ARG0-of (s90.e2 / elude-01)
                 :domain (s90.e3 / ensure-01
                                 :ARG1 (s90.p / participate-01
                                              :ARG0 (s90.p2 / person
                                                            :ARG1-of (s90.a / affect-01
                                                                            :ARG0 (s90.d / disaster)))
                                              :ARG1 (s90.e / effort-01
                                                           :ARG1 (s90.h / humanitarian))
                                              :degree (s90.f / full)))
                 :time (s90.a2 / always))
   :snt91 (s91.h / have-03
                 :ARG0 (s91.w / we)
                 :ARG1 (s91.t / tool)
                 :time (s91.n / now))
   :snt92 (s92.h / have-03
                 :ARG0 (s92.w / we)
                 :ARG1 (s92.t / thing
                              :ARG1-of (s92.p / possible-01))
                 :time (s92.n / now))
   :snt93 (s93.r / reason
                 :quant (s93.m / more)
                 :ARG0-of (s93.c / cause-01
                                 :ARG1 (s93.d / do-02
                                              :ARG1 (s93.i / it
                                                           :same-as s90.e3)
                                              :polarity "-"))
                 :polarity "-")
   :snt94 (s94.b / believe-01
                 :ARG0 (s94.i / i
                              :same-as s9.i)
                 :ARG1 (s94.n / need-01
                              :ARG0 (s94.w / we)
                              :ARG1 (s94.b2 / bring-01
                                            :ARG0 s94.w
                                            :ARG1 (s94.w2 / world
                                                          :mod (s94.h / humanitarian)
                                                          :same-as s89.w)
                                            :ARG2 (s94.d / digital)
                                            :ARG3 (s94.a / analog))))
   :snt95 (s95.t / thank-01
                 :ARG0 (s95.i / i)
                 :ARG1 (s95.y / you
                              :same-as s9.i)
                 :mod (s95.m / much
                             :degree (s95.v / very))))

