# ::id doc-109
# ::doc_file doc-109
# ::tok http : / / www . ted . com / talks / mariana_mazzucato_government_investor_risk_taker_innovator< / url> <next_sent> Have you ever asked yourselves why it is that companies , the really cool companies , the innovative ones , the creative , new economy - type companies -- Apple , Google , Facebook -- are coming out of one particular country , the United States of America ? <next_sent> Usually when I say this , someone says , " Spotify ! <next_sent> That 's Europe . " <next_sent> But , yeah . <next_sent> It has not had the impact that these other companies have had . <next_sent> Now what I do is I 'm an economist , and I actually study the relationship between innovation and economic growth at the level of the company , the industry and the nation , and I work with policymakers worldwide , especially in the European Commission , but recently also in interesting places like China , and I can tell you that that question is on the tip of all of their tongues : Where are the European Googles ? <next_sent> What is the secret behind the Silicon Valley growth model , which they understand is different from this old economy growth model ? <next_sent> And what is interesting is that often , even if we 're in the 21st century , we kind of come down in the end to these ideas of market versus state . <next_sent> It 's talked about in these modern ways , but the idea is that somehow , behind places like Silicon Valley , the secret have been different types of market - making mechanisms , the private initiative , whether this be about a dynamic venture capital sector that 's actually able to provide that high - risk finance to these innovative companies , the gazelles as we often call them , which traditional banks are scared of , or different types of really successful commercialization policies which actually allow these companies to bring these great inventions , their products , to the market and actually get over this really scary Death Valley period in which many companies instead fail . <next_sent> But what really interests me , especially nowadays and because of what 's happening politically around the world , is the language that 's used , the narrative , the discourse , the images , the actual words . <next_sent> So we often are presented with the kind of words like that the private sector is also much more innovative because it 's able to think out of the box . <next_sent> They are more dynamic . <next_sent> Think of Steve Jobs ' really inspirational speech to the 2005 graduating class at Stanford , where he said to be innovative , you 've got to stay hungry , stay foolish . <next_sent> Right ? So these guys are kind of the hungry and foolish and colorful guys , right ? <next_sent> And in places like Europe , it might be more equitable , we might even be a bit better dressed and eat better than the U.S. , but the problem is this damn public sector . <next_sent> It 's a bit too big , and it has n't actually allowed these things like dynamic venture capital and commercialization to actually be able to really be as fruitful as it could . <next_sent> And even really respectable newspapers , some that I 'm actually subscribed to , the words they use are , you know , the state as this Leviathan . <next_sent> Right ? <next_sent> This monster with big tentacles . <next_sent> They 're very explicit in these editorials . <next_sent> They say , " You know , the state , it 's necessary to fix these little market failures when you have public goods or different types of negative externalities like pollution , but you know what , what is the next big revolution going to be after the Internet ? <next_sent> We all hope it might be something green , or all of this nanotech stuff , and in order for that stuff to happen , " they say -- this was a special issue on the next industrial revolution -- they say , " the state , just stick to the basics , right ? <next_sent> Fund the infrastructure . <next_sent> Fund the schools . <next_sent> Even fund the basic research , because this is popularly recognized , in fact , as a big public good which private companies do n't want to invest in , do that , but you know what ? <next_sent> Leave the rest to the revolutionaries . " <next_sent> Those colorful , out - of - the - box kind of thinkers . <next_sent> They 're often called garage tinkerers , because some of them actually did some things in garages , even though that 's partly a myth . <next_sent> And so what I want to do with you in , oh God , only 10 minutes , is to really think again this juxtaposition , because it actually has massive , massive implications beyond innovation policy , which just happens to be the area that I often talk with with policymakers . <next_sent> It has huge implications , even with this whole notion that we have on where , when and why we should actually be cutting back on public spending and different types of public services which , of course , as we know , are increasingly being outsourced because of this juxtaposition . <next_sent> Right ? I mean , the reason that we need to maybe have free schools or charter schools is in order to make them more innovative without being emburdened by this heavy hand of the state curriculum , or something . <next_sent> So these kind of words are constantly , these juxtapositions come up everywhere , not just with innovation policy . <next_sent> And so to think again , there 's no reason that you should believe me , so just think of some of the smartest revolutionary things that you have in your pockets and do not turn it on , but you might want to take it out , your iPhone . <next_sent> Ask who actually funded the really cool , revolutionary thinking - out - of - the - box things in the iPhone . <next_sent> What actually makes your phone a smartphone , basically , instead of a stupid phone ? <next_sent> So the Internet , which you can surf the web anywhere you are in the world ; GPS , where you can actually know where you are anywhere in the world ; the touchscreen display , which makes it also a really easy - to - use phone for anybody . <next_sent> These are the very smart , revolutionary bits about the iPhone , and they 're all government - funded . <next_sent> And the point is that the Internet was funded by DARPA , U.S. Department of Defense . <next_sent> GPS was funded by the military 's Navstar program . <next_sent> Even Siri was actually funded by DARPA . <next_sent> The touchscreen display was funded by two public grants by the CIA and the NSF to two public university researchers at the University of Delaware . <next_sent> Now , you might be thinking , " Well , she 's just said the word ' defense ' and ' military ' an awful lot , " but what 's really interesting is that this is actually true in sector after sector and department after department . <next_sent> So the pharmaceutical industry , which I am personally very interested in because I 've actually had the fortune to study it in quite some depth , is wonderful to be asking this question about the revolutionary versus non - revolutionary bits , because each and every medicine can actually be divided up on whether it really is revolutionary or incremental . <next_sent> So the new molecular entities with priority rating are the revolutionary new drugs , whereas the slight variations of existing drugs -- Viagra , different color , different dosage -- are the less revolutionary ones . <next_sent> And it turns out that a full 75 percent of the new molecular entities with priority rating are actually funded in boring , Kafkian public sector labs . <next_sent> This does n't mean that Big Pharma is not spending on innovation . <next_sent> They do . <next_sent> They spend on the marketing part . <next_sent> They spend on the D part of R&amp ; D. <next_sent> They spend an awful lot on buying back their stock , which is quite problematic . <next_sent> In fact , companies like Pfizer and Amgen recently have spent more money in buying back their shares to boost their stock price than on R&amp ; D , but that 's a whole different TED Talk which one day I 'd be fascinated to tell you about . <next_sent> Now , what 's interesting in all of this is the state , in all these examples , was doing so much more than just fixing market failures . <next_sent> It was actually shaping and creating markets . <next_sent> It was funding not only the basic research , which again is a typical public good , but even the applied research . <next_sent> It was even , God forbid , being a venture capitalist . <next_sent> So these SBIR and SDTR programs , which give small companies early - stage finance have not only been extremely important compared to private venture capital , but also have become increasingly important . <next_sent> Why ? <next_sent> Because , as many of us know , V.C. is actually quite short - term . <next_sent> They want their returns in three to five years . <next_sent> Innovation takes a much longer time than that , 15 to 20 years . <next_sent> And so this whole notion -- I mean , this is the point , right ? <next_sent> Who 's actually funding the hard stuff ? <next_sent> Of course , it 's not just the state . <next_sent> The private sector does a lot . <next_sent> But the narrative that we 've always been told is the state is important for the basics , but not really providing that sort of high - risk , revolutionary thinking out of the box . <next_sent> In all these sectors , from funding the Internet to doing the spending , but also the envisioning , the strategic vision , for these investments , it was actually coming within the state . <next_sent> The nanotechnology sector is actually fascinating to study this , because the word itself , nanotechnology , came from within government . <next_sent> And so there 's huge implications of this . <next_sent> First of all , of course I 'm not someone , this old - fashioned person , market versus state . <next_sent> What we all know in dynamic capitalism is that what we actually need are public - private partnerships . <next_sent> But the point is , by constantly depicting the state part as necessary but actually -- pffff -- a bit boring and often a bit dangerous kind of Leviathan , I think we 've actually really stunted the possibility to build these public - private partnerships in a really dynamic way . <next_sent> Even the words that we often use to justify the " P " part , the public part -- well , they 're both P 's -- with public - private partnerships is in terms of de - risking . <next_sent> What the public sector did in all these examples I just gave you , and there 's many more , which myself and other colleagues have been looking at , is doing much more than de - risking . <next_sent> It 's kind of been taking on that risk . <next_sent> Bring it on . <next_sent> It 's actually been the one thinking out of the box . <next_sent> But also , I 'm sure you all have had experience with local , regional , national governments , and you 're kind of like , " You know what , that Kafkian bureaucrat , I 've met him . " <next_sent> That whole juxtaposition thing , it 's kind of there . <next_sent> Well , there 's a self - fulfilling prophecy . <next_sent> By talking about the state as kind of irrelevant , boring , it 's sometimes that we actually create those organizations in that way . <next_sent> So what we have to actually do is build these entrepreneurial state organizations . <next_sent> DARPA , that funded the Internet and Siri , actually thought really hard about this , how to welcome failure , because you will fail . <next_sent> You will fail when you innovative . <next_sent> One out of 10 experiments has any success . <next_sent> And the V.C. guys know this , and they 're able to actually fund the other losses from that one success . <next_sent> And this brings me , actually , probably , to the biggest implication , and this has huge implications beyond innovation . <next_sent> If the state is more than just a market fixer , if it actually is a market shaper , and in doing that has had to take on this massive risk , what happened to the reward ? <next_sent> We all know , if you 've ever taken a finance course , the first thing you 're taught is sort of the risk - reward relationship , and so some people are foolish enough or probably smart enough if they have time to wait , to actually invest in stocks , because they 're higher risk which over time will make a greater reward than bonds , that whole risk - reward thing . <next_sent> Well , where 's the reward for the state of having taken on these massive risks and actually been foolish enough to have done the Internet ? <next_sent> The Internet was crazy . <next_sent> It really was . <next_sent> I mean , the probability of failure was massive . <next_sent> You had to be completely nuts to do it , and luckily , they were . <next_sent> Now , we do n't even get to this question about rewards unless you actually depict the state as this risk - taker . <next_sent> And the problem is that economists often think , well , there is a reward back to the state . <next_sent> It 's tax . <next_sent> You know , the companies will pay tax , the jobs they create will create growth so people who get those jobs and their incomes rise will come back to the state through the tax mechanism . <next_sent> Well , unfortunately , that 's not true . <next_sent> Okay , it 's not true because many of the jobs that are created go abroad . <next_sent> Globalization , and that 's fine . <next_sent> We should n't be nationalistic . <next_sent> Let the jobs go where they have to go , perhaps . <next_sent> I mean , one can take a position on that . <next_sent> But also these companies that have actually had this massive benefit from the state -- Apple 's a great example . <next_sent> They even got the first -- well , not the first , but 500,000 dollars actually went to Apple , the company , through this SBIC program , which predated the SBIR program , as well as , as I said before , all the technologies behind the iPhone . <next_sent> And yet we know they legally , as many other companies , pay very little tax back . <next_sent> So what we really need to actually rethink is should there perhaps be a return - generating mechanism that 's much more direct than tax . <next_sent> Why not ? <next_sent> It could happen perhaps through equity . <next_sent> This , by the way , in the countries that are actually thinking about this strategically , countries like Finland in Scandinavia , but also in China and Brazil , they 're retaining equity in these investments . <next_sent> Sitra funded Nokia , kept equity , made a lot of money , it 's a public funding agency in Finland , which then funded the next round of Nokias . <next_sent> The Brazilian Development Bank , which is providing huge amounts of funds today to clean technology , they just announced a 56 billion program for the future on this , is retaining equity in these investments . <next_sent> So to put it provocatively , had the U.S. government thought about this , and maybe just brought back just something called an innovation fund , you can bet that , you know , if even just . 05 percent of the profits from what the Internet produced had come back to that innovation fund , there would be so much more money to spend today on green technology . <next_sent> Instead , many of the state budgets which in theory are trying to do that are being constrained . <next_sent> But perhaps even more important , we heard before about the one percent , the 99 percent . <next_sent> If the state is thought about in this more strategic way , as one of the lead players in the value creation mechanism , because that 's what we 're talking about , right ? <next_sent> Who are the different players in creating value in the economy , and is the state 's role , has it been sort of dismissed as being a backseat player ? <next_sent> If we can actually have a broader theory of value creation and allow us to actually admit what the state has been doing and reap something back , it might just be that in the next round , and I hope that we all hope that the next big revolution will in fact be green , that that period of growth will not only be smart , innovation - led , not only green , but also more inclusive , so that the public schools in places like Silicon Valley can actually also benefit from that growth , because they have not . <next_sent> Thank you .
(d / document
   :snt1 (s1.u / url-entity
               :value "ossobuco")
   :snt2 (s2.a4 / ask-01
                :ARG0 (s2.y / you)
                :ARG1 (s2.t / thing
                            :ARG0-of (s2.c / cause-01
                                           :ARG1 (s2.c2 / come-01
                                                        :ARG1 (s2.a2 / and
                                                                     :op1 (s2.c3 / company
                                                                                 :ARG1-of (s2.c8 / cool-04
                                                                                                 :degree (s2.r / really)))
                                                                     :op2 (s2.c4 / company
                                                                                 :ARG1-of (s2.i / innovate-01))
                                                                     :op3 (s2.c5 / company
                                                                                 :example (s2.a3 / and
                                                                                                 :op1 (s2.c6 / company
                                                                                                             :name (s2.n / name
                                                                                                                         :op1 "Apple"))
                                                                                                 :op2 (s2.c7 / company
                                                                                                             :name (s2.n2 / name
                                                                                                                          :op1 "Google"))
                                                                                                 :op3 (s2.p2 / publication
                                                                                                             :name (s2.n3 / name
                                                                                                                          :op1 "Facebook")))
                                                                                 :mod (s2.t2 / type
                                                                                             :mod (s2.e / economy
                                                                                                        :ARG1-of (s2.n5 / new-01)))
                                                                                 :mod (s2.c10 / creative)))
                                                        :ARG3 (s2.c9 / country
                                                                     :name (s2.n4 / name
                                                                                  :op1 "United"
                                                                                  :op2 "States"
                                                                                  :op3 "of"
                                                                                  :op4 "America")
                                                                     :mod (s2.p / particular)
                                                                     :quant "1"))))
                :ARG2 s2.y
                :polarity (s2.a / amr-unknown)
                :time (s2.e2 / ever))
   :snt3 (s3.s2 / say-01
                :ARG0 (s3.s3 / someone)
                :ARG1 (s3.c / company
                            :name (s3.n / name
                                        :op1 "Spotify")
                            :mode "expressive")
                :mod (s3.u / usual)
                :time (s3.s / say-01
                            :ARG0 (s3.i / i)
                            :ARG1 (s3.t / this)))
   :snt4 (s4.c / continent
               :name (s4.n / name
                           :op1 "Europe")
               :domain (s4.t / that
                             :same-as s2.c9))
   :snt5 (s5.c / contrast-01
               :ARG2 (s5.y / yeah
                           :mode "expressive"))
   :snt6 (s6.c2 / contrast-01
                :ARG1 (s6.h / have-03
                            :ARG0 (s6.i3 / it
                                         :same-as s2.c9)
                            :ARG1 (s6.i / impact-01
                                        :ARG0 s6.c2)
                            :polarity "-")
                :ARG2 (s6.i2 / impact-01
                             :ARG0 (s6.c / company
                                         :mod (s6.o / other)
                                         :mod (s6.t / this))))
   :snt7 (s7.a5 / and
                :op1 (s7.e / economist
                           :domain (s7.i / i
                                         :same-as s3.i))
                :op2 (s7.s / study-01
                           :ARG0 s7.i
                           :ARG1 (s7.r2 / relation-03
                                        :ARG0 (s7.i4 / innovate-01)
                                        :ARG2 (s7.g2 / grow-01
                                                     :ARG1 (s7.e2 / economy)))
                           :ARG1-of (s7.a / actual-02)
                           :manner (s7.l / level
                                         :poss (s7.a6 / and
                                                      :op1 (s7.c / company)
                                                      :op2 (s7.i3 / industry)
                                                      :op3 (s7.n4 / nation))))
                :op3 (s7.w / work-01
                           :ARG0 s7.i
                           :ARG1-of (s7.c3 / contrast-01
                                           :ARG2 (s7.p2 / place
                                                        :ARG2-of (s7.i5 / interest-01)
                                                        :example (s7.c4 / country
                                                                        :name (s7.n2 / name
                                                                                     :op1 "China"))
                                                        :mod (s7.a3 / also)
                                                        :time (s7.r / recent)))
                           :ARG3 (s7.p / person
                                       :ARG0-of (s7.m / make-01
                                                      :ARG1 (s7.p3 / policy-01))
                                       :ARG2-of (s7.i2 / include-91
                                                       :ARG1 (s7.h / have-org-role-91
                                                                   :ARG1 (s7.o / organization
                                                                               :name (s7.n / name
                                                                                           :op1 "European"
                                                                                           :op2 "Commission"))
                                                                   :mod (s7.e3 / especially)))
                                       :location (s7.w2 / worldwide)
                                       :part (s7.t3 / tongue
                                                    :mod (s7.a2 / all)
                                                    :part s7.t2)))
                :op4 (s7.p4 / possible-01
                            :ARG1 (s7.t / tell-01
                                        :ARG0 s7.i
                                        :ARG1 (s7.q / question-01
                                                    :ARG1 (s7.b / be-located-at-91
                                                                :ARG1 (s7.g / google-01
                                                                            :mod (s7.c2 / continent
                                                                                        :name (s7.n3 / name
                                                                                                     :op1 "Europe")))
                                                                :ARG2 (s7.a4 / amr-unknown))
                                                    :location (s7.t2 / tip))
                                        :ARG2 (s7.y / you)))
                :time (s7.n5 / now))
   :snt8 (s8.s / secret
               :domain (s8.a / amr-unknown)
               :topic (s8.m / model
                            :ARG1-of (s8.d / differ-02
                                           :ARG1-of (s8.u / understand-01
                                                          :ARG0 (s8.t / they
                                                                      :same-as s7.a2))
                                           :ARG2 (s8.m2 / model
                                                        :mod (s8.g2 / grow-01
                                                                    :ARG1 (s8.e / economy))
                                                        :mod (s8.o / old)
                                                        :mod (s8.t2 / this)))
                            :mod (s8.g / grow-01
                                       :ARG1 (s8.c / country-region
                                                   :name (s8.n / name
                                                               :op1 "Silicon"
                                                               :op2 "Valley")))))
   :snt9 (s9.a / and
               :op2 (s9.i2 / interest-01
                           :ARG2 (s9.c / come-down-23
                                       :ARG1 (s9.w / we)
                                       :ARG2 (s9.i / idea
                                                   :mod (s9.t / this)
                                                   :topic (s9.v / versus
                                                                :op1 (s9.m / market)
                                                                :op2 (s9.s / state)))
                                       :concession (s9.e2 / even-if
                                                          :op1 (s9.b / be-temporally-at-91
                                                                     :ARG1 s9.w
                                                                     :ARG2 (s9.d / date-entity
                                                                                 :century "21")))
                                       :degree (s9.k / kind-of)
                                       :frequency (s9.o / often)
                                       :time (s9.e / end-01))))
   :snt10 (s10.c8 / contrast-01
                  :ARG1 (s10.t / talk-01
                               :ARG1 (s10.i6 / it)
                               :manner (s10.w / way
                                              :ARG1-of (s10.m6 / modern-02)
                                              :mod (s10.t3 / this)))
                  :ARG2 (s10.i / idea
                               :domain (s10.o2 / or
                                               :manner (s10.s5 / somehow)
                                               :op1 (s10.t7 / type
                                                            :ARG1-of (s10.d / differ-02)
                                                            :mod (s10.m5 / mechanism
                                                                         :mod (s10.m / make-01
                                                                                     :ARG1 (s10.m3 / market))))
                                               :op2 (s10.i2 / initiative
                                                            :ARG1-of (s10.p4 / private-03)
                                                            :ARG1-of (s10.r2 / regardless-91
                                                                             :ARG2 (s10.c7 / concern-02
                                                                                           :ARG1 (s10.s4 / sector
                                                                                                         :ARG0-of (s10.s / scare-01
                                                                                                                         :ARG1 (s10.b / bank
                                                                                                                                      :mod (s10.t6 / tradition)))
                                                                                                         :ARG1-of (s10.c2 / capable-01
                                                                                                                          :ARG1-of (s10.a / actual-02
                                                                                                                                          :ARG1 (s10.a2 / allow-01
                                                                                                                                                        :ARG1 (s10.a4 / and
                                                                                                                                                                      :op1 (s10.b3 / bring-01
                                                                                                                                                                                   :ARG0 s10.a
                                                                                                                                                                                   :ARG1 (s10.a3 / and
                                                                                                                                                                                                 :op1 (s10.t2 / thing
                                                                                                                                                                                                              :ARG1-of (s10.i5 / invent-01
                                                                                                                                                                                                                               :ARG0 (s10.c5 / company
                                                                                                                                                                                                                                             :ARG0-of (s10.i3 / innovate-01)))
                                                                                                                                                                                                              :mod (s10.g2 / great))
                                                                                                                                                                                                 :op2 (s10.p5 / product
                                                                                                                                                                                                              :poss s10.c5))
                                                                                                                                                                                   :ARG2 (s10.m4 / market))
                                                                                                                                                                      :op2 (s10.o3 / over-02
                                                                                                                                                                                   :ARG1 s10.a
                                                                                                                                                                                   :ARG2 (s10.p / period
                                                                                                                                                                                                :ARG0-of (s10.s2 / scary-03
                                                                                                                                                                                                                 :degree (s10.r / really))
                                                                                                                                                                                                :mod (s10.l / local-region
                                                                                                                                                                                                            :name (s10.n2 / name
                                                                                                                                                                                                                          :op1 "Death"
                                                                                                                                                                                                                          :op2 "Valley"))
                                                                                                                                                                                                :mod (s10.t5 / this)
                                                                                                                                                                                                :time-of (s10.f / fail-01
                                                                                                                                                                                                                :ARG1 (s10.c6 / company
                                                                                                                                                                                                                              :quant (s10.m2 / many))
                                                                                                                                                                                                                :ARG1-of (s10.i4 / instead-of-91)))))
                                                                                                                                                        :ARG0 s10.p3)
                                                                                                                                          :ARG1 s10.o3)
                                                                                                                          :ARG2 (s10.p6 / provide-01
                                                                                                                                        :ARG0 s10.s4
                                                                                                                                        :ARG1 (s10.f2 / finance-01
                                                                                                                                                      :ARG1-of (s10.r4 / risk-01
                                                                                                                                                                       :ARG1-of (s10.h / high-02)))
                                                                                                                                        :ARG2 s10.c5))
                                                                                                         :mod (s10.c3 / capital
                                                                                                                      :mod (s10.v / venture))
                                                                                                         :mod (s10.d3 / dynamic)))))
                                               :op3 (s10.t8 / type
                                                            :ARG1-of (s10.d2 / differ-02)
                                                            :mod (s10.p3 / policy-01
                                                                         :ARG1 (s10.c4 / commerce)
                                                                         :ARG1-of (s10.s6 / succeed-01
                                                                                          :degree s10.r)))))
                  :rel (s10.g / gazump
                              :ARG2-of (s10.c / call-01
                                              :ARG0 (s10.w2 / we)
                                              :ARG1 s10.c5
                                              :frequency (s10.o / often)))
                  :rel (s10.b2 / behind
                               :op1 (s10.p2 / place
                                            :ARG1-of (s10.r3 / resemble-01
                                                             :ARG2 (s10.c9 / country-region
                                                                           :name (s10.n / name
                                                                                        :op1 "Silicon"
                                                                                        :op2 "Valley")
                                                                           :same-as s8.c))))
                  :rel (s10.s3 / secret)
                  :rel (s10.t4 / this))
   :snt11 (s11.c2 / contrast-01
                  :ARG2 (s11.i3 / interest-01
                                :ARG1 (s11.i / i
                                             :same-as s3.i)
                                :ARG1-of (s11.c / cause-01
                                                :ARG0 (s11.e2 / event
                                                              :location (s11.a3 / around
                                                                                :op1 (s11.w2 / world))
                                                              :mod (s11.p / politics)))
                                :ARG2 (s11.t / thing
                                             :domain (s11.a2 / and
                                                             :op1 (s11.l / language
                                                                         :ARG1-of (s11.u / use-01))
                                                             :op2 (s11.n / narrate-01)
                                                             :op3 (s11.d / discourse-01)
                                                             :op4 (s11.i2 / image)
                                                             :op5 (s11.w / word
                                                                         :ARG1-of (s11.a / actual-02))))
                                :degree (s11.r / really)
                                :time (s11.n2 / nowadays
                                              :mod (s11.e / especially))))
   :snt12 (s12.c / cause-01
                 :ARG1 (s12.p2 / present-01
                               :ARG1 (s12.w2 / word
                                             :example (s12.i / innovate-01
                                                             :ARG0 (s12.s / sector
                                                                          :ARG1-of (s12.p3 / private-03))
                                                             :ARG1-of (s12.c2 / cause-01
                                                                              :ARG0 (s12.p / possible-01
                                                                                           :ARG1 (s12.t / think-01
                                                                                                        :ARG0 s12.s
                                                                                                        :ARG1-of (s12.o2 / out-06
                                                                                                                         :ARG2 (s12.b / box)))))
                                                             :ARG2-of (s12.h / have-degree-91
                                                                             :ARG1 s12.s
                                                                             :ARG3 (s12.m / more
                                                                                          :quant (s12.m2 / much)))
                                                             :mod (s12.a / also))
                                             :mod (s12.k / kind))
                               :ARG2 (s12.w / we)
                               :frequency (s12.o / often)))
   :snt13 (s13.h / have-degree-91
                 :ARG1 (s13.t / they
                              :same-as s12.s)
                 :ARG2 (s13.d / dynamic)
                 :ARG3 (s13.m / more))
   :snt14 (s14.t / think-01
                 :ARG0 (s14.y / you)
                 :ARG1 (s14.s2 / speak-01
                               :ARG0 (s14.p / person
                                            :name (s14.n / name
                                                         :op1 "Steve"
                                                         :op2 "Jobs"))
                               :ARG0-of (s14.i2 / inspire-01
                                                :degree (s14.r / really))
                               :ARG1 (s14.s / say-01
                                            :ARG0 s14.p
                                            :ARG1 (s14.i / innovate-01
                                                         :ARG0 s14.p))
                               :ARG2 (s14.c / class
                                            :ARG1-of (s14.g / graduate-01
                                                            :ARG2 (s14.u / university
                                                                         :name (s14.n2 / name
                                                                                       :op1 "Stanford")))
                                            :time (s14.d / date-entity
                                                         :year "2005"))
                               :location-of (s14.o / obligate-01
                                                   :ARG0 s14.y
                                                   :ARG2 (s14.a / and
                                                                :op1 (s14.s3 / stay-01
                                                                             :ARG1 s14.y
                                                                             :ARG3 (s14.h / hunger-01
                                                                                          :ARG0 s14.y))
                                                                :op2 (s14.s4 / stay-01
                                                                             :ARG1 s14.y
                                                                             :ARG3 (s14.f / foolish
                                                                                          :domain s14.y)))))
                 :mode "imperative")
   :snt15 (s15.r / request-confirmation-91
                 :ARG1 (s15.i / infer-01
                              :ARG1 (s15.g2 / guy
                                            :ARG0-of (s15.h / hunger-01)
                                            :degree (s15.k / kind-of)
                                            :domain (s15.g / guy
                                                           :ARG1-of (s15.r2 / request-confirmation-91)
                                                           :mod (s15.t / this))
                                            :mod (s15.c / colorful)
                                            :mod (s15.f / foolish))))
   :snt16 (s16.a / and
                 :rel (s16.a2 / and
                              :ARG1-of (s16.c2 / contrast-01
                                               :ARG2 (s16.p4 / problem
                                                             :domain (s16.s / sector
                                                                            :ARG1-of (s16.p5 / public-02)
                                                                            :ARG1-of (s16.d / damn-01)
                                                                            :mod (s16.t / this))))
                              :op1 (s16.p2 / possible-01
                                           :ARG1 (s16.e2 / equitable
                                                         :ARG2-of (s16.h / have-degree-91
                                                                         :ARG1 (s16.i / it)
                                                                         :ARG3 (s16.m / more)))
                                           :location (s16.p / place
                                                            :ARG1-of (s16.r / resemble-01
                                                                            :ARG2 (s16.c / continent
                                                                                         :name (s16.n / name
                                                                                                      :op1 "Europe")
                                                                                         :same-as s4.n))))
                              :op2 (s16.p3 / possible-01
                                           :ARG1 (s16.a3 / and
                                                         :op1 (s16.d2 / dress-01
                                                                      :ARG1 (s16.w / we)
                                                                      :ARG1-of (s16.h2 / have-degree-91
                                                                                       :ARG2 (s16.g / good-02
                                                                                                    :ARG1 s16.w
                                                                                                    :mod s16.w)
                                                                                       :ARG3 (s16.m2 / more)))
                                                         :op2 (s16.e / eat-01
                                                                     :ARG0 s16.w
                                                                     :ARG1-of (s16.h3 / have-degree-91
                                                                                      :ARG2 (s16.g2 / good-02
                                                                                                    :ARG1 s16.e)
                                                                                      :ARG3 (s16.m3 / more)
                                                                                      :ARG4 (s16.c3 / country
                                                                                                    :name (s16.n2 / name
                                                                                                                  :op1 "U.S.")))))))
                 :rel (s16.e3 / even)
                 :rel (s16.b / bit))
   :snt17 (s17.a3 / and
                  :op1 (s17.h / have-degree-91
                              :ARG1 (s17.i / it
                                           :same-as s16.s)
                              :ARG2 (s17.b / big)
                              :ARG3 (s17.t3 / too
                                            :degree (s17.b2 / bit)))
                  :op2 (s17.a2 / allow-01
                               :ARG0 s17.i
                               :ARG1 (s17.p / possible-01
                                            :ARG1 (s17.h2 / have-degree-91
                                                          :ARG1 (s17.t / thing
                                                                       :example (s17.a4 / and
                                                                                        :op1 (s17.c / capital
                                                                                                    :mod (s17.v / venture)
                                                                                                    :mod (s17.d / dynamic))
                                                                                        :op2 (s17.c2 / commercialize-01))
                                                                       :mod (s17.t2 / this))
                                                          :ARG1-of (s17.r / real-04)
                                                          :ARG2 (s17.f / fruitful)
                                                          :ARG3 (s17.e / equal)
                                                          :ARG4 (s17.p2 / possible-01
                                                                        :ARG1 s17.f)))
                               :ARG1-of (s17.a / actual-02)
                               :polarity "-"))
   :snt18 (s18.a2 / and
                  :op2 (s18.n3 / newspaper
                               :ARG0-of (s18.u / use-01
                                               :ARG1 (s18.w / word
                                                            :example (s18.s2 / state
                                                                             :example (s18.n2 / natural-disaster
                                                                                              :name (s18.n / name
                                                                                                           :op1 "Leviathan")
                                                                                              :mod (s18.t / this)))))
                               :ARG1-of (s18.r2 / respect-01
                                                :ARG1-of (s18.p / possible-01)
                                                :degree (s18.r / really))
                               :ARG2-of (s18.i2 / include-91
                                                :ARG1 (s18.n4 / newspaper
                                                              :ARG1-of (s18.s3 / subscribe-01
                                                                               :ARG0 (s18.i / i
                                                                                            :same-as s3.i)
                                                                               :ARG1-of (s18.a / actual-02))
                                                              :mod (s18.s / some)
                                                              :mod (s18.k / know-06
                                                                          :ARG0 (s18.y / you))))
                               :mod (s18.e / even)))
   :snt19 (s19.r / request-confirmation-91)
   :snt20 (s20.m / monster
                 :ARG0-of (s20.h / have-03
                                 :ARG1 (s20.t / tent
                                              :mod (s20.b / big)))
                 :mod (s20.t2 / this)
                 :same-as s18.n2)
   :snt21 (s21.e2 / explicit-03
                  :ARG1 (s21.t / they
                               :same-as s18.e)
                  :degree (s21.v / very)
                  :location (s21.e / editorial
                                   :mod (s21.t2 / this)))
   :snt22 (s22.c / contrast-01
                 :ARG1 (s22.s / say-01
                              :ARG0 (s22.t / they
                                           :same-as s18.e)
                              :ARG1 (s22.k / know-01
                                           :ARG0 (s22.y / you)
                                           :ARG1 (s22.n / need-01
                                                        :ARG0 (s22.s2 / state
                                                                      :same-as s18.s2)
                                                        :ARG1 (s22.f2 / fix-02
                                                                      :ARG0 s22.s2
                                                                      :ARG1 (s22.f / fail-01
                                                                                   :ARG1 (s22.m / market)
                                                                                   :mod (s22.l / little)
                                                                                   :mod (s22.t2 / this)))
                                                        :time (s22.h / have-03
                                                                     :ARG0 s22.y
                                                                     :ARG1 (s22.o / or
                                                                                  :op1 (s22.g / good
                                                                                              :ARG1-of (s22.p2 / public-02))
                                                                                  :op2 (s22.e / external
                                                                                              :ARG0-of (s22.n2 / negative-02)
                                                                                              :example (s22.p / pollute-01)
                                                                                              :mod (s22.t3 / type
                                                                                                           :ARG1-of (s22.d / differ-02))))))))
                 :ARG2 (s22.k2 / know-01
                               :ARG0 s22.y
                               :ARG1 (s22.a2 / amr-unknown
                                             :domain (s22.r / revolution-03
                                                            :mod (s22.b / big)
                                                            :mod (s22.n3 / next)
                                                            :time (s22.a / after
                                                                         :op1 (s22.i / internet))))))
   :snt23 (s23.a3 / and
                  :op1 (s23.h / hope-01
                              :ARG0 (s23.w / we
                                           :mod (s23.a / all))
                              :ARG1 (s23.p / possible-01
                                           :ARG1 (s23.o / or
                                                        :op1 (s23.s2 / something
                                                                     :ARG1-of (s23.g / green-03))
                                                        :op2 (s23.s6 / stuff
                                                                     :mod (s23.n / nanotech)
                                                                     :mod (s23.t2 / this)
                                                                     :mod (s23.a2 / all)))))
                  :op2 (s23.s / say-01
                              :purpose s23.o
                              :ARG0 (s23.t / they
                                           :same-as s18.e)
                              :ARG1 (s23.s5 / stick-01
                                            :purpose (s23.i2 / issue-02
                                                             :ARG1-of (s23.s3 / special-02)
                                                             :domain (s23.t3 / this)
                                                             :topic (s23.r2 / revolution-03
                                                                            :mod (s23.i / industry)
                                                                            :mod (s23.n2 / next)
                                                                            :same-as s22.n3))
                                            :ARG1 (s23.s4 / state
                                                          :same-as s18.s2)
                                            :ARG1-of (s23.r / request-confirmation-91)
                                            :ARG2 (s23.b / basic)
                                            :mod (s23.j / just))))
   :snt24 (s24.f / fund-01
                 :ARG0 (s24.y / you)
                 :ARG1 (s24.i / infrastructure)
                 :mode "imperative")
   :snt25 (s25.f / fund-01
                 :ARG0 (s25.y / you)
                 :ARG1 (s25.s / school)
                 :mode "imperative")
   :snt26 (s26.c3 / contrast-01
                  :ARG1 (s26.d / do-02
                               :ARG0 (s26.y / you)
                               :ARG1 (s26.f / fund-01
                                            :ARG1 (s26.r2 / research-01
                                                          :mod (s26.b / basic))
                                            :ARG1-of (s26.c / cause-01
                                                            :ARG0 (s26.r / recognize-02
                                                                         :ARG1 (s26.t / this)
                                                                         :ARG1-of (s26.p / popular-02)
                                                                         :ARG2 (s26.g / good-02
                                                                                      :ARG1-of (s26.p3 / public-02)
                                                                                      :ARG2-of (s26.i2 / invest-01
                                                                                                       :ARG0 (s26.c2 / company
                                                                                                                     :ARG1-of (s26.p2 / private-03))
                                                                                                       :ARG1-of (s26.w / want-01
                                                                                                                       :ARG0 s26.c2
                                                                                                                       :polarity "-"))
                                                                                      :mod (s26.b2 / big))
                                                                         :mod (s26.i / in-fact)))
                                            :mod (s26.e / even)))
                  :ARG2 (s26.k / know-01
                               :ARG0 s26.y
                               :polarity (s26.a / amr-unknown)))
   :snt27 (s27.l / leave-02
                 :ARG0 (s27.y / you)
                 :ARG1 (s27.r / rest)
                 :ARG2 (s27.p / person
                              :ARG0-of (s27.r2 / revolution-03))
                 :mode "imperative")
   :snt28 (s28.p / person
                 :ARG0-of (s28.t2 / think-01)
                 :ARG1-of (s28.o / out-06
                                 :ARG2 (s28.b / box))
                 :mod (s28.k / kind)
                 :mod (s28.c / colorful)
                 :mod (s28.t / that)
                 :same-as s18.e)
   :snt29 (s29.c / call-01
                 :ARG1 (s29.t / they
                              :same-as s18.e)
                 :ARG1-of (s29.c2 / cause-01
                                  :ARG0 (s29.d / do-02
                                               :ARG0 (s29.p3 / person
                                                             :ARG1-of (s29.i / include-91
                                                                             :ARG2 s29.t
                                                                             :ARG3 (s29.s / some)))
                                               :ARG1 (s29.t2 / thing
                                                             :quant (s29.s2 / some))
                                               :ARG1-of (s29.a / actual-02)
                                               :concession (s29.m / myth
                                                                  :degree (s29.p / part))
                                               :location (s29.g / garage)))
                 :ARG2 (s29.p2 / person
                               :ARG0-of (s29.t3 / tinker-01
                                                :location s29.g))
                 :frequency (s29.o / often))
   :snt30 (s30.a3 / and
                  :op2 (s30.w / want-01
                              :ARG0 (s30.i / i
                                           :same-as s3.i)
                              :ARG1 (s30.t3 / think-01
                                            :ARG0 s30.i
                                            :ARG1 (s30.j / juxtapose-01
                                                         :mod (s30.t4 / this))
                                            :ARG1-of (s30.r / real-04)
                                            :ARG2 (s30.y / you)
                                            :mod (s30.a2 / again))
                              :ARG1-of (s30.c / cause-01
                                              :ARG0 (s30.i2 / implicate-01
                                                            :ARG1 s30.j
                                                            :ARG1-of (s30.a / actual-02)
                                                            :location (s30.b / beyond
                                                                             :op1 (s30.p3 / policy-01
                                                                                          :ARG2 (s30.i3 / innovate-01)
                                                                                          :domain (s30.a4 / area
                                                                                                          :ARG1-of (s30.h / happen-02)
                                                                                                          :location-of (s30.t / talk-01
                                                                                                                              :ARG0 s30.i
                                                                                                                              :ARG2 s30.i
                                                                                                                              :ARG2 (s30.p2 / person
                                                                                                                                            :ARG0-of (s30.m / make-01
                                                                                                                                                            :ARG1 (s30.p4 / policy-01)))
                                                                                                                              :frequency (s30.o / often)))))
                                                            :mod (s30.m2 / massive)))
                              :duration (s30.t2 / temporal-quantity
                                                :mod (s30.o2 / only)
                                                :unit (s30.m3 / minute)
                                                :quant "10"))
                  :rel (s30.p / person
                              :name (s30.n / name
                                           :op1 "oh"
                                           :op2 "God")
                              :mode "expressive"))
   :snt31 (s31.i / implicate-01
                 :ARG1 (s31.i3 / it
                               :same-as s30.j)
                 :concession (s31.n / notion
                                    :ARG1-of (s31.h / have-03
                                                    :ARG0 (s31.w / we))
                                    :mod (s31.w2 / whole)
                                    :mod (s31.t2 / this)
                                    :topic (s31.a2 / and
                                                   :op1 (s31.l / location)
                                                   :op2 (s31.t4 / time)
                                                   :op3 (s31.t / thing
                                                               :ARG0-of (s31.c / cause-01
                                                                               :ARG1 (s31.r / recommend-01
                                                                                            :ARG1 (s31.c3 / cut-back-05
                                                                                                          :ARG0 s31.w
                                                                                                          :ARG1 (s31.a3 / and
                                                                                                                        :op1 (s31.s2 / spend-01
                                                                                                                                     :ARG1-of (s31.p / public-02
                                                                                                                                                     :ARG1 (s31.s / serve-01
                                                                                                                                                                  :ARG1-of (s31.o2 / outsource-01
                                                                                                                                                                                   :ARG1-of (s31.i2 / increase-01)
                                                                                                                                                                                   :ARG1-of (s31.k / know-01
                                                                                                                                                                                                   :ARG0 s31.w
                                                                                                                                                                                                   :mod (s31.o / of-course))
                                                                                                                                                                                   :ARG1-of (s31.c2 / cause-01
                                                                                                                                                                                                    :ARG0 (s31.j / juxtapose-01
                                                                                                                                                                                                                 :mod (s31.t3 / this)
                                                                                                                                                                                                                 :same-as s30.j))))))
                                                                                                                        :op2 (s31.t5 / type
                                                                                                                                     :ARG1-of (s31.d / differ-02)
                                                                                                                                     :op1 s31.s))
                                                                                                          :ARG1-of (s31.a / actual-02)
                                                                                                          :time s31.t4))))))
                 :mod (s31.h2 / huge))
   :snt32 (s32.m2 / mean-01
                  :ARG0 (s32.i / i
                               :same-as s3.i)
                  :ARG1 (s32.n / need-01
                               :purpose (s32.m / make-02
                                               :ARG0 (s32.w / we)
                                               :ARG1 (s32.i2 / innovate-01
                                                             :ARG0 (s32.s / school
                                                                          :ARG1-of (s32.f / free-03))
                                                             :ARG2-of (s32.h3 / have-degree-91
                                                                              :ARG1 s32.s
                                                                              :ARG3 (s32.m3 / more)))
                                               :manner (s32.e / embarrass-01
                                                              :ARG0 (s32.o2 / or
                                                                            :op1 (s32.h / hand
                                                                                        :mod (s32.h4 / heavy)
                                                                                        :mod (s32.t / this)
                                                                                        :part-of (s32.c2 / curriculum
                                                                                                         :mod (s32.s4 / state)))
                                                                            :op2 (s32.s3 / something))
                                                              :ARG1 s32.w
                                                              :polarity "-"))
                               :ARG0 s32.w
                               :ARG1 (s32.h2 / have-03
                                             :ARG0 s32.w
                                             :ARG1 (s32.o / or
                                                          :op1 s32.s
                                                          :op2 (s32.s2 / school
                                                                       :ARG1-of (s32.c / charter-01)))
                                             :ARG1-of (s32.p / possible-01)))
                  :ARG1-of (s32.r / request-confirmation-91))
   :snt33 (s33.a / and
                 :op1 (s33.w / word
                             :frequency (s33.c2 / constant)
                             :mod (s33.k / kind
                                         :mod (s33.t / this)))
                 :op2 (s33.c / come-up-13
                             :ARG1 (s33.j2 / juxtapose-01
                                           :mod s33.t)
                             :location (s33.e / everywhere
                                              :prep-with (s33.p / policy-01
                                                                :ARG2 (s33.i / innovate-01)
                                                                :mod (s33.j / just
                                                                            :polarity "-")))))
   :snt34 (s34.a2 / and
                  :op2 (s34.c2 / cause-01
                               :ARG0 (s34.r / reason
                                            :ARG0-of (s34.c / cause-01
                                                            :ARG1 (s34.r2 / recommend-01
                                                                          :purpose (s34.t4 / think-01
                                                                                           :mod (s34.a / again))
                                                                          :ARG1 (s34.b / believe-01
                                                                                       :ARG0 (s34.y / you)
                                                                                       :ARG1 (s34.i / i
                                                                                                    :same-as s3.i))))
                                            :polarity "-")
                               :ARG1 (s34.a3 / and
                                             :ARG1-of (s34.c3 / contrast-01
                                                              :ARG2 (s34.p / possible-01
                                                                           :ARG1 (s34.w / want-01
                                                                                        :ARG0 s34.y
                                                                                        :ARG1 (s34.t / take-out-11
                                                                                                     :ARG1 (s34.p2 / product
                                                                                                                   :name (s34.n / name
                                                                                                                                :op1 "iPhone")
                                                                                                                   :poss s34.y)))))
                                             :op1 (s34.t5 / think-01
                                                          :ARG0 s34.y
                                                          :ARG1 (s34.t2 / thing
                                                                        :quant (s34.s2 / some)
                                                                        :ARG1-of (s34.i3 / include-91
                                                                                         :ARG2 (s34.t3 / thing
                                                                                                       :ARG1-of (s34.r3 / revolutionary-04)))
                                                                        :ARG1-of (s34.i2 / in-pocket-03
                                                                                         :ARG0 s34.y))
                                                          :mod (s34.j / just)
                                                          :mode "imperative")
                                             :op2 (s34.t6 / turn-on-13
                                                          :ARG0 s34.y
                                                          :ARG1 s34.t2
                                                          :polarity "-")))
                  :rel (s34.s / smart-06
                              :ARG2-of (s34.h / have-degree-91
                                              :ARG1 s34.t3
                                              :ARG3 (s34.m / most))))
   :snt35 (s35.a2 / ask-01
                  :ARG0 (s35.y / you)
                  :ARG1 (s35.p / person
                               :ARG0-of (s35.f / fund-01
                                               :ARG1 (s35.t / thing
                                                            :ARG1-of (s35.t2 / think-01
                                                                             :ARG1-of (s35.o / out-06
                                                                                             :ARG2 (s35.b / box)))
                                                            :ARG1-of (s35.c / cool-04
                                                                            :degree (s35.r / really))
                                                            :location (s35.p2 / product
                                                                              :name (s35.n / name
                                                                                           :op1 "iPhone")))
                                               :ARG1-of (s35.a / actual-02)))
                  :rel (s35.r2 / revolutionary-04)
                  :mode "imperative")
   :snt36 (s36.m / make-02
                 :ARG0 (s36.a2 / amr-unknown)
                 :ARG1 (s36.s / smartphone
                              :ARG1-of (s36.i / instead-of-91
                                              :ARG2 (s36.p2 / phone
                                                            :mod (s36.s2 / stupid)))
                              :domain (s36.p / phone
                                             :poss (s36.y / you)))
                 :ARG1-of (s36.a / actual-02)
                 :mod (s36.b / basic))
   :snt37 (s37.a3 / and
                  :op1 (s37.i / internet
                              :instrument-of (s37.s / surf-01
                                                    :ARG0 (s37.y / you)
                                                    :ARG1 (s37.w / web)
                                                    :ARG1-of (s37.p2 / possible-01)
                                                    :location (s37.a5 / anywhere
                                                                      :location (s37.w2 / world
                                                                                        :same-as s11.w2))))
                  :op2 (s37.p4 / product
                               :name (s37.n / name
                                            :op1 "GPS")
                               :location-of (s37.k / know-01
                                                   :ARG0 s37.y
                                                   :ARG1 (s37.l / location
                                                                :ARG2-of (s37.b / be-located-at-91
                                                                                :ARG1 s37.y)
                                                                :location (s37.a6 / anywhere
                                                                                  :location (s37.w3 / world
                                                                                                    :same-as s11.w2)))
                                                   :ARG1-of (s37.a / actual-02)
                                                   :ARG1-of (s37.p3 / possible-01)))
                  :op3 (s37.d / display
                              :ARG0-of (s37.m / make-02
                                              :ARG1 (s37.u / use-01
                                                           :ARG0 (s37.a4 / anybody)
                                                           :ARG1 (s37.p / phone)
                                                           :ARG1-of (s37.e / easy-05
                                                                           :degree (s37.r / really))
                                                           :mod (s37.a2 / also)))
                              :mod (s37.t / touchscreen)))
   :snt38 (s38.a2 / and
                  :op1 (s38.b / bit
                              :ARG1-of (s38.r / revolution-03
                                              :degree (s38.v / very))
                              :ARG1-of (s38.s / smart-06
                                              :degree s38.v)
                              :domain (s38.t / this
                                             :same-as s35.r2)
                              :topic (s38.p / product
                                            :name (s38.n / name
                                                         :op1 "iPhone")
                                            :same-as s35.p2))
                  :op2 (s38.f / fund-01
                              :ARG0 (s38.g2 / government-organization
                                            :ARG0-of (s38.g / govern-01))
                              :ARG1 (s38.a / all
                                           :domain s38.b)))
   :snt39 (s39.a / and
                 :op2 (s39.p / point-04
                             :ARG1 (s39.f / fund-01
                                          :ARG0 (s39.g / government-organization
                                                       :name (s39.n / name
                                                                    :op1 "DARPA")
                                                       :mod (s39.g2 / government-organization
                                                                    :name (s39.n2 / name
                                                                                  :op1 "U.S."
                                                                                  :op2 "Department"
                                                                                  :op3 "of"
                                                                                  :op4 "Defense")))
                                          :ARG1 (s39.i / internet
                                                       :same-as s22.i))))
   :snt40 (s40.f / fund-01
                 :ARG0 (s40.p / program
                              :name (s40.n2 / name
                                            :op1 "Navstar")
                              :poss (s40.m / military))
                 :ARG1 (s40.g / government-organization
                              :name (s40.n / name
                                           :op1 "GPS")
                              :same-as s37.p4))
   :snt41 (s41.f / fund-01
                 :ARG0 (s41.g / government-organization
                              :name (s41.n2 / name
                                            :op1 "DARPA")
                              :same-as s39.g)
                 :ARG1 (s41.t / thing
                              :name (s41.n / name
                                           :op1 "Siri")
                              :mod (s41.e / even))
                 :ARG1-of (s41.a / actual-02))
   :snt42 (s42.f / fund-01
                 :ARG0 (s42.g2 / grant-01
                               :ARG0 (s42.a / and
                                            :op1 (s42.g / government-organization
                                                        :name (s42.n / name
                                                                     :op1 "CIA"))
                                            :op2 (s42.o / organization
                                                        :name (s42.n2 / name
                                                                      :op1 "NSF")))
                               :ARG1 (s42.p / person
                                            :ARG0-of (s42.r / research-01
                                                            :mod (s42.u / university
                                                                        :ARG1-of (s42.p3 / public-02)))
                                            :location (s42.u2 / university
                                                              :name (s42.n3 / name
                                                                            :op1 "University"
                                                                            :op2 "of"
                                                                            :op3 "Delaware"))
                                            :mod s42.u)
                               :mod (s42.p2 / public)
                               :quant "2")
                 :ARG1 (s42.d / display
                              :mod (s42.t / touchscreen)
                              :same-as s37.d))
   :snt43 (s43.c / contrast-01
                 :ARG1 (s43.p / possible-01
                              :ARG1 (s43.t / think-01
                                           :ARG0 (s43.y / you)
                                           :ARG1 (s43.s / say-01
                                                        :ARG0 (s43.s4 / she
                                                                      :same-as s3.i)
                                                        :ARG1 (s43.w2 / word
                                                                      :mod (s43.s5 / string-entity
                                                                                   :op2 (s43.m / military)
                                                                                   :value "defend-01"))
                                                        :frequency (s43.l / lot
                                                                          :degree (s43.a5 / awful))
                                                        :mod (s43.j / just)
                                                        :mod (s43.w / well)))
                              :time (s43.n / now))
                 :ARG2 (s43.i / interest-01
                              :ARG2 (s43.t3 / true-01
                                            :ARG1 (s43.t2 / this)
                                            :ARG1-of (s43.a / actual-02)
                                            :location (s43.a4 / and
                                                              :op1 (s43.s3 / sector)
                                                              :op2 (s43.d / department
                                                                          :time (s43.a3 / after
                                                                                        :op1 s43.s3))))
                              :degree (s43.r / really))
                 :rel (s43.s2 / sector
                              :mod (s43.a2 / after)
                              :op1-of s43.a2))
   :snt44 (s44.w / wonderful-03
                 :ARG1 (s44.a2 / ask-01
                               :ARG0 (s44.i / i
                                            :same-as s3.i)
                               :ARG1 (s44.q / question-01
                                            :ARG1 (s44.b / bit
                                                         :ARG0-of (s44.r2 / revolutionary-04)
                                                         :ARG1-of (s44.c3 / compare-01))
                                            :mod (s44.t / this)))
                 :ARG1-of (s44.c2 / cause-01
                                  :ARG0 (s44.p3 / possible-01
                                                :ARG1 (s44.d2 / divide-02
                                                              :ARG1 (s44.m / medicine
                                                                           :mod (s44.e2 / every)
                                                                           :mod (s44.e / each))
                                                              :ARG1-of (s44.a / actual-02)
                                                              :ARG3 (s44.t2 / truth-value
                                                                            :polarity-of (s44.o / or
                                                                                                :op1 (s44.r4 / revolutionary-04
                                                                                                             :ARG0 s44.m
                                                                                                             :ARG1-of (s44.r / real-04))
                                                                                                :op2 (s44.i2 / incremental))))))
                 :rel (s44.r3 / revolutionary-04
                              :ARG1 (s44.b2 / bit)
                              :polarity "-")
                 :rel (s44.i4 / interest-01
                              :ARG1 s44.i
                              :ARG1-of (s44.p / personal-02)
                              :ARG1-of (s44.c / cause-01
                                              :ARG0 (s44.h / have-03
                                                           :ARG0 s44.i
                                                           :ARG1 (s44.f / fortune)
                                                           :ARG1-of s44.a
                                                           :topic (s44.s2 / study-01
                                                                          :ARG0 s44.i
                                                                          :ARG1 (s44.i3 / industry
                                                                                        :mod (s44.p2 / pharmacy))
                                                                          :ARG1-of (s44.d / deep-03
                                                                                          :mod (s44.s / some
                                                                                                      :degree (s44.q2 / quite))))))
                              :ARG2 s44.i3
                              :degree (s44.v / very)))
   :snt45 (s45.i / infer-01
                 :ARG1 (s45.c2 / contrast-01
                               :ARG1 (s45.d3 / drug
                                             :ARG1-of (s45.n2 / new-01)
                                             :ARG1-of (s45.r2 / revolutionary-04)
                                             :domain (s45.e / entity
                                                            :ARG1-of (s45.r / rate-01
                                                                            :ARG2 (s45.p / priority))
                                                            :mod (s45.m / molecule)))
                               :ARG2 (s45.h / have-degree-91
                                            :ARG1 (s45.v / vary-01
                                                         :ARG1 (s45.d4 / drug
                                                                       :ARG1-of (s45.e2 / exist-01)
                                                                       :example (s45.a / and
                                                                                       :op1 (s45.p2 / product
                                                                                                    :name (s45.n / name
                                                                                                                 :op1 "Viagra"))
                                                                                       :op2 (s45.c / color
                                                                                                   :ARG1-of (s45.d / differ-02
                                                                                                                   :ARG1 (s45.d2 / dosage)
                                                                                                                   :op3 s45.d2))))
                                                         :mod (s45.s / slight))
                                            :ARG2 (s45.r3 / revolutionary-04
                                                          :ARG1 s45.d3)
                                            :ARG3 (s45.l / less))))
   :snt46 (s46.a2 / and
                  :op2 (s46.t / turn-out-11
                              :ARG1 (s46.f2 / fund-01
                                            :ARG0 (s46.l / lab
                                                         :ARG0-of (s46.b / bore-02)
                                                         :mod (s46.s / sector
                                                                     :ARG1-of (s46.p3 / public-02))
                                                         :mod (s46.c / country
                                                                     :name (s46.n / name
                                                                                  :op1 "Kenya")))
                                            :ARG1 (s46.e / entity
                                                         :ARG1-of (s46.i / include-91
                                                                         :ARG2 (s46.e2 / entity
                                                                                       :ARG1-of (s46.n2 / new-01)
                                                                                       :ARG1-of (s46.r / rate-01
                                                                                                       :ARG2 (s46.p2 / priority))
                                                                                       :mod (s46.m / molecule)
                                                                                       :same-as s45.e)
                                                                         :ARG3 (s46.p / percentage-entity
                                                                                      :degree (s46.f / full)
                                                                                      :value "75"))
                                                         :mod s46.m)
                                            :ARG1-of (s46.a / actual-02))))
   :snt47 (s47.m / mean-01
                 :ARG1 (s47.t / this)
                 :ARG2 (s47.s / spend-01
                              :ARG0 (s47.c / company
                                           :name (s47.n / name
                                                        :op1 "Big"
                                                        :op2 "Pharma"))
                              :ARG1 (s47.i / innovate-01)
                              :polarity "-")
                 :polarity "-")
   :snt48 (s48.e / event
                 :mod (s48.t / they
                             :same-as s47.c))
   :snt49 (s49.s / spend-01
                 :ARG0 (s49.t / they
                              :same-as s47.c)
                 :ARG1 (s49.p / part
                              :mod (s49.m / market-01)))
   :snt50 (s50.s / spend-01
                 :ARG0 (s50.t / they
                              :same-as s47.c)
                 :ARG1 (s50.t2 / thing
                               :name (s50.n / name)
                               :part-of (s50.h / have-rel-role-91
                                               :ARG0 s50.t
                                               :ARG2 (s50.a / and
                                                            :op1 (s50.l / long-03)
                                                            :op2 (s50.p / product
                                                                        :name (s50.n2 / name
                                                                                      :op1 "D."))))))
   :snt51 (s51.s / spend-01
                 :ARG0 (s51.t / they
                              :same-as s47.c)
                 :ARG1 (s51.b2 / buy-01
                               :ARG0 s51.t
                               :ARG1 (s51.s2 / stock
                                             :poss s51.t)
                               :mod (s51.b / back))
                 :ARG3 (s51.l / lot
                              :degree (s51.a / awful))
                 :mod (s51.p / problem
                             :degree (s51.q / quite)))
   :snt52 (s52.c5 / contrast-01
                  :ARG1 (s52.s2 / spend-01
                                :ARG0 (s52.c / company
                                             :example (s52.a / and
                                                             :op1 (s52.c2 / company
                                                                          :name (s52.n / name
                                                                                       :op1 "Pfizer"))
                                                             :op2 (s52.c3 / company
                                                                          :name (s52.n2 / name
                                                                                        :op1 "Amgen"))))
                                :ARG1 (s52.b3 / buy-01
                                              :purpose (s52.b2 / boost-01
                                                               :ARG0 s52.c
                                                               :ARG1 (s52.t3 / thing
                                                                             :ARG2-of (s52.p / price-01
                                                                                             :ARG1 (s52.s4 / stock
                                                                                                           :poss s52.c))))
                                              :ARG0 s52.c
                                              :ARG1 (s52.s / share-01
                                                           :ARG0 s52.c)
                                              :mod (s52.b / back))
                                :ARG3 (s52.m / money
                                             :ARG1-of (s52.h / have-quant-91
                                                             :ARG3 (s52.m3 / more)
                                                             :ARG4 (s52.m2 / money
                                                                           :ARG3-of (s52.s3 / spend-01
                                                                                            :ARG1 (s52.c4 / company
                                                                                                          :name (s52.n3 / name
                                                                                                                        :op1 "well"
                                                                                                                        :op2 "and"
                                                                                                                        :op3 "G"))))))
                                :mod (s52.i2 / in-fact)
                                :time (s52.r / recent))
                  :ARG2 (s52.t / talk-01
                               :ARG0 s52.s2
                               :ARG1-of (s52.d2 / differ-02
                                                :degree (s52.w / whole))
                               :ARG1-of (s52.t2 / tell-01
                                                :ARG0 (s52.i / i
                                                             :same-as s3.i)
                                                :ARG0-of (s52.f / fascinate-01
                                                                :ARG1 s52.i)
                                                :ARG2 (s52.y / you))
                               :mod (s52.p2 / publication
                                            :name (s52.n4 / name
                                                          :op1 "TED")))
                  :rel (s52.d / day
                              :mod (s52.o / one)))
   :snt53 (s53.i / interest-01
                 :ARG1 (s53.d / do-02
                              :ARG0 (s53.s2 / state
                                            :same-as s18.s2)
                              :ARG1-of (s53.h / have-quant-91
                                              :ARG2 (s53.m3 / much
                                                            :degree (s53.s / so))
                                              :ARG3 (s53.m2 / more)
                                              :ARG4 (s53.f2 / fix-02
                                                            :ARG0 s53.s2
                                                            :ARG1 (s53.f / fail-01
                                                                         :ARG1 (s53.m / market))
                                                            :mod (s53.j / just)))
                              :prep-in (s53.e / example
                                              :mod (s53.t / this
                                                          :mod (s53.a / all)
                                                          :ARG2-of s53.i)))
                 :time (s53.n / now))
   :snt54 (s54.a2 / and
                  :ARG1-of (s54.a / actual-02)
                  :op1 (s54.s / shape-01
                              :ARG0 (s54.i / it
                                           :same-as s18.s2)
                              :ARG1 (s54.m / market))
                  :op2 (s54.c / create-01
                              :ARG0 s54.i
                              :ARG1 s54.m))
   :snt55 (s55.f / fund-01
                 :ARG0 (s55.i / it
                              :same-as s18.s2)
                 :ARG1 (s55.a2 / and
                               :op1 (s55.r / research-01
                                           :ARG1-of (s55.g / good-04
                                                           :ARG1-of (s55.p / public-02)
                                                           :ARG1-of (s55.t / typical-02
                                                                           :mod (s55.a / again)))
                                           :mod (s55.b / basic))
                               :op2 (s55.r2 / research-01
                                            :ARG1-of (s55.a3 / apply-02)
                                            :mod (s55.e / even))))
   :snt56 (s56.f / forbid-01
                 :ARG0 (s56.p / person
                              :name (s56.n / name
                                           :op1 "God"))
                 :ARG1 (s56.h / have-mod-91
                              :ARG2 (s56.c / capitalist
                                           :mod (s56.v / venture))
                              :mod (s56.e / even)))
   :snt57 (s57.i4 / infer-01
                  :ARG1 (s57.a3 / and
                                :op1 (s57.i / important-01
                                            :ARG1 (s57.a2 / and
                                                          :ARG0-of (s57.g / give-01
                                                                          :ARG1 (s57.f / finance-01
                                                                                       :ARG0 (s57.c2 / company
                                                                                                     :mod (s57.s / small))
                                                                                       :time (s57.s2 / stage
                                                                                                     :time (s57.e / early)))
                                                                          :ARG2 s57.c2)
                                                          :mod (s57.t / this)
                                                          :op1 (s57.p2 / program
                                                                       :name (s57.n / name
                                                                                    :op1 "SBIR"))
                                                          :op2 (s57.p3 / program
                                                                       :name (s57.n2 / name
                                                                                     :op1 "SDTR")))
                                            :ARG1-of (s57.c3 / compare-01
                                                             :ARG2 (s57.c / capital
                                                                          :ARG1-of (s57.p / private-03)
                                                                          :mod (s57.v / venture)))
                                            :degree (s57.e2 / extreme))
                                :op2 (s57.b / become-01
                                            :ARG1 s57.a2
                                            :ARG2 (s57.i2 / important-01
                                                          :ARG1 s57.a2
                                                          :ARG1-of (s57.i3 / increase-01))
                                            :mod (s57.a / also))))
   :snt58 (s58.c / cause-01
                 :ARG0 (s58.a / amr-unknown))
   :snt59 (s59.c / cause-01
                 :ARG0 (s59.s / short-07
                              :ARG1 (s59.t / term
                                           :domain (s59.s2 / state
                                                           :name (s59.n / name
                                                                        :op1 "V.C.")))
                              :ARG1-of (s59.k / know-01
                                              :ARG0 (s59.p / person
                                                           :quant (s59.m / many)
                                                           :ARG1-of (s59.i / include-91
                                                                           :ARG2 (s59.w / we))))
                              :degree (s59.q / quite))
                 :rel (s59.a / actual-02))
   :snt60 (s60.w / want-01
                 :ARG0 (s60.t3 / they)
                 :ARG1 (s60.r / return-01
                              :ARG1 s60.t3
                              :time (s60.a / after
                                           :quant (s60.b / between
                                                         :op1 (s60.t / temporal-quantity
                                                                     :unit (s60.y / year)
                                                                     :quant "3")
                                                         :op2 (s60.t2 / temporal-quantity
                                                                      :unit (s60.y2 / year)
                                                                      :quant "5"))
                                           :op1 (s60.n / now))))
   :snt61 (s61.t / take-10
                 :ARG0 (s61.i / innovate-01)
                 :ARG1 (s61.t5 / time
                               :ARG1-of (s61.h / have-degree-91
                                               :ARG2 (s61.l / long-03
                                                            :ARG1 s61.t5)
                                               :ARG3 (s61.m2 / more
                                                             :quant (s61.m3 / much))
                                               :ARG4 (s61.t4 / that
                                                             :same-as s60.a))
                               :ARG1-of (s61.m / mean-01
                                               :ARG2 (s61.b / between
                                                            :op1 (s61.t2 / temporal-quantity
                                                                         :unit (s61.y / year)
                                                                         :quant "15")
                                                            :op2 (s61.t3 / temporal-quantity
                                                                         :unit (s61.y2 / year)
                                                                         :quant "20")))))
   :snt62 (s62.a / and
                 :op2 (s62.p / point-03
                             :ARG1 (s62.n / notion
                                          :mod (s62.w / whole)
                                          :mod (s62.t / this))
                             :ARG1-of (s62.m / mean-01
                                             :ARG0 (s62.i / i
                                                          :same-as s3.i))
                             :ARG1-of (s62.r / request-confirmation-91)
                             :ARG2 (s62.t2 / this)))
   :snt63 (s63.f / fund-01
                 :ARG1 (s63.s / stuff
                              :ARG1-of (s63.h / hard-02))
                 :ARG1-of (s63.a / actual-02)
                 :ARG2 (s63.a2 / amr-unknown))
   :snt64 (s64.s / state
                 :domain (s64.i / it)
                 :mod (s64.j / just
                             :polarity "-")
                 :mod (s64.o / of-course)
                 :same-as s18.s2)
   :snt65 (s65.d / do-02
                 :ARG0 (s65.s / sector
                              :ARG1-of (s65.p / private-03)
                              :same-as s12.s)
                 :ARG1 (s65.l / lot))
   :snt66 (s66.c / contrast-01
                 :ARG2 (s66.c2 / contrast-01
                               :ARG1 (s66.i / important-01
                                            :purpose (s66.b / basic
                                                            :same-as s23.b)
                                            :ARG1 (s66.s2 / state
                                                          :same-as s18.s2))
                               :ARG1-of (s66.n / narrate-01
                                               :ARG1-of (s66.t / tell-01
                                                               :ARG2 (s66.w / we)
                                                               :time (s66.a / always)))
                               :ARG2 (s66.p / provide-01
                                            :ARG0 s66.s2
                                            :ARG1 (s66.t3 / think-01
                                                          :ARG1-of (s66.r2 / revolutionary-04)
                                                          :ARG2-of (s66.r3 / risk-01
                                                                           :ARG1-of (s66.h / high-02))
                                                          :manner (s66.o / out-06)
                                                          :mod (s66.s / sort
                                                                      :mod (s66.t2 / that)))
                                            :ARG1-of (s66.r / real-04)
                                            :polarity "-")))
   :snt67 (s67.c / come-01
                 :ARG1 (s67.i3 / it)
                 :ARG1-of (s67.a / actual-02)
                 :ARG2 (s67.s3 / state
                               :same-as s18.s2)
                 :location (s67.s / sector
                                  :example (s67.a4 / and
                                                   :op1 (s67.f / fund-01
                                                               :ARG1 (s67.i / internet
                                                                            :same-as s22.i))
                                                   :op2 (s67.d / do-02
                                                               :ARG1 (s67.s2 / spend-01))
                                                   :op3 (s67.e / envision-01
                                                               :ARG1 (s67.i2 / invest-01
                                                                             :mod (s67.t2 / this))
                                                               :mod (s67.a3 / also))
                                                   :op4 (s67.e2 / envision-01
                                                                :ARG1 s67.i2
                                                                :mod (s67.s4 / strategy)))
                                  :mod (s67.t / this)
                                  :mod (s67.a2 / all)))
   :snt68 (s68.f / fascinate-01
                 :ARG0 (s68.s / sector
                              :mod (s68.n / nanotechnology))
                 :ARG0 (s68.s2 / study-01
                               :ARG1 (s68.t / this))
                 :ARG1-of (s68.a / actual-02)
                 :ARG1-of (s68.c / cause-01
                                 :ARG0 (s68.c2 / come-01
                                               :ARG1 (s68.w2 / word
                                                             :ARG1-of (s68.m / mean-01
                                                                             :ARG2 (s68.n2 / nanotechnology)))
                                               :ARG3 (s68.w / within
                                                            :op1 (s68.g2 / government-organization
                                                                         :ARG0-of (s68.g / govern-01))))))
   :snt69 (s69.a / and
                 :op2 (s69.i / implicate-01
                             :ARG0 (s69.t / this)
                             :mod (s69.h / huge)))
   :snt70 (s70.c / contrast-01
                 :ARG1 (s70.s / someone
                              :domain (s70.i / i
                                             :same-as s3.i)
                              :mod (s70.o / of-course)
                              :mod (s70.f2 / first-of-all)
                              :polarity "-")
                 :ARG2 (s70.p / person
                              :domain s70.i
                              :mod (s70.f / fashion
                                          :mod (s70.o2 / old))
                              :mod (s70.t / this))
                 :ARG2 (s70.v / versus
                              :op1 (s70.m / market)
                              :op2 (s70.s2 / state)))
   :snt71 (s71.k / know-01
                 :ARG0 (s71.w / we
                              :mod (s71.a2 / all))
                 :ARG1 (s71.n / need-01
                              :ARG0 s71.w
                              :ARG1 (s71.p / partner-01
                                           :ARG1-of (s71.p2 / private-03)
                                           :ARG1-of (s71.p3 / public-02))
                              :ARG1-of (s71.a / actual-02))
                 :location (s71.c / capitalism
                                  :mod (s71.d / dynamic)))
   :snt72 (s72.c3 / contrast-01
                  :ARG2 (s72.p4 / point-04)
                  :rel (s72.t / think-01
                              :ARG0 (s72.i / i
                                           :same-as s3.i)
                              :ARG1 (s72.s2 / stun-01
                                            :ARG0 (s72.w / we)
                                            :ARG1 (s72.p5 / possible-01
                                                          :ARG1 (s72.b3 / build-01
                                                                        :ARG1 (s72.p2 / partner-01
                                                                                      :ARG1-of (s72.p6 / private-03)
                                                                                      :ARG1-of (s72.p7 / public-02)
                                                                                      :mod (s72.t2 / this))
                                                                        :manner (s72.d2 / dynamic
                                                                                        :degree (s72.r2 / really))))
                                            :ARG1-of (s72.r / real-04)
                                            :ARG1-of (s72.a / actual-02)
                                            :ARG1-of (s72.c / cause-01
                                                            :ARG0 (s72.d / depict-01
                                                                         :ARG0 s72.w
                                                                         :ARG1 (s72.p / part
                                                                                      :part-of (s72.s / state))
                                                                         :ARG1-of (s72.c4 / contrast-01
                                                                                          :ARG2 (s72.c5 / corporation
                                                                                                        :name (s72.n / name
                                                                                                                     :op1 "Leviathan")
                                                                                                        :ARG0-of (s72.e / endanger-01
                                                                                                                        :frequency (s72.o / often))
                                                                                                        :ARG0-of (s72.b2 / bore-02
                                                                                                                         :degree (s72.b / bit))
                                                                                                        :ARG1-of (s72.a2 / actual-02)
                                                                                                        :mod (s72.k / kind)))
                                                                         :ARG2 (s72.n2 / need-01
                                                                                       :ARG1 s72.p)
                                                                         :manner (s72.c2 / constant))
                                                            :ARG1 s72.t)))
                  :rel (s72.p3 / pffff))
   :snt73 (s73.w3 / word
                  :ARG1-of (s73.u / use-01
                                  :ARG0 (s73.w / we)
                                  :ARG2 (s73.j / justify-01
                                               :ARG0 s73.w
                                               :ARG1 (s73.a2 / and
                                                             :op1 (s73.p / part)
                                                             :op2 (s73.p2 / part
                                                                          :ARG1-of (s73.p5 / public-02))
                                                             :op3 (s73.p3 / partner-01
                                                                          :ARG1-of (s73.p4 / private-03))
                                                             :op4 (s73.r / risk-01)))
                                  :frequency (s73.o / often))
                  :mod (s73.e / even)
                  :rel (s73.a / amr-unintelligible
                              :mod (s73.w2 / well)
                              :value "P"))
   :snt74 (s74.a2 / and
                  :op1 (s74.t / thing
                              :ARG1-of (s74.d / do-02
                                              :ARG0 (s74.s / sector
                                                           :ARG1-of (s74.p2 / public-02)
                                                           :same-as s12.s)
                                              :prep-in (s74.e / example
                                                              :ARG1-of (s74.g / give-01
                                                                              :ARG0 (s74.i / i
                                                                                           :same-as s3.i)
                                                                              :ARG2 (s74.y / you
                                                                                           :same-as s2.y)
                                                                              :mod (s74.j / just))
                                                              :mod (s74.t2 / this)
                                                              :mod (s74.a / all))))
                  :op2 (s74.m2 / more
                               :quant (s74.m / many)
                               :ARG1-of (s74.l / look-01
                                               :ARG0 (s74.a3 / and
                                                             :op1 s74.i
                                                             :op2 (s74.p / person
                                                                         :ARG0-of (s74.h2 / have-rel-role-91
                                                                                          :ARG1 s74.i
                                                                                          :ARG2 (s74.c / colleague))
                                                                         :mod (s74.o / other)))))
                  :op2 (s74.d2 / do-02
                               :ARG0 s74.t
                               :ARG1-of (s74.h / have-quant-91
                                               :ARG2 (s74.m4 / much)
                                               :ARG3 (s74.m3 / more)
                                               :ARG4 (s74.r / risk-01
                                                            :ARG0 s74.s))))
   :snt75 (s75.t / take-on-09
                 :ARG1 (s75.r / risk-01
                              :ARG1 (s75.t2 / that))
                 :degree (s75.k / kind-of))
   :snt76 (s76.b / bring-on-06
                 :ARG0 (s76.y / you)
                 :ARG1 (s76.i / it)
                 :mode "imperative")
   :snt77 (s77.o / one
                 :ARG0-of (s77.t / think-01
                                 :manner (s77.b / box))
                 :ARG1-of (s77.a / actual-02))
   :snt78 (s78.c / contrast-01
                 :ARG2 (s78.a4 / and
                               :op1 (s78.s / sure-02
                                           :ARG0 (s78.i / i
                                                        :same-as s3.i)
                                           :ARG1 (s78.h / have-03
                                                        :ARG0 (s78.y / you
                                                                     :mod (s78.a / all)
                                                                     :same-as s2.y)
                                                        :ARG1 (s78.e2 / experience-01
                                                                      :ARG0 s78.y
                                                                      :ARG1 (s78.a3 / and
                                                                                    :op1 (s78.g3 / government-organization
                                                                                                 :ARG1-of (s78.l / local-02))
                                                                                    :op2 (s78.g4 / government-organization
                                                                                                 :ARG0-of (s78.g / govern-01))
                                                                                    :op3 (s78.g5 / government-organization
                                                                                                 :ARG0-of (s78.g2 / govern-01)
                                                                                                 :mod (s78.n2 / nation)))))
                                           :mod (s78.a2 / also))
                               :op2 (s78.r2 / resemble-01
                                            :ARG1 s78.y
                                            :ARG2 (s78.k2 / know-01
                                                          :ARG0 s78.y
                                                          :ARG1 (s78.t2 / thing
                                                                        :domain (s78.m / meet-02
                                                                                       :ARG0 (s78.i2 / i)
                                                                                       :ARG1 (s78.b / bureaucrat
                                                                                                    :mod (s78.e / ethnic-group
                                                                                                                :name (s78.n / name
                                                                                                                             :op1 "Kafkian"))
                                                                                                    :mod (s78.t / that)))))
                                            :degree (s78.k / kind-of)))
                 :rel (s78.r / region))
   :snt79 (s79.b / be-located-at-91
                 :ARG1 (s79.t2 / thing
                               :mod (s79.j / juxtapose-01)
                               :mod (s79.w / whole))
                 :ARG2 (s79.t / there)
                 :degree (s79.k / kind-of))
   :snt80 (s80.p / prophecy
                 :ARG0-of (s80.f / fulfill-01
                                 :ARG1 (s80.s / self))
                 :mod (s80.w / well))
   :snt81 (s81.c / create-01
                 :ARG0 (s81.w2 / we)
                 :ARG1 (s81.o / organization
                              :mod (s81.t2 / that))
                 :ARG1-of (s81.a / actual-02)
                 :frequency (s81.s / sometimes)
                 :manner (s81.t / talk-01
                                :ARG0 s81.w2
                                :ARG1 (s81.s2 / state
                                              :same-as s18.s2)
                                :ARG2 (s81.a2 / and
                                              :op1 (s81.r / relevant-01
                                                          :ARG1 s81.s2
                                                          :degree (s81.k / kind-of)
                                                          :polarity "-")
                                              :op2 (s81.b / bore-02
                                                          :ARG0 s81.s2)))
                 :manner (s81.w / way
                                :mod (s81.t3 / that)))
   :snt82 (s82.c2 / cause-01
                  :ARG1 (s82.o / obligate-01
                               :ARG1 (s82.w / we)
                               :ARG2 (s82.d / do-02
                                            :ARG0 s82.w
                                            :ARG1 (s82.b / build-01
                                                         :ARG0 s82.w
                                                         :ARG1 (s82.o2 / organization
                                                                       :mod (s82.s / state)
                                                                       :mod (s82.c / capitalism)
                                                                       :mod (s82.t / this)))
                                            :ARG1-of (s82.a / actual-02))))
   :snt83 (s83.t3 / think-01
                  :ARG0 (s83.g / government-organization
                               :name (s83.n / name
                                            :op1 "DARPA")
                               :ARG0-of (s83.f3 / fund-01
                                                :ARG1 (s83.a2 / and
                                                              :op1 (s83.i / internet
                                                                          :same-as s22.i)
                                                              :op2 (s83.t / thing
                                                                          :name (s83.n2 / name
                                                                                        :op1 "Siri")
                                                                          :same-as s41.t)))
                               :same-as s39.g)
                  :ARG1 (s83.t2 / thing
                                :manner-of (s83.w / welcome-01
                                                  :ARG1 (s83.f / fail-01
                                                               :ARG0 (s83.y / you)
                                                               :ARG1-of (s83.c / cause-01
                                                                               :ARG0 (s83.f2 / fail-01
                                                                                             :ARG1 s83.y)))))
                  :ARG1-of (s83.a / actual-02)
                  :ARG1-of (s83.h / hard-02
                                  :degree (s83.r / really)))
   :snt84 (s84.f / fail-01
                 :ARG1 (s84.y / you)
                 :time (s84.i / innovate-01
                              :ARG0 s84.y))
   :snt85 (s85.s / succeed-01
                 :ARG0 (s85.e / experiment-01
                              :ARG1-of (s85.i / include-91
                                              :ARG2 (s85.e2 / experiment-01
                                                            :quant "10"))
                              :quant "1")
                 :mod (s85.a / any))
   :snt86 (s86.a2 / and
                  :op2 (s86.a3 / and
                               :op1 (s86.k / know-01
                                           :ARG0 (s86.g / guy
                                                        :mod (s86.c / country
                                                                    :name (s86.n / name
                                                                                 :op1 "V.C.")))
                                           :ARG1 (s86.t2 / this))
                               :op2 (s86.p / possible-01
                                           :ARG1 (s86.f / fund-01
                                                        :ARG0 s86.g
                                                        :ARG1 (s86.l / lose-02
                                                                     :ARG1 (s86.s / succeed-01
                                                                                  :mod (s86.t / that)
                                                                                  :quant "1"
                                                                                  :same-as s85.e)
                                                                     :mod (s86.o / other))
                                                        :ARG1-of (s86.a / actual-02)))))
   :snt87 (s87.a2 / and
                  :op1 (s87.b3 / bring-01
                               :ARG0 (s87.t / this)
                               :ARG1 (s87.i / i
                                            :same-as s3.i)
                               :ARG1-of (s87.a / actual-02)
                               :ARG2 (s87.i2 / imply-01
                                             :ARG1-of (s87.h / have-degree-91
                                                             :ARG2 (s87.b2 / big)
                                                             :ARG3 (s87.m / most)))
                               :mod (s87.p / probable))
                  :op2 (s87.i3 / imply-01
                               :ARG0 s87.t
                               :mod (s87.h2 / huge)
                               :mod (s87.b / beyond
                                           :op1 (s87.i4 / innovate-01))))
   :snt88 (s88.e / event
                 :condition (s88.a3 / and
                                    :op1 (s88.m3 / more-than
                                                 :op1 (s88.f / fix-03
                                                             :ARG0 (s88.s2 / state
                                                                           :same-as s18.s2)
                                                             :ARG1 (s88.m / market)
                                                             :mod (s88.j / just)))
                                    :op2 (s88.s / shape-01
                                                :ARG0 s88.s2
                                                :ARG1 s88.m
                                                :ARG1-of (s88.a / actual-02))
                                    :op3 (s88.o / obligate-01
                                                :ARG1 s88.s2
                                                :ARG1-of (s88.c / cause-01
                                                                :ARG0 s88.s)
                                                :ARG2 (s88.t / take-on-09
                                                             :ARG0 s88.s2
                                                             :ARG1 (s88.r2 / risk-01
                                                                           :ARG0 s88.s2
                                                                           :degree (s88.m2 / massive)
                                                                           :mod (s88.t2 / this)))))
                 :mod (s88.a2 / amr-unknown)
                 :mod (s88.r / reward-01))
   :snt89 (s89.k / know-01
                 :ARG0 (s89.w2 / we
                               :mod (s89.a2 / all))
                 :ARG1 (s89.t2 / teach-01
                               :ARG0-of (s89.c / cause-01
                                               :ARG1 (s89.o / or
                                                            :ARG1-of (s89.c2 / cause-01
                                                                             :ARG0 (s89.r5 / risk-01
                                                                                           :ARG0-of (s89.m / make-02
                                                                                                           :ARG1 (s89.r3 / reward-01
                                                                                                                         :ARG1-of (s89.h5 / have-degree-91
                                                                                                                                          :ARG2 (s89.g / great)
                                                                                                                                          :ARG3 (s89.m3 / more)
                                                                                                                                          :ARG4 (s89.b / bond)))
                                                                                                           :mod (s89.o3 / over-time))
                                                                                           :ARG1 (s89.p / person
                                                                                                        :mod (s89.s2 / some))
                                                                                           :ARG1-of (s89.h4 / have-degree-91
                                                                                                            :ARG2 (s89.h6 / high-02)
                                                                                                            :ARG3 (s89.m2 / more))))
                                                            :condition (s89.h / have-03
                                                                              :ARG0 s89.p
                                                                              :ARG1 (s89.t4 / time
                                                                                            :purpose (s89.w / wait-01
                                                                                                            :ARG1 s89.p
                                                                                                            :ARG2 (s89.i / invest-01
                                                                                                                         :ARG0 s89.p
                                                                                                                         :ARG1 (s89.s4 / stock)
                                                                                                                         :ARG1-of (s89.a / actual-02)))))
                                                            :op1 (s89.h2 / have-degree-91
                                                                         :ARG1 s89.p
                                                                         :ARG2 (s89.f2 / foolish)
                                                                         :ARG3 (s89.e / enough))
                                                            :op2 (s89.s / smart-06
                                                                        :ARG1 s89.p
                                                                        :ARG3 (s89.e2 / enough)
                                                                        :mod s89.p)))
                               :ARG1 (s89.r / relation-03
                                            :ARG1 (s89.r2 / reward-01
                                                          :ARG2 (s89.r4 / risk-01))
                                            :mod (s89.s3 / sort)
                                            :mod (s89.t3 / thing
                                                         :mod (s89.w3 / whole)
                                                         :mod s89.r2))
                               :ARG2 (s89.y / you)
                               :condition (s89.t / take-01
                                                 :ARG0 s89.y
                                                 :ARG1 (s89.c3 / course
                                                               :topic (s89.f / finance))
                                                 :time (s89.e3 / ever))
                               :ord (s89.o2 / ordinal-entity
                                            :value "1"))
                 :rel (s89.p2 / probable
                              :ARG2-of (s89.h3 / have-degree-91
                                               :ARG1 s89.p)))
   :snt90 (s90.r / reward-01
                 :ARG2 (s90.s / state
                              :domain (s90.a3 / and
                                              :op1 (s90.t / take-on-09
                                                          :ARG1 (s90.r2 / risk-01
                                                                        :mod (s90.m / massive)
                                                                        :mod (s90.t2 / this)))
                                              :op2 (s90.h / have-degree-91
                                                          :ARG1-of (s90.a / actual-02)
                                                          :ARG2 (s90.f / foolish)
                                                          :ARG3 (s90.e / enough)
                                                          :ARG6 (s90.d / do-02
                                                                       :ARG1 (s90.i / internet
                                                                                    :same-as s22.i))))
                              :same-as s18.s2)
                 :location (s90.a2 / amr-unknown)
                 :mod (s90.w / well))
   :snt91 (s91.c / crazy-03
                 :ARG1 (s91.i / internet
                              :same-as s22.i))
   :snt92 (s92.i / it
                 :ARG1-of (s92.r / real-04)
                 :same-as s22.i)
   :snt93 (s93.m2 / mean-01
                  :ARG0 (s93.i / i
                               :same-as s3.i)
                  :ARG2 (s93.m / massive
                               :domain (s93.p / probability
                                              :mod (s93.f / fail-01))))
   :snt94 (s94.a / and
                 :op1 (s94.o / obligate-01
                             :ARG2 (s94.n / nuts
                                          :ARG1-of (s94.c / complete-02)
                                          :domain (s94.y / you))
                             :condition (s94.d / do-02
                                               :ARG0 s94.y
                                               :ARG1 (s94.i / it
                                                            :same-as s22.i)))
                 :op2 (s94.t / they
                             :mod (s94.l / lucky)))
   :snt95 (s95.g / get-05
                 :ARG1 (s95.w / we)
                 :ARG2 (s95.q / question-01
                              :ARG1 (s95.r / reward-01)
                              :mod (s95.t2 / this))
                 :condition (s95.d / depict-01
                                   :ARG0 (s95.y / you)
                                   :ARG1 (s95.s / state
                                                :same-as s18.s2)
                                   :ARG1-of (s95.a / actual-02)
                                   :ARG2 (s95.p / person
                                                :ARG0-of (s95.t / take-01
                                                                :ARG1 (s95.r2 / risk-01))
                                                :mod (s95.t3 / this))
                                   :polarity "-")
                 :mod (s95.e / even)
                 :time (s95.n / now)
                 :polarity "-"
                 :rel "-")
   :snt96 (s96.a / and
                 :op2 (s96.p / problem
                             :domain (s96.t / think-01
                                            :ARG0 (s96.e / economist)
                                            :ARG1 (s96.r / reward-01
                                                         :ARG2 (s96.s / state
                                                                      :same-as s18.s2)
                                                         :direction (s96.b / back)
                                                         :mod (s96.w / well))
                                            :frequency (s96.o / often))))
   :snt97 (s97.t / tax-01
                 :domain (s97.i / it
                                :same-as s96.r))
   :snt98 (s98.a / and
                 :mod (s98.k / know-06
                             :ARG0 (s98.y / you))
                 :op1 (s98.p / pay-01
                             :ARG0 (s98.c2 / company)
                             :ARG3 (s98.t / tax-01))
                 :op2 (s98.c4 / create-01
                              :purpose (s98.c / come-01
                                              :ARG1 (s98.a2 / and
                                                            :op1 (s98.p2 / person
                                                                         :ARG0-of (s98.g / get-01
                                                                                         :ARG1 (s98.j / job
                                                                                                      :ARG1-of (s98.c3 / create-01
                                                                                                                       :ARG0 s98.c2))))
                                                            :op2 (s98.i / income
                                                                        :ARG1-of (s98.r / rise-01)
                                                                        :poss s98.p2))
                                              :ARG4 (s98.s / state
                                                           :same-as s18.s2)
                                              :direction (s98.b / back)
                                              :manner (s98.m / mechanism
                                                             :mod s98.t))
                              :ARG0 s98.j
                              :ARG1 (s98.g2 / grow-01)))
   :snt99 (s99.t2 / true-01
                  :ARG1 (s99.t / that)
                  :ARG2-of (s99.f / fortunate-01
                                  :polarity "-")
                  :mod (s99.w / well
                              :mode "expressive")
                  :polarity "-")
   :snt100 (s100.c / cause-01
                   :ARG0 (s100.g / go-02
                                 :ARG0 (s100.j / job
                                               :quant (s100.m / many)
                                               :ARG1-of (s100.c2 / create-01
                                                                 :same-as s98.j))
                                 :ARG4 (s100.a / abroad))
                   :ARG1 (s100.t / true-01
                                 :ARG1 (s100.i / it
                                               :same-as s99.t)
                                 :polarity "-")
                   :ARG1-of (s100.o / okay-04))
   :snt101 (s101.a / and
                   :op1 (s101.g / globe)
                   :op2 (s101.f / fine-04
                                :ARG1 s101.g))
   :snt102 (s102.r / recommend-01
                   :ARG1 (s102.n / nationalism
                                 :domain (s102.w / we))
                   :polarity "-")
   :snt103 (s103.l / let-01
                   :ARG0 (s103.y / you)
                   :ARG1 (s103.g / go-01
                                 :ARG1 (s103.j / job)
                                 :ARG4 (s103.t / thing
                                               :ARG4-of (s103.g2 / go-02
                                                                 :ARG0 s103.j
                                                                 :ARG2-of (s103.o / obligate-01))))
                   :ARG1-of (s103.p / possible-01)
                   :mode "imperative")
   :snt104 (s104.m / mean-01
                   :ARG0 (s104.i / i
                                 :same-as s3.i)
                   :ARG2 (s104.p2 / possible-01
                                  :ARG1 (s104.p / position-02
                                                :ARG0 (s104.o / one)
                                                :ARG2 (s104.t / that))))
   :snt105 (s105.c3 / contrast-01
                    :ARG1-of (s105.e / exemplify-01
                                     :ARG0 (s105.c2 / company
                                                    :name (s105.n / name
                                                                  :op1 "Apple"))
                                     :mod (s105.g / great))
                    :ARG2 (s105.c / company
                                  :ARG1-of (s105.b / benefit-01
                                                   :ARG0 (s105.s / state
                                                                 :same-as s18.s2)
                                                   :ARG1-of (s105.a / actual-02)
                                                   :degree (s105.m / massive)
                                                   :mod (s105.t2 / this))
                                  :mod (s105.t / this)
                                  :mod (s105.a2 / also)))
   :snt106 (s106.g / get-01
                   :ARG0 (s106.t2 / they
                                  :same-as s105.c2)
                   :ARG1 (s106.c2 / contrast-01
                                  :ARG1 (s106.o / ordinal-entity
                                                :polarity "-"
                                                :value "1")
                                  :ARG2 (s106.g2 / go-10
                                                 :ARG1 (s106.m / monetary-quantity
                                                               :unit (s106.d / dollar)
                                                               :quant "500000")
                                                 :ARG1-of (s106.a / actual-02)
                                                 :ARG2 (s106.c / company
                                                               :name (s106.n / name
                                                                             :op1 "Apple"
                                                                             :same-as s105.c2)
                                                               :op3 (s106.t / technology
                                                                            :ARG1-of (s106.s / say-01
                                                                                             :ARG0 (s106.i / i
                                                                                                           :same-as s3.i)
                                                                                             :time (s106.b / before))
                                                                            :location (s106.b2 / behind
                                                                                               :op1 (s106.p2 / product
                                                                                                             :name (s106.n4 / name
                                                                                                                            :op1 "iPhone")
                                                                                                             :same-as s35.p2))
                                                                            :mod (s106.a2 / all)))))
                   :instrument (s106.p3 / program
                                        :name (s106.n2 / name
                                                       :op1 "SBIC")
                                        :ARG1-of (s106.p / precede-01
                                                         :ARG2 (s106.p4 / program
                                                                        :name (s106.n3 / name
                                                                                       :op1 "SBIR")))
                                        :mod (s106.t3 / this))
                   :mod (s106.e / even))
   :snt107 (s107.a / and
                   :op2 (s107.k / know-01
                                :ARG0 (s107.w / we)
                                :ARG1 (s107.p / pay-01
                                              :ARG0 (s107.t2 / they
                                                             :same-as s105.c2)
                                              :ARG1 (s107.m2 / monetary-quantity
                                                             :quant (s107.l2 / little
                                                                             :degree (s107.v / very))
                                                             :ARG1-of (s107.t / tax-01))
                                              :ARG1-of (s107.r / resemble-01
                                                               :ARG2 (s107.c / company
                                                                             :quant (s107.m / many)
                                                                             :mod (s107.o / other)))
                                              :manner (s107.l / legal-02)
                                              :mod (s107.b / back))
                                :mod (s107.y / yet)))
   :snt108 (s108.n / need-01
                   :ARG0 (s108.w / we)
                   :ARG1 (s108.r3 / rethink-01
                                  :ARG0 s108.w
                                  :ARG1 (s108.r2 / recommend-01
                                                 :ARG1 (s108.m / mechanism
                                                               :ARG0-of (s108.g / generate-01
                                                                                :ARG1 (s108.r4 / return-02))
                                                               :ARG1-of (s108.p / possible-01)
                                                               :ARG1-of (s108.h / have-degree-91
                                                                                :ARG2 (s108.d / direct-02)
                                                                                :ARG3 (s108.m2 / more
                                                                                               :quant (s108.m3 / much))
                                                                                :ARG4 (s108.t / tax-01))))
                                  :ARG1-of (s108.a / actual-02))
                   :degree (s108.r / really))
   :snt109 (s109.c / cause-01
                   :ARG0 (s109.a / amr-unknown)
                   :polarity "-")
   :snt110 (s110.p / possible-01
                   :ARG1 (s110.h / have-instrument-91
                                 :ARG1 (s110.i / it
                                               :same-as s108.h)
                                 :ARG2 (s110.e / equity)))
   :snt111 (s111.r / retain-01
                   :ARG0 (s111.c3 / country
                                  :ARG0-of (s111.t / think-01
                                                   :ARG1 (s111.t3 / this)
                                                   :ARG1-of (s111.a / actual-02)
                                                   :manner (s111.s / strategic))
                                  :example (s111.c2 / contrast-01
                                                    :ARG1 (s111.c4 / country
                                                                   :name (s111.n / name
                                                                                 :op1 "Finland")
                                                                   :location (s111.c / continent
                                                                                     :name (s111.n2 / name
                                                                                                    :op1 "Scandinavia")))
                                                    :ARG2 (s111.a3 / and
                                                                   :mod (s111.a2 / also)
                                                                   :op1 (s111.c5 / country
                                                                                 :name (s111.n3 / name
                                                                                                :op1 "China")
                                                                                 :same-as s7.c4)
                                                                   :op2 (s111.c6 / country
                                                                                 :name (s111.n4 / name
                                                                                                :op1 "Brazil")))))
                   :ARG1 (s111.t2 / this)
                   :ARG3 (s111.e / equity
                                 :mod (s111.i / invest-01
                                              :mod (s111.t4 / this)))
                   :mod (s111.b / by-the-way))
   :snt112 (s112.a2 / and
                    :op1 (s112.f / fund-01
                                 :ARG0 (s112.c / company
                                               :name (s112.n / name
                                                             :op1 "Sitra"))
                                 :ARG1 (s112.c2 / company
                                                :name (s112.n2 / name
                                                               :op1 "Nokia")))
                    :op2 (s112.k / keep-01
                                 :ARG0 s112.c
                                 :ARG1 (s112.e / equity))
                    :op3 (s112.m / make-05
                                 :ARG0 s112.c
                                 :ARG1 (s112.m2 / money
                                                :quant (s112.l / lot)))
                    :op4 (s112.a / agency
                                 :ARG0-of (s112.f2 / fund-01
                                                   :ARG1-of (s112.p / public-02))
                                 :ARG0-of (s112.f3 / fund-01
                                                   :ARG1 (s112.r / round
                                                                 :name (s112.n4 / name
                                                                                :op1 "nuke")
                                                                 :mod (s112.n5 / next)
                                                                 :mod s112.c2)
                                                   :time (s112.t / then))
                                 :domain s112.c
                                 :location (s112.c3 / country
                                                    :name (s112.n3 / name
                                                                   :op1 "Finland")
                                                    :same-as s111.c4)))
   :snt113 (s113.r / retain-01
                   :ARG0 (s113.c2 / company
                                  :name (s113.n / name
                                                :op1 "Brazilian"
                                                :op2 "Development"
                                                :op3 "Bank")
                                  :ARG0-of (s113.p2 / provide-01
                                                    :ARG1 (s113.a / amount
                                                                  :ARG2-of (s113.f / fund-01
                                                                                   :ARG1 (s113.t / technology
                                                                                                 :ARG1-of (s113.c / clean-04)))
                                                                  :mod (s113.h / huge))
                                                    :time (s113.t3 / today))
                                  :ARG0-of (s113.a2 / announce-01
                                                    :ARG1 (s113.p / program
                                                                  :mod (s113.m / monetary-quantity
                                                                               :unit (s113.d / dollar)
                                                                               :quant "56000000")
                                                                  :time (s113.f2 / future)
                                                                  :topic s113.t)
                                                    :mod (s113.j / just)))
                   :ARG1 (s113.e / equity
                                 :mod (s113.i / invest-01
                                              :mod (s113.t2 / this))))
   :snt114 (s114.p7 / put-02
                    :ARG0 (s114.y / you)
                    :ARG1 (s114.p3 / possible-01
                                   :ARG1 (s114.b3 / bet-01
                                                  :ARG0 s114.y
                                                  :ARG2 (s114.h / have-quant-91
                                                                :ARG1 (s114.m / money
                                                                              :ARG3-of (s114.s3 / spend-01
                                                                                                :ARG1 (s114.t / technology
                                                                                                              :ARG1-of (s114.g3 / green-03))
                                                                                                :time (s114.t5 / today
                                                                                                               :same-as s113.t3)))
                                                                :ARG3 (s114.m2 / more
                                                                               :quant (s114.m3 / much
                                                                                               :degree (s114.s / so)))
                                                                :condition (s114.c2 / come-01
                                                                                    :ARG1 (s114.p5 / profit-01
                                                                                                   :quant (s114.p / percentage-entity
                                                                                                                  :value "05")
                                                                                                   :ARG0 (s114.t2 / thing
                                                                                                                  :ARG1-of (s114.p4 / produce-01
                                                                                                                                    :ARG0 (s114.i2 / internet
                                                                                                                                                   :same-as s22.i))))
                                                                                    :ARG4 (s114.s2 / something
                                                                                                   :ARG1-of (s114.c / call-01
                                                                                                                    :ARG2 (s114.f / fund
                                                                                                                                  :purpose (s114.i / innovate-01))))
                                                                                    :direction (s114.b2 / back))))
                                   :condition (s114.a / and
                                                      :op1 (s114.t3 / think-01
                                                                    :ARG0 (s114.g2 / government-organization
                                                                                   :ARG0-of (s114.g / govern-01
                                                                                                    :ARG1 (s114.c3 / country
                                                                                                                   :name (s114.n / name
                                                                                                                                 :op1 "U.S.")))
                                                                                   :same-as s18.s2)
                                                                    :ARG1 (s114.t4 / this))
                                                      :op2 (s114.b4 / bring-01
                                                                    :ARG0 s114.g2
                                                                    :ARG1 s114.s2
                                                                    :ARG1-of (s114.p2 / possible-01)
                                                                    :direction (s114.b / back))))
                    :manner (s114.p6 / provoke-01)
                    :rel (s114.e / even
                                 :mod (s114.j / just)))
   :snt115 (s115.i / instead-of-91
                   :ARG1 (s115.c / constrain-01
                                 :ARG1 (s115.b / budget
                                               :quant (s115.m / many)
                                               :ARG0-of (s115.t3 / try-01
                                                                 :ARG1 (s115.d / do-02
                                                                               :ARG1 (s115.t / that))
                                                                 :mod (s115.t2 / theory))
                                               :mod (s115.s / state))))
   :snt116 (s116.c / contrast-01
                   :ARG2 (s116.p3 / possible-01
                                  :ARG1 (s116.h / have-degree-91
                                                :ARG1 (s116.h2 / hear-01
                                                               :ARG0 (s116.w / we)
                                                               :ARG1 (s116.p2 / percentage-entity
                                                                              :domain (s116.p / percentage-entity
                                                                                              :value "1")
                                                                              :value "99")
                                                               :time (s116.b / before))
                                                :ARG2 (s116.i / important-01)
                                                :ARG3 (s116.m / more
                                                              :mod (s116.e / even)))))
   :snt117 (s117.h / have-condition-91
                   :ARG1-of (s117.c / cause-01
                                    :ARG0 (s117.t / talk-01
                                                  :ARG0 (s117.w2 / we)
                                                  :ARG1 (s117.t2 / think-01
                                                                 :ARG1 (s117.s / state
                                                                               :same-as s18.s2)
                                                                 :ARG2 (s117.p / person
                                                                               :ARG0-of (s117.p2 / play-01
                                                                                                 :ARG1 (s117.m / mechanism
                                                                                                               :ARG0-of (s117.c2 / create-01
                                                                                                                                 :ARG1 (s117.v / value))))
                                                                               :ARG2-of (s117.i / include-91
                                                                                                :ARG1 s117.s
                                                                                                :ARG3 (s117.o / one)))
                                                                 :manner (s117.w / way
                                                                                 :ARG1-of (s117.h2 / have-degree-91
                                                                                                   :ARG2 (s117.s2 / strategic)
                                                                                                   :ARG3 (s117.m2 / more))
                                                                                 :mod (s117.t3 / this)))
                                                  :ARG1-of (s117.r / request-confirmation-91)))
                   :ARG2 s117.t2
                   :rel (s117.l / lead-02))
   :snt118 (s118.a2 / and
                    :op1 (s118.p2 / play-01
                                  :ARG0 (s118.a / amr-unknown)
                                  :ARG1 (s118.c / create-01
                                                :ARG1 (s118.v / value)
                                                :ARG2 (s118.e / economy))
                                  :ARG1-of (s118.d / differ-02))
                    :op2 (s118.r / role
                                 :poss (s118.s2 / state
                                                :same-as s18.s2))
                    :op3 (s118.d2 / dismiss-01
                                  :ARG1 (s118.i / it
                                                :same-as s18.s2)
                                  :degree (s118.s / sort-of)
                                  :prep-as (s118.p / person
                                                   :ARG0-of (s118.p3 / play-01
                                                                     :location (s118.b / backseat))
                                                   :domain s118.s2)))
   :snt119 (s119.a8 / and
                    :purpose (s119.p5 / possible-01
                                      :ARG1 (s119.b2 / benefit-01
                                                     :ARG1 (s119.s / school
                                                                   :ARG1-of (s119.p6 / public-02)
                                                                   :location (s119.p2 / place
                                                                                      :ARG1-of (s119.r2 / resemble-01
                                                                                                        :ARG2 (s119.c2 / country-region
                                                                                                                       :name (s119.n / name
                                                                                                                                     :op1 "Silicon"
                                                                                                                                     :op2 "Valley")
                                                                                                                       :same-as s8.c))))
                                                     :ARG1-of (s119.a / actual-02
                                                                      :ARG1 s119.p5)
                                                     :polarity "-")
                                      :ARG1-of (s119.c / cause-01))
                    :op1 (s119.p4 / possible-01
                                  :ARG1 (s119.t / that
                                                :time (s119.r4 / round
                                                               :mod (s119.n2 / next)))
                                  :condition (s119.p3 / possible-01
                                                      :ARG1 (s119.a6 / and
                                                                     :op1 (s119.h / have-03
                                                                                  :ARG0 (s119.w / we)
                                                                                  :ARG1 (s119.t2 / theory
                                                                                                 :ARG1-of (s119.h2 / have-degree-91
                                                                                                                   :ARG2 (s119.b4 / broad-02
                                                                                                                                  :ARG1 s119.t2)
                                                                                                                   :ARG3 (s119.m / more))
                                                                                                 :topic (s119.c3 / create-01
                                                                                                                 :ARG1 (s119.v / value))))
                                                                     :op2 (s119.a5 / allow-01
                                                                                   :ARG1 (s119.a7 / and
                                                                                                  :op1 (s119.a3 / admit-01
                                                                                                                :ARG0 s119.w
                                                                                                                :ARG1 (s119.t3 / thing
                                                                                                                               :ARG1-of (s119.d / do-02
                                                                                                                                                :ARG0 (s119.s4 / state
                                                                                                                                                               :same-as s18.s2))))
                                                                                                  :op2 (s119.r / reap-01
                                                                                                               :ARG0 s119.s4
                                                                                                               :ARG1 (s119.s3 / something)
                                                                                                               :mod (s119.b / back))))))
                                  :mod (s119.j / just))
                    :op2 (s119.h4 / hope-01
                                  :ARG0 (s119.i / i
                                                :same-as s3.i)
                                  :ARG1 (s119.h5 / hope-01
                                                 :ARG0 (s119.w2 / we
                                                                :mod (s119.a4 / all))
                                                 :ARG1 (s119.a9 / and
                                                                :op1 (s119.g2 / green-03
                                                                              :ARG1 (s119.r3 / revolution-03
                                                                                             :mod (s119.b3 / big)
                                                                                             :mod (s119.n3 / next))
                                                                              :mod (s119.i2 / in-fact))
                                                                :op2 (s119.a10 / and
                                                                               :op1 (s119.s2 / smart-06
                                                                                             :ARG1 (s119.p / period
                                                                                                           :time-of (s119.g3 / grow-01)))
                                                                               :op2 (s119.l / lead-02
                                                                                            :ARG0 (s119.i4 / innovate-01)
                                                                                            :ARG1 s119.p)
                                                                               :op3 (s119.g / green
                                                                                            :domain s119.p)
                                                                               :op4 (s119.h3 / have-degree-91
                                                                                             :ARG1 s119.p
                                                                                             :ARG2 (s119.i3 / include-01
                                                                                                            :ARG0 s119.p)
                                                                                             :ARG3 (s119.m2 / more))))))
                    :rel (s119.a2 / actual-02))
   :snt120 (s120.t / thank-01
                   :ARG1 (s120.y / you
                                 :same-as s3.i)))

