# ::id doc-391
# ::doc_file doc-391
# ::tok http : / / www . ted . com / talks / arvind_gupta_turning_trash_into_toys_for_learning< / url> <next_sent> My name is Arvind Gupta , and I 'm a toymaker . <next_sent> I 've been making toys for the last 30 years . <next_sent> The early ' 70s , I was in college . <next_sent> It was a very revolutionary time . <next_sent> It was a political ferment , so to say -- students out in the streets of Paris , revolting against authority . <next_sent> America was jolted by the anti - Vietnam movement , the Civil Rights movement . <next_sent> In India , we had the Naxalite movement , the [ unclear ] movement . <next_sent> But you know , when there is a political churning of society , it unleashes a lot of energy . <next_sent> The National Movement of India was testimony to that . <next_sent> Lots of people resigned from well - paid jobs and jumped into the National Movement . <next_sent> Now in the early ' 70s , one of the great programs in India was to revitalize primary science in village schools . <next_sent> There was a person , Anil Sadgopal , did a Ph . D. from Caltech and returned back as a molecular biologist in India 's cutting - edge research institute , the TIFR . <next_sent> At 31 , he was not able to relate the kind of [ unclear ] research , which he was doing with the lives of the ordinary people . <next_sent> So he designed and went and started a village science program . <next_sent> Many people were inspired by this . <next_sent> The slogan of the early ' 70s was " Go to the people . <next_sent> Live with them ; love them . <next_sent> Start from what they know . <next_sent> Build on what they have . " <next_sent> This was kind of the defining slogan . <next_sent> Well I took one year . <next_sent> I joined Telco , made TATA trucks , pretty close to Pune . <next_sent> I worked there for two years , and I realized that I was not born to make trucks . <next_sent> Often one does n't know what one wants to do , but it 's good enough to know what you do n't want to do . <next_sent> So I took one year off , and I went to this village science program . <next_sent> And it was a turning point . <next_sent> It was a very small village -- a weekly bazaar where people , just once in a week , they put in all the vats . <next_sent> So I said , " I 'm going to spend a year over here . " <next_sent> So I just bought one specimen of everything which was sold on the roadside . <next_sent> And one thing which I found was this black rubber . <next_sent> This is called a cycle valve tube . <next_sent> When you pump in air in a bicycle , you use a bit of this . <next_sent> And some of these models -- so you take a bit of this cycle valve tube , you can put two matchsticks inside this , and you make a flexible joint . <next_sent> It 's a joint of tubes . <next_sent> You start by teaching angles -- <next_sent> an acute angle , a right angle , an obtuse angle , a straight angle . <next_sent> It 's like its own little coupling . <next_sent> If you have three of them , and you loop them together , well you make a triangle . <next_sent> With four , you make a square , you make a pentagon , you make a hexagon , you make all these kind of polygons . <next_sent> And they have some wonderful properties . <next_sent> If you look at the hexagon , for instance , it 's like an amoeba , which is constantly changing its own profile . <next_sent> You can just pull this out , this becomes a rectangle . <next_sent> You give it a push , this becomes a parallelogram . <next_sent> But this is very shaky . <next_sent> Look at the pentagon , for instance , pull this out -- it becomes a boat shape trapezium . <next_sent> Push it and it becomes house shaped . <next_sent> This becomes an isosceles triangle -- again , very shaky . <next_sent> This square might look very square and prim . <next_sent> Give it a little push -- this becomes a rhombus . <next_sent> It becomes kite - shaped . <next_sent> But give a child a triangle , he ca n't do a thing to it . <next_sent> Why use triangles ? <next_sent> Because triangles are the only rigid structures . <next_sent> We ca n't make a bridge with squares because the train would come , it would start doing a jig . <next_sent> Ordinary people know about this because if you go to a village in India , they might not have gone to engineering college , but no one makes a roof placed like this . <next_sent> Because if they put tiles on top , it 's just going to crash . <next_sent> They always make a triangular roof . <next_sent> Now this is people science . <next_sent> And if you were to just poke a hole over here and put a third matchstick , you 'll get a T joint . <next_sent> And if I were to poke all the three legs of this in the three vertices of this triangle , I would make a tetrahedron . <next_sent> So you make all these 3D shapes . <next_sent> You make a tetrahedron like this . <next_sent> And once you make these , you make a little house . <next_sent> Put this on top . <next_sent> You just need a ton . <next_sent> Now this was -- you make a joint of six , you make an icosahedron . <next_sent> You can play around with it . <next_sent> This makes an igloo . <next_sent> Now this is in 1978 . <next_sent> I was a 24 - year - old young engineer . <next_sent> And I thought this was so much better than making trucks . <next_sent> If you , as a matter of fact , put four marbles inside , you simulate the molecular structure of methane , CH4 . <next_sent> Four atoms of hydrogen , the four points of the tetrahedron , which means the little carbon atom . <next_sent> Well since then , I just thought that I 've been really privileged to go to over 2,000 schools in my country -- village schools , government schools , municipal schools , Ivy League schools -- I 've been invited by most of them . <next_sent> And every time I go to a school , I see a gleam in the eyes of the children . <next_sent> Children want to make things . <next_sent> Children want to do things . <next_sent> Now this , we make lots and lots of pumps . <next_sent> Now this is a little pump with which you could inflate a balloon . <next_sent> It 's a real pump . <next_sent> You could actually pop the balloon . <next_sent> And we have a slogan that the best thing a child can do with a toy is to break it . <next_sent> And this is how you make a valve . <next_sent> You put a little sticky tape . <next_sent> This is one - way traffic . <next_sent> Well we make lots and lots of pumps . <next_sent> And this is the other one -- that you just take a straw , and you just put a stick inside and you make two half - cuts . <next_sent> Now this is what you do , is you bend both these legs into a triangle , and you just wrap some tape around . <next_sent> And this is the pump . <next_sent> And now , if you have this pump , it 's like a great , great sprinkler . <next_sent> It 's like a centrifuge . <next_sent> If you spin something , it tends to fly out . <next_sent> Well in terms of -- if you were in Andhra Pradesh , you would make this with the palmyra leaf . <next_sent> Many of our folk toys have great science principles . <next_sent> If you spin - top something , it tends to fly out . <next_sent> If I do it with both hands , you can see this fun Mr. Flying Man . <next_sent> Right . <next_sent> This is a toy which is made from paper . <next_sent> It 's amazing . <next_sent> There are four pictures . <next_sent> You see insects , you see frogs , snakes , eagles , butterflies , frogs , snakes , eagles . <next_sent> Here 's a paper which you could [ unclear ] -- designed by a mathematician at Harvard in 1928 , Arthur Stone , documented by Martin Gardner in many of his many books . <next_sent> But this is great fun for children . <next_sent> They all study about the food chain . <next_sent> The insects are eaten by the frogs ; the frogs are eaten by the snakes ; the snakes are eaten by the eagles . <next_sent> And this can be , if you had a whole photocopy paper -- A4 size paper -- you could be in a municipal school , you could be in a government school -- a paper , a scale and a pencil -- no glue , no scissors . <next_sent> In three minutes , you just fold this up . <next_sent> And what you could use it for is just limited by your imagination . <next_sent> If you take a smaller paper , you make a smaller flexagon . <next_sent> With a bigger one , you make a bigger one . <next_sent> Now this is a pencil with a few slots over here . <next_sent> And you put a little fan here . <next_sent> And this is a hundred - year - old toy . <next_sent> There have been six major research papers on this . <next_sent> There 's some grooves over here , you can see . <next_sent> And if I take a reed -- if I rub this , something very amazing happens . <next_sent> Six major research papers on this . <next_sent> As a matter of fact , Feynman , as a child , was very fascinated by this . <next_sent> He wrote a paper on this . <next_sent> And you do n't need the three billion - dollar Hadron Collider for doing this . <next_sent> This is there for every child , and every child can enjoy this . <next_sent> If you want to put a colored disk , well all these seven colors coalesce . <next_sent> And this is what Newton talked about 400 years back , that white light 's made of seven colors , just by spinning this around . <next_sent> This is a straw . <next_sent> What we 've done , we 've just sealed both the ends with tape , nipped the right corner and the bottom left corner , so there 's holes in the opposite corners , there 's a little hole over here . <next_sent> This is a kind of a blowing straw . <next_sent> I just put this inside this . <next_sent> There 's a hole here , and I shut this . <next_sent> And this costs very little money to make -- great fun for children to do . <next_sent> What we do is make a very simple electric motor . <next_sent> Now this is the simplest motor on Earth . <next_sent> The most expensive thing is the battery inside this . <next_sent> If you have a battery , it costs five cents to make it . <next_sent> This is an old bicycle tube , which gives you a broad rubber band , two safety pins . <next_sent> This is a permanent magnet . <next_sent> Whenever current flows through the coil , this becomes an electromagnet . <next_sent> It 's the interaction of both these magnets which makes this motor spin . <next_sent> We made 30,000 . <next_sent> Teachers who have been teaching science for donkey years , they just muck up the definition and they spit it out . <next_sent> When teachers make it , children make it . <next_sent> You can see a gleam in their eye . <next_sent> They get a thrill of what science is all about . <next_sent> And this science is not a rich man 's game . <next_sent> In a democratic country , science must reach to our most oppressed , to the most marginalized children . <next_sent> This program started with 16 schools and spread to 1,500 government schools . <next_sent> Over 100,000 children learn science this way . <next_sent> And we 're just trying to see possibilities . <next_sent> Look , this is the tetrapak -- awful materials from the point of view of the environment . <next_sent> There are six layers -- three layers of plastic , aluminum -- which are are sealed together . <next_sent> They are fused together , so you ca n't separate them . <next_sent> Now you can just make a little network like this and fold them and stick them together and make an icosahedron . <next_sent> So something which is trash , which is choking all the seabirds , you could just recycle this into a very , very joyous -- all the platonic solids can be made with things like this . <next_sent> This is a little straw , and what you do is you just nip two corners here , and this becomes like a baby crocodile 's mouth . <next_sent> You put this in your mouth , and you blow . <next_sent> It 's children 's delight , a teacher 's envy , as they say . <next_sent> You 're not able to see how the sound is produced , because the thing which is vibrating goes inside my mouth . <next_sent> I 'm going to keep this outside , to blow out . <next_sent> I 'm going to suck in air . <next_sent> So no one actually needs to muck up the production of sound with wire vibrations . <next_sent> The other is that you keep blowing at it , keep making the sound , and you keep cutting it . <next_sent> And something very , very nice happens . <next_sent> And when you get a very small one -- <next_sent> This is what the kids teach you . <next_sent> You can also do this . <next_sent> Well before I go any further , this is something worth sharing . <next_sent> This is a touching slate meant for blind children . <next_sent> This is strips of Velcro , this is my drawing slate , and this is my drawing pen , which is basically a film box . <next_sent> It 's basically like a fisherman 's line , a fishing line . <next_sent> And this is wool over here . <next_sent> If I crank the handle , all the wool goes inside . <next_sent> And what a blind child can do is to just draw this . <next_sent> Wool sticks on Velcro . <next_sent> There are 12 million blind children in our country -- who live in a world of darkness . <next_sent> And this has come as a great boon to them . <next_sent> There 's a factory out there making our children blind , not able to provide them with food , not able to provide them with vitamin A. <next_sent> But this has come as a great boon for them . <next_sent> There are no patents . <next_sent> Anyone can make it . <next_sent> This is very , very simple . <next_sent> You can see , this is the generator . <next_sent> It 's a crank generator . <next_sent> These are two magnets . <next_sent> This is a large pulley made by sandwiching rubber between two old CDs . <next_sent> Small pulley and two strong magnets . <next_sent> And this fiber turns a wire attached to an LED . <next_sent> If I spin this pulley , the small one 's going to spin much faster . <next_sent> There will be a spinning magnetic field . <next_sent> Lines , of course , would be cut , the force will be generated . <next_sent> And you can see , this LED is going to glow . <next_sent> So this is a small crank generator . <next_sent> Well , this is , again , it 's just a ring , a steel ring with steel nuts . <next_sent> And what you can do is just , if you give it a twirl , well they just keep going on . <next_sent> And imagine a bunch of kids standing in a circle and just waiting for the steel ring to be passed on . <next_sent> And they 'd be absolutely joyous playing with this . <next_sent> we use a lot of old newspapers to make caps . <next_sent> This is worthy of Sachin Tendulkar . <next_sent> It 's a great cricket cap . <next_sent> When first you see Nehru and Gandhi , this is the Nehru cap -- just half a newspaper . <next_sent> We make lots of toys with newspapers , and this is one of them . <next_sent> And this is -- you can see -- this is a flapping bird . <next_sent> All of our old newspapers , we cut them into little squares . <next_sent> And if you have one of these birds -- children in Japan have been making this bird for many , many years . <next_sent> And you can see , this is a little fantail bird . <next_sent> Well in the end , I 'll just end with a story . <next_sent> This is called " The Captain 's Hat Story . " <next_sent> The captain was a captain of a sea - going ship . <next_sent> It goes very slowly . <next_sent> And there were lots of passengers on the ship , and they were getting bored , so the captain invited them on the deck . <next_sent> " Wear all your colorful clothes and sing and dance , and I 'll provide you with good food and drinks . " <next_sent> And the captain would wear a cap everyday and join in the regalia . <next_sent> The first day , it was a huge umbrella cap , like a captain 's cap . <next_sent> That night , when the passengers would be sleeping , he would give it one more fold , and the second day , he would be wearing a fireman 's cap -- with a little shoot just like a designer cap , because it protects the spinal cord . <next_sent> And the second night , he would take the same cap and give it another fold . <next_sent> And the third day , it would be a Shikari cap -- just like an adventurer 's cap . <next_sent> And the third night , he would give it two more folds -- and this is a very , very famous cap . <next_sent> If you 've seen any of our Bollywood films , this is what the policeman wears , it 's called a zapalu cap . <next_sent> It 's been catapulted to international glory . <next_sent> And we must not forget that he was the captain of the ship . <next_sent> So that 's a ship . <next_sent> And now the end : everyone was enjoying the journey very much . <next_sent> They were singing and dancing . <next_sent> Suddenly there was a storm and huge waves . <next_sent> And all the ship can do is to dance and pitch along with the waves . <next_sent> A huge wave comes and slaps the front and knocks it down . <next_sent> And another one comes and slaps the aft and knocks it down . <next_sent> And there 's a third one over here . <next_sent> This swallows the bridge and knocks it down . <next_sent> And the ship sinks , and the captain has lost everything , but for a life jacket . <next_sent> Thank you so much .
(d / document
   :snt1 (s1.u / url-entity
               :value "ossobuco")
   :snt2 (s2.a / and
               :op1 (s2.n / name
                          :domain (s2.p / person
                                        :name (s2.n2 / name
                                                     :op1 "Arvind"
                                                     :op2 "Gupta"))
                          :poss (s2.i / i))
               :op2 (s2.p2 / person
                           :ARG0-of (s2.m / make-01
                                          :ARG1 (s2.a2 / automobile))
                           :domain s2.i))
   :snt3 (s3.m / make-01
               :ARG0 (s3.i / i
                           :same-as s2.i)
               :ARG1 (s3.t2 / toy)
               :time (s3.b / before
                           :duration (s3.t / temporal-quantity
                                           :unit (s3.y / year)
                                           :quant "30")
                           :op1 (s3.n / now)))
   :snt4 (s4.c / college
               :domain (s4.i / i
                             :same-as s2.i)
               :time (s4.e / early
                           :op1 (s4.d / date-entity
                                      :decade "1970")))
   :snt5 (s5.t / time
               :ARG1-of (s5.r / revolutionary-04
                              :degree (s5.v / very))
               :domain (s5.i / it
                             :same-as s4.e))
   :snt6 (s6.f / ferment-01
               :ARG1-of (s6.m / mean-01
                              :ARG2 (s6.s / say-01
                                          :ARG1 (s6.r / revolt-01
                                                      :ARG0 (s6.p / person
                                                                  :ARG0-of (s6.s3 / study-01)
                                                                  :location (s6.o / out)
                                                                  :location (s6.s2 / street
                                                                                   :mod (s6.c / city
                                                                                              :name (s6.n / name
                                                                                                          :op1 "Paris"))))
                                                      :ARG1 (s6.a / authority))))
               :domain (s6.i / it
                             :same-as s4.e)
               :mod (s6.p2 / politics))
   :snt7 (s7.j / jolt-01
               :ARG0 (s7.a / and
                           :op1 (s7.m / movement-07
                                      :ARG1 (s7.o / oppose-01
                                                  :ARG1 (s7.c2 / country
                                                               :name (s7.n2 / name
                                                                            :op1 "Vietnam"))))
                           :op2 (s7.p / political-movement
                                      :name (s7.n3 / name
                                                   :op1 "Civil"
                                                   :op2 "Rights")))
               :ARG1 (s7.c / country
                           :name (s7.n / name
                                       :op1 "America")))
   :snt8 (s8.h / have-03
               :ARG0 (s8.w / we)
               :ARG1 (s8.a / and
                           :op1 (s8.p / political-movement
                                      :name (s8.n2 / name
                                                   :op1 "Naxalite"))
                           :op2 (s8.m / movement
                                      :ARG1-of (s8.c / clear-06
                                                     :polarity "-")))
               :location (s8.c2 / country
                                :name (s8.n / name
                                            :op1 "India")))
   :snt9 (s9.c2 / contrast-01
                :ARG1-of (s9.k / know-01
                               :ARG0 (s9.y / you))
                :ARG2 (s9.u / unleash-01
                            :ARG0 (s9.c / churn-01
                                        :ARG1 (s9.p / politics)
                                        :ARG1 (s9.s / society))
                            :ARG1 (s9.e / energy
                                        :quant (s9.l / lot))
                            :condition s9.c))
   :snt10 (s10.t / testify-01
                 :ARG0 (s10.p / political-movement
                              :name (s10.n / name
                                           :op1 "National"
                                           :op2 "Movement"
                                           :op3 "of"
                                           :op4 "India"))
                 :ARG1 (s10.t2 / that))
   :snt11 (s11.a / and
                 :op1 (s11.r / resign-01
                             :ARG0 (s11.p2 / person
                                           :quant (s11.l / lot))
                             :ARG1 (s11.j / job
                                          :ARG2-of (s11.p / pay-01
                                                          :ARG1-of (s11.w / well-09))))
                 :op2 (s11.j2 / jump-03
                              :ARG0 s11.p2
                              :ARG2 (s11.p3 / political-movement
                                            :name (s11.n / name
                                                         :op1 "National"
                                                         :op2 "Movement")
                                            :same-as s10.p)))
   :snt12 (s12.p2 / program
                  :ARG1-of (s12.i / include-91
                                  :ARG2 (s12.p3 / program
                                                :location (s12.c / country
                                                                 :name (s12.n / name
                                                                              :op1 "India")
                                                                 :same-as s8.c2)
                                                :mod (s12.g / great)))
                  :domain (s12.r / revitalize-01
                                 :ARG1 (s12.s2 / science
                                               :mod (s12.p / primary))
                                 :location (s12.s / school
                                                  :mod (s12.v / village)))
                  :mod (s12.n2 / now)
                  :time (s12.e / early
                               :op1 (s12.d / date-entity
                                           :decade "1970")
                               :same-as s4.e))
   :snt13 (s13.a / and
                 :op1 (s13.d / do-02
                             :ARG0 (s13.p / person
                                          :name (s13.n / name
                                                       :op1 "Anil"
                                                       :op2 "Sadgopal"))
                             :ARG1 (s13.d2 / doctorate
                                           :mod (s13.p2 / philosophy)
                                           :source (s13.u / university
                                                          :name (s13.n2 / name
                                                                        :op1 "Caltech"))))
                 :op2 (s13.r2 / return-01
                              :ARG1 s13.p
                              :ARG4 (s13.b2 / biologist
                                            :mod (s13.m / molecule))
                              :direction (s13.b / back)
                              :location (s13.i / institute
                                               :name (s13.n4 / name
                                                             :op1 "TIFR")
                                               :ARG0-of (s13.r / research-01)
                                               :location (s13.c / country
                                                                :name (s13.n3 / name
                                                                              :op1 "India")
                                                                :same-as s8.c2)
                                               :mod (s13.c2 / cutting-edge))))
   :snt14 (s14.p2 / possible-01
                  :ARG1 (s14.r / relate-01
                               :ARG0 (s14.h / he
                                            :same-as s13.p)
                               :ARG1 (s14.r2 / research-01
                                             :ARG0 s14.h
                                             :ARG1 (s14.l / life
                                                          :poss (s14.p / person
                                                                       :mod (s14.o / ordinary)))
                                             :ARG1-of (s14.c / clear-06)
                                             :mod (s14.k / kind)))
                  :time (s14.a / age-01
                               :ARG1 s14.h
                               :ARG2 (s14.t / temporal-quantity
                                            :unit (s14.y / year)
                                            :quant "31"))
                  :polarity "-")
   :snt15 (s15.c / cause-01
                 :ARG1 (s15.a / and
                              :op1 (s15.d / design-01
                                          :ARG0 (s15.h / he
                                                       :same-as s13.p)
                                          :ARG1 (s15.p / program
                                                       :mod (s15.v / village)
                                                       :topic (s15.s / science)))
                              :op2 (s15.g / go-02
                                          :ARG0 s15.h)
                              :op3 (s15.s2 / start-01
                                           :ARG0 s15.h
                                           :ARG1 s15.p)))
   :snt16 (s16.i / inspire-01
                 :ARG0 (s16.t / this
                              :same-as s15.p)
                 :ARG1 (s16.p / person
                              :quant (s16.m / many)))
   :snt17 (s17.s / slogan
                 :domain (s17.g / go-02
                                :ARG0 (s17.y / you)
                                :ARG4 (s17.p / person)
                                :mode "imperative")
                 :time (s17.e / early
                              :op1 (s17.d / date-entity
                                          :decade "1970")
                              :same-as s4.e))
   :snt18 (s18.a / and
                 :op1 (s18.l / live-01
                             :ARG0 (s18.y / you)
                             :accompanier (s18.t / they
                                                 :same-as s17.p)
                             :mode "imperative")
                 :op2 (s18.l2 / love-01
                              :ARG0 s18.y
                              :ARG1 s18.t
                              :mode "imperative"))
   :snt19 (s19.s / start-01
                 :ARG0 (s19.y / you)
                 :ARG2 (s19.t2 / thing
                               :ARG1-of (s19.k / know-01
                                               :ARG0 (s19.t / they
                                                            :same-as s17.p)))
                 :mode "imperative")
   :snt20 (s20.b / build-01
                 :ARG0 (s20.y / you)
                 :ARG2 (s20.t2 / thing
                               :ARG1-of (s20.h / have-03
                                               :ARG0 (s20.t / they
                                                            :same-as s17.p)))
                 :mode "imperative")
   :snt21 (s21.s / slogan
                 :ARG0-of (s21.d / define-01)
                 :degree (s21.k / kind-of)
                 :domain (s21.t / this
                                :same-as s17.e))
   :snt22 (s22.t / take-01
                 :ARG0 (s22.i / i
                              :same-as s2.i)
                 :ARG1 (s22.t2 / temporal-quantity
                               :unit (s22.y / year)
                               :quant "1")
                 :mod (s22.w / well))
   :snt23 (s23.a / and
                 :location (s23.c / city
                                  :name (s23.n3 / name
                                                :op1 "Pune")
                                  :ARG1-of (s23.c2 / close-10
                                                   :degree (s23.p / pretty)))
                 :op1 (s23.j / join-04
                             :ARG0 (s23.i / i
                                          :same-as s2.i)
                             :ARG1 (s23.c3 / company
                                           :name (s23.n / name
                                                        :op1 "Telco")))
                 :op2 (s23.m / make-01
                             :ARG0 s23.i
                             :ARG1 (s23.t / truck
                                          :mod (s23.c4 / company
                                                       :name (s23.n2 / name
                                                                     :op1 "TATA")))))
   :snt24 (s24.a / and
                 :op1 (s24.w / work-01
                             :ARG0 (s24.i / i
                                          :same-as s2.i)
                             :ARG2 (s24.t2 / there)
                             :duration (s24.t / temporal-quantity
                                              :unit (s24.y / year)
                                              :quant "2"))
                 :op2 (s24.r / realize-01
                             :ARG0 s24.i
                             :ARG1 (s24.b / bear-02
                                          :purpose (s24.m / make-01
                                                          :ARG0 s24.i
                                                          :ARG1 (s24.t3 / truck))
                                          :ARG1 s24.i
                                          :polarity "-")))
   :snt25 (s25.h / have-concession-91
                 :ARG1 (s25.h2 / have-degree-91
                               :ARG1 (s25.i / it)
                               :ARG2 (s25.g / good-02
                                            :ARG1 s25.i)
                               :ARG3 (s25.e / enough)
                               :ARG6 (s25.k2 / know-01
                                             :ARG0 (s25.o2 / one)
                                             :ARG1 (s25.t2 / thing
                                                           :ARG1-of (s25.d2 / do-02
                                                                            :ARG0 s25.o2
                                                                            :ARG1-of (s25.w2 / want-01
                                                                                             :ARG0 s25.o2
                                                                                             :polarity "-")))))
                 :ARG2 (s25.k / know-01
                              :ARG0 s25.o2
                              :ARG1 (s25.t / thing
                                           :ARG1-of (s25.d / do-02
                                                           :ARG0 s25.o2
                                                           :ARG1-of (s25.w / want-01
                                                                           :ARG0 s25.o2)))
                              :frequency (s25.o / often)
                              :polarity "-"))
   :snt26 (s26.c / cause-01
                 :ARG1 (s26.a / and
                              :op1 (s26.t / take-off-18
                                          :ARG0 (s26.i / i
                                                       :same-as s2.i)
                                          :ARG1 (s26.t2 / temporal-quantity
                                                        :unit (s26.y / year)
                                                        :quant "1"))
                              :op2 (s26.g / go-02
                                          :ARG0 s26.i
                                          :ARG4 (s26.p / program
                                                       :location (s26.v / village)
                                                       :mod (s26.t3 / this)
                                                       :topic (s26.s / science)
                                                       :same-as s15.p))))
   :snt27 (s27.a / and
                 :op2 (s27.p / point
                             :domain (s27.i / it)
                             :time-of (s27.t / turn-02)))
   :snt28 (s28.v2 / village
                  :domain (s28.i / it
                                 :same-as s15.p)
                  :domain (s28.b / bazaar
                                 :frequency (s28.r / rate-entity-91
                                                   :ARG2 (s28.t / temporal-quantity
                                                                :unit (s28.w / week)
                                                                :quant "1"))
                                 :location-of (s28.p2 / put-01
                                                      :ARG0 (s28.p / person)
                                                      :ARG2 (s28.v3 / vulture
                                                                    :mod (s28.a / all))
                                                      :frequency (s28.r2 / rate-entity-91
                                                                         :ARG3 (s28.t2 / temporal-quantity
                                                                                       :unit (s28.w2 / week)
                                                                                       :quant "1")
                                                                         :mod (s28.j / just)
                                                                         :ARG1 "1")))
                  :mod (s28.s / small
                              :degree (s28.v / very)))
   :snt29 (s29.c / cause-01
                 :ARG1 (s29.s / say-01
                              :ARG0 (s29.i / i
                                           :same-as s2.i)
                              :ARG1 (s29.s2 / spend-02
                                            :ARG0 s29.i
                                            :ARG1 (s29.t / temporal-quantity
                                                         :unit (s29.y / year)
                                                         :quant "1")
                                            :ARG2 (s29.b / be-located-at-91
                                                         :ARG1 s29.i
                                                         :ARG2 (s29.h / here)))))
   :snt30 (s30.c / cause-01
                 :ARG1 (s30.b / buy-01
                              :ARG0 (s30.i / i
                                           :same-as s2.i)
                              :ARG1 (s30.s2 / specimen
                                            :ARG1-of (s30.s / sell-01
                                                            :location (s30.r / roadside))
                                            :mod (s30.e / everything)
                                            :quant "1")
                              :mod (s30.j / just)))
   :snt31 (s31.a / and
                 :op2 (s31.f / find-01
                             :ARG0 (s31.i / i
                                          :same-as s2.i)
                             :ARG1 (s31.t / thing
                                          :consist-of (s31.r / rubber
                                                             :ARG1-of (s31.b / black-04))
                                          :mod (s31.t2 / this)
                                          :quant "1")))
   :snt32 (s32.c / call-01
                 :ARG1 (s32.t / this
                              :same-as s31.r)
                 :ARG2 (s32.t2 / tube
                               :mod (s32.v / valve
                                           :ARG1-of (s32.c2 / cycle-02))))
   :snt33 (s33.u / use-01
                 :ARG0 (s33.y / you)
                 :ARG1 (s33.t / this
                              :quant (s33.b2 / bit)
                              :same-as s31.r)
                 :time (s33.p / pump-01
                              :ARG0 s33.y
                              :ARG1 (s33.a / air)
                              :location (s33.b / bicycle)))
   :snt34 (s34.a / and
                 :example (s34.a2 / and
                                  :op1 (s34.t / take-01
                                              :ARG0 (s34.y / you)
                                              :ARG1 (s34.b / bit
                                                           :part-of (s34.t4 / tube
                                                                            :mod (s34.v / valve
                                                                                        :ARG1-of (s34.c / cycle-02))
                                                                            :mod (s34.t3 / this)
                                                                            :same-as s31.r)))
                                  :op2 (s34.p / possible-01
                                              :ARG1 (s34.p2 / put-01
                                                            :ARG0 s34.y
                                                            :ARG1 (s34.s2 / stick
                                                                          :quant "2")
                                                            :ARG2 s34.t4
                                                            :ARG2 (s34.i2 / inside
                                                                          :op1 s34.t4)))
                                  :op3 (s34.m / make-01
                                              :ARG0 s34.y
                                              :ARG1 (s34.j / join-01
                                                           :ARG1-of (s34.f / flexible-03))))
                 :op2 (s34.m2 / model
                              :quant (s34.s / some)
                              :ARG1-of (s34.i / include-91
                                              :ARG2 (s34.m3 / model
                                                            :mod (s34.t2 / this)))))
   :snt35 (s35.j / joint
                 :consist-of (s35.t / tube)
                 :domain (s35.i / it
                                :same-as s34.j))
   :snt36 (s36.s / start-01
                 :ARG0 (s36.y / you)
                 :ARG2 (s36.t / teach-01
                              :ARG0 s36.y
                              :ARG1 (s36.a / angle)))
   :snt37 (s37.a2 / and
                  :op1 (s37.a3 / angle
                               :mod (s37.a / acute))
                  :op2 (s37.a4 / angle
                               :ARG1-of (s37.r / right-04))
                  :op3 (s37.a5 / angle
                               :mod (s37.o / obtuse))
                  :op4 (s37.a6 / angle
                               :ARG1-of (s37.s / straight-04)))
   :snt38 (s38.r / resemble-01
                 :ARG1 (s38.i / it)
                 :ARG2 (s38.c / couple-01
                              :ARG1 s38.i
                              :mod (s38.l / little)))
   :snt39 (s39.m / make-01
                 :ARG0 (s39.y / you)
                 :ARG1 (s39.t3 / triangle)
                 :condition (s39.a / and
                                   :op1 (s39.h / have-03
                                               :ARG0 s39.y
                                               :ARG1 (s39.t / thing
                                                            :quant "3"))
                                   :op2 (s39.l / loop-01
                                               :ARG0 s39.y
                                               :ARG1 s39.t
                                               :manner (s39.t2 / together)))
                 :mod (s39.w / well))
   :snt40 (s40.m / make-01
                 :ARG0 (s40.y / you)
                 :ARG1 (s40.a2 / and
                               :op2 (s40.m2 / make-01
                                            :ARG0 s40.y
                                            :ARG1 (s40.s / square)
                                            :ARG1 (s40.p / pentagon))
                               :op3 (s40.m3 / make-01
                                            :ARG0 s40.y
                                            :ARG1 (s40.h / hexagon))
                               :op4 (s40.l / landslide
                                           :mod (s40.k / kind
                                                       :mod (s40.t / this)
                                                       :mod (s40.a / all))))
                 :op1-of s40.a2
                 :rel "4")
   :snt41 (s41.a / and
                 :op2 (s41.h / have-03
                             :ARG0 (s41.t / they
                                          :same-as s40.l)
                             :ARG1 (s41.p / property
                                          :quant (s41.s / some)
                                          :ARG1-of (s41.w / wonderful-03))))
   :snt42 (s42.r / resemble-01
                 :ARG1 (s42.h / hexagon
                              :ARG0-of (s42.e / exemplify-01)
                              :same-as s40.h)
                 :ARG2 (s42.a / amoeba
                              :ARG0-of (s42.c / change-01
                                              :ARG1 (s42.p / profile
                                                           :poss s42.a)
                                              :mod (s42.c2 / constant)))
                 :condition (s42.l / look-01
                                   :ARG0 (s42.y / you)
                                   :ARG1 s42.h))
   :snt43 (s43.a / and
                 :op1 (s43.p / possible-01
                             :ARG1 (s43.p2 / pull-out-02
                                           :ARG0 (s43.y / you)
                                           :ARG1 (s43.t / this
                                                        :same-as s40.h)
                                           :mod (s43.j / just)))
                 :op2 (s43.b / become-01
                             :ARG1 s43.t
                             :ARG2 (s43.r / rectangle)))
   :snt44 (s44.c / cause-01
                 :ARG0 (s44.g / give-01
                              :ARG0 (s44.y / you)
                              :ARG1 (s44.p2 / push-01)
                              :ARG2 (s44.i / it
                                           :same-as s40.h))
                 :ARG1 (s44.b / become-01
                              :ARG1 (s44.t / this
                                           :same-as s43.r)
                              :ARG2 (s44.p / parallelogram)))
   :snt45 (s45.c / contrast-01
                 :ARG2 (s45.s / shaky
                              :degree (s45.v / very)
                              :domain (s45.t / this
                                             :same-as s43.r)))
   :snt46 (s46.a / and
                 :op1 (s46.l / look-01
                             :ARG0 (s46.y / you)
                             :ARG1 (s46.g / government-organization
                                          :name (s46.n / name
                                                       :op1 "Pentagon"
                                                       :same-as s40.p)
                                          :ARG0-of (s46.e / exemplify-01))
                             :mode "imperative")
                 :op2 (s46.p / pull-out-02
                             :ARG0 s46.y
                             :ARG0-of (s46.c / cause-01
                                             :ARG1 (s46.b / become-01
                                                          :ARG1 (s46.t / this
                                                                       :same-as s40.p)
                                                          :ARG2 (s46.t2 / trapezium
                                                                        :ARG1-of (s46.s / shape-01
                                                                                        :ARG2 (s46.b2 / boat)))))
                             :ARG1 s46.t
                             :mode "imperative"))
   :snt47 (s47.b / become-01
                 :ARG1 (s47.i / it
                              :same-as s40.p)
                 :ARG2 (s47.s / shape-01
                              :ARG1 s47.i
                              :ARG2 (s47.h / house))
                 :condition (s47.p / push-01
                                   :ARG1 s47.i))
   :snt48 (s48.b / become-01
                 :ARG1 (s48.t / this)
                 :ARG2 (s48.t2 / triangle
                               :mod (s48.s / string-entity
                                           :value "4")
                               :mod (s48.p / percentage-entity
                                           :degree (s48.v / very)
                                           :mod (s48.a / again))))
   :snt49 (s49.p / possible-01
                 :ARG1 (s49.l / look-02
                              :ARG0 (s49.s / square
                                           :mod (s49.t / this)
                                           :same-as s40.s)
                              :ARG1 (s49.a / and
                                           :degree (s49.v / very)
                                           :op1 (s49.s2 / square)
                                           :op2 (s49.p2 / prim))))
   :snt50 (s50.g / give-01
                 :ARG0 (s50.y / you)
                 :ARG0-of (s50.c / cause-01
                                 :ARG1 (s50.b / become-01
                                              :ARG1 (s50.t / this
                                                           :same-as s40.s)
                                              :ARG2 (s50.r / rhombus)))
                 :ARG1 (s50.p / push-01
                              :mod (s50.l / little))
                 :ARG1 s50.t
                 :mode "imperative")
   :snt51 (s51.b / become-01
                 :ARG1 (s51.i / it
                              :same-as s40.s)
                 :ARG2 (s51.s / shape-01
                              :ARG1 s51.i
                              :ARG2 (s51.k / kite)))
   :snt52 (s52.c3 / contrast-01
                  :ARG2 (s52.g / give-01
                               :ARG0-of (s52.c / cause-01
                                               :ARG1 (s52.p / possible-01
                                                            :ARG1 (s52.d / do-02
                                                                         :ARG0 (s52.c2 / child)
                                                                         :ARG1 (s52.t / thing)
                                                                         :ARG2 (s52.t2 / triangle))
                                                            :polarity "-"))
                               :ARG1 s52.t2
                               :ARG2 s52.c2))
   :snt53 (s53.u / use-01
                 :purpose (s53.a / amr-unknown)
                 :ARG1 (s53.m / mountain
                              :name (s53.n / name
                                           :op1 "triangles"))
                 :ARG2 (s53.p / person
                              :name (s53.n2 / name
                                            :op1 "mountain")))
   :snt54 (s54.c / cause-01
                 :ARG0 (s54.s / structure
                              :domain (s54.m / mountain
                                             :name (s54.n / name
                                                          :op1 "atom"))
                              :mod (s54.r / rigid)
                              :mod (s54.o / only)))
   :snt55 (s55.p / possible-01
                 :ARG1 (s55.m / make-01
                              :ARG0 (s55.w / we)
                              :ARG1 (s55.b / bridge
                                           :consist-of (s55.s / square)))
                 :ARG1-of (s55.c / cause-01
                                 :ARG0 (s55.c2 / come-01
                                               :ARG1 (s55.t / train
                                                            :ARG0-of (s55.s2 / start-01
                                                                             :ARG1 (s55.j / jig-01
                                                                                          :ARG0 s55.t)))))
                 :polarity "-")
   :snt56 (s56.k / know-01
                 :ARG0 (s56.p / person
                              :ARG1-of (s56.r / regular-03))
                 :ARG1 (s56.t / this)
                 :ARG1-of (s56.c / cause-01
                                 :ARG0 (s56.p3 / possible-01
                                               :ARG1 (s56.g2 / go-02
                                                             :ARG0 s56.p
                                                             :ARG4 (s56.c2 / college
                                                                           :mod (s56.e / engineer-01))
                                                             :polarity "-")
                                               :ARG1-of (s56.c3 / contrast-01
                                                                :ARG2 (s56.m / make-01
                                                                             :ARG0 (s56.n2 / no-one)
                                                                             :ARG1 (s56.r3 / roof
                                                                                           :ARG1-of (s56.p2 / place-01
                                                                                                            :ARG2 (s56.r2 / resemble-01
                                                                                                                          :ARG2 (s56.t2 / this))))))
                                               :condition (s56.g / go-02
                                                                 :ARG0 (s56.y / you)
                                                                 :ARG4 (s56.v / village
                                                                              :location (s56.c4 / country
                                                                                                :name (s56.n / name
                                                                                                             :op1 "India")
                                                                                                :same-as s8.c2))))))
   :snt57 (s57.c / cause-01
                 :ARG0 (s57.c2 / crash-01
                               :condition (s57.t3 / top)
                               :mod (s57.j / just))
                 :rel (s57.p / put-01
                             :ARG0 (s57.t / they)
                             :ARG1 (s57.t2 / tile)
                             :ARG2 s57.t3))
   :snt58 (s58.m / make-01
                 :ARG0 (s58.t / they
                              :same-as s57.t)
                 :ARG1 (s58.r / roof
                              :mod (s58.t2 / triangular))
                 :time (s58.a / always))
   :snt59 (s59.s / science
                 :domain (s59.t / this)
                 :poss (s59.p / person)
                 :time (s59.n / now))
   :snt60 (s60.a / and
                 :op2 (s60.g / get-01
                             :ARG0 (s60.y / you)
                             :ARG1 (s60.j / joint
                                          :mod (s60.s / string-entity
                                                      :value "T"))
                             :condition (s60.a2 / and
                                                :op1 (s60.p / poke-01
                                                            :ARG0 s60.y
                                                            :ARG2 (s60.h2 / hole)
                                                            :direction (s60.o2 / over
                                                                               :op1 (s60.h / here))
                                                            :mod (s60.j2 / just))
                                                :op2 (s60.p2 / put-01
                                                             :ARG0 s60.y
                                                             :ARG1 (s60.m / matchstick
                                                                          :ord (s60.o / ordinal-entity
                                                                                      :value "3"))))))
   :snt61 (s61.a2 / and
                  :op2 (s61.h / have-condition-91
                              :ARG1 (s61.m / make-01
                                           :ARG0 (s61.i / i
                                                        :same-as s2.i)
                                           :ARG1 (s61.t / tetrahedron))
                              :ARG2 (s61.p / poke-01
                                           :ARG0 s61.i
                                           :ARG1 (s61.l / leg
                                                        :mod (s61.a / all)
                                                        :part-of (s61.t2 / this
                                                                         :part (s61.l2 / line
                                                                                       :part-of (s61.t3 / triangle
                                                                                                        :mod s61.t2)
                                                                                       :quant "3")
                                                                         :same-as s60.j)
                                                        :quant "3")
                                           :ARG2 s61.l2)))
   :snt62 (s62.c / cause-01
                 :ARG1 (s62.m / make-01
                              :ARG0 (s62.y / you)
                              :ARG1 (s62.s / shape-01
                                           :ARG2 (s62.d / dimension
                                                        :quant "3")
                                           :mod (s62.t / this)
                                           :mod (s62.a / all))))
   :snt63 (s63.m / make-01
                 :ARG0 (s63.y / you)
                 :ARG1 (s63.t / tetrahedron
                              :ARG1-of (s63.r / resemble-01
                                              :ARG2 (s63.t2 / this
                                                            :same-as s61.t3))))
   :snt64 (s64.a / and
                 :op2 (s64.m2 / make-01
                              :ARG0 (s64.y / you)
                              :ARG1 (s64.h / house
                                           :mod (s64.l / little))
                              :time (s64.m / make-01
                                           :ARG0 s64.y
                                           :ARG1 (s64.t / this
                                                        :same-as s62.s))))
   :snt65 (s65.p / put-01
                 :ARG0 (s65.y / you)
                 :ARG1 (s65.t / this
                              :same-as s61.t3)
                 :ARG2 (s65.t2 / top)
                 :mode "imperative")
   :snt66 (s66.n / need-01
                 :ARG0 (s66.y / you)
                 :ARG1 (s66.m / mass-quantity
                              :unit (s66.t / ton)
                              :quant "1")
                 :mod (s66.j / just))
   :snt67 (s67.a / and
                 :domain (s67.t / this)
                 :op1 (s67.m / make-01
                             :ARG0 (s67.y / you)
                             :ARG1 (s67.j / joint
                                          :quant "6"))
                 :op2 (s67.m2 / make-01
                              :ARG0 s67.y
                              :ARG1 (s67.i / icosahedron)))
   :snt68 (s68.p2 / possible-01
                  :ARG1 (s68.p / play-01
                               :ARG0 (s68.y / you)
                               :ARG2 (s68.i / it
                                            :same-as s67.i)
                               :mod (s68.a / around)))
   :snt69 (s69.m / make-01
                 :ARG0 (s69.t / this
                              :same-as s67.i)
                 :ARG1 (s69.i / igloo))
   :snt70 (s70.b / be-temporally-at-91
                 :ARG1 (s70.t / this)
                 :ARG2 (s70.d / date-entity
                              :year "1978")
                 :mod (s70.n / now))
   :snt71 (s71.p / person
                 :ARG0-of (s71.e / engineer-01)
                 :age (s71.t / temporal-quantity
                             :unit (s71.y / year)
                             :quant "24")
                 :domain (s71.i / i
                                :same-as s2.i)
                 :mod (s71.y2 / young))
   :snt72 (s72.a / and
                 :op2 (s72.t / think-01
                             :ARG0 (s72.i / i
                                          :same-as s2.i)
                             :ARG1 (s72.h / have-degree-91
                                          :ARG1 (s72.t2 / this)
                                          :ARG2 (s72.g / good-02
                                                       :ARG1 s72.t2)
                                          :ARG3 (s72.m2 / more
                                                        :quant (s72.m3 / much
                                                                       :degree (s72.s / so)))
                                          :ARG4 (s72.m / make-01
                                                       :ARG0 s72.i
                                                       :ARG1 (s72.t3 / truck)))))
   :snt73 (s73.s / simulate-01
                 :ARG0 (s73.y / you)
                 :ARG1 (s73.s2 / structure
                               :mod (s73.m3 / molecule)
                               :poss (s73.m2 / methane
                                             :name (s73.n / name
                                                          :op1 "CH4")))
                 :condition (s73.p / put-01
                                   :ARG0 s73.y
                                   :ARG1 (s73.m / marxist
                                                :quant "4")
                                   :ARG2 (s73.i / inside)
                                   :mod (s73.a / as-a-matter-of-fact)))
   :snt74 (s74.a / atom
                 :consist-of (s74.h / hydrogen)
                 :domain (s74.p / point
                                :part-of (s74.t / tetrahedron
                                                :ARG1-of (s74.m / mean-01
                                                                :ARG2 (s74.a2 / atom
                                                                              :part-of (s74.s / small-molecule
                                                                                              :name (s74.n / name
                                                                                                           :op1 "carbon")
                                                                                              :mod (s74.l / little)))))
                                :quant "4")
                 :quant "4")
   :snt75 (s75.t2 / think-01
                  :ARG0 (s75.i / i
                               :same-as s2.i)
                  :ARG1 (s75.p / privilege-01
                               :ARG1 s75.i
                               :ARG2 (s75.g / go-02
                                            :ARG0 s75.i
                                            :ARG4 (s75.s / school
                                                         :quant (s75.o2 / over
                                                                        :op1 "2000")
                                                         :ARG2-of (s75.i3 / invite-01
                                                                          :ARG0 (s75.m / most
                                                                                       :ARG1-of (s75.i2 / include-91
                                                                                                        :ARG2 s75.s))
                                                                          :ARG1 s75.i)
                                                         :example (s75.a / and
                                                                         :op1 (s75.s2 / school
                                                                                      :mod (s75.v / village))
                                                                         :op2 (s75.s3 / school
                                                                                      :mod (s75.g3 / government-organization
                                                                                                   :ARG0-of (s75.g2 / govern-01)))
                                                                         :op3 (s75.s4 / school
                                                                                      :mod (s75.c / city))
                                                                         :op4 (s75.s5 / school
                                                                                      :mod (s75.o / organization
                                                                                                  :name (s75.n / name
                                                                                                               :op1 "Ivy"
                                                                                                               :op2 "League"))))
                                                         :location (s75.c2 / country
                                                                           :poss s75.i)))
                               :degree (s75.r / really))
                  :mod (s75.j / just)
                  :mod (s75.w / well)
                  :time (s75.s6 / since
                                :op1 (s75.t / then)))
   :snt76 (s76.a / and
                 :op2 (s76.s2 / see-01
                              :ARG0 (s76.i / i
                                           :same-as s2.i)
                              :ARG1 (s76.g / glimmer-01
                                           :ARG1 (s76.e / eye
                                                        :part-of (s76.c / child)))
                              :frequency (s76.r / rate-entity-91
                                                :ARG4 (s76.g2 / go-02
                                                              :ARG0 s76.i
                                                              :ARG4 (s76.s / school)))))
   :snt77 (s77.w / want-01
                 :ARG0 (s77.c / child)
                 :ARG1 (s77.m / make-01
                              :ARG0 s77.c
                              :ARG1 (s77.t / thing)))
   :snt78 (s78.w / want-01
                 :ARG0 (s78.c / child)
                 :ARG1 (s78.d / do-02
                              :ARG0 s78.c
                              :ARG1 (s78.t / thing)))
   :snt79 (s79.m / make-01
                 :ARG0 (s79.w / we)
                 :ARG1 (s79.t / this)
                 :ARG3 (s79.p / pump-01
                              :quant (s79.l / lot))
                 :time (s79.n / now))
   :snt80 (s80.p2 / pump
                  :ARG3-of (s80.i / inflate-01
                                  :ARG0 (s80.y / you)
                                  :ARG1 (s80.b / balloon)
                                  :ARG1-of (s80.p / possible-01))
                  :domain (s80.t / this)
                  :mod (s80.l / little)
                  :mod (s80.n / now))
   :snt81 (s81.p / pump
                 :ARG1-of (s81.r / real-04)
                 :domain (s81.i / it
                                :same-as s80.t))
   :snt82 (s82.p2 / possible-01
                  :ARG1 (s82.p / pop-04
                               :ARG0 (s82.y / you)
                               :ARG1 (s82.b / balloon
                                            :same-as s80.b))
                  :ARG1-of (s82.a / actual-02))
   :snt83 (s83.a / and
                 :op2 (s83.h / have-03
                             :ARG0 (s83.w / we)
                             :ARG1 (s83.s / slogan
                                          :topic (s83.t / thing
                                                        :ARG1-of (s83.h2 / have-degree-91
                                                                         :ARG2 (s83.g / good-02
                                                                                      :ARG1 s83.t)
                                                                         :ARG3 (s83.m / most))
                                                        :ARG1-of (s83.d / do-02
                                                                        :ARG0 (s83.c / child)
                                                                        :ARG1-of (s83.p / possible-01)
                                                                        :ARG2 (s83.t2 / toy))
                                                        :domain (s83.b / break-01
                                                                       :ARG0 s83.c
                                                                       :ARG1 s83.t2)))))
   :snt84 (s84.a / and
                 :op2 (s84.h / have-manner-91
                             :ARG1 (s84.m / make-01
                                          :ARG0 (s84.y / you)
                                          :ARG1 (s84.v / valve))
                             :ARG2 (s84.t / this)))
   :snt85 (s85.p / put-01
                 :ARG0 (s85.y / you)
                 :ARG1 (s85.t / tape
                              :mod (s85.s / sticky)
                              :mod (s85.l / little)))
   :snt86 (s86.t2 / traffic
                  :domain (s86.t / this)
                  :mod (s86.o / one-way))
   :snt87 (s87.m / make-01
                 :ARG0 (s87.w / we)
                 :ARG1 (s87.p / pump-01
                              :quant (s87.l / lot)))
   :snt88 (s88.a / and
                 :op2 (s88.t2 / thing
                              :domain (s88.a2 / and
                                              :op1 (s88.t / take-01
                                                          :ARG0 (s88.y / you)
                                                          :ARG1 (s88.s2 / straw)
                                                          :mod (s88.j / just))
                                              :op2 (s88.p / put-01
                                                          :ARG0 s88.y
                                                          :ARG1 (s88.s / stick)
                                                          :ARG2 (s88.i / inside)
                                                          :mod (s88.j2 / just))
                                              :op3 (s88.m / make-01
                                                          :ARG0 s88.y
                                                          :ARG1 (s88.c / cut-01
                                                                       :mod (s88.h / half)
                                                                       :quant "2")))
                              :mod (s88.o / other)))
   :snt89 (s89.a / and
                 :ARG1-of (s89.d / do-02
                                 :ARG0 (s89.y / you))
                 :op1 (s89.b / bend-01
                             :ARG0 s89.y
                             :ARG1 (s89.l / leg
                                          :mod (s89.t2 / this)
                                          :mod (s89.b2 / both))
                             :ARG3 (s89.t3 / triangle))
                 :op2 (s89.w / wrap-01
                             :ARG0 s89.y
                             :ARG1 (s89.t / tape
                                          :mod (s89.s / some))
                             :direction (s89.a2 / around)
                             :mod (s89.j / just))
                 :time (s89.n / now))
   :snt90 (s90.a / and
                 :op2 (s90.p / pump
                             :domain (s90.t / this)))
   :snt91 (s91.a / and
                 :op2 (s91.r / resemble-01
                             :ARG1 (s91.p / pump
                                          :mod (s91.t / this))
                             :ARG2 (s91.s / sprinkle-01
                                          :mod (s91.g2 / great)
                                          :mod (s91.g / great))
                             :condition (s91.h / have-03
                                               :ARG0 (s91.y / you)
                                               :ARG1 s91.p)
                             :time (s91.n / now)))
   :snt92 (s92.r / resemble-01
                 :ARG1 (s92.i / it
                              :same-as s91.p)
                 :ARG2 (s92.c / centrifuge))
   :snt93 (s93.t / tend-02
                 :ARG1 (s93.s2 / spin-03
                               :ARG0 (s93.y / you)
                               :ARG1 (s93.s / something))
                 :ARG2 (s93.f / fly-01
                              :ARG1 s93.s
                              :direction (s93.o / out))
                 :condition s93.s2)
   :snt94 (s94.m / make-01
                 :ARG0 (s94.y / you)
                 :ARG1 (s94.t2 / this)
                 :condition (s94.b / be-located-at-91
                                   :ARG1 s94.y
                                   :ARG2 (s94.s / state
                                                :name (s94.n / name
                                                             :op1 "Andhra"
                                                             :op2 "Pradesh")))
                 :instrument (s94.l / leaf
                                    :mod (s94.p / palmyra))
                 :mod (s94.t / term
                             :mod (s94.w / well)))
   :snt95 (s95.h / have-03
                 :ARG0 (s95.t / toy
                              :quant (s95.m / many)
                              :mod (s95.f / folk)
                              :poss (s95.w / we))
                 :ARG1 (s95.p / principle
                              :mod (s95.s / science)
                              :mod (s95.g / great)))
   :snt96 (s96.t / tend-02
                 :ARG1 (s96.s / something)
                 :ARG2 (s96.f / fly-01
                              :ARG1 s96.s
                              :direction (s96.o / out))
                 :condition (s96.s2 / spin-01
                                    :ARG0 (s96.y / you)
                                    :ARG1 s96.s
                                    :manner (s96.t2 / top)))
   :snt97 (s97.p2 / possible-01
                  :ARG1 (s97.s / see-01
                               :ARG0 (s97.y / you)
                               :ARG1 (s97.p / person
                                            :name (s97.n / name
                                                         :op1 "Mr."
                                                         :op2 "Flying"
                                                         :op3 "Man")
                                            :ARG1-of (s97.f / fun-01)
                                            :mod (s97.t / this)))
                  :condition (s97.d / do-02
                                    :ARG0 (s97.i / i
                                                 :part (s97.h / hand
                                                              :mod (s97.b / both))
                                                 :same-as s2.i)
                                    :ARG1 (s97.i2 / it)
                                    :manner s97.h))
   :snt98 (s98.r / right-06)
   :snt99 (s99.t2 / toy
                  :ARG1-of (s99.m / make-01
                                  :ARG2 (s99.p / paper))
                  :domain (s99.t / this))
   :snt100 (s100.a / amaze-01
                   :ARG0 (s100.i / it))
   :snt101 (s101.p / picture
                   :quant "4")
   :snt102 (s102.a / and
                   :op1 (s102.s / see-01
                                :ARG0 (s102.y / you)
                                :ARG1 (s102.i / insect))
                   :op2 (s102.s2 / see-01
                                 :ARG0 s102.y
                                 :ARG1 (s102.a2 / and
                                                :op1 (s102.r / river)
                                                :op2 (s102.s3 / snake)
                                                :op3 (s102.e / eagle)
                                                :op4 (s102.m / monarch)
                                                :op5 (s102.e2 / eagle))))
   :snt103 (s103.p / paper
                   :ARG1-of (s103.c / clear-06
                                    :ARG1-of (s103.p3 / possible-01)
                                    :polarity "-")
                   :ARG1-of (s103.d2 / design-01
                                     :ARG0 (s103.m3 / mathematician
                                                    :name (s103.n / name
                                                                  :op1 "Arthur"
                                                                  :op2 "Stone")
                                                    :ARG1-of (s103.d3 / document-01
                                                                      :ARG0 (s103.p2 / person
                                                                                     :name (s103.n3 / name
                                                                                                    :op1 "Martin"
                                                                                                    :op2 "Gardner"))
                                                                      :medium (s103.b / book
                                                                                      :quant (s103.m2 / many)
                                                                                      :quant (s103.m / many)
                                                                                      :poss s103.p2))
                                                    :location (s103.u / university
                                                                      :name (s103.n2 / name
                                                                                     :op1 "Harvard"))
                                                    :time (s103.d / date-entity
                                                                  :year "1928")))
                   :location (s103.h / here)
                   :rel (s103.y / you))
   :snt104 (s104.c2 / contrast-01
                    :ARG2 (s104.f / fun-01
                                  :ARG0 (s104.c / child)
                                  :ARG1 (s104.t / this)
                                  :mod (s104.g / great)))
   :snt105 (s105.s / study-01
                   :ARG0 (s105.t / they
                                 :mod (s105.a / all))
                   :ARG1 (s105.c / chain
                                 :mod (s105.f / food)))
   :snt106 (s106.a / and
                   :op1 (s106.e2 / eat-01
                                 :ARG0 (s106.f / fish)
                                 :ARG1 (s106.i / insect))
                   :op2 (s106.e3 / eat-01
                                 :ARG0 (s106.s / snake)
                                 :ARG1 s106.f)
                   :op3 (s106.e4 / eat-01
                                 :ARG0 (s106.e / eagle)
                                 :ARG1 s106.s))
   :snt107 (s107.a / and
                   :op2 (s107.p4 / possible-01
                                 :ARG1 (s107.t / this)
                                 :ARG1-of (s107.m / mean-01
                                                  :ARG2 (s107.h2 / have-condition-91
                                                                 :ARG1 (s107.p5 / possible-01
                                                                                :ARG1 (s107.a2 / and
                                                                                               :op1 (s107.b / be-located-at-91
                                                                                                            :ARG1 (s107.y / you)
                                                                                                            :ARG2 (s107.s2 / school
                                                                                                                           :mod (s107.c / city)))
                                                                                               :op2 (s107.p6 / possible-01
                                                                                                             :ARG1 (s107.b2 / be-located-at-91
                                                                                                                            :ARG1 s107.y
                                                                                                                            :ARG2 (s107.s3 / school
                                                                                                                                           :mod (s107.g3 / government-organization
                                                                                                                                                         :ARG0-of (s107.g2 / govern-01)))))))
                                                                 :ARG2 (s107.h / have-03
                                                                               :ARG0 s107.y
                                                                               :ARG1 (s107.p / paper
                                                                                             :ARG1-of (s107.s5 / size-01
                                                                                                               :ARG2 (s107.s6 / string-entity
                                                                                                                              :value "A4"))
                                                                                             :ARG1-of (s107.c2 / copy-01)
                                                                                             :example (s107.a3 / and
                                                                                                               :op1 (s107.p2 / paper)
                                                                                                               :op2 (s107.s / scale)
                                                                                                               :op3 (s107.p3 / pencil)
                                                                                                               :op4 (s107.a4 / and
                                                                                                                             :op1 (s107.g / glue
                                                                                                                                          :polarity "-")
                                                                                                                             :op2 (s107.s4 / scissors
                                                                                                                                           :polarity "-")))
                                                                                             :mod (s107.w / whole)))))))
   :snt108 (s108.f / fold-03
                   :ARG0 (s108.y / you)
                   :ARG1 (s108.t2 / this
                                  :same-as s107.a3)
                   :mod (s108.j / just)
                   :mod (s108.u / up)
                   :time (s108.a / after
                                 :quant (s108.t / temporal-quantity
                                                :unit (s108.m / minute)
                                                :quant "3")
                                 :op1 (s108.n / now)))
   :snt109 (s109.a / and
                   :op2 (s109.l / limit-01
                                :ARG0 (s109.i / imagine-01
                                              :ARG0 (s109.y / you))
                                :ARG1 (s109.t / thing
                                              :ARG2-of (s109.u / use-01
                                                               :ARG0 s109.y
                                                               :ARG1 (s109.i2 / it
                                                                              :same-as s107.a3)
                                                               :ARG1-of (s109.p / possible-01)))
                                :mod (s109.j / just)))
   :snt110 (s110.m / make-01
                   :ARG0 (s110.y / you)
                   :ARG1 (s110.f / flexagon
                                 :ARG1-of (s110.h2 / have-degree-91
                                                   :ARG2 (s110.s2 / small)
                                                   :ARG3 (s110.m3 / more)))
                   :condition (s110.t / take-01
                                      :ARG0 s110.y
                                      :ARG1 (s110.p / paper
                                                    :ARG1-of (s110.h / have-degree-91
                                                                     :ARG2 (s110.s / small)
                                                                     :ARG3 (s110.m2 / more)))))
   :snt111 (s111.m / make-01
                   :ARG0 (s111.y / you)
                   :ARG1 (s111.o2 / one
                                  :mod (s111.h / have-degree-91
                                               :ARG2 (s111.b / big)
                                               :ARG3 (s111.m2 / more)
                                               :ARG1 s111.o))
                   :condition (s111.o / one))
   :snt112 (s112.p / pencil
                   :ARG0-of (s112.h / have-03
                                    :ARG1 (s112.s / slot
                                                  :quant (s112.f / few)))
                   :domain (s112.t / this)
                   :location (s112.o / over
                                     :op1 (s112.h2 / here)))
   :snt113 (s113.a / and
                   :op2 (s113.p / put-01
                                :ARG0 (s113.y / you)
                                :ARG1 (s113.f / fan
                                              :mod (s113.l / little))
                                :ARG2 (s113.h / here)))
   :snt114 (s114.a / and
                   :op2 (s114.t3 / toy
                                 :age (s114.t / temporal-quantity
                                              :unit (s114.y / year)
                                              :quant "100")
                                 :domain (s114.t2 / this)))
   :snt115 (s115.p / paper
                   :ARG1-of (s115.m / major-02)
                   :mod (s115.r / research-01)
                   :topic (s115.t / this
                                  :same-as s114.t2)
                   :quant "6")
   :snt116 (s116.p / possible-01
                   :ARG1 (s116.s / see-01
                                 :ARG0 (s116.y / you)
                                 :ARG1 (s116.g / groove-01
                                               :location (s116.o / over
                                                                 :op1 (s116.h / here))
                                               :mod (s116.s2 / some))))
   :snt117 (s117.a2 / and
                    :op2 (s117.a3 / and
                                  :op1 (s117.t / take-01
                                               :ARG0 (s117.i / i
                                                             :same-as s2.i)
                                               :ARG1 (s117.h / history))
                                  :op2 (s117.r / rub-01
                                               :ARG0 s117.i
                                               :ARG1 (s117.t2 / this
                                                              :same-as s117.h)))
                    :op3 (s117.s / something
                                 :ARG0-of (s117.a / amaze-01
                                                  :degree (s117.v / very))
                                 :condition s117.r))
   :snt118 (s118.p / paper
                   :ARG1-of (s118.m / major-02)
                   :mod (s118.r / research-01)
                   :topic (s118.t / this
                                  :same-as s114.t2)
                   :quant "6"
                   :same-as s115.p)
   :snt119 (s119.f / fascinate-01
                   :ARG0 (s119.t / this
                                 :same-as s114.t2)
                   :ARG1 (s119.p / person
                                 :name (s119.n / name
                                               :op1 "Feynman"))
                   :degree (s119.v / very)
                   :mod (s119.a / as-a-matter-of-fact)
                   :time (s119.c / child
                                 :domain s119.p))
   :snt120 (s120.w / write-01
                   :ARG0 (s120.h / he
                                 :same-as s119.p)
                   :ARG1 (s120.p / paper
                                 :topic (s120.t / this
                                                :same-as s114.t2)))
   :snt121 (s121.a / and
                   :op2 (s121.n2 / need-01
                                 :purpose (s121.d / do-02
                                                  :ARG0 (s121.y / you)
                                                  :ARG1 (s121.t / this
                                                                :same-as s104.t))
                                 :ARG0 s121.y
                                 :ARG1 (s121.f / facility
                                               :name (s121.n / name
                                                             :op1 "Hadron"
                                                             :op2 "Collider")
                                               :mod (s121.m / monetary-quantity
                                                            :unit (s121.d2 / dollar)
                                                            :quant "3000000000"))
                                 :polarity "-"))
   :snt122 (s122.a / and
                   :op1 (s122.t2 / this
                                 :beneficiary (s122.c / child
                                                      :mod (s122.e2 / every))
                                 :location (s122.t / there)
                                 :same-as s104.t)
                   :op2 (s122.p / possible-01
                                :ARG1 (s122.e / enjoy-01
                                              :ARG0 s122.c
                                              :ARG1 s122.t2)))
   :snt123 (s123.c3 / converge-01
                    :ARG0 (s123.c / color
                                  :mod (s123.t / this)
                                  :mod (s123.a / all)
                                  :quant "7")
                    :condition (s123.w / want-01
                                       :ARG0 (s123.y / you)
                                       :ARG1 (s123.p / put-01
                                                     :ARG0 s123.y
                                                     :ARG1 (s123.d / disk
                                                                   :ARG1-of (s123.c2 / color-01)))))
   :snt124 (s124.a / and
                   :op2 (s124.m / make-01
                                :ARG1 (s124.l / light
                                              :ARG1-of (s124.w / white-03))
                                :ARG1-of (s124.t / talk-01
                                                 :ARG0 (s124.p / person
                                                               :name (s124.n / name
                                                                             :op1 "Newton"))
                                                 :time (s124.b / before
                                                               :quant (s124.t2 / temporal-quantity
                                                                               :unit (s124.y / year)
                                                                               :quant "400")
                                                               :op1 (s124.n2 / now)))
                                :ARG2 (s124.c / color
                                              :quant "7")
                                :manner (s124.s / spin-01
                                                :ARG1 s124.l
                                                :direction (s124.a2 / around)
                                                :mod (s124.j / just))))
   :snt125 (s125.s / straw
                   :domain (s125.t / this))
   :snt126 (s126.a / and
                   :ARG1-of (s126.d / do-02
                                    :ARG0 (s126.w / we))
                   :op1 (s126.s / seal-01
                                :ARG0 s126.w
                                :ARG1 (s126.e / end
                                              :mod (s126.b / both))
                                :ARG2 (s126.t / tape)
                                :mod (s126.j / just))
                   :op2 (s126.n / nip-02
                                :ARG0 s126.w
                                :ARG0-of (s126.c / cause-01
                                                 :ARG1 (s126.h2 / hole
                                                                :location (s126.c4 / corner
                                                                                   :ARG1-of (s126.o / opposite-01))))
                                :ARG1 (s126.a2 / and
                                               :op1 (s126.c2 / corner
                                                             :ARG1-of (s126.r / right-04))
                                               :op2 (s126.c3 / corner
                                                             :ARG1-of (s126.l / left-20
                                                                              :mod (s126.b2 / bottom)))
                                               :op2 (s126.h3 / hole
                                                             :location (s126.o2 / over
                                                                                :op1 (s126.h / here))
                                                             :mod (s126.l2 / little)))))
   :snt127 (s127.s / straw
                   :ARG1-of (s127.b / blow-01)
                   :domain (s127.t / this
                                   :same-as s125.t)
                   :mod (s127.k / kind))
   :snt128 (s128.p / put-01
                   :ARG0 (s128.i / i
                                 :same-as s2.i)
                   :ARG1 (s128.t / this
                                 :ARG2 (s128.i2 / inside
                                                :op1 (s128.t2 / this
                                                              :same-as s125.t))
                                 :same-as s125.t)
                   :mod (s128.j / just))
   :snt129 (s129.a / and
                   :op1 (s129.h2 / hole
                                 :location (s129.h / here))
                   :op2 (s129.s / shut-01
                                :ARG0 (s129.i / i
                                              :same-as s2.i)
                                :ARG1 (s129.t / this
                                              :same-as s125.t)))
   :snt130 (s130.a / and
                   :op2 (s130.c2 / cost-01
                                 :ARG1 (s130.m / make-01
                                               :ARG1 (s130.t / this
                                                             :ARG1-of (s130.d / do-02
                                                                              :ARG0 (s130.c / child)
                                                                              :ARG1-of (s130.f / fun-01
                                                                                               :ARG0 s130.c
                                                                                               :mod (s130.g / great)))
                                                             :same-as s104.t))
                                 :ARG2 (s130.m2 / money
                                                :quant (s130.l / little
                                                               :degree (s130.v / very)))))
   :snt131 (s131.m / make-01
                   :ARG0 (s131.w / we
                                 :same-as s126.w)
                   :ARG1 (s131.m2 / motor
                                  :ARG1-of (s131.s / simple-02
                                                   :degree (s131.v / very))
                                  :mod (s131.e / electric)))
   :snt132 (s132.h / have-degree-91
                   :ARG1 (s132.t / this
                                 :same-as s131.m2)
                   :ARG2 (s132.s / simple)
                   :ARG3 (s132.m / most)
                   :ARG5 (s132.m2 / motor
                                  :location (s132.p / planet
                                                    :name (s132.n / name
                                                                  :op1 "Earth")))
                   :time (s132.n2 / now))
   :snt133 (s133.t / thing
                   :ARG1-of (s133.h / have-degree-91
                                    :ARG2 (s133.e / expensive)
                                    :ARG3 (s133.m / most))
                   :domain (s133.b / battery
                                   :location (s133.i / inside
                                                     :op1 (s133.t2 / this
                                                                   :same-as s131.m2))))
   :snt134 (s134.c2 / cost-01
                    :ARG1 (s134.m / make-01
                                  :ARG1 (s134.b / battery))
                    :ARG2 (s134.m2 / monetary-quantity
                                   :unit (s134.c / cent)
                                   :quant "5")
                    :condition (s134.h / have-03
                                       :ARG0 (s134.y / you)
                                       :ARG1 s134.b))
   :snt135 (s135.t2 / tube
                    :ARG0-of (s135.g / give-01
                                     :ARG1 (s135.a / and
                                                   :op1 (s135.b / band
                                                                :ARG1-of (s135.b3 / broad-02)
                                                                :consist-of (s135.r / rubber))
                                                   :op2 (s135.p / pin
                                                                :purpose (s135.s / safe-01)
                                                                :quant "2"))
                                     :ARG2 (s135.y / you))
                    :domain (s135.t / this)
                    :mod (s135.b2 / bicycle)
                    :mod (s135.o / old))
   :snt136 (s136.a / attract-01
                   :ARG0 (s136.t / this
                                 :same-as s135.t)
                   :duration (s136.p / permanent))
   :snt137 (s137.b / become-01
                   :ARG1 (s137.t / this
                                 :same-as s135.t)
                   :ARG2 (s137.e / electromagnet)
                   :time (s137.f / flow-01
                                 :ARG1 (s137.c2 / current)
                                 :mod (s137.a / any)
                                 :path (s137.c / coil)))
   :snt138 (s138.i / interact-01
                   :ARG0 (s138.m / magnet
                                 :mod (s138.t / this)
                                 :mod (s138.b / both))
                   :ARG0-of (s138.m2 / make-02
                                     :ARG1 (s138.s / spin-01
                                                   :ARG1 (s138.m3 / motor
                                                                  :mod (s138.t2 / this)
                                                                  :same-as s131.m2))))
   :snt139 (s139.m / make-05
                   :ARG0 (s139.w / we
                                 :same-as s126.w)
                   :ARG1 "30000")
   :snt140 (s140.a / and
                   :op1 (s140.m / muck-up-02
                                :ARG0 (s140.p / person
                                              :ARG0-of (s140.t / teach-01
                                                               :ARG1 (s140.s / science)
                                                               :duration (s140.m2 / multiple
                                                                                  :mod (s140.d2 / donkey)
                                                                                  :op1 (s140.t2 / temporal-quantity
                                                                                                :unit (s140.y / year)
                                                                                                :quant "1"))))
                                :ARG1 (s140.t3 / thing
                                               :ARG2-of (s140.d / define-01))
                                :mod (s140.j / just))
                   :op2 (s140.s2 / spit-01
                                 :ARG0 s140.p
                                 :ARG1 s140.t3
                                 :direction (s140.o / out)))
   :snt141 (s141.m2 / make-01
                    :ARG0 (s141.c / child)
                    :ARG1 (s141.i / it)
                    :time (s141.m / make-01
                                  :ARG0 (s141.p / person
                                                :ARG0-of (s141.t / teach-01)
                                                :same-as s140.p)
                                  :ARG1 s141.i))
   :snt142 (s142.p / possible-01
                   :ARG1 (s142.s / see-01
                                 :ARG0 (s142.y / you)
                                 :ARG1 (s142.g / glimmer-01
                                               :ARG1 (s142.e / eye
                                                             :part-of (s142.t / they
                                                                              :same-as s141.c)))))
   :snt143 (s143.t3 / thrill-01
                    :ARG0 (s143.t2 / thing
                                   :ARG1-of (s143.c / concern-02
                                                    :ARG0 (s143.s / science))
                                   :mod (s143.a / all))
                    :ARG1 (s143.t / they
                                  :same-as s141.c))
   :snt144 (s144.a / and
                   :op2 (s144.g / game
                                :domain (s144.s / science
                                                :mod (s144.t / this)
                                                :same-as s143.s)
                                :poss (s144.m / man
                                              :mod (s144.r / rich))
                                :polarity "-"))
   :snt145 (s145.o / obligate-01
                   :ARG1 (s145.s / science)
                   :ARG2 (s145.r / reach-03
                                 :ARG0 s145.s
                                 :ARG1 (s145.c / child
                                               :ARG1-of (s145.h2 / have-degree-91
                                                                 :ARG2 (s145.m / marginalize-01
                                                                               :ARG1 s145.c)
                                                                 :ARG3 (s145.m3 / most)
                                                                 :ARG5 (s145.c2 / child
                                                                                :poss (s145.h / have-degree-91
                                                                                              :ARG2 (s145.o2 / oppress-01
                                                                                                             :ARG1 (s145.w / we))
                                                                                              :ARG3 (s145.m2 / most)
                                                                                              :ARG1 s145.c)))))
                   :location (s145.c3 / country
                                      :mod (s145.d / democracy)))
   :snt146 (s146.a / and
                   :op1 (s146.s4 / start-01
                                 :ARG1 (s146.p / program
                                               :mod (s146.t / this))
                                 :ARG2 (s146.s / school
                                               :quant "16"))
                   :op2 (s146.s3 / spread-02
                                 :ARG1 s146.p
                                 :ARG4 (s146.s2 / school
                                                :mod (s146.g2 / government-organization
                                                              :ARG0-of (s146.g / govern-01))
                                                :quant "1500")))
   :snt147 (s147.l / learn-01
                   :ARG0 (s147.c / child
                                 :quant (s147.o / over
                                                :op1 "100000"))
                   :ARG1 (s147.s / science)
                   :manner (s147.w / way
                                   :mod (s147.t / this)))
   :snt148 (s148.a / and
                   :op2 (s148.t2 / try-01
                                 :ARG0 (s148.w / we)
                                 :ARG1 (s148.s / see-01
                                               :ARG0 s148.w
                                               :ARG1 (s148.t / thing
                                                             :ARG1-of (s148.p / possible-01)))
                                 :mod (s148.j / just)))
   :snt149 (s149.l / look-01
                   :ARG0 (s149.y / you)
                   :ARG1 (s149.t / tetrapak
                                 :ARG1-of (s149.m2 / mean-01
                                                   :ARG2 (s149.m / material
                                                                 :ARG1-of (s149.h / have-point-of-view-08
                                                                                  :ARG0 (s149.e / environment))
                                                                 :mod (s149.a / awful)))
                                 :domain (s149.t2 / this))
                   :mode "imperative")
   :snt150 (s150.l / layer
                   :ARG1-of (s150.s / seal-01
                                    :mod (s150.t / together))
                   :consist-of (s150.l2 / layer
                                        :consist-of (s150.a2 / and
                                                             :op1 (s150.p / plastic)
                                                             :op2 (s150.a / aluminum))
                                        :quant "3")
                   :quant "6")
   :snt151 (s151.f / fuse-01
                   :ARG0-of (s151.c / cause-01
                                    :ARG1 (s151.p / possible-01
                                                  :ARG1 (s151.s / separate-01
                                                                :ARG0 (s151.y / you)
                                                                :ARG1 (s151.t / they
                                                                              :same-as s150.l))
                                                  :polarity "-"))
                   :ARG1 s151.t
                   :mod (s151.t2 / together))
   :snt152 (s152.p / possible-01
                   :ARG1 (s152.a / and
                                 :op1 (s152.m / make-01
                                              :ARG0 (s152.y / you)
                                              :ARG1 (s152.n / network
                                                            :ARG1-of (s152.r / resemble-01
                                                                             :ARG2 (s152.t / this))
                                                            :mod (s152.l / little))
                                              :mod (s152.j / just))
                                 :op2 (s152.s / stick-01
                                              :ARG0 s152.y
                                              :ARG2 s152.n
                                              :ARG3 (s152.t2 / together))
                                 :op3 (s152.m2 / make-01
                                               :ARG0 s152.y
                                               :ARG1 (s152.i / icosahedron)))
                   :rel (s152.f / fold-03
                                :ARG0 s152.y
                                :ARG1 s152.n)
                   :time (s152.n2 / now))
   :snt153 (s153.p2 / possible-01
                    :ARG1 (s153.r / recycle-01
                                  :ARG0 (s153.y / you)
                                  :ARG1 (s153.s2 / something
                                                 :ARG0-of (s153.c / choke-01
                                                                  :ARG1 (s153.b / bird
                                                                                :mod (s153.a / all)))
                                                 :mod (s153.t3 / trash))
                                  :ARG4 (s153.a3 / and
                                                 :op1 (s153.p3 / possible-01
                                                               :ARG1 (s153.m / make-01
                                                                             :ARG1 (s153.s / solid-02
                                                                                           :mod (s153.p / platonic)
                                                                                           :mod (s153.a2 / all))
                                                                             :ARG2 (s153.t / thing
                                                                                           :ARG1-of (s153.r2 / resemble-01
                                                                                                             :ARG2 (s153.t2 / this)))))
                                                 :op2 (s153.j / joyous
                                                              :degree (s153.v / very)))
                                  :mod (s153.j2 / just)))
   :snt154 (s154.a / and
                   :op1 (s154.s / straw
                                :domain (s154.t / this)
                                :mod (s154.l / little))
                   :op2 (s154.a2 / and
                                 :op1 (s154.d / do-02
                                              :ARG0 (s154.y / you)
                                              :ARG1 (s154.n / nip-02
                                                            :ARG0 s154.y
                                                            :ARG1 (s154.c / corner
                                                                          :quant "2")
                                                            :location (s154.h / here)
                                                            :mod (s154.j / just)))
                                 :op2 (s154.b2 / become-01
                                               :ARG1 s154.t
                                               :ARG2 (s154.r / resemble-01
                                                             :ARG2 (s154.m / mouth
                                                                           :part-of (s154.c2 / crocodile
                                                                                             :mod (s154.b / baby)))))))
   :snt155 (s155.a / and
                   :op1 (s155.p / put-01
                                :ARG0 (s155.y / you
                                              :part (s155.m / mouth))
                                :ARG1 (s155.t / this
                                              :same-as s154.t)
                                :ARG2 s155.m)
                   :op2 (s155.b / blow-01
                                :ARG0 s155.y))
   :snt156 (s156.a / and
                   :ARG1-of (s156.s / say-01
                                    :ARG0 (s156.t2 / they))
                   :domain (s156.i / it)
                   :op1 (s156.d / delight-01
                                :ARG1 (s156.c / child))
                   :op2 (s156.e / envy-01
                                :ARG0 (s156.p / person
                                              :ARG0-of (s156.t / teach-01))))
   :snt157 (s157.p / possible-01
                   :ARG1 (s157.s / see-01
                                 :ARG0 (s157.y / you)
                                 :ARG1 (s157.t / thing
                                               :manner-of (s157.p2 / produce-01
                                                                   :ARG1 (s157.s2 / sound))))
                   :ARG1-of (s157.c / cause-01
                                    :ARG0 (s157.g / go-01
                                                  :ARG1 (s157.t2 / thing
                                                                 :ARG1-of (s157.m2 / move-01))
                                                  :ARG4 (s157.i2 / inside
                                                                 :op1 (s157.m / mouth
                                                                              :part-of (s157.i / i
                                                                                               :same-as s2.i)))))
                   :polarity "-")
   :snt158 (s158.k / keep-01
                   :purpose (s158.b / blow-01
                                    :ARG0 (s158.i / i
                                                  :same-as s2.i)
                                    :ARG1 (s158.t / this
                                                  :same-as s157.t2))
                   :ARG0 s158.i
                   :ARG1 s158.t
                   :location (s158.o / outside))
   :snt159 (s159.s / suck-01
                   :ARG0 (s159.i / i
                                 :same-as s2.i)
                   :ARG1 (s159.a / air))
   :snt160 (s160.i / infer-01
                   :ARG1 (s160.n / need-01
                                 :ARG0 (s160.n2 / no-one)
                                 :ARG1 (s160.m2 / muck-up-02
                                                :ARG0 s160.n2
                                                :ARG1 (s160.p / produce-01
                                                              :ARG1 (s160.s / sound)
                                                              :manner (s160.m / move-01
                                                                              :ARG0 (s160.w / wire))))
                                 :ARG1-of (s160.a / actual-02)))
   :snt161 (s161.a / and
                   :domain (s161.o / other)
                   :op1 (s161.k / keep-02
                                :ARG0 (s161.y / you)
                                :ARG1 (s161.b / blow-01
                                              :ARG0 s161.y
                                              :ARG2 (s161.i / it)))
                   :op2 (s161.k2 / keep-02
                                 :ARG0 s161.y
                                 :ARG1 (s161.s / sound-02
                                               :ARG0 s161.y))
                   :op3 (s161.k3 / keep-02
                                 :ARG0 s161.y
                                 :ARG1 (s161.c / cut-01
                                               :ARG0 s161.y
                                               :ARG1 s161.i)))
   :snt162 (s162.a / and
                   :op2 (s162.e / event
                                :mod (s162.s / something
                                             :ARG1-of (s162.n / nice-01
                                                              :degree (s162.v / very)))))
   :snt163 (s163.a / and
                   :op2 (s163.h / have-condition-91
                                :ARG2 (s163.g / get-01
                                              :ARG0 (s163.y / you)
                                              :ARG1 (s163.o / one
                                                            :mod (s163.s / small
                                                                         :degree (s163.v / very))))))
   :snt164 (s164.t / teach-01
                   :ARG0 (s164.k / kid)
                   :ARG1 (s164.t2 / this)
                   :ARG2 (s164.y / you))
   :snt165 (s165.p / possible-01
                   :ARG1 (s165.d / do-02
                                 :ARG0 (s165.y / you)
                                 :ARG1 (s165.t / this)
                                 :mod (s165.a / also)))
   :snt166 (s166.w2 / worth-02
                    :ARG2 (s166.s / share-01
                                  :ARG1 (s166.t / this))
                    :mod (s166.w / well)
                    :time (s166.b / before
                                  :op1 (s166.g / go-02
                                               :ARG0 (s166.i / i
                                                             :same-as s2.i)
                                               :ARG1-of (s166.f / further-01
                                                                :mod (s166.a / any)))))
   :snt167 (s167.s / slate
                   :ARG0-of (s167.t2 / touch-01)
                   :ARG1-of (s167.m / mean-02
                                    :ARG2 (s167.c / child
                                                  :ARG1-of (s167.b / blind-02)))
                   :domain (s167.t / this))
   :snt168 (s168.a / and
                   :op1 (s168.s2 / strip
                                 :domain (s168.t / this
                                                 :same-as s167.t)
                                 :part-of (s168.p2 / product
                                                   :name (s168.n / name
                                                                 :op1 "Velcro")))
                   :op2 (s168.s / slate
                                :instrument-of (s168.d / draw-01
                                                       :ARG0 (s168.i / i
                                                                     :same-as s2.i)
                                                       :instrument s168.p)
                                :poss s168.i)
                   :op3 (s168.p / pen
                                :mod (s168.b2 / box
                                              :mod (s168.f / film)
                                              :mod (s168.b / basic))
                                :poss s168.i))
   :snt169 (s169.r / resemble-01
                   :ARG1 (s169.i / it)
                   :ARG2 (s169.l / line
                                 :mod (s169.f2 / fish-01)
                                 :poss (s169.p / person
                                               :ARG0-of (s169.f / fish-01)))
                   :mod (s169.b / basic))
   :snt170 (s170.a / and
                   :op2 (s170.w / wool
                                :domain (s170.t / this)
                                :location (s170.h / here)))
   :snt171 (s171.g / go-01
                   :ARG1 (s171.w / wool
                                 :mod (s171.a / all))
                   :ARG4 (s171.i2 / inside)
                   :condition (s171.t / turn-01
                                      :ARG0 (s171.h2 / have-degree-91)
                                      :ARG1 (s171.h / handle))
                   :rel (s171.i / i
                                :same-as s2.i))
   :snt172 (s172.a / and
                   :op2 (s172.d2 / draw-02
                                 :ARG0 (s172.c / child
                                               :ARG1-of (s172.b / blind-02))
                                 :ARG1 (s172.t / this)
                                 :ARG1-of (s172.d / do-02
                                                  :ARG0 s172.c
                                                  :ARG1-of (s172.p / possible-01))
                                 :mod (s172.j / just)))
   :snt173 (s173.s / stick-01
                   :ARG1 (s173.w / wool)
                   :ARG2 (s173.p / product
                                 :name (s173.n / name
                                               :op1 "Velcro")))
   :snt174 (s174.c / child
                   :ARG0-of (s174.l / live-01
                                    :ARG1 (s174.w2 / world
                                                   :mod (s174.d / darkness)))
                   :ARG1-of (s174.b / blind-02)
                   :location (s174.c2 / country
                                      :poss (s174.w / we))
                   :quant "12000000000")
   :snt175 (s175.a / and
                   :op1 (s175.c / come-04
                                :ARG1 (s175.t2 / this)
                                :ARG2 (s175.b / boon
                                              :mod (s175.g / great))
                                :beneficiary (s175.t / they
                                                     :same-as s174.c)))
   :snt176 (s176.f / factory
                   :ARG0-of (s176.m / make-02
                                    :ARG1 (s176.b / blind-02
                                                  :ARG1 (s176.p / person
                                                                :ARG0-of (s176.h / have-rel-role-91
                                                                                 :ARG1 (s176.w / we)
                                                                                 :ARG2 (s176.c / child))
                                                                :same-as s174.c)))
                   :location (s176.o / out-there)
                   :rel (s176.p2 / possible-01
                                 :ARG1 (s176.p4 / provide-01
                                                :ARG1 (s176.f2 / food)
                                                :ARG2 s176.p
                                                :ARG0 s176.f)
                                 :polarity "-")
                   :rel (s176.p3 / possible-01
                                 :ARG1 (s176.p5 / provide-01
                                                :ARG1 (s176.s / small-molecule
                                                              :name (s176.n / name
                                                                            :op1 "A.")
                                                              :mod (s176.v / vitamin))
                                                :ARG2 s176.p
                                                :ARG0 s176.f)
                                 :polarity "-"))
   :snt177 (s177.c2 / contrast-01
                    :ARG2 (s177.c / come-04
                                  :ARG1 (s177.t2 / this
                                                 :same-as s175.t2)
                                  :ARG2 (s177.b / boon
                                                :mod (s177.g / great))
                                  :ARG3 (s177.t / they
                                                :same-as s174.c)))
   :snt178 (s178.p / patent-01
                   :polarity "-")
   :snt179 (s179.p / possible-01
                   :ARG1 (s179.m / make-it-14
                                 :ARG0 (s179.a / anyone)
                                 :ARG1 (s179.i / it
                                               :same-as s175.t2)))
   :snt180 (s180.s / simple-02
                   :ARG1 (s180.t / this)
                   :degree (s180.v / very))
   :snt181 (s181.p / possible-01
                   :ARG1 (s181.s / see-01
                                 :ARG0 (s181.y / you)
                                 :ARG1 (s181.g / generator
                                               :domain (s181.t / this))))
   :snt182 (s182.t / thing
                   :ARG0-of (s182.g / generate-01)
                   :domain (s182.i / it
                                   :same-as s181.t)
                   :mod (s182.c / crank))
   :snt183 (s183.m / magnet
                   :domain (s183.t / this)
                   :quant "2")
   :snt184 (s184.p / pulley
                   :ARG1-of (s184.m / make-01
                                    :ARG2 (s184.s / sandwich
                                                  :consist-of (s184.r / rubber)
                                                  :location (s184.b / between
                                                                    :op1 (s184.d2 / disc
                                                                                  :mod (s184.o / old)
                                                                                  :mod (s184.d / digital)
                                                                                  :quant "2"))))
                   :domain (s184.t / this)
                   :mod (s184.l / large))
   :snt185 (s185.a / and
                   :op1 (s185.p / pulley
                                :mod (s185.s / small))
                   :op2 (s185.m / magnet
                                :ARG1-of (s185.s2 / strong-02)
                                :quant "2"))
   :snt186 (s186.a / and
                   :op2 (s186.t3 / turn-01
                                 :ARG0 (s186.f / fiber
                                               :mod (s186.t2 / this))
                                 :ARG1 (s186.w / wire
                                               :ARG1-of (s186.a2 / attach-01
                                                                 :ARG2 (s186.t / thing
                                                                               :ARG0-of (s186.l / light-04
                                                                                                :mod (s186.f2 / fluorescent)))))))
   :snt187 (s187.s3 / spin-01
                    :ARG1 (s187.o / one
                                  :mod (s187.s / small)
                                  :same-as s185.p)
                    :ARG1-of (s187.f / fast-02
                                     :ARG2-of (s187.h / have-degree-91
                                                      :ARG3 (s187.m / more
                                                                    :quant (s187.m2 / much))
                                                      :ARG1 s187.s3))
                    :condition (s187.s2 / spin-01
                                        :ARG0 (s187.i / i
                                                      :same-as s2.i)
                                        :ARG1 (s187.p / pulley
                                                      :mod (s187.t / this)
                                                      :same-as s185.p)))
   :snt188 (s188.f / field
                   :ARG1-of (s188.s / spin-01)
                   :mod (s188.m / magnet))
   :snt189 (s189.a / and
                   :op1 (s189.c / cut-02
                                :ARG1 (s189.l / line)
                                :mod (s189.o / of-course))
                   :op2 (s189.g / generate-01
                                :ARG1 (s189.f / force)))
   :snt190 (s190.a / and
                   :op2 (s190.p / possible-01
                                :ARG1 (s190.s / see-01
                                              :ARG0 (s190.y / you)
                                              :ARG1 (s190.g / glow-01
                                                            :ARG0 (s190.t / thing
                                                                          :ARG0-of (s190.l / light-04
                                                                                           :mod (s190.f / fluorescent)
                                                                                           :mod (s190.c / compact))
                                                                          :mod (s190.t2 / this)
                                                                          :same-as s186.t)))))
   :snt191 (s191.i / infer-01
                   :ARG1 (s191.g / generator
                                 :domain (s191.t / this
                                                 :same-as s180.t)
                                 :mod (s191.c / crank)
                                 :mod (s191.s / small)))
   :snt192 (s192.r / ring
                   :ARG0-of (s192.h / have-03
                                    :ARG1 (s192.s / steel)
                                    :ARG1 (s192.n / nut
                                                  :mod s192.s))
                   :domain (s192.t / this)
                   :mod (s192.j / just)
                   :mod (s192.a / again)
                   :mod (s192.w / well))
   :snt193 (s193.a / and
                   :op2 (s193.p / possible-01
                                :ARG1 (s193.d / do-02
                                              :ARG0 (s193.y / you)
                                              :ARG1 (s193.k / keep-02
                                                            :ARG0 (s193.t / they)
                                                            :ARG1 (s193.g2 / go-on-15
                                                                           :ARG1 s193.t)
                                                            :condition (s193.g / give-01
                                                                               :ARG0 s193.y
                                                                               :ARG1 (s193.i / it
                                                                                             :same-as s192.t)
                                                                               :ARG2 (s193.t2 / twist-01))
                                                            :mod (s193.j2 / just)
                                                            :mod (s193.w / well))))
                   :rel (s193.j / just))
   :snt194 (s194.a / and
                   :op2 (s194.i / imagine-01
                                :ARG0 (s194.y / you)
                                :ARG1 (s194.a2 / and
                                               :op1 (s194.s / stand-01
                                                            :ARG1 (s194.k / kid
                                                                          :quant (s194.b / bunch))
                                                            :ARG2 (s194.c / circle))
                                               :op2 (s194.w / wait-01
                                                            :ARG1 s194.k
                                                            :ARG2 (s194.p / pass-on-14
                                                                          :ARG1 (s194.r / ring
                                                                                        :consist-of (s194.s2 / steel)
                                                                                        :same-as s192.t))
                                                            :mod (s194.j / just)))
                                :mode "imperative"))
   :snt195 (s195.a2 / and
                    :op2 (s195.p / play-01
                                 :ARG0 (s195.t / they
                                               :same-as s194.k)
                                 :ARG2 (s195.t2 / this
                                                :same-as s192.t)
                                 :mod (s195.j / joyous
                                              :degree (s195.a / absolute))))
   :snt196 (s196.u / use-01
                   :ARG0 (s196.w / we)
                   :ARG1 (s196.n / newspaper
                                 :quant (s196.l / lot)
                                 :mod (s196.o / old))
                   :ARG2 (s196.m / make-01
                                 :ARG0 s196.w
                                 :ARG1 (s196.c / cap)))
   :snt197 (s197.d / deserve-01
                   :ARG0 (s197.t / this)
                   :ARG1 (s197.p / person
                                 :name (s197.n / name
                                               :op1 "Sachin"
                                               :op2 "Tendulkar")))
   :snt198 (s198.c / cap
                   :domain (s198.i / it
                                   :same-as s197.t)
                   :mod (s198.c2 / cricket)
                   :mod (s198.g / great))
   :snt199 (s199.c / cap
                   :domain (s199.t / this
                                   :ARG1-of (s199.m / mean-01
                                                    :ARG2 (s199.n3 / newspaper
                                                                   :mod (s199.h / half)
                                                                   :mod (s199.j / just)))
                                   :same-as s197.t)
                   :mod (s199.p2 / person
                                 :name (s199.n2 / name
                                                :op1 "Nehru"))
                   :time (s199.s / see-01
                                 :ARG0 (s199.y / you)
                                 :ARG1 (s199.a / and
                                               :op1 (s199.p / person
                                                            :name (s199.n / name
                                                                          :op1 "Gandhi"))
                                               :op1 s199.p2)
                                 :ord (s199.o / ordinal-entity
                                              :value "1")))
   :snt200 (s200.a / and
                   :op1 (s200.m / make-01
                                :ARG0 (s200.w / we)
                                :ARG1 (s200.t2 / toy
                                               :quant (s200.l / lot))
                                :instrument (s200.n / newspaper))
                   :op2 (s200.t / this
                                :ARG1-of (s200.i / include-91
                                                 :ARG2 s200.t2)
                                :same-as s197.t))
   :snt201 (s201.a / and
                   :op2 (s201.b / bird
                                :ARG0-of (s201.f / flutter-01)
                                :ARG1-of (s201.s / see-01
                                                 :ARG0 (s201.y / you)
                                                 :ARG1-of (s201.p / possible-01))
                                :domain (s201.t / this)))
   :snt202 (s202.c / cut-01
                   :ARG0 (s202.w / we
                                 :same-as s126.w)
                   :ARG1 (s202.n / newspaper
                                 :mod (s202.o / old)
                                 :mod (s202.a / all)
                                 :poss s202.w)
                   :ARG2 (s202.s / square
                                 :mod (s202.l / little)))
   :snt203 (s203.a / and
                   :op2 (s203.m / make-01
                                :ARG0 (s203.c / child
                                              :location (s203.c2 / country
                                                                 :name (s203.n / name
                                                                               :op1 "Japan")))
                                :ARG1 (s203.b3 / bird
                                               :mod (s203.t2 / this)
                                               :same-as s203.b)
                                :condition (s203.h / have-03
                                                   :ARG0 (s203.y2 / you)
                                                   :ARG1 (s203.b / bird
                                                                 :ARG1-of (s203.i / include-91
                                                                                  :ARG2 (s203.b2 / bird
                                                                                                 :mod s203.t2))
                                                                 :quant "1"))
                                :duration (s203.m2 / many
                                                   :op1 (s203.m3 / many
                                                                 :op1 (s203.t / temporal-quantity
                                                                              :unit (s203.y / year)
                                                                              :quant "1")))))
   :snt204 (s204.a / and
                   :op2 (s204.p / possible-01
                                :ARG1 (s204.s / see-01
                                              :ARG0 (s204.y / you)
                                              :ARG1 (s204.b / bird
                                                            :domain (s204.t / this
                                                                            :same-as s203.b)
                                                            :mod (s204.f / fantail)
                                                            :mod (s204.l / little)))))
   :snt205 (s205.e2 / end-01
                    :ARG0 (s205.i / i
                                  :same-as s2.i)
                    :ARG2 (s205.s / story)
                    :mod (s205.j / just)
                    :time (s205.e / end-01))
   :snt206 (s206.c / call-01
                   :ARG1 (s206.t / this
                                 :same-as s205.s)
                   :ARG2 (s206.s / story
                                 :name (s206.n / name
                                               :op1 "The"
                                               :op2 "captain"
                                               :op3 "Hat")))
   :snt207 (s207.h2 / have-org-role-91
                    :ARG0 (s207.p / person
                                  :ARG0-of (s207.h / have-org-role-91
                                                   :ARG2 (s207.c / captain)))
                    :ARG1 (s207.s2 / ship
                                   :ARG1-of (s207.g / go-01
                                                    :ARG4 (s207.s / sea)))
                    :ARG2 (s207.c2 / captain))
   :snt208 (s208.g / go-01
                   :ARG1 (s208.i / it)
                   :ARG1-of (s208.s / slow-05
                                    :degree (s208.v / very)))
   :snt209 (s209.a / and
                   :op2 (s209.a2 / and
                                 :op1 (s209.b / be-located-at-91
                                              :ARG1 (s209.p / passenger
                                                            :quant (s209.l / lot))
                                              :ARG2 (s209.s / ship
                                                            :same-as s207.s2))
                                 :op2 (s209.g / get-03
                                              :ARG0-of (s209.c2 / cause-01
                                                                :ARG1 (s209.i / invite-01
                                                                              :ARG0 (s209.p2 / person
                                                                                             :ARG0-of (s209.h / have-org-role-91
                                                                                                              :ARG2 (s209.c / captain))
                                                                                             :same-as s207.p)
                                                                              :ARG1 s209.p
                                                                              :ARG2 (s209.d / deck)))
                                              :ARG1 s209.p
                                              :ARG2 (s209.b2 / bore-02
                                                             :ARG1 s209.p))))
   :snt210 (s210.a3 / and
                    :op1 (s210.a2 / and
                                  :op1 (s210.w / wear-01
                                               :ARG0 (s210.y / you)
                                               :ARG1 (s210.c / clothes
                                                             :mod (s210.c2 / colorful)
                                                             :mod (s210.a / all)
                                                             :poss s210.y)
                                               :mode "imperative")
                                  :op2 (s210.s / sing-01
                                               :ARG0 s210.y)
                                  :op3 (s210.d / dance-01
                                               :ARG0 s210.y))
                    :op2 (s210.p / provide-01
                                 :ARG0 (s210.i / i
                                               :same-as s207.p)
                                 :ARG1 (s210.a4 / and
                                                :ARG1-of (s210.g / good-02)
                                                :op1 (s210.f / food)
                                                :op2 (s210.d2 / drink-01))
                                 :ARG2 s210.y))
   :snt211 (s211.a / and
                   :op2 (s211.a2 / and
                                 :op1 (s211.w / wear-01
                                              :ARG0 (s211.p / person
                                                            :ARG0-of (s211.h / have-org-role-91
                                                                             :ARG2 (s211.c2 / captain))
                                                            :same-as s207.p)
                                              :ARG1 (s211.c / cap)
                                              :frequency (s211.r / rate-entity-91
                                                                 :ARG3 (s211.t / temporal-quantity
                                                                               :unit (s211.d / day)
                                                                               :quant "1")))
                                 :op2 (s211.j / join-in-05
                                              :ARG0 s211.p
                                              :ARG1 (s211.r2 / regalia))))
   :snt212 (s212.c / cap
                   :ARG1-of (s212.r / resemble-01
                                    :ARG2 (s212.c2 / cap
                                                   :mod (s212.p / person
                                                                :ARG0-of (s212.h / have-org-role-91
                                                                                 :ARG2 (s212.c3 / captain)))))
                   :domain (s212.i / it
                                   :same-as s211.c)
                   :mod (s212.u / umbrella)
                   :mod (s212.h2 / huge)
                   :time (s212.d / day
                                 :ord (s212.o / ordinal-entity
                                              :value "1")))
   :snt213 (s213.a / and
                   :op1 (s213.g / give-01
                                :ARG0 (s213.h / he
                                              :same-as s207.p)
                                :ARG2 (s213.i / it
                                              :same-as s211.c)
                                :mod (s213.f2 / fold
                                              :mod (s213.m / more))
                                :time (s213.d / date-entity
                                              :dayperiod (s213.n / night)
                                              :mod (s213.t / that)
                                              :time-of (s213.s2 / sleep-01
                                                                :ARG0 (s213.p / passenger
                                                                              :same-as s209.b))))
                   :op2 (s213.w / wear-01
                                :ARG0 s213.h
                                :ARG1 (s213.c / cap
                                              :accompanier (s213.s / shoot
                                                                   :ARG1-of (s213.r / resemble-01
                                                                                    :ARG2 (s213.c2 / cap
                                                                                                   :mod (s213.p2 / person
                                                                                                                 :ARG0-of (s213.d3 / design-01)))
                                                                                    :mod (s213.j / just))
                                                                   :mod (s213.l / little))
                                              :mod (s213.f / fireman))
                                :ARG1-of (s213.c3 / cause-01
                                                  :ARG0 (s213.p3 / protect-01
                                                                 :ARG0 s213.c
                                                                 :ARG1 (s213.c4 / cord
                                                                                :mod (s213.s3 / spine))))
                                :time (s213.d2 / day
                                               :ord (s213.o / ordinal-entity
                                                            :value "2"))))
   :snt214 (s214.a / and
                   :op2 (s214.a2 / and
                                 :op1 (s214.t / take-01
                                              :ARG0 (s214.h / he
                                                            :same-as s207.p)
                                              :ARG1 (s214.c / cap
                                                            :ARG1-of (s214.s / same-01)
                                                            :same-as s213.c))
                                 :op2 (s214.g / give-01
                                              :ARG0 s214.h
                                              :ARG1 s214.c
                                              :ARG2 (s214.f / fold
                                                            :mod (s214.a3 / another)))
                                 :time (s214.d / date-entity
                                               :dayperiod (s214.n / night)
                                               :ord (s214.o / ordinal-entity
                                                            :value "2")
                                               :same-as s213.d2)))
   :snt215 (s215.a2 / and
                    :op2 (s215.c / cap
                                 :ARG1-of (s215.r / resemble-01
                                                  :ARG2 (s215.c2 / cap
                                                                 :poss (s215.a / adventurer))
                                                  :mod (s215.j / just))
                                 :mod (s215.e / event
                                              :name (s215.n / name
                                                            :op1 "Shikari"))
                                 :time (s215.d / day
                                               :ord (s215.o / ordinal-entity
                                                            :value "3"))))
   :snt216 (s216.a / and
                   :op1 (s216.g / give-01
                                :ARG0 (s216.h / he
                                              :same-as s207.p)
                                :ARG1 (s216.f2 / fold-03
                                               :mod (s216.m / more)
                                               :quant "2")
                                :ARG2 (s216.i / it
                                              :same-as s215.r)
                                :time (s216.d / date-entity
                                              :dayperiod (s216.n / night)
                                              :day "3"
                                              :same-as s215.d))
                   :op2 (s216.c / cap
                                :ARG1-of (s216.f / fame-01
                                                 :degree (s216.v / very))
                                :domain (s216.t / this
                                                :same-as s215.r)))
   :snt217 (s217.w2 / wear-01
                    :ARG0 (s217.p / policeman)
                    :ARG1 (s217.t / this
                                  :ARG1-of (s217.c / call-01
                                                   :ARG2 (s217.c2 / cap
                                                                  :mod (s217.z / zapalu)))
                                  :same-as s215.r)
                    :condition (s217.s / see-01
                                       :ARG0 (s217.y / you)
                                       :ARG1 (s217.f / film
                                                     :mod (s217.m / market-sector
                                                                  :name (s217.n / name
                                                                                :op1 "Bollywood"))
                                                     :mod (s217.a / any)
                                                     :poss (s217.w / we))))
   :snt218 (s218.p / propel-01
                   :ARG1 (s218.i2 / it
                                  :same-as s215.r)
                   :ARG4 (s218.g / glory
                                 :mod (s218.i / international)))
   :snt219 (s219.a / and
                   :op2 (s219.o / obligate-01
                                :ARG2 (s219.f / forget-01
                                              :ARG0 (s219.w / we)
                                              :ARG1 (s219.h / have-org-role-91
                                                            :ARG0 (s219.h2 / he
                                                                           :same-as s207.p)
                                                            :ARG1 (s219.s / ship
                                                                          :same-as s207.s2)
                                                            :ARG2 (s219.c / captain))
                                              :polarity "-")))
   :snt220 (s220.s / ship
                   :domain (s220.t / that
                                   :same-as s207.s2))
   :snt221 (s221.a / and
                   :ARG2-of (s221.e / end-01)
                   :op1 (s221.e2 / enjoy-01
                                 :ARG0 (s221.e3 / everyone)
                                 :ARG1 (s221.j / journey-01)
                                 :mod (s221.m / much
                                              :degree (s221.v / very)))
                   :time (s221.n / now))
   :snt222 (s222.a / and
                   :op1 (s222.s / sing-01
                                :ARG0 (s222.t / they
                                              :same-as s221.e3))
                   :op2 (s222.d / dance-01
                                :ARG0 s222.t))
   :snt223 (s223.a / and
                   :manner (s223.s2 / sudden)
                   :op1 (s223.s / storm-01)
                   :op2 (s223.w / wave
                                :mod (s223.h / huge)))
   :snt224 (s224.a2 / and
                    :op2 (s224.a3 / and
                                  :ARG1-of (s224.d2 / do-02
                                                    :ARG0 (s224.s / ship
                                                                  :same-as s207.s2)
                                                    :ARG1-of (s224.p2 / possible-01))
                                  :accompanier (s224.w / wave
                                                       :same-as s223.w)
                                  :mod (s224.a / all)
                                  :op1 (s224.d / dance-01
                                               :ARG0 s224.s)
                                  :op2 (s224.p / pitch-04
                                               :ARG0 s224.s)))
   :snt225 (s225.a / and
                   :op1 (s225.c / come-01
                                :ARG1 (s225.w / wave
                                              :mod (s225.h / huge)))
                   :op2 (s225.s / slap-01
                                :ARG0 s225.w
                                :ARG1 (s225.f / front))
                   :op3 (s225.k / knock-down-02
                                :ARG0 s225.w
                                :ARG1 s225.f))
   :snt226 (s226.a2 / and
                    :op2 (s226.a3 / and
                                  :op1 (s226.c / come-01
                                               :ARG1 (s226.o / one
                                                             :mod (s226.a4 / another)))
                                  :op2 (s226.s / slap-01
                                               :ARG0 s226.o
                                               :ARG1 (s226.a / aft))
                                  :op3 (s226.k / knock-down-02
                                               :ARG0 s226.o
                                               :ARG1 s226.a)))
   :snt227 (s227.a / and
                   :op2 (s227.o / one
                                :location (s227.h / here)
                                :ord (s227.o2 / ordinal-entity
                                              :value "3")))
   :snt228 (s228.a / and
                   :op1 (s228.s / swallow-01
                                :ARG0 (s228.t / this
                                              :same-as s227.o2)
                                :ARG1 (s228.b / bridge))
                   :op2 (s228.k / knock-down-02
                                :ARG0 s228.t
                                :ARG1 s228.b))
   :snt229 (s229.a / and
                   :op1 (s229.s2 / sink-01
                                 :ARG1 (s229.s / ship
                                               :same-as s207.s2))
                   :op2 (s229.l2 / lose-02
                                 :ARG0 (s229.p / person
                                               :ARG0-of (s229.h / have-org-role-91
                                                                :ARG2 (s229.c / captain))
                                               :same-as s207.p)
                                 :ARG1 (s229.e / everything
                                               :ARG2-of (s229.e2 / except-01
                                                                 :ARG1 (s229.j / jacket
                                                                               :mod (s229.l / life))))))
   :snt230 (s230.t / thank-01
                   :ARG0 (s230.i / i)
                   :ARG1 (s230.y / you
                                 :same-as s2.i)
                   :degree (s230.m / much
                                   :degree (s230.s / so))))

