# ::id doc-744
# ::doc_file doc-744
# ::tok http : / / www . ted . com / talks / ben_dunlap_talks_about_a_passionate_life< / url> <next_sent> " Yo napot , pacak ! " Which , as somebody here must surely know , means " What 's up , guys ? " in Magyar , that peculiar non - Indo - European language spoken by Hungarians for which , given the fact that cognitive diversity is at least as threatened as biodiversity on this planet , few would have imagined much of a future even a century or two ago . <next_sent> But there it is : " Yo napot , pacak ! " <next_sent> I said somebody here must surely know , because despite the fact that there are n't that many Hungarians to begin with , and the further fact that , so far as I know , there 's not a drop of Hungarian blood in my veins , at every critical juncture of my life there has been a Hungarian friend or mentor there beside me . <next_sent> I even have dreams that take place in landscapes I recognize as the landscapes of Hungarian films , especially the early movies of Miklos Jancso . <next_sent> So , how do I explain this mysterious affinity ? <next_sent> Maybe it 's because my native state of South Carolina , which is not much smaller than present - day Hungary , once imagined a future for itself as an independent country . <next_sent> And as a consequence of that presumption , my hometown was burned to the ground by an invading army , an experience that has befallen many a Hungarian town and village throughout its long and troubled history . <next_sent> Or maybe it 's because when I was a teenager back in the ' 50s , my uncle Henry -- having denounced the Ku Klux Klan and been bombed for his trouble and had crosses burned in his yard , living under death threat -- took his wife and children to Massachusetts for safety and went back to South Carolina to face down the Klan alone . <next_sent> That was a very Hungarian thing to do , as anyone will attest who remembers 1956 . <next_sent> And of course , from time to time Hungarians have invented their own equivalent of the Klan . <next_sent> Well , it seems to me that this Hungarian presence in my life is difficult to account for , but ultimately I ascribe it to an admiration for people with a complex moral awareness , with a heritage of guilt and defeat matched by defiance and bravado . <next_sent> It 's not a typical mindset for most Americans , but it is perforce typical of virtually all Hungarians . <next_sent> So , " Yo napot , pacak ! " <next_sent> I went back to South Carolina after some 15 years amid the alien corn at the tail end of the 1960 s , with the reckless condescension of that era thinking I would save my people . <next_sent> Never mind the fact that they were slow to acknowledge they needed saving . <next_sent> I labored in that vineyard for a quarter century before making my way to a little kingdom of the just in upstate South Carolina , a Methodist - affiliated institution of higher learning called Wofford College . <next_sent> I knew nothing about Wofford and even less about Methodism , but I was reassured on the first day that I taught at Wofford College to find , among the auditors in my classroom , a 90 - year - old Hungarian , surrounded by a bevy of middle - aged European women who seemed to function as an entourage of Rhinemaidens . <next_sent> His name was Sandor Teszler . <next_sent> He was a puckish widower whose wife and children were dead and whose grandchildren lived far away . <next_sent> In appearance , he resembled Mahatma Gandhi , minus the loincloth , plus orthopedic boots . <next_sent> He had been born in 1903 in the provinces of the old Austro - Hungarian Empire , in what later would become Yugoslavia . <next_sent> He was ostracized as a child , not because he was a Jew -- his parents were n't very religious anyhow -- but because he had been born with two club feet , a condition which , in those days , required institutionalization and a succession of painful operations between the ages of one and 11 . <next_sent> He went to the commercial business high school as a young man in Budapest , and there he was as smart as he was modest and he enjoyed a considerable success . <next_sent> And after graduation when he went into textile engineering , the success continued . <next_sent> He built one plant after another . <next_sent> He married and had two sons . <next_sent> He had friends in high places who assured him that he was of great value to the economy . <next_sent> Once , as he had left instructions to have done , he was summoned in the middle of the night by the night watchman at one of his plants . <next_sent> The night watchman had caught an employee who was stealing socks -- it was a hosiery mill , and he simply backed a truck up to the loading dock and was shoveling in mountains of socks . <next_sent> Mr. Teszler went down to the plant and confronted the thief and said , " But why do you steal from me ? If you need money you have only to ask . " <next_sent> The night watchman , seeing how things were going and waxing indignant , said , " Well , we 're going to call the police , are n't we ? " <next_sent> But Mr. Teszler answered , " No , that will not be necessary . <next_sent> He will not steal from us again . " <next_sent> Well , maybe he was too trusting , because he stayed where he was long after the Nazi Anschluss in Austria and even after the arrests and deportations began in Budapest . <next_sent> He took the simple precaution of having cyanide capsules placed in lockets that could be worn about the necks of himself and his family . <next_sent> And then one day , it happened : he and his family were arrested and they were taken to a death house on the Danube . <next_sent> In those early days of the Final Solution , it was handcrafted brutality ; people were beaten to death and their bodies tossed into the river . <next_sent> But none who entered that death house had ever come out alive . <next_sent> And in a twist you would not believe in a Steven Spielberg film -- the Gauleiter who was overseeing this brutal beating was the very same thief who had stolen socks from Mr. Teszler 's hosiery mill . <next_sent> And the Gauleiter , who afterwards vanishes from this story , leaned down and whispered into Mr. Teszler 's ear , " No , do not take the capsule . Help is on the way . " <next_sent> And then resumed the beating . <next_sent> But help was on the way , and shortly afterwards a car arrived from the Swiss Embassy . <next_sent> They were spirited to safety . <next_sent> They were reclassified as Yugoslav citizens and they managed to stay one step ahead of their pursuers for the duration of the War , surviving burnings and bombings and , at the end of the War , arrest by the Soviets . <next_sent> Probably , Mr. Teszler had gotten some money into Swiss bank accounts because he managed to take his family first to Great Britain , then to Long Island and then to the center of the textile industry in the American South . <next_sent> Which , as chance would have it , was Spartanburg , South Carolina , the location of Wofford College . <next_sent> And there , Mr. Teszler began all over again and once again achieved immense success , especially after he invented the process for manufacturing a new fabric called double - knit . <next_sent> And then in the late 1950 s , in the aftermath of Brown v. Board of Education , when the Klan was resurgent all over the South , Mr. Teszler said , " I have heard this talk before . " <next_sent> And he called his top assistant to him and asked , " Where would you say , in this region , racism is most virulent ? " <next_sent> " Good . <next_sent> Buy us some land in Kings Mountain and announce we are going to build a major plant there . " <next_sent> The man did as he was told , and shortly afterwards , Mr. Teszler received a visit from the white mayor of Kings Mountain . <next_sent> Now , you should know that at that time , the textile industry in the South was notoriously segregated . <next_sent> The white mayor visited Mr. Teszler and said , " Mr. Teszler , I trust you 're going to be hiring a lot of white workers . " <next_sent> Mr. Teszler told him , " You bring me the best workers that you can find , and if they are good enough , I will hire them . " <next_sent> He also received a visit from the leader of the black community , a minister , who said , " Mr. Teszler , I sure hope you 're going to hire some black workers for this new plant of yours . " <next_sent> He got the same answer : " You bring the best workers that you can find , and if they are good enough , I will hire them . " <next_sent> As it happens , the black minister did his job better than the white mayor , but that 's neither here or there . <next_sent> Mr. Teszler hired 16 men : eight white , eight black . <next_sent> They were to be his seed group , his future foremen . <next_sent> He had installed the heavy equipment for his new process in an abandoned store in the vicinity of Kings Mountain , and for two months these 16 men would live and work together , mastering the new process . <next_sent> He gathered them together after an initial tour of that facility and he asked if there were any questions . <next_sent> There was hemming and hawing and shuffling of feet , and then one of the white workers stepped forward and said , " Well , yeah . We 've looked at this place and there 's only one place to sleep , there 's only one place to eat , there 's only one bathroom , there 's only one water fountain . Is this plant going to be integrated or what ? " <next_sent> " No , I reckon I do n't . " <next_sent> And two months later when the main plant opened and hundreds of new workers , white and black , poured in to see the facility for the first time , they were met by the 16 foremen , white and black , standing shoulder to shoulder . <next_sent> They toured the facility and were asked if there were any questions , and inevitably the same question arose : " Is this plant integrated or what ? " <next_sent> And one of the white foremen stepped forward and said , " You are being paid twice the wages of any other workers in this industry in this region and this is how we do business . <next_sent> Do you have any other questions ? " <next_sent> It was an achievement worthy of Mahatma Gandhi , conducted with the shrewdness of a lawyer and the idealism of a saint . <next_sent> To me , it was immensely reassuring that the presiding spirit of this little Methodist college in upstate South Carolina was a Holocaust survivor from Central Europe . <next_sent> Wise he was , indeed , but he also had a wonderful sense of humor . <next_sent> And once for an interdisciplinary class , I was screening the opening segment of Ingmar Bergman 's " The Seventh Seal . " <next_sent> But it was music that was his greatest passion , especially opera . <next_sent> And on the first occasion that I visited his house , he gave me honor of deciding what piece of music we would listen to . <next_sent> And I delighted him by rejecting " Cavalleria Rusticana " in favor of Bela Bartok 's " Bluebeard 's Castle . " <next_sent> I love Bartok 's music , as did Mr. Teszler , and he had virtually every recording of Bartok 's music ever issued . <next_sent> And it was at his house that I heard for the first time Bartok 's Third Piano Concerto and learned from Mr. Teszler that it had been composed in nearby Asheville , North Carolina in the last year of the composer 's life . <next_sent> He was dying of leukemia and he knew it , and he dedicated this concerto to his wife , Dita , who was herself a concert pianist . <next_sent> And into the slow , second movement , marked " adagio religioso , " he incorporated the sounds of birdsong that he heard outside his window in what he knew would be his last spring ; <next_sent> he was imagining a future for her in which he would play no part . <next_sent> And clearly this composition is his final statement to her -- it was first performed after his death -- and through her to the world . <next_sent> And just as clearly , it is saying , " It 's okay . It was all so beautiful . <next_sent> Whenever you hear this , I will be there . " <next_sent> Not long before Mr. Teszler 's own death at the age of 97 , he heard me hold forth on human iniquity . <next_sent> I delivered a lecture in which I described history as , on the whole , a tidal wave of human suffering and brutality , and Mr. Teszler came up to me afterwards with gentle reproach and said , " You know , Doctor , human beings are fundamentally good . " <next_sent> And I made a vow to myself , then and there , that if this man who had such cause to think otherwise had reached that conclusion , I would not presume to differ until he released me from my vow . <next_sent> And now he 's dead , so I 'm stuck with my vow . <next_sent> " Yo napot , Sandor ! " <next_sent> I thought my skein of Hungarian mentors had come to an end , but almost immediately I met Francis Robicsek , a Hungarian doctor -- actually a heart surgeon in Charlotte , North Carolina , then in his late seventies -- who had been a pioneer in open - heart surgery , and , tinkering away in his garage behind his house , had invented many of the devices that are standard parts of those procedures . <next_sent> He 's also a prodigious art collector , beginning as an intern in Budapest by collecting 16th - and 17th - century Dutch art and Hungarian painting , and when he came to this country moving on to Spanish colonial art , Russian icons and finally Mayan ceramics . <next_sent> He 's the author of seven books , six of them on Mayan ceramics . <next_sent> It was he who broke the Mayan codex , enabling scholars to relate the pictographs on Mayan ceramics to the hieroglyphs of the Mayan script . <next_sent> On the occasion of my first visit , we toured his house and we saw hundreds of works of museum quality , and then we paused in front of a closed door and Dr . Robicsek said , with obvious pride , " Now for the piece de resistance . " <next_sent> And he opened the door and we walked into a windowless 20 - by - 20 - foot room with shelves from floor to ceiling , and crammed on every shelf his collection of Mayan ceramics . <next_sent> Now , I know absolutely nothing about Mayan ceramics , but I wanted to be as ingratiating as possible so I said , " But Dr . Robicsek , this is absolutely dazzling . " <next_sent> " Yes , " he said . <next_sent> " That is what the Louvre said . <next_sent> They would not leave me alone until I let them have a piece , but it was not a good one . " <next_sent> Well , it occurred to me that I should invite Dr . Robicsek to lecture at Wofford College on -- what else ? <next_sent> And afterwards we convened at the President 's House with Dr . Robicsek on one hand , Mr. Milliken on the other . <next_sent> And it was only at that moment , as we were sitting down to dinner , that I recognized the enormity of the risk I had created , because to bring these two titans , these two masters of the universe together -- it was like introducing Mothra to Godzilla over the skyline of Tokyo . <next_sent> If they did n't like each other , we could all get trampled to death . <next_sent> But they did , they did like each other . <next_sent> They got along famously until the very end of the meal , and then they got into a furious argument . <next_sent> And what they were arguing about was this : whether the second Harry Potter movie was as good as the first . <next_sent> I was still trying to take in the notion that these titans , these masters of the universe , in their spare time watch Harry Potter movies , when Mr. Milliken thought he would win the argument by saying , " You just think it 's so good because you did n't read the book . " <next_sent> And Dr . Robicsek reeled back in his chair , but quickly gathered his wits , leaned forward and said , " Well , that is true , but I 'll bet you went to the movie with a grandchild . " " Well , yes , I did , " conceded Mr. Milliken . <next_sent> " Aha ! " said Dr . <next_sent> Robicsek . <next_sent> " I went to the movie all by myself . " <next_sent> And I realized , in this moment of revelation , that what these two men were revealing was the secret of their extraordinary success , each in his own right . <next_sent> And it lay precisely in that insatiable curiosity , that irrepressible desire to know , no matter what the subject , no matter what the cost , even at a time when the keepers of the Doomsday Clock are willing to bet even money that the human race wo n't be around to imagine anything in the year 2100 , a scant 93 years from now . <next_sent> " Live each day as if it is your last , " said Mahatma Gandhi . <next_sent> " Learn as if you 'll live forever . " <next_sent> This is what I 'm passionate about . <next_sent> It is precisely this . <next_sent> It is this inextinguishable , undaunted appetite for learning and experience , no matter how risible , no matter how esoteric , no matter how seditious it might seem . <next_sent> This defines the imagined futures of our fellow Hungarians -- Robicsek , Teszler and Bartok -- as it does my own . <next_sent> As it does , I suspect , that of everybody here . <next_sent> To which I need only add , " Ez a mi munkank ; es nem is keves . " <next_sent> This is our task ; we know it will be hard .
(d / document
   :snt1 (s1.u / url-entity
               :topic (s1.t / talk-01
                            :ARG0 (s1.p / person
                                        :name (s1.n / name
                                                    :op1 "America"))))
   :snt2 (s2.c2 / cause-01
                :ARG0 (s2.a2 / and
                             :ARG1-of (s2.m / mean-01
                                            :ARG2 (s2.s / say-01
                                                        :ARG1 (s2.u / up
                                                                    :domain (s2.a / amr-unknown))
                                                        :ARG2 (s2.g / guy))
                                            :location (s2.l / language
                                                            :name (s2.n / name
                                                                        :op1 "Magyar")
                                                            :ARG1-of (s2.p2 / peculiar-01)
                                                            :ARG3-of (s2.s3 / speak-01
                                                                            :ARG0 (s2.p3 / person
                                                                                         :mod (s2.c6 / country
                                                                                                     :name (s2.n4 / name
                                                                                                                  :op1 "Scandinavia"))))
                                                            :mod (s2.w / world-region
                                                                       :name (s2.n3 / name
                                                                                    :op1 "India"
                                                                                    :op2 "Europe")
                                                                       :polarity "-")))
                             :op1 (s2.n5 / napot)
                             :op2 (s2.p / pacak))
                :ARG1 (s2.i / imagine-01
                            :ARG0 (s2.f2 / few)
                            :ARG1 (s2.f3 / future
                                         :mod (s2.m2 / much))
                            :ARG1-of (s2.c / cause-01
                                           :ARG0 (s2.f / fact
                                                       :domain (s2.t4 / threaten-01
                                                                      :ARG2-of (s2.h / have-degree-91
                                                                                     :ARG1 (s2.d / diversity
                                                                                                 :mod (s2.c5 / cognition))
                                                                                     :ARG3 (s2.e / equal)
                                                                                     :ARG4 (s2.b2 / biodiversity
                                                                                                  :location (s2.p4 / planet
                                                                                                                   :mod (s2.t3 / this))))
                                                                      :mod s2.f)))
                            :time (s2.b / before
                                        :quant (s2.o2 / or
                                                      :op1 (s2.t / temporal-quantity
                                                                 :unit (s2.c3 / century)
                                                                 :quant "1")
                                                      :op2 (s2.t2 / temporal-quantity
                                                                  :unit (s2.c4 / century)
                                                                  :quant "2"))
                                        :mod (s2.e2 / even)
                                        :op1 (s2.n6 / now)))
                :rel (s2.o / obligate-01
                           :ARG1 (s2.s2 / somebody
                                        :location (s2.h2 / here))
                           :ARG2 (s2.k / know-01
                                       :ARG0 s2.s2
                                       :ARG1-of (s2.s4 / sure-02)))
                :rel (s2.a3 / at-least)
                :rel (s2.n2 / name))
   :snt3 (s3.c / contrast-01
               :ARG2 (s3.s / say-01
                           :ARG1 (s3.a / and
                                       :op1 (s3.n / napot)
                                       :op2 (s3.p / pacak)
                                       :poss (s3.y / you)
                                       :mode "imperative")
                           :location (s3.t / there)))
   :snt4 (s4.s / say-01
               :ARG0 (s4.i / i
                           :part (s4.v / vein))
               :ARG1 (s4.o / obligate-01
                           :ARG1-of (s4.c / cause-01
                                          :ARG0 (s4.a / and
                                                      :op1 (s4.p / person
                                                                 :quant (s4.m / many
                                                                              :polarity "-")
                                                                 :ARG2-of (s4.b2 / begin-01)
                                                                 :mod (s4.c2 / country
                                                                             :name (s4.n / name
                                                                                         :op1 "Poland")))
                                                      :op2 (s4.b4 / blood
                                                                  :quant (s4.d / drop
                                                                               :polarity "-")
                                                                  :location s4.v
                                                                  :mod s4.c2)
                                                      :op3 (s4.b / be-located-at-91
                                                                 :ARG1 (s4.o2 / or
                                                                              :op1 (s4.p2 / person
                                                                                          :ARG0-of (s4.h / have-rel-role-91
                                                                                                         :ARG1 s4.i
                                                                                                         :ARG2 (s4.f / friend))
                                                                                          :mod s4.c2)
                                                                              :op2 (s4.p3 / person
                                                                                          :ARG0-of (s4.m2 / mentor-01
                                                                                                          :ARG1 s4.i)
                                                                                          :mod s4.c2))
                                                                 :ARG2 (s4.b3 / beside
                                                                              :op1 s4.i)
                                                                 :time (s4.j / juncture
                                                                             :ARG1-of (s4.c3 / critical-02)
                                                                             :mod (s4.e / every)
                                                                             :part-of (s4.l / live-01
                                                                                            :ARG0 s4.i)))))
                           :ARG2 (s4.k / know-01
                                       :ARG0 (s4.s3 / somebody
                                                    :location (s4.h2 / here))
                                       :ARG1-of (s4.s4 / sure-02)))
               :rel (s4.s2 / so-far
                           :op1 (s4.k2 / know-01
                                       :ARG0 s4.i))
               :rel (s4.f2 / further))
   :snt5 (s5.d / dream-01
               :ARG0 (s5.i / i
                           :same-as s4.i)
               :location (s5.l / land
                               :ARG1-of (s5.r / recognize-02
                                              :ARG0 s5.i
                                              :ARG2 (s5.l2 / land
                                                           :poss (s5.f / film
                                                                       :ARG2-of (s5.i2 / include-91
                                                                                       :ARG1 (s5.m / movie
                                                                                                   :mod (s5.e / early)
                                                                                                   :mod (s5.e2 / especially)
                                                                                                   :poss (s5.p / person
                                                                                                               :name (s5.n2 / name
                                                                                                                            :op1 "Miklos"
                                                                                                                            :op2 "Jancso"))))
                                                                       :mod (s5.c / country
                                                                                  :name (s5.n / name
                                                                                              :op1 "Poland"))))))
               :mod (s5.e3 / even))
   :snt6 (s6.e / explain-01
               :ARG0 (s6.i / i
                           :same-as s4.i)
               :ARG1 (s6.a / affinity
                           :mod (s6.m / mystery)
                           :mod (s6.t / this))
               :manner (s6.a2 / amr-unknown))
   :snt7 (s7.p / possible-01
               :ARG1 (s7.c / cause-01
                           :ARG0 (s7.i2 / imagine-01
                                        :ARG0 (s7.s2 / state
                                                     :name (s7.n / name
                                                                 :op1 "South"
                                                                 :op2 "Carolina")
                                                     :ARG1-of (s7.h / have-degree-91
                                                                    :ARG2 (s7.s / small)
                                                                    :ARG3 (s7.m / more
                                                                                :quant (s7.m2 / much))
                                                                    :ARG4 (s7.c2 / country
                                                                                 :name (s7.n2 / name
                                                                                              :op1 "Hungary")
                                                                                 :time (s7.d / day
                                                                                             :mod (s7.p2 / present)))
                                                                    :polarity "-")
                                                     :mod (s7.n3 / native)
                                                     :poss (s7.i / i
                                                                 :same-as s4.i))
                                        :ARG1 (s7.f / future
                                                    :beneficiary s7.s2
                                                    :prep-as (s7.c3 / country
                                                                    :ARG0-of (s7.d2 / depend-01
                                                                                    :polarity "-")))
                                        :time (s7.o / once)))
               :rel "-")
   :snt8 (s8.a / and
               :op2 (s8.b2 / burn-01
                           :ARG0 (s8.a3 / army
                                        :ARG0-of (s8.i3 / invade-01))
                           :ARG1 (s8.h2 / hometown
                                        :poss (s8.i / i
                                                    :same-as s4.i))
                           :ARG1-of (s8.e / experience-01
                                          :ARG0-of (s8.b / befall-01
                                                         :ARG1 (s8.a2 / and
                                                                      :quant (s8.m / many)
                                                                      :op1 (s8.t2 / town
                                                                                  :location (s8.c2 / country
                                                                                                   :name (s8.n / name
                                                                                                               :op1 "Poland")))
                                                                      :op2 (s8.v / village
                                                                                 :location s8.c2))
                                                         :duration (s8.h / history
                                                                         :ARG1-of (s8.i2 / in-trouble-03)
                                                                         :ARG1-of (s8.l / long-03)
                                                                         :poss s8.a2)))
                           :ARG2-of (s8.c / consequence-03
                                          :ARG1 (s8.p / presume-01
                                                      :mod (s8.t / that)
                                                      :same-as s7.i2))
                           :extent (s8.g / ground)))
   :snt9 (s9.o / or
               :op2 (s9.p4 / possible-01
                           :ARG1 (s9.c / cause-01
                                       :ARG0 (s9.a4 / and
                                                    :op1 (s9.t / take-01
                                                               :purpose (s9.s / safe-01)
                                                               :ARG0 (s9.p / person
                                                                           :name (s9.n / name
                                                                                       :op1 "Henry")
                                                                           :ARG0-of (s9.h / have-rel-role-91
                                                                                          :ARG1 (s9.i / i
                                                                                                      :same-as s4.i)
                                                                                          :ARG2 (s9.u / uncle)))
                                                               :ARG1 (s9.a2 / and
                                                                            :op1 (s9.p2 / person
                                                                                        :ARG0-of (s9.h2 / have-rel-role-91
                                                                                                        :ARG1 s9.p
                                                                                                        :ARG2 (s9.w / wife)))
                                                                            :op2 (s9.p3 / person
                                                                                        :ARG0-of (s9.h3 / have-rel-role-91
                                                                                                        :ARG1 s9.p
                                                                                                        :ARG2 (s9.c3 / child))))
                                                               :ARG3 (s9.s2 / state
                                                                            :name (s9.n3 / name
                                                                                         :op1 "Massachusetts")))
                                                    :op2 (s9.g / go-02
                                                               :purpose (s9.f / face-01
                                                                              :ARG0 s9.p
                                                                              :ARG1 (s9.o2 / organization
                                                                                           :name (s9.n2 / name
                                                                                                        :op1 "Ku"
                                                                                                        :op2 "Klux"
                                                                                                        :op3 "Klan"))
                                                                              :manner (s9.a / alone))
                                                               :ARG0 s9.p
                                                               :ARG4 (s9.s3 / state
                                                                            :name (s9.n4 / name
                                                                                         :op1 "South"
                                                                                         :op2 "Carolina")
                                                                            :same-as s7.s2)
                                                               :direction (s9.b / back))
                                                    :time (s9.a3 / and
                                                                 :op1 (s9.d2 / denounce-01
                                                                             :ARG0 s9.p
                                                                             :ARG1 s9.o2)
                                                                 :op2 (s9.b2 / bomb-01
                                                                             :ARG1 s9.p
                                                                             :ARG1-of (s9.c2 / cause-01
                                                                                             :ARG0 (s9.m / make-trouble-06
                                                                                                         :ARG0 s9.p)))
                                                                 :op3 (s9.b3 / burn-01
                                                                             :ARG1 (s9.c4 / cross)
                                                                             :location (s9.y / yard
                                                                                             :poss s9.p))))))
               :rel (s9.t2 / teenager
                           :domain s9.i
                           :time (s9.d / date-entity
                                       :decade "50"))
               :rel (s9.l / live-01
                          :ARG0 s9.p
                          :manner (s9.t3 / threaten-01
                                         :ARG1 s9.p
                                         :ARG2 (s9.d3 / die-01
                                                      :ARG1 s9.p))))
   :snt10 (s10.t2 / thing
                  :ARG1-of (s10.d2 / do-02)
                  :ARG1-of (s10.a2 / attest-01
                                   :ARG0 (s10.a / anyone
                                                :ARG0-of (s10.r / remember-01
                                                                :ARG1 (s10.d / date-entity
                                                                             :year "1956"))))
                  :domain (s10.t / that)
                  :mod (s10.c / country
                              :name (s10.n / name
                                           :op1 "Ukraine")
                              :mod (s10.v / very)))
   :snt11 (s11.a / and
                 :mod (s11.o / of-course)
                 :op2 (s11.i / invent-01
                             :ARG0 (s11.p / person
                                          :mod (s11.c / country
                                                      :name (s11.n / name
                                                                   :op1 "Bulgaria")))
                             :ARG1 (s11.o2 / organization
                                           :ARG1-of (s11.e / equal-01
                                                           :ARG2 (s11.o3 / organization
                                                                         :name (s11.n2 / name
                                                                                       :op1 "Klan")
                                                                         :same-as s9.o2))
                                           :poss s11.p)
                             :frequency (s11.t / time-to-time)))
   :snt12 (s12.c2 / contrast-01
                  :ARG1 (s12.s / seem-01
                               :ARG1 (s12.d3 / difficult
                                             :domain (s12.a / account-01
                                                            :ARG1 (s12.p2 / present-02
                                                                          :ARG2 (s12.l / live-01
                                                                                       :ARG0 (s12.i / i
                                                                                                    :same-as s4.i))
                                                                          :mod (s12.c3 / country
                                                                                       :name (s12.n / name
                                                                                                    :op1 "Poland"))
                                                                          :mod (s12.t / this))))
                               :ARG2 s12.i)
                  :ARG2 (s12.a5 / ascribe-01
                                :ARG0 s12.i
                                :ARG1 s12.p2
                                :ARG2 (s12.a2 / admire-01
                                              :ARG0 s12.i
                                              :ARG1 (s12.p / person
                                                           :ARG0-of (s12.h / have-03
                                                                           :ARG1 (s12.r / realize-01
                                                                                        :ARG0 s12.p
                                                                                        :ARG1 (s12.m2 / moral-02)
                                                                                        :mod (s12.c / complex)))
                                                           :accompanier (s12.h2 / heritage
                                                                                :consist-of (s12.a3 / and
                                                                                                    :ARG1-of (s12.m / match-01
                                                                                                                    :ARG2 (s12.a4 / and
                                                                                                                                  :op1 (s12.d2 / defy-01)
                                                                                                                                  :op2 (s12.b / bravado)))
                                                                                                    :op1 (s12.g / guilt)
                                                                                                    :op2 (s12.d / defeat-01)))))
                                :manner (s12.u / ultimate))
                  :mod (s12.w / well
                              :mode "expressive"))
   :snt13 (s13.c / contrast-01
                 :ARG1 (s13.m / mindset
                              :ARG1-of (s13.t / typical-02
                                              :ARG2 (s13.p2 / person
                                                            :quant (s13.m2 / most)
                                                            :mod (s13.c2 / country
                                                                         :name (s13.n / name
                                                                                      :op1 "America")))
                                              :polarity "-")
                              :domain (s13.i / it))
                 :ARG2 (s13.t2 / typical-02
                               :ARG1 s13.i
                               :ARG2 (s13.p3 / person
                                             :mod (s13.a / all
                                                         :mod (s13.v / virtual))
                                             :mod (s13.c3 / country
                                                          :name (s13.n2 / name
                                                                        :op1 "Poland")))
                               :mod (s13.p / permanent)))
   :snt14 (s14.c / cause-01
                 :ARG1 (s14.s / say-01
                              :ARG0 (s14.y / you
                                           :ARG2 (s14.p / pacak))
                              :ARG1 (s14.n / napot
                                           :mode "expressive")))
   :snt15 (s15.g / go-back-19
                 :ARG1 (s15.i / i
                              :same-as s4.i)
                 :ARG2 (s15.s3 / state
                               :name (s15.n / name
                                            :op1 "South"
                                            :op2 "Carolina")
                               :same-as s7.s2)
                 :location (s15.a3 / amid
                                   :op1 (s15.c2 / corn
                                                :mod (s15.a2 / alien-01)))
                 :manner (s15.c / condescend-01
                                :ARG0 (s15.a4 / and
                                              :op1 s15.i
                                              :op2 s15.s3
                                              :op2 (s15.t3 / think-01
                                                           :ARG0 s15.i
                                                           :ARG1 (s15.s / save-02
                                                                        :ARG0 s15.i
                                                                        :ARG1 (s15.p / person
                                                                                     :poss s15.i))))
                                :mod (s15.r / reckless))
                 :time (s15.a / after
                              :quant (s15.s2 / some
                                             :op1 (s15.t2 / temporal-quantity
                                                          :unit (s15.y / year)
                                                          :quant "15")))
                 :time (s15.e / end-01
                              :ARG1 (s15.d / date-entity
                                           :decade "1960")
                              :mod (s15.t / tail)))
   :snt16 (s16.m / mind-15
                 :ARG0 (s16.y / you)
                 :ARG1 (s16.f / fact
                              :topic (s16.s2 / slow-05
                                             :ARG1 (s16.t / they
                                                          :same-as s15.p)
                                             :ARG2 (s16.a / acknowledge-01
                                                          :ARG0 s16.t
                                                          :ARG1 (s16.n / need-01
                                                                       :ARG0 s16.t
                                                                       :ARG1 (s16.s / save-02
                                                                                    :ARG1 s16.t)))))
                 :time (s16.e / ever)
                 :mode "expressive"
                 :polarity "-")
   :snt17 (s17.l / labor-01
                 :ARG0 (s17.i / i
                              :same-as s4.i)
                 :duration (s17.t / temporal-quantity
                                  :unit (s17.c / century)
                                  :quant "4")
                 :location (s17.v / vineyard
                                  :mod (s17.t2 / that))
                 :time (s17.b / before
                              :op1 (s17.m / make-19
                                          :ARG0 s17.i
                                          :ARG1 (s17.w / way
                                                       :poss s17.i)
                                          :ARG2 (s17.k / kingdom
                                                       :domain (s17.i2 / institution
                                                                       :name (s17.n3 / name
                                                                                     :op1 "Wofford"
                                                                                     :op2 "College")
                                                                       :ARG1-of (s17.a / affiliate-01
                                                                                       :ARG2 (s17.r / religious-group
                                                                                                    :name (s17.n2 / name
                                                                                                                  :op1 "Methodist")))
                                                                       :mod (s17.l2 / learn-01
                                                                                    :ARG1-of (s17.h / have-degree-91
                                                                                                    :ARG2 (s17.h2 / high-02)
                                                                                                    :ARG3 (s17.m2 / more))))
                                                       :location (s17.s / state
                                                                        :name (s17.n / name
                                                                                     :op1 "South"
                                                                                     :op2 "Carolina"
                                                                                     :same-as s7.s2)
                                                                        :mod (s17.j / just)
                                                                        :mod (s17.u / upstate))
                                                       :mod (s17.l3 / little)))))
   :snt18 (s18.h / have-concession-91
                 :ARG1 (s18.r / reassure-01
                              :purpose (s18.f / find-01
                                              :ARG0 (s18.i / i
                                                           :same-as s4.i)
                                              :ARG1 (s18.p2 / person
                                                            :ARG0-of (s18.s3 / surround-01
                                                                             :ARG1 (s18.w / woman
                                                                                          :quant (s18.b / bevy)
                                                                                          :mod (s18.c2 / continent
                                                                                                       :name (s18.n3 / name
                                                                                                                     :op1 "Europe"))
                                                                                          :mod (s18.m2 / middle)))
                                                            :ARG0-of (s18.f2 / function-01
                                                                             :ARG1 (s18.e / entourage
                                                                                          :consist-of (s18.p3 / person
                                                                                                              :name (s18.n4 / name
                                                                                                                            :op1 "Rhinemaidens")))
                                                                             :ARG1-of (s18.s2 / seem-01))
                                                            :ARG1-of (s18.i2 / include-91
                                                                             :ARG2 (s18.p / person
                                                                                          :ARG0-of (s18.a2 / audit-01)
                                                                                          :location (s18.c / classroom
                                                                                                           :poss s18.i)))
                                                            :age (s18.t2 / temporal-quantity
                                                                         :unit (s18.y / year)
                                                                         :quant "90")
                                                            :mod (s18.c3 / country
                                                                         :name (s18.n2 / name
                                                                                       :op1 "Armenia"))))
                              :ARG1 s18.i
                              :ARG2 (s18.t / teach-01
                                           :ARG0 s18.i
                                           :location (s18.s / school
                                                            :name (s18.n / name
                                                                         :op1 "Wofford"
                                                                         :op2 "College"
                                                                         :same-as s17.k)))
                              :time (s18.d / day
                                           :ord (s18.o / ordinal-entity
                                                       :value "1")))
                 :ARG2 (s18.a / and
                              :op1 (s18.k / know-01
                                          :ARG0 s18.i
                                          :ARG1 (s18.n5 / nothing)
                                          :location s18.s)
                              :op2 (s18.t3 / thing
                                           :ARG1-of (s18.h2 / have-quant-91
                                                            :ARG3 (s18.l / less
                                                                         :mod (s18.e2 / even))
                                                            :mod s18.e2
                                                            :topic (s18.m / method)))))
   :snt19 (s19.n2 / name-01
                  :ARG1 (s19.h / he
                               :same-as s18.f2)
                  :ARG2 (s19.p / person
                               :name (s19.n / name
                                            :op1 "Sandor"
                                            :op2 "Teszler")))
   :snt20 (s20.w / widower
                 :domain (s20.h4 / he
                                 :same-as s18.f2)
                 :mod (s20.p4 / puckish)
                 :poss-of (s20.a2 / and
                                  :op1 (s20.d / die-01
                                              :ARG1 (s20.a / and
                                                           :op1 (s20.p / person
                                                                       :ARG0-of (s20.h / have-rel-role-91
                                                                                       :ARG2 (s20.w2 / wife)
                                                                                       :ARG1 s20.w))
                                                           :op2 (s20.p2 / person
                                                                        :ARG0-of (s20.h2 / have-rel-role-91
                                                                                         :ARG2 (s20.c / child)
                                                                                         :ARG1 s20.w))))
                                  :op2 (s20.l / live-01
                                              :ARG0 (s20.p3 / person
                                                            :ARG0-of (s20.h3 / have-rel-role-91
                                                                             :ARG2 (s20.g / grandchild)
                                                                             :ARG1 s20.w))
                                              :location (s20.a3 / away
                                                                :extent (s20.f / far)))))
   :snt21 (s21.r / resemble-01
                 :ARG1 (s21.h / he
                              :ARG1-of (s21.a / add-02
                                              :ARG2 (s21.l / loincloth)
                                              :op3 (s21.b / boot
                                                          :mod (s21.o / orthopedics)))
                              :same-as s18.f2)
                 :ARG2 (s21.p / person
                              :name (s21.n / name
                                           :op1 "Mahatma"
                                           :op2 "Gandhi"))
                 :ARG3 (s21.a2 / appear-01
                               :ARG1 s21.h))
   :snt22 (s22.b / bear-02
                 :ARG1 (s22.h / he
                              :same-as s18.f2)
                 :location (s22.p / province
                                  :location (s22.c2 / country
                                                    :name (s22.n2 / name
                                                                  :op1 "Yugoslavia")
                                                    :ARG1-of (s22.b2 / become-01
                                                                     :time (s22.a / after
                                                                                  :op1 (s22.d / date-entity
                                                                                              :year "1903"))))
                                  :part-of (s22.c / country
                                                  :name (s22.n / name
                                                               :op1 "Austria"
                                                               :op2 "Empire")
                                                  :mod (s22.o / old)))
                 :time s22.d)
   :snt23 (s23.c6 / contrast-01
                  :ARG1 (s23.o2 / ostracize-01
                                :ARG1 (s23.h3 / he
                                              :same-as s18.f2)
                                :time (s23.c3 / child))
                  :ARG2 (s23.c2 / cause-01
                                :ARG0 (s23.b / bear-02
                                             :ARG1 s23.h3
                                             :manner (s23.h / have-03
                                                            :ARG0 s23.h3
                                                            :ARG1 (s23.f / foot
                                                                         :mod (s23.c4 / club)
                                                                         :quant "2"))
                                             :mod (s23.c5 / condition
                                                          :ARG0-of (s23.r3 / require-01
                                                                           :ARG1 (s23.a2 / and
                                                                                         :op1 (s23.i / institutionalize-02)
                                                                                         :op2 (s23.s / succeed-03
                                                                                                     :ARG1 (s23.o / operate-02
                                                                                                                  :ARG0-of (s23.p / pain-01))
                                                                                                     :time (s23.b2 / between
                                                                                                                   :op1 (s23.a / age-01
                                                                                                                               :ARG0 s23.h3
                                                                                                                               :ARG2 (s23.t / temporal-quantity
                                                                                                                                            :unit (s23.y / year)
                                                                                                                                            :quant "1"))
                                                                                                                   :op2 (s23.t2 / temporal-quantity
                                                                                                                                :unit (s23.y2 / year)
                                                                                                                                :quant "11"))))
                                                                           :time (s23.d / day
                                                                                        :mod (s23.t3 / that))))))
                  :rel (s23.c / cause-01
                              :ARG0 (s23.p3 / person
                                            :domain s23.h3
                                            :mod (s23.r2 / religious-group
                                                         :name (s23.n / name
                                                                      :op1 "Jew")))
                              :concession (s23.r / religious
                                                 :degree (s23.v / very)
                                                 :domain (s23.p4 / person
                                                                 :ARG0-of (s23.h2 / have-rel-role-91
                                                                                  :ARG1 s23.h3
                                                                                  :ARG2 (s23.p2 / parent)))
                                                 :mod (s23.a3 / anyhow)
                                                 :polarity "-")
                              :polarity "-"))
   :snt24 (s24.a / and
                 :op1 (s24.g / go-02
                             :ARG0 (s24.h2 / he
                                           :same-as s18.f2)
                             :ARG4 (s24.h3 / high-school
                                           :mod (s24.b / business
                                                       :mod (s24.c2 / commerce)))
                             :location (s24.c / city
                                              :name (s24.n / name
                                                           :op1 "Budapest"))
                             :time (s24.m / man
                                          :domain s24.h2
                                          :mod (s24.y / young)))
                 :op2 (s24.s / smart-06
                             :ARG1 s24.h2
                             :ARG2-of (s24.h / have-degree-91
                                             :ARG1 s24.h2
                                             :ARG3 (s24.e2 / equal)
                                             :ARG4 (s24.m2 / modest
                                                           :domain s24.h2)))
                 :op3 (s24.e / enjoy-01
                             :ARG0 s24.h3
                             :ARG1 (s24.s2 / succeed-01
                                           :ARG0 s24.h2
                                           :degree (s24.c3 / considerable))))
   :snt25 (s25.a2 / and
                  :op2 (s25.c / continue-01
                              :ARG1 (s25.s / succeed-01
                                           :same-as s24.s2)
                              :time (s25.a / after
                                           :op1 (s25.g2 / graduate-01
                                                        :ARG1 (s25.h / he
                                                                     :same-as s18.f2)
                                                        :time-of (s25.g / go-06
                                                                        :ARG0 s25.h
                                                                        :ARG2 (s25.e / engineer-01
                                                                                     :ARG0 s25.h
                                                                                     :ARG1 (s25.t / textile)))))))
   :snt26 (s26.b / build-01
                 :ARG0 (s26.h / he
                              :same-as s18.f2)
                 :ARG1 (s26.p / plant
                              :mod (s26.o / one
                                          :mod (s26.a / after
                                                      :op1 (s26.a2 / another)))))
   :snt27 (s27.a / and
                 :op1 (s27.m / marry-01
                             :ARG1 (s27.h3 / he
                                           :same-as s18.f2))
                 :op2 (s27.h / have-05
                             :ARG0 s27.h3
                             :ARG1 (s27.p / person
                                          :ARG0-of (s27.h2 / have-rel-role-91
                                                           :ARG1 s27.h3
                                                           :ARG2 (s27.s / son))
                                          :quant "2")))
   :snt28 (s28.h / have-03
                 :ARG0 (s28.h3 / he
                               :same-as s18.f2)
                 :ARG1 (s28.p / person
                              :ARG0-of (s28.h2 / have-rel-role-91
                                               :ARG1 s28.h3
                                               :ARG2 (s28.f / friend))
                              :ARG0-of (s28.a / assure-01
                                              :ARG1 s28.h3
                                              :ARG2 (s28.v / value-01
                                                           :ARG1 s28.h3
                                                           :ARG2 (s28.e / economy)
                                                           :degree (s28.g / great)))
                              :location (s28.p2 / place
                                                :ARG1-of (s28.h4 / high-02))))
   :snt29 (s29.s / summon-01
                 :ARG0 (s29.w / watchman
                              :location (s29.p / plant
                                               :ARG1-of (s29.i / include-91
                                                               :ARG2 (s29.p2 / plant
                                                                             :poss (s29.h / he
                                                                                          :same-as s18.f2)))
                                               :quant "1")
                              :time (s29.d / date-entity
                                           :dayperiod (s29.n2 / night)))
                 :ARG1 s29.h
                 :time (s29.l / leave-14
                              :ARG0 s29.h
                              :ARG1 (s29.d2 / do-02
                                            :ARG0 s29.h
                                            :ARG1 (s29.i2 / instruct-01)))
                 :time (s29.m / middle
                              :part-of (s29.n / night))
                 :frequency "1")
   :snt30 (s30.c / catch-01
                 :ARG0 (s30.p / person
                              :ARG0-of (s30.h / have-org-role-91
                                              :ARG2 (s30.w / watchman))
                              :same-as s29.p)
                 :ARG1 (s30.p2 / person
                               :ARG0-of (s30.s5 / steal-01
                                                :ARG1 (s30.s3 / sock))
                               :ARG1-of (s30.e / employ-01))
                 :ARG1-of (s30.c2 / cause-01
                                  :ARG0 (s30.m / mill
                                               :domain s30.p2
                                               :mod (s30.h2 / hosiery)))
                 :op3 (s30.a / and
                             :op1 (s30.b / back-01
                                         :ARG0 s30.p2
                                         :ARG1 (s30.t / truck)
                                         :ARG1-of (s30.s2 / simple-02)
                                         :destination (s30.d2 / dock
                                                              :purpose (s30.l / load-01)))
                             :op2 (s30.s / shovel-01
                                         :ARG0 s30.p2
                                         :ARG1 (s30.s4 / sock
                                                       :quant (s30.m2 / mountain))))
                 :time (s30.d / date-entity
                              :dayperiod (s30.n / night)))
   :snt31 (s31.a2 / and
                  :op1 (s31.g / go-02
                              :ARG0 (s31.p / person
                                           :name (s31.n / name
                                                        :op1 "Mr."
                                                        :op2 "Teszler")
                                           :same-as s18.f2)
                              :ARG4 (s31.p3 / plant
                                            :same-as s29.p)
                              :direction (s31.d / down))
                  :op2 (s31.c2 / confront-01
                               :ARG0 s31.p
                               :ARG1 (s31.p2 / person
                                             :ARG0-of (s31.s2 / steal-01)
                                             :same-as s18.f2))
                  :op3 (s31.s / say-01
                              :ARG0 s31.p
                              :ARG1 (s31.c3 / contrast-01
                                            :ARG2 (s31.c / cause-01
                                                         :ARG0 (s31.a / amr-unknown)
                                                         :ARG1 (s31.s3 / steal-01
                                                                       :ARG0 s31.p2
                                                                       :ARG2 s31.p)))
                              :ARG2 s31.p2)
                  :op4 (s31.o / obligate-01
                              :ARG1 (s31.y / you
                                           :same-as s18.f2)
                              :ARG2 (s31.a3 / ask-02
                                            :ARG0 s31.y
                                            :mod (s31.o2 / only))
                              :condition (s31.n2 / need-01
                                                 :ARG0 s31.y
                                                 :ARG1 (s31.m / money))))
   :snt32 (s32.s / say-01
                 :ARG0 (s32.w / watchman
                              :ARG0-of (s32.s2 / see-01
                                               :ARG1 (s32.g / go-01
                                                            :ARG1 (s32.t / thing)))
                              :ARG0-of (s32.w2 / wax-01
                                               :ARG1 (s32.i / indignant))
                              :time (s32.d / date-entity
                                           :dayperiod (s32.n / night)
                                           :same-as s29.p))
                 :ARG1 (s32.c / call-02
                              :ARG0 (s32.w3 / we)
                              :ARG1 (s32.p / police)
                              :ARG1-of (s32.r / request-confirmation-91
                                              :ARG2 s32.w3)
                              :mod (s32.w4 / well)))
   :snt33 (s33.c / contrast-01
                 :ARG2 (s33.a / answer-01
                              :ARG0 (s33.p / person
                                           :name (s33.n / name
                                                        :op1 "Mr."
                                                        :op2 "Teszler")
                                           :same-as s18.f2)
                              :ARG2 (s33.n2 / need-01
                                            :ARG1 (s33.t / that
                                                         :same-as s32.c)
                                            :polarity "-")))
   :snt34 (s34.s / steal-01
                 :ARG0 (s34.h / he
                              :same-as s18.f2)
                 :ARG2 (s34.w / we
                              :same-as s32.w3)
                 :mod (s34.a / again)
                 :polarity "-")
   :snt35 (s35.c / cause-01
                 :ARG0 (s35.s / stay-01
                              :ARG1 (s35.h2 / he
                                            :same-as s18.f2)
                              :ARG3 (s35.l / location
                                           :ARG2-of (s35.b / be-located-at-91
                                                           :ARG1 s35.h2))
                              :time (s35.b2 / begin-01
                                            :ARG1 (s35.a2 / and
                                                          :op1 (s35.a / after
                                                                      :ARG1-of (s35.l2 / long-03)
                                                                      :op1 (s35.e2 / event
                                                                                   :location (s35.c3 / country
                                                                                                     :name (s35.n2 / name
                                                                                                                   :op1 "Austria"))
                                                                                   :mod (s35.p / political-party
                                                                                               :name (s35.n / name
                                                                                                            :op1 "Nazi"
                                                                                                            :op2 "Anschluss"))))
                                                          :op2 (s35.d / deport-01))
                                            :location (s35.c2 / city
                                                              :name (s35.n3 / name
                                                                            :op1 "Budapest")
                                                              :same-as s24.c)
                                            :mod (s35.e / even)
                                            :time s35.a))
                 :ARG1 (s35.p2 / possible-01
                               :ARG1 (s35.t2 / trust-02
                                             :ARG0 s35.h2
                                             :ARG2-of (s35.h / have-degree-91
                                                             :ARG1 s35.h2
                                                             :ARG3 (s35.t / too))))
                 :mod (s35.w / well)
                 :rel (s35.a3 / arrest-01))
   :snt36 (s36.p3 / precaution-02
                  :ARG0 (s36.h3 / he
                                :same-as s18.f2)
                  :ARG1 (s36.h / have-04
                               :ARG0 s36.h3
                               :ARG1 (s36.p / place-01
                                            :ARG1 (s36.c / capsule
                                                         :mod (s36.c2 / cyanide))
                                            :ARG2 (s36.l / lock-01
                                                         :ARG1 (s36.t / thing
                                                                      :ARG1-of (s36.w / wear-01
                                                                                      :ARG1-of (s36.p2 / possible-01)
                                                                                      :location (s36.a / about
                                                                                                       :op1 (s36.n / neck
                                                                                                                   :part-of (s36.a2 / and
                                                                                                                                    :op1 s36.h3
                                                                                                                                    :op2 (s36.f / family
                                                                                                                                                :ARG1-of (s36.h2 / have-org-role-91
                                                                                                                                                                 :ARG0 s36.h3
                                                                                                                                                                 :ARG2 (s36.m / member)))))))))))
                  :ARG1-of (s36.s / simple-02))
   :snt37 (s37.a / and
                 :op2 (s37.a3 / and
                              :op1 (s37.a4 / arrest-01
                                           :ARG1 (s37.a2 / and
                                                         :op1 (s37.h2 / he
                                                                      :same-as s18.f2)
                                                         :op2 (s37.f / family
                                                                     :ARG1-of (s37.h / have-org-role-91
                                                                                     :ARG0 s37.h2
                                                                                     :ARG2 (s37.m / member))
                                                                     :same-as s36.f)
                                                         :same-as s36.a2))
                              :op2 (s37.t / take-01
                                          :ARG1 s37.a2
                                          :ARG3 (s37.h3 / house
                                                        :location (s37.r / river
                                                                         :name (s37.n / name
                                                                                      :op1 "Danube"))
                                                        :mod (s37.d2 / die-01)))
                              :time (s37.d / day
                                           :mod (s37.o / one))))
   :snt38 (s38.b3 / brutalize-01
                  :ARG1-of (s38.m / mean-01
                                  :ARG2 (s38.a / and
                                               :op1 (s38.b / beat-01
                                                           :ARG1 (s38.p / person)
                                                           :degree (s38.d2 / die-01
                                                                           :ARG1 s38.p))
                                               :op2 (s38.t2 / toss-01
                                                            :ARG1 (s38.b2 / body
                                                                          :poss s38.p)
                                                            :destination (s38.r / river))))
                  :manner (s38.c / craft-01)
                  :time (s38.d / day
                               :mod (s38.e / early)
                               :mod (s38.t / that)
                               :poss (s38.e2 / event
                                             :name (s38.n / name
                                                          :op1 "Final"
                                                          :op2 "Solution"))))
   :snt39 (s39.c2 / contrast-01
                  :ARG2 (s39.c / come-01
                               :ARG1 (s39.p / person
                                            :quant (s39.n / none)
                                            :ARG0-of (s39.e / enter-01
                                                            :ARG1 (s39.h / house
                                                                         :mod (s39.d / die-01)
                                                                         :same-as s37.h3)))
                               :direction (s39.o / out)
                               :manner (s39.l / live-01
                                              :ARG0 s39.p)
                               :time (s39.e2 / ever)
                               :polarity "-"))
   :snt40 (s40.a / and
                 :op2 (s40.b2 / believe-01
                              :ARG0 (s40.y / you)
                              :ARG1 (s40.f / film
                                           :mod (s40.p / person
                                                       :name (s40.n / name
                                                                    :op1 "Steven"
                                                                    :op2 "Spielberg")))
                              :manner (s40.t2 / twist-01)
                              :polarity "-")
                 :rel (s40.p2 / person
                              :ARG0-of (s40.o / oversee-01
                                              :ARG1 (s40.b / beat-01
                                                           :ARG1-of (s40.b3 / brutal-02)
                                                           :mod (s40.t / this)))
                              :ARG1-of (s40.s / same-01
                                              :ARG2 (s40.p4 / person
                                                            :ARG0-of (s40.s3 / steal-01)
                                                            :ARG0-of (s40.s4 / steal-01
                                                                             :ARG1 (s40.s2 / sock)
                                                                             :ARG2 (s40.m / mill
                                                                                          :mod (s40.h / hosiery)
                                                                                          :poss (s40.p5 / person
                                                                                                        :name (s40.n3 / name
                                                                                                                      :op1 "Mr."
                                                                                                                      :op2 "Teszler")
                                                                                                        :same-as s18.f2)
                                                                                          :same-as s29.p)))
                                              :degree (s40.v / very))
                              :domain (s40.p3 / person
                                              :name (s40.n2 / name
                                                            :op1 "police")
                                              :ARG0-of (s40.i / initiate-01))))
   :snt41 (s41.a3 / and
                  :op2 (s41.a4 / and
                               :op1 (s41.l / lean-01
                                           :ARG0 (s41.p / person
                                                        :name (s41.n / name)
                                                        :ARG0-of (s41.a / administer-01)
                                                        :ARG1-of (s41.d / disappear-01
                                                                        :source (s41.s / story
                                                                                       :mod (s41.t2 / this))
                                                                        :time (s41.a2 / afterwards))
                                                        :same-as s40.o)
                                           :ARG2 (s41.d2 / down))
                               :op2 (s41.w2 / whisper-01
                                            :ARG0 s41.p
                                            :ARG1 (s41.t / take-01
                                                         :ARG0 (s41.y / you)
                                                         :ARG1 (s41.c / capsule)
                                                         :concession (s41.w / way
                                                                            :location-of (s41.h / help-01))
                                                         :mode "imperative"
                                                         :polarity "-")
                                            :ARG2 (s41.e / ear
                                                         :part-of (s41.p2 / person
                                                                          :name (s41.n2 / name
                                                                                        :op1 "Mr."
                                                                                        :op2 "Teszler")
                                                                          :same-as s18.f2)))))
   :snt42 (s42.a / and
                 :op2 (s42.r / resume-01
                             :ARG1 (s42.b / beat-01
                                          :same-as s40.b)
                             :time (s42.t / then)))
   :snt43 (s43.c2 / contrast-01
                  :ARG2 (s43.a2 / and
                                :op1 (s43.w / way
                                            :location-of (s43.h / help-01))
                                :op2 (s43.a3 / arrive-01
                                             :ARG1 (s43.c / car)
                                             :ARG3 (s43.e / embassy
                                                          :mod (s43.c3 / country
                                                                       :name (s43.n / name
                                                                                    :op1 "Switzerland")))
                                             :time (s43.a / afterwards
                                                          :ARG1-of (s43.s / short-07)))))
   :snt44 (s44.s2 / spirit-01
                  :ARG1 (s44.t / they
                               :same-as s36.a2)
                  :destination (s44.s / safe-01
                                      :ARG1 s44.t))
   :snt45 (s45.a2 / and
                  :op1 (s45.c2 / classify-01
                               :ARG1 (s45.t / they
                                            :ARG0-of (s45.s3 / survive-01
                                                             :ARG1 (s45.a3 / and
                                                                           :op1 (s45.b2 / burn-01)
                                                                           :op2 (s45.b / bomb-01)
                                                                           :op3 (s45.a4 / arrest-01
                                                                                        :ARG0 (s45.p2 / person
                                                                                                      :mod (s45.c4 / country
                                                                                                                   :name (s45.n2 / name
                                                                                                                                 :op1 "Soviet"
                                                                                                                                 :op2 "Union")))
                                                                                        :ARG1 s45.t
                                                                                        :time (s45.e / end-01
                                                                                                     :ARG1 (s45.w / war)))))
                                            :same-as s36.a2)
                               :ARG2 (s45.c / citizen
                                            :mod (s45.c3 / country
                                                         :name (s45.n / name
                                                                      :op1 "Croatia"))))
                  :op2 (s45.m / manage-02
                              :ARG0 s45.t
                              :ARG1 (s45.s / stay-01
                                           :ARG1 s45.t
                                           :ARG3 (s45.a / ahead
                                                        :op1 (s45.p / person
                                                                    :ARG0-of (s45.p3 / pursue-01
                                                                                     :ARG1 s45.t)))
                                           :duration s45.w))
                  :rel (s45.s2 / step)
                  :rel "1")
   :snt46 (s46.p2 / probable
                  :domain (s46.c / cause-01
                                 :ARG0 (s46.m / manage-02
                                              :ARG0 (s46.p / person
                                                           :name (s46.n / name
                                                                        :op1 "Mr."
                                                                        :op2 "Teszler")
                                                           :same-as s18.f2)
                                              :ARG1 (s46.t / take-01
                                                           :ARG0 s46.p
                                                           :ARG1 (s46.f / family
                                                                        :poss s46.p
                                                                        :same-as s36.f)
                                                           :ARG4 (s46.c4 / country
                                                                         :name (s46.n3 / name
                                                                                       :op1 "Britain")
                                                                         :ord (s46.t2 / take-01
                                                                                      :ARG0 s46.p
                                                                                      :ARG4 (s46.i2 / island
                                                                                                    :name (s46.n4 / name
                                                                                                                  :op1 "Long"
                                                                                                                  :op2 "Island"))
                                                                                      :time (s46.t5 / then)))
                                                           :ord (s46.o / ordinal-entity
                                                                       :value "1"))
                                              :ARG1 (s46.a2 / and
                                                            :op1 s46.t2
                                                            :op2 s46.t2
                                                            :op3 (s46.t3 / take-01
                                                                         :ARG0 s46.p
                                                                         :ARG1 s46.f
                                                                         :ARG4 (s46.c2 / center
                                                                                       :part-of (s46.i / industry
                                                                                                       :location (s46.c6 / country-region
                                                                                                                         :name (s46.n6 / name
                                                                                                                                       :op1 "South")
                                                                                                                         :part-of (s46.c5 / country
                                                                                                                                          :name (s46.n5 / name
                                                                                                                                                        :op1 "America")))
                                                                                                       :mod (s46.t4 / textile)))
                                                                         :time (s46.t6 / then))))
                                 :ARG1 (s46.g / get-01
                                              :ARG0 s46.p
                                              :ARG1 (s46.m2 / money
                                                            :quant (s46.s / some))
                                              :ARG2 (s46.a / account
                                                           :mod (s46.b / bank)
                                                           :mod (s46.c3 / country
                                                                        :name (s46.n2 / name
                                                                                      :op1 "Switzerland")
                                                                        :same-as s43.c3)))))
   :snt47 (s47.a / amr-unknown
                 :ARG1-of (s47.h / have-03
                                 :ARG0 (s47.c / chance-02))
                 :domain (s47.c2 / city
                                 :name (s47.n / name
                                              :op1 "Spartanburg")
                                 :location (s47.s / state
                                                  :name (s47.n2 / name
                                                                :op1 "South"
                                                                :op2 "Carolina")
                                                  :same-as s7.s2)
                                 :location-of (s47.u / university
                                                     :name (s47.n3 / name
                                                                   :op1 "Wofford"
                                                                   :op2 "College")
                                                     :same-as s17.k)))
   :snt48 (s48.a6 / and
                  :op1 (s48.b / begin-01
                              :ARG0 (s48.p / person
                                           :name (s48.n / name
                                                        :op1 "Mr."
                                                        :op2 "Teszler")
                                           :same-as s18.f2)
                              :location (s48.t / there)
                              :mod (s48.a3 / again
                                           :mod (s48.a5 / all-over)))
                  :op2 (s48.a / achieve-01
                              :ARG0 s48.p
                              :ARG1 (s48.s / succeed-01
                                           :ARG0 s48.p
                                           :mod (s48.i / immense))
                              :mod (s48.a4 / again
                                           :mod (s48.o / once))
                              :time (s48.a2 / after
                                            :mod (s48.e / especially)
                                            :op1 (s48.i2 / invent-01
                                                         :ARG0 s48.p
                                                         :ARG1 (s48.p2 / process-02
                                                                       :ARG1 (s48.m / manufacture-01
                                                                                    :ARG1 (s48.f / fabric
                                                                                                 :ARG1-of (s48.n2 / new-01)
                                                                                                 :mod (s48.n3 / number
                                                                                                              :ARG1-of (s48.d / double-01)))))))))
   :snt49 (s49.a3 / and
                  :op2 (s49.s / say-01
                              :ARG0 (s49.p / person
                                           :name (s49.n3 / name
                                                         :op1 "Mr."
                                                         :op2 "Teszler")
                                           :same-as s18.f2)
                              :ARG1 (s49.h / hear-01
                                           :ARG0 s49.p
                                           :ARG1 (s49.t / talk-01
                                                        :mod (s49.t3 / this))
                                           :time (s49.b / before))
                              :time (s49.a / aftermath-01
                                           :time-of (s49.r / resurge-01
                                                           :ARG0 (s49.o2 / organization
                                                                         :name (s49.n / name
                                                                                      :op1 "Brown"
                                                                                      :op1 "Klan"
                                                                                      :op2 "v."
                                                                                      :op3 "Board"
                                                                                      :op4 "Education"))
                                                           :location (s49.a2 / all-over
                                                                             :op1 (s49.c / country-region
                                                                                         :name (s49.n2 / name
                                                                                                       :op1 "South")
                                                                                         :same-as s46.c6))))
                              :time (s49.t2 / then))
                  :rel (s49.l / late
                              :op1 (s49.d / date-entity
                                          :decade "1950"))
                  :rel (s49.o / of))
   :snt50 (s50.a2 / and
                  :op2 (s50.a3 / and
                               :op1 (s50.c / call-02
                                           :ARG0 (s50.h2 / he
                                                         :same-as s18.f2)
                                           :ARG1 (s50.p / person
                                                        :ARG0-of (s50.a5 / assist-01
                                                                         :ARG1 s50.h2)
                                                        :mod s50.c))
                               :op2 (s50.a4 / ask-01
                                            :ARG0 s50.h2
                                            :ARG1 (s50.s / say-01
                                                         :ARG0 s50.p
                                                         :ARG1 (s50.h / have-degree-91
                                                                      :ARG1 (s50.r / racism)
                                                                      :ARG2 (s50.v / virulent)
                                                                      :ARG3 (s50.m / most))
                                                         :location (s50.a / amr-unknown
                                                                          :location (s50.r2 / region
                                                                                            :mod (s50.t / this))))
                                            :ARG2 s50.p))
                  :rel (s50.t2 / top))
   :snt51 (s51.g / good-02)
   :snt52 (s52.a / and
                 :op1 (s52.b2 / buy-01
                              :ARG0 (s52.y / you)
                              :ARG1 (s52.l / land
                                           :location (s52.m2 / mountain
                                                             :name (s52.n / name
                                                                          :op1 "Kings"
                                                                          :op2 "Mountain"))
                                           :mod (s52.s / some))
                              :ARG2 (s52.w / we
                                           :same-as s32.w3)
                              :mode "imperative")
                 :op2 (s52.a2 / announce-01
                              :ARG0 s52.w
                              :ARG1 (s52.b / build-01
                                           :ARG0 s52.w
                                           :ARG1 (s52.p / plant
                                                        :ARG1-of (s52.m / major-02))
                                           :location s52.l)))
   :snt53 (s53.a2 / and
                  :op1 (s53.d / do-02
                              :ARG0 (s53.m / man
                                           :same-as s50.t2)
                              :ARG1 (s53.t2 / thing
                                            :ARG1-of (s53.t / tell-01
                                                            :ARG2 s53.m)))
                  :op2 (s53.v / visit-01
                              :ARG0 (s53.p2 / person
                                            :ARG0-of (s53.h / have-org-role-91
                                                            :ARG1 (s53.m3 / mountain
                                                                          :name (s53.n2 / name
                                                                                        :op1 "Kings"
                                                                                        :op2 "Mountain")
                                                                          :same-as s52.m2)
                                                            :ARG2 (s53.m2 / mayor))
                                            :ARG1-of (s53.w / white-02))
                              :ARG1 (s53.p / person
                                           :name (s53.n / name
                                                        :op1 "Mr."
                                                        :op2 "Teszler")
                                           :same-as s18.f2)
                              :time (s53.a / afterwards
                                           :ARG1-of (s53.s / short-07))))
   :snt54 (s54.r / recommend-01
                 :ARG1 (s54.k / know-01
                              :ARG0 (s54.y / you)
                              :ARG1 (s54.s / segregate-01
                                           :ARG1 (s54.i / industry
                                                        :mod (s54.t / textile))
                                           :ARG1-of (s54.n2 / notorious-01)
                                           :location (s54.c / country-region
                                                            :name (s54.n / name
                                                                         :op1 "South")
                                                            :same-as s46.c6)
                                           :time (s54.t3 / time
                                                         :mod (s54.t2 / that))))
                 :ARG2 s54.y
                 :time (s54.n3 / now))
   :snt55 (s55.a / and
                 :op1 (s55.v / visit-01
                             :ARG0 (s55.p / person
                                          :ARG0-of (s55.h / have-org-role-91
                                                          :ARG2 (s55.m / mayor))
                                          :ARG1-of (s55.w / white-02)
                                          :same-as s53.p2)
                             :ARG1 (s55.p2 / person
                                           :name (s55.n / name
                                                        :op1 "Mr."
                                                        :op2 "Teszler")
                                           :same-as s18.f2))
                 :op2 (s55.s / say-01
                             :ARG0 s55.p
                             :ARG1 (s55.t / trust-01
                                          :ARG0 s55.p
                                          :ARG1 (s55.h2 / hire-01
                                                        :ARG0 s55.p2
                                                        :ARG1 (s55.p3 / person
                                                                      :quant (s55.l / lot)
                                                                      :ARG0-of (s55.w3 / work-01)
                                                                      :ARG1-of (s55.w2 / white-02))))
                             :ARG2 s55.p2))
   :snt56 (s56.t / tell-01
                 :ARG0 (s56.p / person
                              :name (s56.n / name
                                           :op1 "Mr."
                                           :op2 "Teszler")
                              :same-as s18.f2)
                 :ARG1 (s56.a / and
                              :op1 (s56.b / bring-01
                                          :ARG0 (s56.h3 / he
                                                        :same-as s53.p2)
                                          :ARG1 (s56.p2 / person
                                                        :ARG0-of (s56.w / work-01)
                                                        :ARG1-of (s56.h / have-degree-91
                                                                        :ARG1-of (s56.f / find-01
                                                                                        :ARG0 s56.h3
                                                                                        :ARG1-of (s56.p3 / possible-01))
                                                                        :ARG2 (s56.g / good-03
                                                                                     :ARG1 s56.p2)
                                                                        :ARG3 (s56.m / most)))
                                          :ARG2 (s56.i / i
                                                       :same-as s18.f2))
                              :op2 (s56.h4 / hire-01
                                           :ARG0 s56.i
                                           :ARG1 s56.p2
                                           :condition (s56.h2 / have-degree-91
                                                              :ARG1 s56.p2
                                                              :ARG3 (s56.e / enough))))
                 :ARG2 s56.h3)
   :snt57 (s57.v / visit-01
                 :ARG0 (s57.p / person
                              :ARG0-of (s57.l / lead-02
                                              :ARG1 (s57.c / community
                                                           :ARG1-of (s57.b / black-05)))
                              :ARG0-of (s57.h / have-org-role-91
                                              :ARG2 (s57.m / minister))
                              :ARG0-of (s57.s / say-01
                                              :ARG1 (s57.h4 / hope-01
                                                            :ARG0 (s57.h2 / he
                                                                          :same-as s18.f2)
                                                            :ARG1 (s57.h3 / hire-01
                                                                          :ARG1 (s57.p2 / person
                                                                                        :quant (s57.s2 / some)
                                                                                        :ARG0-of (s57.w / work-01)
                                                                                        :ARG1-of (s57.b2 / black-05))
                                                                          :ARG2 (s57.p3 / plant
                                                                                        :ARG1-of (s57.n2 / new-01)
                                                                                        :mod (s57.t / this)
                                                                                        :poss s57.p
                                                                                        :same-as s52.p))
                                                            :ARG1-of (s57.s3 / sure-02))))
                 :ARG1 s57.h2
                 :mod (s57.a / also)
                 :rel (s57.n / name
                             :op1 "Mr."
                             :op2 "Teszler"
                             :same-as s18.f2))
   :snt58 (s58.g / get-01
                 :ARG0 (s58.h3 / he)
                 :ARG1 (s58.a2 / answer-01
                               :ARG1-of (s58.s / same-01)
                               :ARG2 (s58.a / and
                                            :op1 (s58.b / bring-01
                                                        :ARG0 (s58.y / you
                                                                     :same-as s53.p2)
                                                        :ARG1 (s58.p / person
                                                                     :ARG0-of (s58.w / work-01)
                                                                     :ARG1-of (s58.h / have-degree-91
                                                                                     :ARG1-of (s58.f / find-01
                                                                                                     :ARG0 s58.y
                                                                                                     :ARG1-of (s58.p2 / possible-01))
                                                                                     :ARG2 (s58.g2 / good-03
                                                                                                   :ARG1 s58.p)
                                                                                     :ARG3 (s58.m / most))))
                                            :op2 (s58.h4 / hire-01
                                                         :ARG0 s58.y
                                                         :ARG1 s58.p
                                                         :condition (s58.h2 / have-degree-91
                                                                            :ARG1 s58.p
                                                                            :ARG3 (s58.e / enough))))))
   :snt59 (s59.c / contrast-01
                 :ARG1 (s59.d / do-02
                              :ARG0 (s59.m2 / minister
                                            :ARG1-of (s59.b / black-05)
                                            :same-as s58.h3)
                              :ARG1 (s59.j / job
                                           :poss s59.m2)
                              :ARG1-of (s59.h / have-degree-91
                                              :ARG2 (s59.g / good-03
                                                           :ARG1 s59.m2
                                                           :ARG2 s59.d)
                                              :ARG3 (s59.m3 / more)
                                              :ARG4 (s59.m / mayor
                                                           :ARG1-of (s59.w / white-02)
                                                           :same-as s53.p2)))
                 :ARG2 (s59.o / or
                              :domain s59.d
                              :op1 (s59.h2 / here)
                              :op2 (s59.t / there)
                              :polarity "-"))
   :snt60 (s60.h / hire-01
                 :ARG0 (s60.p / person
                              :name (s60.n / name
                                           :op1 "Mr."
                                           :op2 "Teszler")
                              :same-as s18.f2)
                 :ARG1 (s60.m / man
                              :ARG2-of (s60.i / include-91)
                              :quant "16")
                 :rel (s60.a / and
                             :op1 (s60.p2 / person
                                          :ARG1-of (s60.w / white-02
                                                          :ARG1 s60.a)
                                          :quant "8")
                             :op2 (s60.p3 / person
                                          :ARG1-of (s60.b / black-05)
                                          :quant "8")))
   :snt61 (s61.g / group
                 :domain (s61.t / they
                                :same-as s60.a)
                 :mod (s61.s / seed)
                 :mod (s61.f / foreman
                             :poss (s61.h / he
                                          :same-as s18.f2)
                             :time (s61.f2 / future))
                 :poss s61.h)
   :snt62 (s62.a2 / and
                  :op1 (s62.i / install-01
                              :ARG0 (s62.h / he
                                           :same-as s18.f2)
                              :ARG1 (s62.e / equipment
                                           :purpose (s62.p / process-02
                                                           :ARG0 s62.h
                                                           :ARG1-of (s62.n2 / new-01)
                                                           :same-as s48.p2)
                                           :mod (s62.h2 / heavy))
                              :ARG2 (s62.s / store
                                           :ARG1-of (s62.a / abandon-01)
                                           :location (s62.v / vicinity
                                                            :mod (s62.m4 / mountain
                                                                         :name (s62.n / name
                                                                                      :op1 "Kings"
                                                                                      :op2 "Mountain")
                                                                         :same-as s52.m2))))
                  :op2 (s62.a3 / and
                               :duration (s62.t / temporal-quantity
                                                :unit (s62.m3 / month)
                                                :quant "2")
                               :manner (s62.t3 / together)
                               :op1 (s62.l / live-01
                                           :ARG0 (s62.m / man
                                                        :mod (s62.t2 / this)
                                                        :quant "16"
                                                        :same-as s60.a))
                               :op2 (s62.w / work-01
                                           :ARG0 s62.m)
                               :op3 (s62.m2 / master-01
                                            :ARG0 s62.m
                                            :ARG1 s62.p)))
   :snt63 (s63.a2 / and
                  :op1 (s63.g / gather-03
                              :ARG0 (s63.h / he
                                           :same-as s18.f2)
                              :ARG1 (s63.t2 / they
                                            :same-as s60.a)
                              :mod (s63.t3 / together)
                              :time (s63.a / after
                                           :op1 (s63.t4 / tour-01
                                                        :ARG0 s63.h
                                                        :ARG1 (s63.f / facility
                                                                     :mod (s63.t / that))
                                                        :mod (s63.i / initial))))
                  :op2 (s63.a4 / ask-01
                               :ARG0 s63.h
                               :ARG1 (s63.q / question
                                            :mod (s63.a3 / any))))
   :snt64 (s64.a2 / and
                  :op1 (s64.h / hem-and-haw-00
                              :ARG1 (s64.f / foot))
                  :op2 (s64.l / limp-01
                              :ARG1 s64.f)
                  :op3 (s64.a3 / and
                               :op1 (s64.s3 / step-01
                                            :ARG0 (s64.p / person
                                                         :ARG1-of (s64.i / include-91
                                                                         :ARG2 (s64.p2 / person
                                                                                       :ARG0-of (s64.w5 / work-01)
                                                                                       :ARG1-of (s64.w4 / white-02)))
                                                         :quant "1")
                                            :direction (s64.f2 / forward))
                               :op2 (s64.s / say-01
                                           :ARG0 s64.p)
                               :time (s64.t / then))
                  :op4 (s64.a4 / and
                               :mod (s64.y / yeah
                                           :mod (s64.w3 / well))
                               :op1 (s64.p4 / place
                                            :quant (s64.t2 / this)
                                            :location-of (s64.s2 / sleep-01)
                                            :mod (s64.o / only))
                               :op2 (s64.p5 / place
                                            :quant (s64.o2 / only)
                                            :location-of (s64.e / eat-01)
                                            :mod (s64.o3 / only)
                                            :op3-of s64.a4)
                               :op4 (s64.f3 / fountain
                                            :mod (s64.w / water))
                               :op5 (s64.o4 / or
                                            :op1 (s64.i2 / integrate-01
                                                         :ARG1 (s64.p6 / plant
                                                                       :mod (s64.t3 / this)
                                                                       :same-as s52.p))
                                            :op2 (s64.a / amr-unknown)))
                  :rel (s64.l2 / look-01
                               :ARG0 (s64.w2 / we
                                             :same-as s60.a)
                               :ARG1 (s64.p3 / place
                                             :mod s64.t2
                                             :same-as s63.f))
                  :rel (s64.b / bathroom)
                  :rel "1")
   :snt65 (s65.r / reckon-01
                 :ARG0 (s65.i / i
                              :same-as s4.i)
                 :ARG1 (s65.d / do-02
                              :ARG0 s65.i
                              :polarity "-"))
   :snt66 (s66.a2 / and
                  :op2 (s66.m2 / meet-03
                               :ARG0 (s66.f2 / foreman
                                             :ARG1-of (s66.b2 / black-05)
                                             :ARG1-of (s66.s4 / stand-01
                                                              :manner (s66.s2 / shoulder
                                                                              :op1 (s66.s3 / shoulder)))
                                             :quant "16")
                               :ARG1 (s66.p / person
                                            :quant (s66.m4 / multiple
                                                           :op1 "100")
                                            :ARG0-of (s66.w3 / work-01)
                                            :ARG1-of (s66.n / new-01))
                               :time (s66.a3 / and
                                             :op1 (s66.o / open-01
                                                         :ARG1 (s66.p3 / plant
                                                                       :mod (s66.m / main)
                                                                       :same-as s52.p))
                                             :op2 (s66.p4 / pour-01
                                                          :purpose (s66.s / see-01
                                                                          :ARG0 (s66.a4 / and
                                                                                        :op1 (s66.p2 / person
                                                                                                     :ARG0-of (s66.w4 / work-01)
                                                                                                     :ARG1-of (s66.w / white-02)
                                                                                                     :ARG1-of (s66.b / black-05)
                                                                                                     :ARG1-of (s66.w2 / white-02
                                                                                                                      :same-as s60.a))
                                                                                        :op2 s66.p)
                                                                          :ARG1 (s66.f / facility
                                                                                       :same-as s52.p)
                                                                          :ord (s66.o2 / ordinal-entity
                                                                                       :value "1"))
                                                          :ARG1 s66.a4)))
                  :rel (s66.a / after
                              :quant (s66.t / temporal-quantity
                                            :unit (s66.m3 / month)
                                            :quant "2")
                              :op1 s66.a3))
   :snt67 (s67.a2 / and
                  :op1 (s67.t3 / tour-01
                               :ARG0 (s67.t / they
                                            :same-as s60.a)
                               :ARG1 (s67.f / facility
                                            :same-as s52.p))
                  :op2 (s67.a5 / ask-01
                               :ARG1 (s67.t4 / truth-value
                                             :polarity-of (s67.q / question-01
                                                                 :mod (s67.a3 / any)))
                               :ARG2 s67.t)
                  :op3 (s67.a4 / arise-02
                               :ARG1 (s67.q2 / question-01
                                             :ARG1 (s67.o / or
                                                          :op1 (s67.i / integrate-01
                                                                      :ARG1 (s67.p / plant
                                                                                   :mod (s67.t2 / this)
                                                                                   :same-as s52.p))
                                                          :op2 (s67.a / amr-unknown))
                                             :ARG1-of (s67.s / same-01))
                               :ARG1-of (s67.a6 / avoid-01
                                                :ARG1-of (s67.p2 / possible-01
                                                                 :polarity "-"))))
   :snt68 (s68.a / and
                 :op2 (s68.a2 / and
                              :op1 (s68.s2 / step-01
                                           :ARG1 (s68.f / foreman
                                                        :ARG1-of (s68.i / include-91
                                                                        :ARG2 (s68.f2 / foreman
                                                                                      :ARG1-of (s68.w3 / white-02)))
                                                        :quant "1")
                                           :direction (s68.f3 / forward))
                              :op2 (s68.s / say-01
                                          :ARG0 s68.f
                                          :ARG1 (s68.a3 / and
                                                        :op1 (s68.p / pay-01
                                                                    :ARG1 (s68.h / have-quant-91
                                                                                 :ARG1 (s68.w / wage)
                                                                                 :ARG3 (s68.t3 / times
                                                                                               :op1 "2")
                                                                                 :poss (s68.p2 / person
                                                                                               :ARG0-of (s68.w4 / work-01
                                                                                                                :ARG2 (s68.i2 / industry
                                                                                                                              :location (s68.r / region
                                                                                                                                               :mod (s68.t / this))))
                                                                                               :mod (s68.o / other
                                                                                                           :mod (s68.a4 / any))))
                                                                    :ARG2 (s68.y / you))
                                                        :op2 (s68.d / do-02
                                                                    :ARG0 (s68.w2 / we)
                                                                    :ARG1 (s68.b / business)
                                                                    :manner (s68.t2 / this))))))
   :snt69 (s69.q / question-01
                 :ARG0 (s69.y / you
                              :same-as s68.y)
                 :mod (s69.o / other)
                 :mod (s69.a2 / any)
                 :polarity (s69.a / amr-unknown))
   :snt70 (s70.a / achieve-01
                 :ARG1 (s70.i2 / it)
                 :ARG1-of (s70.d / deserve-01
                                 :ARG2 (s70.p / person
                                              :name (s70.n / name
                                                           :op1 "Mahatma"
                                                           :op2 "Gandhi"
                                                           :same-as s21.p)
                                              :ARG0-of (s70.c / conduct-01
                                                              :manner (s70.a2 / and
                                                                              :op1 (s70.s2 / shrewdness
                                                                                           :poss (s70.l / lawyer))
                                                                              :op2 (s70.i / idealism
                                                                                          :poss (s70.s / saint)))))))
   :snt71 (s71.r / reassure-01
                 :ARG0 (s71.p / person
                              :ARG0-of (s71.s3 / survive-01
                                               :ARG1 (s71.e / event
                                                            :name (s71.n3 / name
                                                                          :op1 "Holocaust")))
                              :domain (s71.s / spirit
                                             :ARG0-of (s71.p2 / preside-01)
                                             :poss (s71.c / college
                                                          :location (s71.s2 / state
                                                                            :name (s71.n2 / name
                                                                                          :op1 "South"
                                                                                          :op2 "Carolina")
                                                                            :mod (s71.u / upstate)
                                                                            :same-as s17.n)
                                                          :mod (s71.r2 / religious-group
                                                                       :name (s71.n / name
                                                                                    :op1 "Methodist"))
                                                          :mod (s71.l / little)
                                                          :mod (s71.t / this)))
                              :source (s71.w / world-region
                                             :name (s71.n4 / name
                                                           :op1 "Central"
                                                           :op2 "Europe")))
                 :ARG1 (s71.i / i
                              :same-as s4.i)
                 :degree (s71.i2 / immense))
   :snt72 (s72.c / contrast-01
                 :ARG1 (s72.w / wise
                              :domain (s72.h / he
                                             :same-as s71.s)
                              :mod (s72.i / indeed))
                 :ARG2 (s72.s / sense-01
                              :ARG0 s72.h
                              :ARG1 (s72.h2 / humor)
                              :ARG1-of (s72.w2 / wonderful-03)
                              :mod (s72.a / also)))
   :snt73 (s73.a / and
                 :op2 (s73.s / screen-03
                             :purpose (s73.c / class
                                             :mod (s73.i2 / interdisciplinary))
                             :ARG0 (s73.i / i
                                          :same-as s4.i)
                             :ARG1 (s73.s2 / segment
                                           :ARG0-of (s73.o / open-01
                                                           :ARG1 (s73.b / book
                                                                        :name (s73.n2 / name
                                                                                      :op1 "The"
                                                                                      :op2 "Seventh"
                                                                                      :op3 "Seal")
                                                                        :poss (s73.p / person
                                                                                     :name (s73.n / name
                                                                                                  :op1 "Ingmar"
                                                                                                  :op2 "Bergman")))))
                             :frequency "1"))
   :snt74 (s74.c / contrast-01
                 :ARG2 (s74.p / passion
                              :ARG1-of (s74.h / have-degree-91
                                              :ARG2 (s74.g / great)
                                              :ARG3 (s74.m / most))
                              :domain (s74.m2 / music
                                              :mod (s74.o / opera
                                                          :mod (s74.e / especially)))
                              :poss (s74.h2 / he
                                            :same-as s71.s)))
   :snt75 (s75.a / and
                 :op2 (s75.g / give-01
                             :ARG0 (s75.h / he
                                          :same-as s71.s)
                             :ARG1 (s75.h2 / honor
                                           :topic (s75.d / decide-01
                                                         :ARG0 s75.h
                                                         :ARG1 (s75.p / piece
                                                                      :ARG1-of (s75.l / listen-01
                                                                                      :ARG0 (s75.w / we))
                                                                      :mod (s75.m / music))))
                             :ARG2 (s75.i / i
                                          :same-as s4.i)
                             :time (s75.v / visit-01
                                          :ARG1 (s75.h3 / house
                                                        :poss s75.h
                                                        :poss s75.i)
                                          :ord (s75.o / ordinal-entity
                                                      :value "1"))))
   :snt76 (s76.a2 / and
                  :op2 (s76.d / delight-01
                              :ARG0 (s76.i / i
                                           :same-as s4.i)
                              :ARG1 (s76.h / he
                                           :same-as s71.s)
                              :ARG2 (s76.r / reject-01
                                           :ARG1 (s76.w / work-of-art
                                                        :ARG1-of (s76.t / title-01))
                                           :ARG3-of (s76.f / favor-01
                                                           :ARG2 (s76.w2 / work-of-art
                                                                         :name (s76.n2 / name
                                                                                       :op1 "Bluebeard"
                                                                                       :op2 "'s"
                                                                                       :op3 "Castle"))))
                              :ARG0-of s76.r)
                  :rel (s76.p / person
                              :name (s76.n / name
                                           :op1 "Bela"
                                           :op2 "Bartok"))
                  :rel (s76.a / Cavalleria)
                  :rel (s76.u / Rusticana))
   :snt77 (s77.a / and
                 :op1 (s77.l / love-01
                             :ARG0 (s77.i / i
                                          :same-as s4.i)
                             :ARG1 (s77.m / music
                                          :poss (s77.p / person
                                                       :name (s77.n / name
                                                                    :op1 "Bartok")
                                                       :same-as s76.p))
                             :ARG1-of (s77.r2 / resemble-01
                                              :ARG2 (s77.p2 / person
                                                            :name (s77.n2 / name
                                                                          :op1 "Mr."
                                                                          :op2 "Teszler")
                                                            :same-as s18.f2)))
                 :op2 (s77.h / have-03
                             :ARG0 s77.p2
                             :ARG1 (s77.r / record-01
                                          :ARG1 s77.m
                                          :ARG1-of (s77.i2 / issue-01
                                                           :time (s77.e / ever))
                                          :mod (s77.e2 / every
                                                       :mod (s77.v / virtual)))))
   :snt78 (s78.a / and
                 :op2 (s78.a2 / and
                              :op1 (s78.h2 / hear-01
                                           :ARG0 (s78.i / i
                                                        :same-as s4.i)
                                           :ARG1 (s78.s2 / symphony
                                                         :ord (s78.o2 / ordinal-entity
                                                                      :value "3")
                                                         :poss (s78.p / person
                                                                      :name (s78.n / name
                                                                                   :op1 "Bartok"
                                                                                   :op2 "Piano")))
                                           :location (s78.h3 / house
                                                             :poss (s78.h / he
                                                                          :same-as s71.s)
                                                             :same-as s75.h3)
                                           :ord (s78.o / ordinal-entity
                                                       :value "1"))
                              :op2 (s78.l / learn-01
                                          :ARG0 s78.i
                                          :ARG1 (s78.c2 / compose-02
                                                        :ARG1 s78.s2
                                                        :location (s78.c / city
                                                                         :name (s78.n3 / name
                                                                                       :op1 "Asheville")
                                                                         :ARG1-of (s78.n5 / near-02)
                                                                         :location (s78.s / state
                                                                                          :name (s78.n4 / name
                                                                                                        :op1 "North"
                                                                                                        :op2 "Carolina")
                                                                                          :same-as s7.s2))
                                                        :time (s78.y / year
                                                                     :ord (s78.o3 / ordinal-entity
                                                                                  :value "-1")
                                                                     :part-of (s78.l2 / live-01
                                                                                      :ARG0 s78.p)))
                                          :ARG2 (s78.p2 / person
                                                        :name (s78.n2 / name
                                                                      :op1 "Mr."
                                                                      :op2 "Teszler")
                                                        :same-as s18.f2))))
   :snt79 (s79.a / and
                 :op1 (s79.d2 / die-01
                              :ARG1 (s79.h2 / he
                                            :ARG0-of (s79.k / know-01
                                                            :ARG1 s79.d2)
                                            :same-as s76.p)
                              :ARG1-of (s79.c / cause-01
                                              :ARG0 (s79.l / leukemia)))
                 :op2 (s79.d / dedicate-01
                             :ARG0 s79.h2
                             :ARG1 (s79.c3 / concerto
                                           :mod (s79.t / this)
                                           :same-as s78.s2)
                             :ARG2 (s79.p / person
                                          :name (s79.n / name
                                                       :op1 "Dita")
                                          :ARG0-of (s79.h / have-rel-role-91
                                                          :ARG1 s79.h2
                                                          :ARG2 (s79.w / wife))
                                          :mod (s79.p2 / pianist
                                                       :mod (s79.c2 / concert)))))
   :snt80 (s80.a2 / and
                  :rel (s80.m2 / move-01
                               :ARG1-of (s80.s / slow-01)
                               :ARG1-of (s80.m / mark-02
                                               :ARG2 (s80.a / adagio
                                                            :mod (s80.r / religious)))
                               :ord (s80.o / ordinal-entity
                                           :value "2")
                               :prep-into (s80.i / incorporate-02
                                                 :ARG0 (s80.h / he
                                                              :same-as s76.p)
                                                 :ARG1 (s80.s2 / sound-02
                                                               :ARG1 (s80.b / birdsong)
                                                               :ARG1-of (s80.h2 / hear-01
                                                                                :ARG0 s80.h
                                                                                :location (s80.o2 / outside
                                                                                                  :op1 (s80.w / window
                                                                                                              :poss s80.h))
                                                                                :time (s80.d / date-entity
                                                                                             :ARG1-of (s80.k / know-01
                                                                                                             :ARG0 s80.h)
                                                                                             :season (s80.s3 / spring
                                                                                                             :mod (s80.l / last))))))))
   :snt81 (s81.i / imagine-01
                 :ARG0 (s81.h / he
                              :same-as s76.p)
                 :ARG1 (s81.f / future
                              :time-of (s81.p2 / play-02
                                               :ARG0 s81.h
                                               :ARG1 (s81.p / part)
                                               :polarity "-"))
                 :ARG2 (s81.s / she
                              :same-as s79.p))
   :snt82 (s82.a2 / and
                  :ARG1-of (s82.c / clear-06)
                  :op2 (s82.s2 / state-01
                               :ARG0 (s82.h / he
                                            :same-as s76.p)
                               :ARG1 (s82.t / thing
                                            :ARG1-of (s82.c2 / compose-01)
                                            :ARG1-of (s82.p / perform-01
                                                            :ord (s82.o / ordinal-entity
                                                                        :value "1")
                                                            :path (s82.w / world)
                                                            :time (s82.a / after
                                                                         :op1 (s82.d / die-01
                                                                                     :ARG1 s82.h)))
                                            :mod (s82.t2 / this
                                                         :same-as s78.s2))
                               :ARG2 (s82.s / she
                                            :same-as s79.p)
                               :mod (s82.f / final)))
   :snt83 (s83.a2 / and
                  :op2 (s83.s / say-01
                              :ARG0 (s83.i / it
                                           :same-as s78.s2)
                              :ARG1 (s83.c / cause-01
                                           :ARG0 (s83.b / beautiful-02
                                                        :ARG1 (s83.i2 / it
                                                                      :mod (s83.a / all))
                                                        :degree (s83.s2 / so))
                                           :ARG1 (s83.o / okay-04))
                              :ARG1-of (s83.h / have-degree-91
                                              :ARG2 (s83.c2 / clear-06
                                                            :ARG1 s83.s)
                                              :ARG3 (s83.e / equal
                                                           :mod (s83.j / just)))))
   :snt84 (s84.b / be-located-at-91
                 :ARG1 (s84.i / i
                              :same-as s76.p)
                 :ARG2 (s84.t / there)
                 :time (s84.h / hear-01
                              :ARG0 (s84.y / you)
                              :ARG1 (s84.t2 / this
                                            :same-as s78.s2)
                              :mod (s84.a / any)))
   :snt85 (s85.h / hear-01
                 :ARG0 (s85.p / person
                              :name (s85.n / name
                                           :op1 "Mr."
                                           :op2 "Teszler")
                              :same-as s18.f2)
                 :ARG1 (s85.g / go-on-25
                              :ARG0 (s85.i / i
                                           :same-as s4.i)
                              :ARG1 (s85.i2 / iniquity
                                            :mod (s85.h2 / human)
                                            :polarity "-"))
                 :ARG2 s85.i
                 :time (s85.b / before
                              :ARG1-of (s85.l / long-03
                                              :polarity "-")
                              :op1 (s85.d / die-01
                                          :ARG1 s85.p
                                          :time (s85.a / age-01
                                                       :ARG1 s85.p
                                                       :ARG2 (s85.t / temporal-quantity
                                                                    :unit (s85.y / year)
                                                                    :quant "97")))))
   :snt86 (s86.a3 / and
                  :op1 (s86.d / deliver-01
                              :ARG0 (s86.i / i
                                           :same-as s4.i)
                              :ARG1 (s86.l / lecture-01
                                           :ARG1 (s86.d2 / describe-01
                                                         :ARG0 s86.i
                                                         :ARG1 (s86.h / history)
                                                         :ARG2 (s86.w / wave-04
                                                                      :ARG1 (s86.a2 / and
                                                                                    :op1 (s86.s2 / suffer-01
                                                                                                 :ARG0 (s86.h2 / human))
                                                                                    :op2 (s86.b2 / brutalize-01
                                                                                                 :ARG0 s86.h2))
                                                                      :mod (s86.o / on-the-whole)))))
                  :op2 (s86.c / come-01
                              :ARG1 (s86.p / person
                                           :name (s86.n / name
                                                        :op1 "Mr."
                                                        :op2 "Teszler"
                                                        :same-as s18.f2)
                                           :ARG0-of (s86.s / say-01
                                                           :ARG1 (s86.g2 / good-02
                                                                         :ARG1 (s86.b / being
                                                                                      :mod (s86.h3 / human))
                                                                         :manner (s86.f / fundamental))
                                                           :ARG2 s86.i
                                                           :ARG2 (s86.d3 / doctor
                                                                         :same-as s4.i)))
                              :ARG4 s86.i
                              :manner (s86.r / rebut-01
                                             :ARG0 s86.p
                                             :ARG1 s86.i
                                             :ARG1-of (s86.g / gentle-01))
                              :time (s86.a / afterwards)))
   :snt87 (s87.a / and
                 :op2 (s87.v / vow-01
                             :ARG0 (s87.i / i
                                          :same-as s4.i)
                             :ARG1 (s87.p / presume-01
                                          :ARG0 s87.i
                                          :ARG1 (s87.d / differ-01
                                                       :ARG0 s87.i)
                                          :condition (s87.r / reach-01
                                                            :ARG0 (s87.m / man
                                                                         :ARG0-of (s87.h / have-03
                                                                                         :ARG1 (s87.c / cause-01
                                                                                                      :ARG1 (s87.t4 / think-01
                                                                                                                    :ARG0 s87.m
                                                                                                                    :ARG1 (s87.s / something
                                                                                                                                 :mod (s87.e / else)))
                                                                                                      :mod (s87.s2 / such)))
                                                                         :mod (s87.t5 / this)
                                                                         :same-as s18.f2)
                                                            :ARG1 (s87.c2 / conclude-01
                                                                          :ARG0 s87.m
                                                                          :mod (s87.t / that)))
                                          :time (s87.u / until
                                                       :op1 (s87.r2 / release-01
                                                                    :ARG0 s87.i
                                                                    :ARG1 s87.c2))
                                          :polarity "-")
                             :time (s87.a2 / and
                                           :op1 (s87.t2 / then)
                                           :op2 (s87.t3 / there))))
   :snt88 (s88.a / and
                 :ARG0-of (s88.c / cause-01
                                 :ARG1 (s88.s / stick-01
                                              :ARG1 (s88.i / i
                                                           :same-as s4.i)
                                              :ARG2 (s88.v / vow-01
                                                           :ARG0 s88.i)))
                 :op2 (s88.d / die-01
                             :ARG1 (s88.h / he
                                          :same-as s18.f2)
                             :time (s88.n / now)))
   :snt89 (s89.s / say-01
                 :ARG0 (s89.i / i)
                 :ARG1 (s89.n2 / napot
                               :mode "expressive")
                 :ARG2 (s89.p / person
                              :name (s89.n / name
                                           :op1 "Sandor")))
   :snt90 (s90.c3 / contrast-01
                  :ARG1 (s90.t3 / think-01
                                :ARG0 (s90.i / i
                                             :same-as s4.i)
                                :ARG1 (s90.c2 / come-01
                                              :ARG1 (s90.s / skein
                                                           :mod (s90.p / person
                                                                       :ARG0-of (s90.h / have-rel-role-91
                                                                                       :ARG1 s90.i
                                                                                       :ARG3 (s90.m3 / mentor-01
                                                                                                     :ARG1 s90.i))
                                                                       :mod (s90.c4 / country
                                                                                    :name (s90.n / name
                                                                                                 :op1 "Poland")))
                                                           :poss s90.i)
                                              :ARG4 (s90.e / end-01
                                                           :ARG1 s90.s)))
                  :ARG2 (s90.m2 / meet-02
                                :ARG0 s90.i
                                :ARG1 (s90.d2 / doctor
                                              :name (s90.n2 / name
                                                            :op1 "Francis"
                                                            :op2 "Robicsek")
                                              :ARG0-of (s90.p3 / pioneer-01
                                                               :ARG1 (s90.s5 / surgery-01
                                                                             :ARG1 (s90.h3 / heart
                                                                                           :ARG1-of (s90.o / open-01))))
                                              :ARG0-of (s90.t4 / tinker-01
                                                               :location (s90.g / garage
                                                                                :location (s90.b / behind
                                                                                                 :op1 (s90.h4 / house
                                                                                                              :poss s90.d2))
                                                                                :poss s90.d2))
                                              :ARG0-of (s90.i3 / invent-01
                                                               :ARG1 (s90.d / device
                                                                            :quant (s90.m / many)
                                                                            :ARG1-of (s90.s2 / standard-02)))
                                              :mod s90.c4
                                              :mod (s90.p2 / person
                                                           :ARG0-of (s90.s4 / surgery-01
                                                                            :ARG2 (s90.h2 / heart))
                                                           :ARG1-of (s90.a / actual-02)
                                                           :ARG1-of (s90.a2 / age-01
                                                                            :ARG2 (s90.l / late
                                                                                         :op1 (s90.t / temporal-quantity
                                                                                                     :unit (s90.y / year)
                                                                                                     :quant "60"))
                                                                            :time (s90.t2 / then))
                                                           :location (s90.c / city
                                                                            :name (s90.n3 / name
                                                                                          :op1 "Charlotte")
                                                                            :location (s90.s3 / state
                                                                                              :name (s90.n4 / name
                                                                                                            :op1 "North"
                                                                                                            :op2 "Carolina")
                                                                                              :same-as s7.s2))))
                                :time (s90.i2 / immediate
                                              :mod (s90.a3 / almost))))
   :snt91 (s91.a3 / and
                  :op1 (s91.b / begin-01
                              :ARG0 (s91.p2 / person
                                            :ARG0-of (s91.c2 / collect-01
                                                             :ARG1 (s91.a5 / art))
                                            :domain (s91.h / he)
                                            :mod (s91.p3 / prodigious)
                                            :mod (s91.a / also))
                              :ARG2 (s91.i / intern-01
                                           :ARG0 s91.h)
                              :location (s91.c / city
                                               :name (s91.n / name
                                                            :op1 "Budapest")
                                               :same-as s24.c)
                              :manner (s91.c3 / collect-01
                                              :ARG0 s91.h
                                              :ARG1 (s91.a2 / and
                                                            :op1 (s91.a6 / art
                                                                         :time (s91.d / date-entity
                                                                                      :century "16"))
                                                            :op2 (s91.a7 / art
                                                                         :time (s91.d2 / date-entity
                                                                                       :century "17"))
                                                            :op2 (s91.p / paint-02
                                                                        :ARG0 (s91.c6 / country
                                                                                      :name (s91.n3 / name
                                                                                                    :op1 "Poland")))
                                                            :op2 (s91.t2 / tile
                                                                         :mod (s91.c9 / country
                                                                                      :name (s91.n5 / name
                                                                                                    :op1 "Russia"))))))
                  :rel (s91.n2 / name
                               :op1 "Netherlands")
                  :rel (s91.a4 / and
                               :op1 (s91.c5 / come-01
                                            :ARG1 s91.h
                                            :ARG4 (s91.c7 / country
                                                          :mod (s91.t / this)))
                               :op1 (s91.a8 / art
                                            :mod (s91.c4 / colony)
                                            :mod (s91.c8 / country
                                                         :name (s91.n4 / name
                                                                       :op1 "Spain")))
                               :op2 (s91.m / move-01
                                           :ARG0 s91.h
                                           :ARG2 s91.a4)
                               :op3 (s91.t3 / tile
                                            :mod (s91.f / final)
                                            :source (s91.i2 / island
                                                            :name (s91.n6 / name
                                                                          :op1 "Andes")))))
   :snt92 (s92.a / author-01
                 :ARG0 (s92.h / he
                              :same-as s91.h)
                 :ARG1 (s92.b / book
                              :ARG2-of (s92.i / include-91
                                              :ARG1 (s92.b2 / book
                                                            :topic (s92.t / tile
                                                                          :source (s92.i2 / island
                                                                                          :name (s92.n / name
                                                                                                       :op1 "Mayan")))
                                                            :quant "6"))
                              :quant "7"))
   :snt93 (s93.b / break-01
                 :ARG0 (s93.h / he
                              :same-as s91.h)
                 :ARG0-of (s93.e / enable-01
                                 :ARG1 (s93.r / relate-01
                                              :ARG0 (s93.s / scholar)
                                              :ARG1 (s93.p / picture
                                                           :location (s93.c / ceramics
                                                                            :mod (s93.w / world-region
                                                                                        :name (s93.n / name
                                                                                                     :op1 "Mayan"))))
                                              :ARG2 (s93.p2 / pyramid
                                                            :mod (s93.s2 / script
                                                                         :mod s93.w)))
                                 :ARG2 s93.s)
                 :ARG1 (s93.c2 / codex
                               :mod s93.w))
   :snt94 (s94.a / and
                 :op1 (s94.t2 / tour-01
                              :ARG0 (s94.w / we)
                              :ARG1 (s94.h2 / house
                                            :poss (s94.h / he
                                                         :same-as s91.h)
                                            :same-as s75.h3))
                 :op2 (s94.s2 / see-01
                              :ARG0 s94.w
                              :ARG1 (s94.w2 / work-12
                                            :quant (s94.m / multiple
                                                          :op1 "100")
                                            :mod (s94.q / quality
                                                        :mod (s94.m2 / museum))))
                 :op3 (s94.p / pause-01
                             :ARG0 s94.w
                             :location (s94.i2 / in-front-of
                                               :op1 (s94.d / door
                                                           :ARG1-of (s94.c / close-01)))
                             :time (s94.t / then))
                 :op4 (s94.s / say-01
                             :ARG0 (s94.p2 / person
                                           :name (s94.n / name
                                                        :op1 "Dr."
                                                        :op2 "Robicsek"))
                             :ARG1 (s94.p3 / piece
                                           :mod (s94.r / resist-01)
                                           :time (s94.n2 / now))
                             :manner (s94.p4 / pride-01
                                             :ARG0 s94.p2
                                             :ARG1-of (s94.o / obvious-01)))
                 :time (s94.o2 / occasion-02
                               :ARG1 (s94.v / visit-01
                                            :ARG0 (s94.i / i
                                                         :same-as s4.i)
                                            :ord (s94.o3 / ordinal-entity
                                                         :value "1"))))
   :snt95 (s95.a / and
                 :op1 (s95.o / open-01
                             :ARG0 (s95.h2 / he
                                           :same-as s91.h)
                             :ARG1 (s95.d3 / door
                                           :same-as s94.d))
                 :op2 (s95.w / walk-01
                             :ARG0 (s95.w2 / we
                                           :same-as s94.w)
                             :destination (s95.r / room
                                                 :ARG0-of (s95.h / have-03
                                                                 :ARG1 (s95.s / shelf
                                                                              :prep-from (s95.f / floor
                                                                                                :prep-to (s95.f2 / floor))))
                                                 :extent (s95.d2 / distance-quantity
                                                                 :unit (s95.f3 / foot)
                                                                 :unit (s95.f4 / foot)
                                                                 :quant "20")
                                                 :part (s95.w3 / window
                                                               :polarity "-")))
                 :op3 (s95.c2 / cram-01
                              :ARG1 s95.r
                              :location (s95.s2 / shelf
                                                :mod (s95.e / every)))
                 :rel (s95.d / distance-quantity
                             :quant "20")
                 :rel (s95.c / collect-01
                             :ARG0 (s95.h3 / he)
                             :ARG1 (s95.t / tile
                                          :mod (s95.i / island
                                                      :name (s95.n / name
                                                                   :op1 "Mayan")))))
   :snt96 (s96.c3 / contrast-01
                  :ARG1 (s96.k / know-01
                               :ARG0 (s96.i / i
                                            :same-as s4.i)
                               :ARG1 (s96.n3 / nothing
                                             :mod (s96.a / absolute)
                                             :topic (s96.c2 / ceramics
                                                            :source (s96.i3 / island
                                                                            :name (s96.n / name
                                                                                         :op1 "Mayan")))))
                  :ARG2 (s96.w / want-01
                               :ARG0 s96.i
                               :ARG0-of (s96.c / cause-01
                                               :ARG1 (s96.s / say-01
                                                            :ARG0 s96.i
                                                            :ARG1 (s96.c4 / contrast-01
                                                                          :ARG2 (s96.d / dazzle-01
                                                                                       :ARG0 (s96.t / this
                                                                                                    :same-as s48.p2)
                                                                                       :degree (s96.a2 / absolute)))
                                                            :ARG2 (s96.p / person
                                                                         :name (s96.n2 / name
                                                                                       :op1 "Dr."
                                                                                       :op2 "Robicsek"))))
                               :ARG1 (s96.i2 / ingratiate-01
                                             :ARG0 s96.i
                                             :ARG2-of (s96.h / have-degree-91
                                                             :ARG1 s96.i
                                                             :ARG3 (s96.e / equal)
                                                             :ARG4 (s96.p2 / possible-01
                                                                           :ARG1 s96.i2))))
                  :time (s96.n4 / now))
   :snt97 (s97.s / say-01
                 :ARG0 (s97.h / he
                              :same-as s91.h)
                 :ARG1 (s97.y / yes))
   :snt98 (s98.s / say-01
                 :ARG0 (s98.m / museum
                              :name (s98.n / name
                                           :op1 "Louvre"))
                 :ARG1 (s98.t / that))
   :snt99 (s99.h2 / have-concession-91
                  :ARG1 (s99.l / leave-14
                               :ARG0 (s99.t / they
                                            :same-as s98.m)
                               :ARG1 (s99.i / i
                                            :same-as s91.h)
                               :mod (s99.a / alone)
                               :time (s99.u / until
                                            :op1 (s99.l2 / let-01
                                                         :ARG0 s99.i
                                                         :ARG1 (s99.h / have-03
                                                                      :ARG0 s99.t
                                                                      :ARG1 (s99.p / piece))))
                               :polarity "-")
                  :ARG2 (s99.g / good-02
                               :ARG1 s99.p
                               :polarity "-"))
   :snt100 (s100.r / recommend-01
                   :ARG0 (s100.i / i
                                 :same-as s4.i)
                   :ARG1 (s100.i2 / invite-01
                                  :ARG0 s100.i
                                  :ARG1 (s100.p / person
                                                :name (s100.n / name
                                                              :op1 "Dr."
                                                              :op2 "Robicsek"))
                                  :ARG2 (s100.l / lecture-01
                                                :ARG0 s100.p
                                                :ARG2 (s100.a / amr-unknown
                                                              :mod (s100.e / else))
                                                :location (s100.u / university
                                                                  :name (s100.n2 / name
                                                                                 :op1 "Wofford"
                                                                                 :op2 "College")
                                                                  :same-as s17.k)))
                   :mod (s100.w / well))
   :snt101 (s101.a2 / and
                    :op1 (s101.c / convene-01
                                 :ARG0 (s101.w / we
                                               :same-as s94.w)
                                 :accompanier (s101.d / doctor
                                                      :name (s101.n / name
                                                                    :op1 "Robicsek"))
                                 :accompanier (s101.p / person
                                                      :name (s101.n2 / name
                                                                     :op1 "Mr."
                                                                     :op2 "Milliken"))
                                 :location (s101.h / house
                                                   :poss (s101.p2 / president)
                                                   :same-as s75.h3)
                                 :time (s101.a / afterwards)))
   :snt102 (s102.a / and
                   :op2 (s102.r / recognize-02
                                :ARG0 (s102.i / i
                                              :same-as s4.i)
                                :ARG1 (s102.e / enormity
                                              :degree-of (s102.r3 / risk-01
                                                                  :ARG0 s102.i
                                                                  :ARG1-of (s102.c3 / create-01
                                                                                    :ARG0 s102.i)))
                                :ARG1-of (s102.c / cause-01
                                                 :ARG0 (s102.r2 / resemble-01
                                                                :ARG1 (s102.b / bring-01
                                                                              :ARG1 (s102.g / god
                                                                                            :ARG0-of (s102.m / master-01
                                                                                                             :ARG1 (s102.u / universe))
                                                                                            :mod (s102.t2 / this)
                                                                                            :quant "2")
                                                                              :ARG2 (s102.t3 / together))
                                                                :ARG2 (s102.i2 / introduce-01
                                                                               :ARG0 s102.i
                                                                               :ARG1 (s102.a2 / animal
                                                                                              :name (s102.n / name
                                                                                                            :op1 "Mothra"))
                                                                               :ARG2 (s102.p / person
                                                                                             :name (s102.n2 / name
                                                                                                            :op1 "Godzilla"))
                                                                               :location (s102.o2 / over
                                                                                                  :op1 (s102.s2 / skyline
                                                                                                                :poss (s102.c2 / city
                                                                                                                               :name (s102.n3 / name
                                                                                                                                              :op1 "Tokyo")))))))
                                :time (s102.m2 / moment
                                               :mod (s102.t / that)
                                               :mod (s102.o / only)
                                               :time-of (s102.s / sit-down-02
                                                                :ARG1 (s102.w / we
                                                                              :same-as s94.w)
                                                                :ARG2 (s102.d / dinner)))))
   :snt103 (s103.p / possible-01
                   :ARG1 (s103.t2 / trample-01
                                  :ARG1 (s103.w / we
                                                :mod (s103.a / all))
                                  :ARG4 (s103.d / die-01
                                                :ARG1 s103.w))
                   :condition (s103.d2 / dislike-01
                                       :ARG0 (s103.t / they
                                                     :same-as s102.g)
                                       :ARG1 (s103.o / other
                                                     :mod (s103.e / each))))
   :snt104 (s104.c / contrast-01
                   :ARG2 (s104.a / and
                                 :op1 (s104.d / do-02
                                              :ARG0 (s104.t / they
                                                            :same-as s102.g))
                                 :op2 (s104.l / like-01
                                              :ARG0 s104.t
                                              :ARG1 (s104.o / other
                                                            :mod (s104.e / each)
                                                            :same-as s103.o))))
   :snt105 (s105.a / and
                   :op1 (s105.g / get-along-18
                                :ARG1 (s105.t2 / they
                                               :same-as s102.g)
                                :ARG1-of (s105.f / fame-01)
                                :time (s105.u / until
                                              :op1 (s105.e / end-01
                                                           :ARG1 (s105.m / meal)
                                                           :degree (s105.v / very))))
                   :op2 (s105.a2 / argue-02
                                 :ARG0 s105.t2
                                 :ARG1 s105.t2
                                 :ARG1-of (s105.f2 / furious-02)
                                 :time (s105.t / then)))
   :snt106 (s106.a / and
                   :op2 (s106.a2 / argue-02
                                 :ARG0 (s106.t / they
                                               :same-as s102.g)
                                 :ARG2 (s106.t2 / truth-value
                                                :polarity-of (s106.h / have-degree-91
                                                                     :ARG1 (s106.m / movie
                                                                                   :name (s106.n / name
                                                                                                 :op1 "Harry"
                                                                                                 :op2 "Potter"))
                                                                     :ARG2 (s106.g / good-02
                                                                                   :ARG1 s106.m)
                                                                     :ARG3 (s106.e / equal)
                                                                     :ARG4 (s106.m2 / movie
                                                                                    :ord (s106.o / ordinal-entity
                                                                                                 :value "2")
                                                                                    :ord (s106.o2 / ordinal-entity
                                                                                                  :value "1"))))))
   :snt107 (s107.t7 / try-01
                    :ARG0 (s107.i / i
                                  :same-as s4.i)
                    :ARG1 (s107.t / take-in-23
                                  :ARG0 s107.i
                                  :ARG1 (s107.n3 / notion
                                                 :mod (s107.w / watch-01
                                                              :ARG0 (s107.t6 / tit
                                                                             :ARG0-of (s107.m / master-01
                                                                                              :ARG1 (s107.u / universe))
                                                                             :mod (s107.t4 / this)
                                                                             :same-as s102.g)
                                                              :ARG1 (s107.m2 / movie
                                                                             :mod (s107.b / book
                                                                                          :name (s107.n / name
                                                                                                        :op1 "Harry"
                                                                                                        :op2 "Potter")
                                                                                          :same-as s106.n))
                                                              :time (s107.t5 / time
                                                                             :mod (s107.s3 / spare)
                                                                             :poss s107.t6))))
                    :time (s107.s4 / still)
                    :time (s107.t2 / think-01
                                   :ARG0 (s107.p / person
                                                 :name (s107.n2 / name
                                                                :op1 "Mr."
                                                                :op2 "Milliken"))
                                   :ARG1 (s107.w2 / win-01
                                                  :ARG0 s107.p
                                                  :ARG2 (s107.a / argue-01
                                                                :same-as s105.f2)
                                                  :manner (s107.s / say-01
                                                                  :ARG0 s107.p
                                                                  :ARG1 (s107.t3 / think-01
                                                                                 :ARG0 (s107.y / you
                                                                                               :same-as s91.h)
                                                                                 :ARG1 (s107.h / have-degree-91
                                                                                               :ARG1 s107.b
                                                                                               :ARG2 (s107.g / good-02
                                                                                                             :ARG1 s107.b)
                                                                                               :ARG3 (s107.s2 / so))
                                                                                 :ARG1-of (s107.c / cause-01
                                                                                                  :ARG0 (s107.r / read-01
                                                                                                                :ARG0 s107.y
                                                                                                                :ARG1 (s107.b2 / book)
                                                                                                                :polarity "-"))
                                                                                 :mod (s107.j / just))))))
   :snt108 (s108.a / and
                   :op1 (s108.c3 / contrast-01
                                 :ARG1 (s108.r / reel-01
                                               :ARG1 (s108.d2 / doctor
                                                              :name (s108.n / name
                                                                            :op1 "Robicsek"))
                                               :direction (s108.b / back)
                                               :location (s108.c / chair
                                                                 :poss s108.d2))
                                 :ARG2 (s108.a2 / and
                                                :op1 s108.r
                                                :op2 (s108.l / lean-01
                                                             :ARG1 s108.d2
                                                             :ARG2 (s108.f / forward))
                                                :op3 (s108.s / say-01
                                                             :ARG0 s108.d2
                                                             :ARG1 (s108.c4 / contrast-01
                                                                            :ARG1 (s108.t2 / true-01
                                                                                           :ARG1 (s108.t / that)
                                                                                           :mod (s108.w / well))
                                                                            :ARG2 (s108.b2 / bet-01
                                                                                           :ARG0 s108.d2
                                                                                           :ARG1 (s108.g2 / go-02
                                                                                                          :ARG0 (s108.y / you)
                                                                                                          :ARG4 (s108.m / movie
                                                                                                                        :same-as s106.m)
                                                                                                          :accompanier (s108.p / person
                                                                                                                               :ARG0-of (s108.h / have-rel-role-91
                                                                                                                                                :ARG1 s108.y
                                                                                                                                                :ARG2 (s108.g3 / grandchild)))))))))
                   :op4 (s108.c2 / concede-01
                                 :ARG0 (s108.p2 / person
                                                :name (s108.n3 / name
                                                               :op1 "Mr."
                                                               :op2 "Milliken"))
                                 :ARG1 (s108.d / do-02
                                               :ARG0 s108.d2
                                               :mod (s108.w2 / well))
                                 :mod s108.w2)
                   :rel (s108.g / gather-01
                                :ARG0 s108.d2
                                :ARG1 (s108.w3 / wit
                                               :poss s108.d2)
                                :ARG1-of (s108.q / quick-02))
                   :rel (s108.n2 / name))
   :snt109 (s109.s / say-01
                   :ARG0 (s109.p / person
                                 :name (s109.n / name
                                               :op1 "Dr"))
                   :mod (s109.a / aha
                                :mode "expressive"))
   :snt110 (s110.p / person
                   :name (s110.n / name
                                 :op1 "Robicsek"))
   :snt111 (s111.g / go-02
                   :ARG0 (s111.i / i
                                 :same-as s91.h)
                   :ARG4 (s111.m / movie
                                 :same-as s106.m)
                   :mod (s111.b / by-oneself
                                :same-as s91.h))
   :snt112 (s112.a / and
                   :op2 (s112.r / realize-01
                                :ARG0 (s112.i / i
                                              :same-as s4.i)
                                :ARG1 (s112.r3 / reveal-01
                                               :ARG0 (s112.m / man
                                                             :mod (s112.t2 / this
                                                                           :same-as s102.g)
                                                             :mod (s112.e / each
                                                                          :mod (s112.i2 / in-own-right))
                                                             :quant "2")
                                               :ARG1 (s112.s / secret
                                                             :topic (s112.s2 / succeed-01
                                                                             :ARG0 s112.m
                                                                             :mod (s112.e2 / extraordinary))))
                                :time (s112.m2 / moment
                                               :mod (s112.t / this)
                                               :time-of (s112.r2 / reveal-01))))
   :snt113 (s113.a2 / and
                    :op2 (s113.l2 / lay-01
                                  :ARG1 (s113.i2 / it
                                                 :same-as s112.s)
                                  :ARG2 (s113.a3 / and
                                                 :op1 (s113.c2 / curiosity
                                                               :mod (s113.d2 / defatigable))
                                                 :op2 (s113.d3 / desire-01
                                                               :ARG1 (s113.k2 / know-01
                                                                              :ARG1-of (s113.r2 / regardless-91
                                                                                                :ARG2 (s113.a4 / and
                                                                                                               :op1 (s113.s3 / subject)
                                                                                                               :op2 (s113.c / cost-01
                                                                                                                            :polarity "-"))))
                                                               :ARG1-of (s113.r3 / repress-01
                                                                                 :polarity "-")))
                                  :manner (s113.p2 / precise)
                                  :time (s113.w / will-02
                                                :ARG0 (s113.p / person
                                                              :ARG0-of (s113.k / keep-01
                                                                               :ARG1 (s113.s / scale)))
                                                :ARG1 (s113.b2 / bet-01
                                                               :ARG0 s113.p
                                                               :ARG1 (s113.m / money)
                                                               :ARG2 (s113.b / be-located-at-91
                                                                             :purpose (s113.i / imagine-01
                                                                                              :ARG0 (s113.r / race
                                                                                                            :mod (s113.h / human))
                                                                                              :ARG1 (s113.a5 / anything)
                                                                                              :time (s113.d / date-entity
                                                                                                            :time (s113.a / after
                                                                                                                          :quant (s113.t / temporal-quantity
                                                                                                                                         :mod (s113.s2 / scant)
                                                                                                                                         :unit (s113.y / year)
                                                                                                                                         :quant "93")
                                                                                                                          :op1 (s113.n / now))
                                                                                                            :year "2100"))
                                                                             :ARG1 s113.r
                                                                             :ARG2 (s113.a6 / around)
                                                                             :polarity "-"))
                                                :mod (s113.e / even)))
                    :rel (s113.l / Clock)
                    :rel (s113.o / Doomsday))
   :snt114 (s114.s / say-01
                   :ARG0 (s114.p / person
                                 :name (s114.n / name
                                               :op1 "Mahatma"
                                               :op2 "Gandhi")
                                 :same-as s21.p)
                   :ARG1 (s114.l2 / live-01
                                  :ARG0 (s114.y / you)
                                  :manner (s114.h / have-condition-91
                                                  :ARG2 (s114.r / rate-entity-91
                                                                :ARG1 (s114.t / temporal-quantity
                                                                              :unit (s114.d / day
                                                                                            :mod (s114.e / each)))
                                                                :mod (s114.l / last)))
                                  :ARG1-of s114.h))
   :snt115 (s115.l / learn-01
                   :ARG0 (s115.y / you)
                   :conj-as-if (s115.l2 / live-01
                                        :ARG0 s115.y
                                        :duration (s115.f / forever))
                   :mode "imperative")
   :snt116 (s116.p / passionate
                   :domain (s116.i / i
                                   :same-as s4.i)
                   :domain (s116.t / this
                                   :same-as s6.a))
   :snt117 (s117.t / this
                   :degree (s117.p / precise)
                   :domain (s117.i / it
                                   :same-as s6.a))
   :snt118 (s118.a2 / appetite
                    :purpose (s118.a / and
                                     :op1 (s118.l / learn-01)
                                     :op2 (s118.e3 / experience-01))
                    :ARG1-of (s118.d / daunt-01)
                    :ARG1-of (s118.e / end-01
                                     :ARG1-of (s118.p / possible-01)
                                     :polarity "-")
                    :ARG1-of (s118.r / regardless-91
                                     :ARG2 (s118.t / thing
                                                   :degree-of (s118.d2 / degree))
                                     :ARG2 (s118.t2 / thing
                                                    :degree-of (s118.e2 / esoteric))
                                     :op3 (s118.t3 / thing
                                                   :degree-of (s118.s / seditious
                                                                      :ARG1-of (s118.s2 / seem-01
                                                                                        :ARG1-of (s118.p2 / possible-01))))
                                     :polarity "-")
                    :mod (s118.t4 / this))
   :snt119 (s119.d / define-01
                   :ARG0 (s119.t / this
                                 :same-as s6.a)
                   :ARG1 (s119.f2 / future
                                  :ARG1-of (s119.i2 / imagine-01)
                                  :poss (s119.p / person
                                                :domain (s119.a / and
                                                                :op1 (s119.p2 / person
                                                                              :name (s119.n3 / name
                                                                                             :op1 "Robicsek")
                                                                              :same-as s91.h)
                                                                :op2 (s119.p3 / person
                                                                              :name (s119.n4 / name
                                                                                             :op1 "Teszler")
                                                                              :same-as s18.f2)
                                                                :op3 (s119.p4 / person
                                                                              :name (s119.n5 / name
                                                                                             :op1 "Bartok")
                                                                              :same-as s76.p))
                                                :mod (s119.f / fellow)
                                                :mod (s119.c / country
                                                             :name (s119.n2 / name
                                                                            :op1 "Austria"))
                                                :poss (s119.w / we)))
                   :ARG1-of (s119.r / resemble-01
                                    :ARG2 (s119.d2 / define-01
                                                   :ARG2 (s119.f3 / future
                                                                  :poss (s119.i / i
                                                                                :same-as s4.i))))
                   :rel (s119.n / name))
   :snt120 (s120.s / suspect-01
                   :ARG0 (s120.i / i
                                 :same-as s4.i)
                   :ARG1 (s120.r / resemble-01
                                 :ARG1 (s120.t / that
                                               :topic-of (s120.e / everybody
                                                                 :location (s120.h / here))))
                   :rel (s120.d / do-02
                                :ARG0 (s120.i2 / it
                                               :same-as s6.a)))
   :snt121 (s121.t / thing
                   :ARG1-of (s121.a / add-01
                                    :ARG0 (s121.i / i
                                                  :same-as s4.i)
                                    :ARG1-of (s121.n / need-01
                                                     :ARG0 s121.i
                                                     :mod (s121.o / only)))
                   :mod (s121.s / string-entity
                                :value "Kurd"))
   :snt122 (s122.a / and
                   :op1 (s122.t / task
                                :domain (s122.t2 / this)
                                :poss (s122.w / we))
                   :op2 (s122.k / know-01
                                :ARG0 s122.w
                                :ARG1 (s122.h / hard-02
                                              :ARG1 s122.t2))))

