# ::id doc-996
# ::doc_file doc-996
# ::tok http : / / www . ted . com / talks / abraham_verghese_a_doctor_s_touch< / url> <next_sent> A few months ago , a 40 year - old woman came to an emergency room in a hospital close to where I live , and she was brought in confused . <next_sent> Her blood pressure was an alarming 230 over 170 . <next_sent> Within a few minutes , she went into cardiac collapse . <next_sent> She was resuscitated , stabilized , whisked over to a CAT scan suite right next to the emergency room , because they were concerned about blood clots in the lung . <next_sent> And the CAT scan revealed no blood clots in the lung , but it showed bilateral , visible , palpable breast masses , breast tumors , that had metastasized widely all over the body . <next_sent> And the real tragedy was , if you look through her records , she had been seen in four or five other health care institutions in the preceding two years . <next_sent> Four or five opportunities to see the breast masses , touch the breast mass , intervene at a much earlier stage than when we saw her . <next_sent> Ladies and gentlemen , that is not an unusual story . <next_sent> Unfortunately , it happens all the time . <next_sent> I joke , but I only half joke , that if you come to one of our hospitals missing a limb , no one will believe you till they get a CAT scan , MRI or orthopedic consult . <next_sent> I am not a Luddite . <next_sent> I teach at Stanford . <next_sent> I 'm a physician practicing with cutting - edge technology . <next_sent> But I 'd like to make the case to you in the next 17 minutes that when we shortcut the physical exam , when we lean towards ordering tests instead of talking to and examining the patient , we not only overlook simple diagnoses that can be diagnosed at a treatable , early stage , but we 're losing much more than that . <next_sent> We 're losing a ritual . <next_sent> We 're losing a ritual that I believe is transformative , transcendent , and is at the heart of the patient - physician relationship . <next_sent> This may actually be heresy to say this at TED , but I 'd like to introduce you to the most important innovation , I think , in medicine to come in the next 10 years , and that is the power of the human hand -- to touch , to comfort , to diagnose and to bring about treatment . <next_sent> I 'd like to introduce you first to this person whose image you may or may not recognize . <next_sent> This is Sir Arthur Conan Doyle . <next_sent> Since we 're in Edinburgh , I 'm a big fan of Conan Doyle . <next_sent> You might not know that Conan Doyle went to medical school here in Edinburgh , and his character , Sherlock Holmes , was inspired by Sir Joseph Bell . <next_sent> Joseph Bell was an extraordinary teacher by all accounts . <next_sent> And Conan Doyle , writing about Bell , described the following exchange between Bell and his students . <next_sent> So picture Bell sitting in the outpatient department , students all around him , patients signing up in the emergency room and being registered and being brought in . <next_sent> And a woman comes in with a child , and Conan Doyle describes the following exchange . <next_sent> The woman says , " Good Morning . " <next_sent> Bell says , " What sort of crossing did you have on the ferry from Burntisland ? " <next_sent> She says , " It was good . " <next_sent> And he says , " What did you do with the other child ? " <next_sent> She says , " I left him with my sister at Leith . " <next_sent> And he says , " And did you take the shortcut down Inverleith Row to get here to the infirmary ? " <next_sent> She says , " I did . " <next_sent> And he says , " Would you still be working at the linoleum factory ? " <next_sent> And she says , " I am . " <next_sent> And Bell then goes on to explain to the students . <next_sent> He says , " You see , when she said , ' Good morning , ' I picked up her Fife accent . <next_sent> And the nearest ferry crossing from Fife is from Burntisland . <next_sent> And so she must have taken the ferry over . <next_sent> You notice that the coat she 's carrying is too small for the child who is with her , and therefore , she started out the journey with two children , but dropped one off along the way . <next_sent> You notice the clay on the soles of her feet . <next_sent> Such red clay is not found within a hundred miles of Edinburgh , except in the botanical gardens . <next_sent> And therefore , she took a short cut down Inverleith Row to arrive here . <next_sent> And finally , she has a dermatitis on the fingers of her right hand , a dermatitis that is unique to the linoleum factory workers in Burntisland . " <next_sent> And when Bell actually strips the patient , begins to examine the patient , you can only imagine how much more he would discern . <next_sent> And as a teacher of medicine , as a student myself , I was so inspired by that story . <next_sent> But you might not realize that our ability to look into the body in this simple way , using our senses , is quite recent . <next_sent> The picture I 'm showing you is of Leopold Auenbrugger who , in the late 1700 s , discovered percussion . <next_sent> And the story is that Leopold Auenbrugger was the son of an innkeeper . <next_sent> And his father used to go down into the basement to tap on the sides of casks of wine to determine how much wine was left and whether to reorder . <next_sent> And so when Auenbrugger became a physician , he began to do the same thing . <next_sent> He began to tap on the chests of his patients , on their abdomens . <next_sent> And basically everything we know about percussion , which you can think of as an ultrasound of its day -- organ enlargement , fluid around the heart , fluid in the lungs , abdominal changes -- all of this he described in this wonderful manuscript " Inventum Novum , " " New Invention , " which would have disappeared into obscurity , except for the fact that this physician , Corvisart , a famous French physician -- famous only because he was physician to this gentleman -- Corvisart repopularized and reintroduced the work . <next_sent> And it was followed a year or two later by Laennec discovering the stethoscope . <next_sent> Laennec , it is said , was walking in the streets of Paris and saw two children playing with a stick . <next_sent> One was scratching at the end of the stick , another child listened at the other end . <next_sent> And Laennec thought this would be a wonderful way to listen to the chest or listen to the abdomen using what he called " the cylinder . " <next_sent> Later he renamed it the stethoscope . <next_sent> And that is how stethoscope and auscultation was born . <next_sent> So within a few years , in the late 1800 s , early 1900 s , all of a sudden , the barber surgeon had given way to the physician who was trying to make a diagnosis . <next_sent> If you 'll recall , prior to that time , no matter what ailed you , you went to see the barber surgeon who wound up cupping you , bleeding you , purging you . <next_sent> And , oh yes , if you wanted , he would give you a haircut -- short on the sides , long in the back -- and pull your tooth while he was at it . <next_sent> He made no attempt at diagnosis . <next_sent> In fact , some of you might well know that the barber pole , the red and white stripes , represents the blood bandages of the barber surgeon , and the receptacles on either end represent the pots in which the blood was collected . <next_sent> But the arrival of auscultation and percussion represented a sea change , a moment when physicians were beginning to look inside the body . <next_sent> And this particular painting , I think , represents the pinnacle , the peak , of that clinical era . <next_sent> This is a very famous painting : " The Doctor " by Luke Fildes . <next_sent> Luke Fildes was commissioned to paint this by Tate , who then established the Tate Gallery . <next_sent> And Tate asked Fildes to paint a painting of social importance . <next_sent> And it 's interesting that Fildes picked this topic . <next_sent> Fildes ' oldest son , Philip , died at the age of nine on Christmas Eve after a brief illness . <next_sent> And Fildes was so taken by the physician who held vigil at the bedside for two , three nights , that he decided that he would try and depict the physician in our time -- almost a tribute to this physician . <next_sent> And hence the painting " The Doctor , " a very famous painting . <next_sent> It 's been on calendars , postage stamps in many different countries . <next_sent> I 've often wondered , what would Fildes have done had he been asked to paint this painting in the modern era , in the year 2011 ? <next_sent> Would he have substituted a computer screen for where he had the patient ? <next_sent> I 've gotten into some trouble in Silicon Valley for saying that the patient in the bed has almost become an icon for the real patient who 's in the computer . <next_sent> I 've actually coined a term for that entity in the computer . <next_sent> I call it the iPatient . <next_sent> The iPatient is getting wonderful care all across America . <next_sent> The real patient often wonders , where is everyone ? <next_sent> When are they going to come by and explain things to me ? <next_sent> Who 's in charge ? <next_sent> There 's a real disjunction between the patient 's perception and our own perceptions as physicians of the best medical care . <next_sent> I want to show you a picture of what rounds looked like when I was in training . <next_sent> The focus was around the patient . <next_sent> We went from bed to bed . <next_sent> The attending physician was in charge . <next_sent> Too often these days , rounds look very much like this , where the discussion is taking place in a room far away from the patient . <next_sent> The discussion is all about images on the computer , data . <next_sent> And the one critical piece missing is that of the patient . <next_sent> Now I 've been influenced in this thinking by two anecdotes that I want to share with you . <next_sent> One had to do with a friend of mine who had a breast cancer , had a small breast cancer detected -- had her lumpectomy in the town in which I lived . <next_sent> This is when I was in Texas . <next_sent> And she then spent a lot of time researching to find the best cancer center in the world to get her subsequent care . <next_sent> And she found the place and decided to go there , went there . <next_sent> Which is why I was surprised a few months later to see her back in our own town , getting her subsequent care with her private oncologist . <next_sent> And I pressed her , and I asked her , " Why did you come back and get your care here ? " <next_sent> And she was reluctant to tell me . <next_sent> She said , " The cancer center was wonderful . <next_sent> It had a beautiful facility , giant atrium , valet parking , a piano that played itself , a concierge that took you around from here to there . <next_sent> But , " she said , " but they did not touch my breasts . " <next_sent> Now you and I could argue that they probably did not need to touch her breasts . <next_sent> They had her scanned inside out . <next_sent> They understood her breast cancer at the molecular level ; they had no need to touch her breasts . <next_sent> But to her , it mattered deeply . <next_sent> It was enough for her to make the decision to get her subsequent care with her private oncologist who , every time she went , examined both breasts including the axillary tail , examined her axilla carefully , examined her cervical region , her inguinal region , did a thorough exam . <next_sent> And to her , that spoke of a kind of attentiveness that she needed . <next_sent> I was very influenced by that anecdote . <next_sent> I was also influenced by another experience that I had , again , when I was in Texas , before I moved to Stanford . <next_sent> I had a reputation as being interested in patients with chronic fatigue . <next_sent> This is not a reputation you would wish on your worst enemy . <next_sent> I say that because these are difficult patients . <next_sent> They have often been rejected by their families , have had bad experiences with medical care and they come to you fully prepared for you to join the long list of people who 's about to disappoint them . <next_sent> And I learned very early on with my first patient that I could not do justice to this very complicated patient with all the records they were bringing in a new patient visit of 45 minutes . <next_sent> There was just no way . <next_sent> And if I tried , I 'd disappoint them . <next_sent> And so I hit on this method where I invited the patient to tell me the story for their entire first visit , and I tried not to interrupt them . <next_sent> We know the average American physician interrupts their patient in 14 seconds . <next_sent> And if I ever get to heaven , it will be because I held my piece for 45 minutes and did not interrupt my patient . <next_sent> I then scheduled the physical exam for two weeks hence , and when the patient came for the physical , I was able to do a thorough physical , because I had nothing else to do . <next_sent> I like to think that I do a thorough physical exam , but because the whole visit was now about the physical , I could do an extraordinarily thorough exam . <next_sent> And I remember my very first patient in that series continued to tell me more history during what was meant to be the physical exam visit . <next_sent> And I began my ritual . <next_sent> I always begin with the pulse , then I examine the hands , then I look at the nail beds , then I slide my hand up to the epitrochlear node , and I was into my ritual . <next_sent> And when my ritual began , this very voluble patient began to quiet down . <next_sent> And I remember having a very eerie sense that the patient and I had slipped back into a primitive ritual in which I had a role and the patient had a role . <next_sent> And when I was done , the patient said to me with some awe , " I have never been examined like this before . " <next_sent> Now if that were true , it 's a true condemnation of our health care system , because they had been seen in other places . <next_sent> I then proceeded to tell the patient , once the patient was dressed , the standard things that the person must have heard in other institutions , which is , " This is not in your head . <next_sent> This is real . <next_sent> The good news , it 's not cancer , it 's not tuberculosis , it 's not coccidioidomycosis or some obscure fungal infection . <next_sent> The bad news is we do n't know exactly what 's causing this , but here 's what you should do , here 's what we should do . " <next_sent> And I would lay out all the standard treatment options that the patient had heard elsewhere . <next_sent> And I always felt that if my patient gave up the quest for the magic doctor , the magic treatment and began with me on a course towards wellness , it was because I had earned the right to tell them these things by virtue of the examination . <next_sent> Something of importance had transpired in the exchange . <next_sent> I took this to my colleagues at Stanford in anthropology and told them the same story . <next_sent> And they immediately said to me , " Well you are describing a classic ritual . " <next_sent> And they helped me understand that rituals are all about transformation . <next_sent> We marry , for example , with great pomp and ceremony and expense to signal our departure from a life of solitude and misery and loneliness to one of eternal bliss . <next_sent> I 'm not sure why you 're laughing . <next_sent> That was the original intent , was it not ? <next_sent> We signal transitions of power with rituals . <next_sent> We signal the passage of a life with rituals . <next_sent> Rituals are terribly important . <next_sent> They 're all about transformation . <next_sent> Well I would submit to you that the ritual of one individual coming to another and telling them things that they would not tell their preacher or rabbi , and then , incredibly on top of that , disrobing and allowing touch -- <next_sent> I would submit to you that that is a ritual of exceeding importance . <next_sent> And if you shortchange that ritual by not undressing the patient , by listening with your stethoscope on top of the nightgown , by not doing a complete exam , you have bypassed on the opportunity to seal the patient - physician relationship . <next_sent> I am a writer , and I want to close by reading you a short passage that I wrote that has to do very much with this scene . <next_sent> I 'm an infectious disease physician , and in the early days of HIV , before we had our medications , I presided over so many scenes like this . <next_sent> I remember , every time I went to a patient 's deathbed , whether in the hospital or at home , I remember my sense of failure -- the feeling of I do n't know what I have to say ; I do n't know what I can say ; I do n't know what I 'm supposed to do . <next_sent> And out of that sense of failure , I remember , I would always examine the patient . <next_sent> I would pull down the eyelids . <next_sent> I would look at the tongue . <next_sent> I would percuss the chest . <next_sent> I would listen to the heart . <next_sent> I would feel the abdomen . <next_sent> I remember so many patients , their names still vivid on my tongue , their faces still so clear . <next_sent> I remember so many huge , hollowed out , haunted eyes staring up at me as I performed this ritual . <next_sent> And then the next day , I would come , and I would do it again . <next_sent> And I wanted to read you this one closing passage about one patient . <next_sent> " I recall one patient who was at that point no more than a skeleton encased in shrinking skin , unable to speak , his mouth crusted with candida that was resistant to the usual medications . <next_sent> When he saw me on what turned out to be his last hours on this earth , his hands moved as if in slow motion . <next_sent> And as I wondered what he was up to , his stick fingers made their way up to his pajama shirt , fumbling with his buttons . <next_sent> I realized that he was wanting to expose his wicker - basket chest to me . <next_sent> It was an offering , an invitation . <next_sent> I did not decline . <next_sent> I percussed . <next_sent> I palpated . <next_sent> I listened to the chest . <next_sent> I think he surely must have known by then that it was vital for me just as it was necessary for him . <next_sent> Neither of us could skip this ritual , which had nothing to do with detecting rales in the lung , or finding the gallop rhythm of heart failure . <next_sent> No , this ritual was about the one message that physicians have needed to convey to their patients . <next_sent> Although , God knows , of late , in our hubris , we seem to have drifted away . <next_sent> We seem to have forgotten -- as though , with the explosion of knowledge , the whole human genome mapped out at our feet , we are lulled into inattention , forgetting that the ritual is cathartic to the physician , necessary for the patient -- forgetting that the ritual has meaning and a singular message to convey to the patient . <next_sent> And the message , which I did n't fully understand then , even as I delivered it , and which I understand better now is this : I will always , always , always be there . <next_sent> I will see you through this . <next_sent> I will never abandon you . <next_sent> I will be with you through the end . " <next_sent> Thank you very much .
(d / document
   :snt1 (s1.u / url-entity
               :value (s1.t / talk-01
                            :ARG0 (s1.p / person
                                        :name (s1.n / name
                                                    :op1 "David"))))
   :snt2 (s2.a / and
               :op1 (s2.c2 / come-01
                           :ARG1 (s2.w / woman
                                       :age (s2.t2 / temporal-quantity
                                                   :unit (s2.y / year)
                                                   :quant "40"))
                           :ARG4 (s2.r / room
                                       :location (s2.h / hospital
                                                       :ARG1-of (s2.c / close-10
                                                                      :ARG2 (s2.t3 / thing
                                                                                   :location-of (s2.l / live-01
                                                                                                      :ARG0 (s2.i / i)))))
                                       :mod (s2.e / emergency))
                           :time (s2.b / before
                                       :quant (s2.f / few
                                                    :op1 (s2.t / temporal-quantity
                                                               :unit (s2.m / month)
                                                               :quant "1"))
                                       :op1 (s2.n / now)))
               :op2 (s2.b2 / bring-01
                           :ARG1 s2.w
                           :ARG2 (s2.c3 / confuse-01
                                        :ARG1 s2.w)))
   :snt3 (s3.a / alarm-01
               :ARG0 (s3.p / pressure
                           :mod (s3.b / blood
                                      :poss (s3.s / she
                                                  :same-as s2.w)))
               :ARG1 (s3.h / have-quant-91
                           :ARG2 (s3.o / over
                                       :op1 "170")
                           :ARG1 "230"))
   :snt4 (s4.g / go-06
               :ARG0 (s4.s / she
                           :same-as s2.w)
               :ARG1 (s4.c / collapse-01
                           :ARG1 s4.s
                           :manner (s4.h / heart-attack))
               :time (s4.a / after
                           :quant (s4.u / up-to
                                        :op1 (s4.f / few
                                                   :op1 (s4.t / temporal-quantity
                                                              :unit (s4.m / minute)
                                                              :quant "1")))
                           :op1 (s4.n / now)))
   :snt5 (s5.a / and
               :ARG1-of (s5.c / cause-01
                              :ARG0 (s5.c3 / concern-01
                                           :ARG0 (s5.c2 / clot
                                                        :location (s5.l / lung)
                                                        :mod (s5.b / blood))
                                           :ARG1 (s5.t / they)))
               :op1 (s5.r / resuscitate-01
                          :ARG1 (s5.s2 / she
                                       :same-as s2.w))
               :op2 (s5.s4 / stabilize-01
                           :ARG1 s5.s2)
               :op3 (s5.w / whisk-01
                          :ARG1 s5.s2
                          :ARG3 (s5.s5 / suite
                                       :location (s5.n / next-to
                                                       :mod (s5.r2 / right)
                                                       :op1 (s5.r3 / room
                                                                   :mod (s5.e / emergency)))
                                       :mod (s5.s / scan-01
                                                  :manner (s5.a2 / and
                                                                 :ARG1-of (s5.s3 / special-02))))
                          :direction (s5.o / over)))
   :snt6 (s6.a4 / and
                :op1 (s6.r / reveal-01
                           :ARG0 (s6.s / scan-01
                                       :mod (s6.a5 / and
                                                   :op2 (s6.s4 / show-01
                                                               :ARG0 s6.s
                                                               :ARG1 (s6.a6 / and
                                                                            :op1 (s6.m / mass
                                                                                       :ARG1-of (s6.s3 / see-01
                                                                                                       :ARG1-of (s6.p2 / possible-01)
                                                                                                       :ARG1 s6.t)
                                                                                       :mod (s6.b4 / breast)
                                                                                       :mod (s6.b / bilateral)
                                                                                       :polarity (s6.a3 / amr-unknown))
                                                                            :op2 (s6.t / tumor
                                                                                       :ARG1-of (s6.s5 / spread-02
                                                                                                       :ARG1-of (s6.w / wide-02)
                                                                                                       :location (s6.a2 / all-over
                                                                                                                        :op1 (s6.b3 / body)))
                                                                                       :mod s6.b4)))))
                           :ARG1 (s6.c / clot
                                       :location (s6.l / lung
                                                       :same-as s5.l)
                                       :mod (s6.b2 / blood)
                                       :polarity "-"))
                :rel (s6.s2 / see-01
                            :ARG1-of (s6.p / possible-01))
                :rel (s6.a / CAT))
   :snt7 (s7.a / and
               :op2 (s7.t2 / tragedy
                           :ARG1-of (s7.r / real-04)
                           :domain (s7.s / see-01
                                         :ARG1 (s7.s2 / she
                                                      :same-as s2.w)
                                         :condition (s7.l / look-01
                                                          :ARG0 (s7.y2 / you)
                                                          :ARG1 (s7.r2 / record
                                                                       :poss s7.s2))
                                         :location (s7.i / institution
                                                         :quant (s7.o / or
                                                                      :op1 "4"
                                                                      :op2 "5")
                                                         :ARG0-of (s7.c / care-03
                                                                        :ARG1 (s7.h / health))
                                                         :mod (s7.o2 / other))
                                         :time (s7.b / before
                                                     :duration (s7.t / temporal-quantity
                                                                     :unit (s7.y / year)
                                                                     :quant "2")
                                                     :op1 (s7.n / now)))))
   :snt8 (s8.o / opportunity
               :quant (s8.o2 / or
                             :op1 "4"
                             :op2 "5")
               :domain (s8.a / and
                             :op1 (s8.s / see-01
                                        :ARG0 (s8.w / we)
                                        :ARG1 (s8.m / mass
                                                    :consist-of (s8.b2 / breast)
                                                    :same-as s6.a6))
                             :op2 (s8.t / touch-01
                                        :ARG1 s8.m)
                             :op3 (s8.i / intervene-01
                                        :ARG0 s8.w
                                        :time (s8.s4 / stage
                                                     :mod (s8.b / before
                                                                :quant (s8.m2 / much)
                                                                :op1 (s8.s2 / see-01
                                                                            :ARG0 s8.w
                                                                            :ARG1 (s8.s3 / she
                                                                                         :same-as s2.w)))))))
   :snt9 (s9.s / say-01
               :ARG1 (s9.s2 / story
                            :domain (s9.t / that)
                            :mod (s9.u / usual))
               :ARG2 (s9.a / and
                           :op1 (s9.l / lady)
                           :op2 (s9.l2 / lady)))
   :snt10 (s10.f / fortunate-01
                 :ARG2 (s10.e / event
                              :frequency (s10.t / time
                                                :mod (s10.a / all)))
                 :polarity "-")
   :snt11 (s11.c3 / contrast-01
                  :ARG1 (s11.j / joke-01
                               :ARG0 (s11.i / i
                                            :same-as s2.i)
                               :ARG2 (s11.b / believe-01
                                            :ARG0 (s11.n2 / no-one)
                                            :ARG1 (s11.y / you)
                                            :condition (s11.c / come-01
                                                              :ARG1 s11.y
                                                              :ARG4 (s11.h2 / hospital
                                                                            :ARG1-of (s11.i2 / include-91
                                                                                             :ARG2 (s11.h3 / hospital
                                                                                                           :poss (s11.w / we))))
                                                              :manner (s11.m / miss-01
                                                                             :ARG0 s11.y
                                                                             :ARG1 (s11.l / limb)))
                                            :time (s11.u / until
                                                         :op1 (s11.o2 / or
                                                                      :op1 (s11.s / scan-01
                                                                                  :name (s11.n / name
                                                                                               :op1 "CAT"))
                                                                      :op2 (s11.e / event
                                                                                  :name s11.n)
                                                                      :op3 (s11.c2 / consult-01
                                                                                   :ARG2 (s11.o3 / orthopedics))))))
                  :ARG2 (s11.j2 / joke-01
                                :ARG0 s11.i
                                :degree (s11.h / half
                                               :mod (s11.o / only)))
                  :rel (s11.a / MRI))
   :snt12 (s12.t / thing
                 :name (s12.n / name
                              :op1 "Luddite")
                 :domain (s12.i / i
                                :same-as s2.i)
                 :polarity "-")
   :snt13 (s13.t / teach-01
                 :ARG0 (s13.i / i
                              :same-as s2.i)
                 :location (s13.u / university
                                  :name (s13.n / name
                                               :op1 "Stanford")))
   :snt14 (s14.p / physician
                 :ARG0-of (s14.p2 / practice-01
                                  :prep-with (s14.t / technology
                                                    :mod (s14.c / cutting-edge)))
                 :domain (s14.i / i
                                :same-as s2.i))
   :snt15 (s15.c2 / contrast-01
                  :ARG2 (s15.l2 / like-02
                                :ARG0 (s15.i / i
                                             :same-as s2.i)
                                :ARG1 (s15.c / case-03
                                             :ARG0 s15.i
                                             :ARG0 (s15.w / we)
                                             :ARG1 (s15.a3 / and
                                                           :op1 (s15.o2 / overlook-01
                                                                        :ARG1 (s15.d / diagnose-01
                                                                                     :ARG1-of (s15.s2 / simple-02)
                                                                                     :ARG2-of (s15.d2 / diagnose-01
                                                                                                      :ARG1-of (s15.p3 / possible-01)
                                                                                                      :time (s15.s3 / stage
                                                                                                                    :ARG1-of (s15.t6 / treat-03
                                                                                                                                     :ARG1-of (s15.p4 / possible-01))
                                                                                                                    :mod (s15.e / early))))
                                                                        :time (s15.l / lean-01
                                                                                     :ARG2 (s15.o / order-02
                                                                                                  :ARG0 s15.w
                                                                                                  :ARG1 (s15.t3 / test-01)
                                                                                                  :ARG1-of (s15.i2 / instead-of-91
                                                                                                                   :ARG2 (s15.a2 / and
                                                                                                                                 :op1 (s15.t / talk-01
                                                                                                                                             :ARG0 s15.w
                                                                                                                                             :ARG2 (s15.p / patient))
                                                                                                                                 :op2 (s15.e3 / examine-01
                                                                                                                                              :ARG0 s15.w
                                                                                                                                              :ARG1 s15.p))))))
                                                           :op2 (s15.l3 / lose-02
                                                                        :ARG0 s15.w
                                                                        :ARG1 (s15.t5 / thing
                                                                                      :ARG1-of (s15.h / have-quant-91
                                                                                                      :ARG3 (s15.m2 / more
                                                                                                                    :quant (s15.m3 / much))
                                                                                                      :ARG4 (s15.t4 / that
                                                                                                                    :same-as s15.d)))))
                                             :ARG2 (s15.y / you)
                                             :time (s15.a / after
                                                          :quant (s15.t2 / temporal-quantity
                                                                         :unit (s15.m / minute)
                                                                         :quant "17")
                                                          :mod (s15.n / next)
                                                          :op1 (s15.n2 / now))))
                  :rel (s15.s / shortcut-00
                              :ARG1 (s15.e2 / exam
                                            :mod (s15.p2 / physical))))
   :snt16 (s16.l / lose-02
                 :ARG0 (s16.w / we)
                 :ARG1 (s16.r / ritual))
   :snt17 (s17.l / lose-02
                 :ARG0 (s17.w / we)
                 :ARG1 (s17.r2 / ritual
                               :ARG0-of (s17.t2 / transform-01)
                               :ARG1 s17.t2
                               :ARG0-of (s17.t / transcend-01)
                               :location (s17.h / heart
                                                :part-of (s17.r / relation-03
                                                                :ARG0 (s17.p / patient)
                                                                :ARG2 (s17.p2 / physician))))
                 :rel (s17.b / believe-01
                             :ARG0 (s17.i / i
                                          :same-as s2.i)
                             :same-as s16.r))
   :snt18 (s18.a3 / and
                  :op1 (s18.p / possible-01
                              :ARG1 (s18.h4 / heresy
                                            :ARG1-of (s18.a / actual-02)
                                            :domain (s18.s / say-01
                                                           :ARG0 (s18.i / i
                                                                        :same-as s2.i)
                                                           :ARG1 (s18.t3 / this)
                                                           :location (s18.p3 / publication
                                                                             :name (s18.n / name
                                                                                          :op1 "TED"))))
                              :ARG2-of (s18.h2 / have-concession-91
                                               :ARG1 (s18.l / like-02
                                                            :ARG0 s18.i
                                                            :ARG1 (s18.i4 / introduce-01
                                                                          :ARG0 s18.i
                                                                          :ARG1 (s18.y2 / you
                                                                                        :same-as s15.y)
                                                                          :ARG2 (s18.i3 / innovate-01
                                                                                        :purpose (s18.a4 / and
                                                                                                         :op1 (s18.t4 / touch-01
                                                                                                                      :ARG0 (s18.h / hand
                                                                                                                                   :part-of (s18.h5 / human)))
                                                                                                         :op2 (s18.c2 / comfort-01
                                                                                                                      :ARG0 s18.h)
                                                                                                         :op3 (s18.d / diagnose-01
                                                                                                                     :ARG0 s18.h)
                                                                                                         :op4 (s18.b / bring-about-05
                                                                                                                     :ARG0 s18.h
                                                                                                                     :ARG1 (s18.t5 / treat-03)))
                                                                                        :ARG1 (s18.m / medicine
                                                                                                     :ARG1-of (s18.c / come-01
                                                                                                                     :time (s18.a2 / after
                                                                                                                                   :quant (s18.t / temporal-quantity
                                                                                                                                                 :unit (s18.y / year)
                                                                                                                                                 :quant "10")
                                                                                                                                   :op1 (s18.n2 / now))))
                                                                                        :ARG1-of (s18.h3 / have-degree-91
                                                                                                         :ARG2 (s18.i2 / important-01
                                                                                                                       :ARG1 s18.i3)
                                                                                                         :ARG3 (s18.m2 / most))
                                                                                        :ARG1-of (s18.t2 / think-01
                                                                                                         :ARG0 s18.i))))))
                  :op2 (s18.p2 / power-01
                               :ARG0 s18.h))
   :snt19 (s19.l / like-02
                 :ARG0 (s19.i / i
                              :same-as s2.i)
                 :ARG1 (s19.i3 / introduce-01
                               :ARG0 s19.i
                               :ARG1 (s19.y / you
                                            :same-as s15.y)
                               :ARG2 (s19.p / person
                                            :mod (s19.t / this)
                                            :poss-of (s19.i2 / image
                                                             :ARG1-of (s19.r / recognize-02
                                                                             :ARG0 s19.y
                                                                             :ARG1-of (s19.p2 / possible-01))
                                                             :ARG1-of (s19.r2 / recognize-02
                                                                              :ARG0 s19.y
                                                                              :ARG1-of s19.p2
                                                                              :polarity "-")))
                               :ord (s19.o / ordinal-entity
                                           :value "1")))
   :snt20 (s20.p / person
                 :name (s20.n / name
                              :op1 "Sir"
                              :op2 "Arthur"
                              :op3 "Conan"
                              :op4 "Doyle")
                 :domain (s20.t / this))
   :snt21 (s21.f / fan
                 :ARG1-of (s21.c / cause-01
                                 :ARG0 (s21.b / be-located-at-91
                                              :ARG1 (s21.w / we)
                                              :ARG2 (s21.c2 / city
                                                            :name (s21.n / name
                                                                         :op1 "Edinburgh"))))
                 :domain (s21.i / i)
                 :mod (s21.b2 / big)
                 :topic (s21.p / person
                               :name (s21.n2 / name
                                             :op1 "Conan"
                                             :op2 "Doyle")
                               :same-as s20.n))
   :snt22 (s22.p3 / possible-01
                  :ARG1 (s22.k / know-01
                               :ARG0 (s22.y / you)
                               :ARG1 (s22.a / and
                                            :op1 (s22.g / go-02
                                                        :ARG0 (s22.p / person
                                                                     :name (s22.n / name
                                                                                  :op1 "Conan"
                                                                                  :op2 "Doyle")
                                                                     :same-as s20.n)
                                                        :ARG1 (s22.s / school
                                                                     :location (s22.h / here
                                                                                      :location (s22.c2 / city
                                                                                                        :name (s22.n2 / name
                                                                                                                      :op1 "Edinburgh")
                                                                                                        :same-as s21.c2))
                                                                     :mod (s22.m / medicine)))
                                            :op2 (s22.i / inspire-01
                                                        :ARG0 (s22.p2 / person
                                                                      :name (s22.n3 / name
                                                                                    :op1 "Sherlock"
                                                                                    :op1 "Sir"
                                                                                    :op2 "Holmes"
                                                                                    :op2 "Joseph"
                                                                                    :op3 "Bell"))
                                                        :ARG1 (s22.c / character
                                                                     :poss s22.p)))
                               :polarity "-"))
   :snt23 (s23.p2 / person
                  :ARG0-of (s23.t / teach-01)
                  :ARG1-of (s23.a / account-01
                                  :mod (s23.a2 / all))
                  :domain (s23.p / person
                                 :name (s23.n / name
                                              :op1 "Joseph"
                                              :op2 "Bell"))
                  :mod (s23.e / extraordinary))
   :snt24 (s24.a / and
                 :op2 (s24.d / describe-01
                             :ARG0 (s24.p / person
                                          :name (s24.n / name
                                                       :op1 "Conan"
                                                       :op2 "Doyle"
                                                       :same-as s20.n)
                                          :ARG0-of (s24.w / write-01
                                                          :topic (s24.p2 / person
                                                                         :name (s24.n2 / name
                                                                                       :op1 "Bell"))))
                             :ARG1 (s24.e / exchange-01
                                          :ARG0 s24.p2
                                          :ARG1-of (s24.f / follow-01)
                                          :ARG2 (s24.p3 / person
                                                        :ARG0-of (s24.s / study-01
                                                                        :ARG2 s24.p2)))))
   :snt25 (s25.p4 / picture-01
                  :ARG0 (s25.y / you)
                  :ARG1 (s25.a2 / and
                                :op1 (s25.s2 / sit-01
                                             :ARG1 (s25.p2 / person
                                                           :name (s25.n / name
                                                                        :op1 "Bell"))
                                             :ARG2 (s25.d / department
                                                          :mod (s25.o / outpatient)))
                                :op2 (s25.s / sign-up-03
                                            :ARG1 (s25.p / patient)
                                            :location (s25.r2 / room
                                                              :mod (s25.e / emergency)))
                                :op3 s25.s
                                :op4 (s25.b / bring-01
                                            :ARG1 s25.p))
                  :rel (s25.p3 / person
                               :ARG0-of (s25.s3 / study-01)
                               :location (s25.a3 / around
                                                 :degree (s25.a / all)
                                                 :op1 s25.p2))
                  :rel (s25.r / register-02
                              :ARG1 s25.p)
                  :mode "imperative")
   :snt26 (s26.a / and
                 :op2 (s26.a2 / and
                              :op1 (s26.c2 / come-01
                                           :ARG1 (s26.w / woman
                                                        :same-as s2.w)
                                           :accompanier (s26.c / child))
                              :op2 (s26.d / describe-01
                                          :ARG0 (s26.p / person
                                                       :name (s26.n / name
                                                                    :op1 "Conan"
                                                                    :op2 "Doyle")
                                                       :same-as s20.n)
                                          :ARG1 (s26.e / exchange-01
                                                       :ARG1-of (s26.f / follow-01)
                                                       :same-as s24.e))))
   :snt27 (s27.s / say-01
                 :ARG0 (s27.w / woman
                              :same-as s2.w)
                 :ARG1 (s27.m / morning
                              :ARG1-of (s27.g / good-02)))
   :snt28 (s28.s / say-01
                 :ARG0 (s28.p / person
                              :name (s28.n / name
                                           :op1 "Bell"))
                 :ARG1 (s28.h / have-03
                              :ARG0 (s28.y / you
                                           :same-as s2.w)
                              :ARG1 (s28.c / cross-02
                                           :ARG0 s28.y
                                           :mod (s28.s2 / sort
                                                        :mod (s28.a / amr-unknown)))
                              :path (s28.f / ferry
                                           :source (s28.i / island
                                                          :name (s28.n2 / name
                                                                        :op1 "Burntisland")))))
   :snt29 (s29.s / say-01
                 :ARG0 (s29.s2 / she
                               :same-as s2.w)
                 :ARG1 (s29.g / good-02
                              :ARG1 (s29.i / it)))
   :snt30 (s30.a2 / and
                  :op2 (s30.s / say-01
                              :ARG0 (s30.h / he)
                              :ARG1 (s30.d / do-02
                                           :ARG0 (s30.y / you
                                                        :same-as s2.w)
                                           :ARG1 (s30.a / amr-unknown)
                                           :ARG2 (s30.c / child
                                                        :mod (s30.o / other)))))
   :snt31 (s31.s / say-01
                 :ARG0 (s31.s2 / she
                               :same-as s2.w)
                 :ARG1 (s31.l / leave-15
                              :ARG0 s31.s2
                              :ARG1 (s31.h2 / he
                                            :same-as s30.c)
                              :ARG2 (s31.p / person
                                           :ARG0-of (s31.h / have-rel-role-91
                                                           :ARG1 s31.s2
                                                           :ARG2 (s31.s3 / sister)))
                              :location (s31.c / city-district
                                               :name (s31.n / name
                                                            :op1 "Leith"))))
   :snt32 (s32.a2 / and
                  :op2 (s32.s / say-01
                              :ARG0 (s32.h / he)
                              :ARG1 (s32.a3 / and
                                            :op2 (s32.s2 / shortcut-00
                                                         :purpose (s32.g / get-05
                                                                         :ARG1 (s32.y / you
                                                                                      :same-as s2.w)
                                                                         :ARG2 (s32.h2 / here)
                                                                         :ARG4 (s32.i / infirmary))
                                                         :ARG0 s32.y
                                                         :ARG1 (s32.d / down
                                                                      :op1 (s32.c / city-district
                                                                                  :name (s32.n / name
                                                                                               :op1 "Inverleith"
                                                                                               :op2 "Row")))
                                                         :polarity (s32.a / amr-unknown)))))
   :snt33 (s33.s / say-01
                 :ARG0 (s33.s2 / she
                               :same-as s2.w)
                 :ARG1 (s33.d / do-02
                              :ARG0 s33.s2))
   :snt34 (s34.a2 / and
                  :op2 (s34.s / say-01
                              :ARG0 (s34.h / he)
                              :ARG1 (s34.w / work-01
                                           :ARG0 (s34.y / you
                                                        :same-as s2.w)
                                           :ARG2 (s34.f / factory
                                                        :mod (s34.l / linoleum))
                                           :polarity (s34.a / amr-unknown)
                                           :time (s34.s2 / still))))
   :snt35 (s35.a / and
                 :op2 (s35.s / say-01
                             :ARG0 (s35.s2 / she
                                           :same-as s2.w)
                             :ARG1 (s35.i / i
                                          :domain s35.s2
                                          :same-as s2.w)))
   :snt36 (s36.a / and
                 :op2 (s36.g / go-on-25
                             :ARG0 (s36.p / person
                                          :name (s36.n / name
                                                       :op1 "Bell"))
                             :ARG1 (s36.e / explain-01
                                          :ARG0 s36.p
                                          :ARG2 (s36.p2 / person
                                                        :ARG0-of (s36.s / study-01)
                                                        :same-as s15.y))
                             :time (s36.t / then)))
   :snt37 (s37.s / say-01
                 :ARG0 (s37.h / he)
                 :ARG1 (s37.s3 / see-03
                               :ARG0 (s37.y / you)
                               :ARG1 (s37.p / pick-up-11
                                            :ARG0 s37.h
                                            :ARG1 (s37.a / accent
                                                         :name (s37.n / name
                                                                      :op1 "Fife")
                                                         :poss (s37.s4 / she
                                                                       :same-as s2.w))
                                            :time (s37.s2 / say-01
                                                          :ARG0 s37.s4
                                                          :ARG1 (s37.m / morning
                                                                       :ARG1-of (s37.g / good-02))))))
   :snt38 (s38.a / and
                 :op2 (s38.c2 / cross-02
                              :ARG0 (s38.i / island
                                           :name (s38.n / name
                                                        :op1 "Burntisland"))
                              :ARG1 (s38.f / ferry)
                              :ARG1-of (s38.n3 / near-02
                                               :ARG2-of (s38.h / have-degree-91
                                                               :ARG1 s38.c2
                                                               :ARG3 (s38.m / most)))
                              :source (s38.c / city
                                             :name (s38.n2 / name
                                                           :op1 "Fife")
                                             :same-as s37.n)))
   :snt39 (s39.a / and
                 :op2 (s39.o / obligate-01
                             :ARG1-of (s39.c / cause-01)
                             :ARG2 (s39.t / take-01
                                          :ARG0 (s39.s / she
                                                       :same-as s2.w)
                                          :ARG1 (s39.f / ferry
                                                       :same-as s28.f)
                                          :ARG3 (s39.o2 / over))))
   :snt40 (s40.n / notice-01
                 :ARG0 (s40.y / you)
                 :ARG1 (s40.h / have-degree-91
                              :ARG0-of (s40.c2 / cause-01
                                               :ARG1 (s40.c6 / contrast-01
                                                             :ARG1 (s40.s3 / start-out-05
                                                                           :ARG0 (s40.s / she
                                                                                        :same-as s2.w)
                                                                           :ARG1 (s40.j / journey-01)
                                                                           :accompanier (s40.c4 / child
                                                                                                :accompanier s40.s
                                                                                                :quant "2"))
                                                             :ARG2 (s40.d / drop-off-03
                                                                          :ARG0 s40.s
                                                                          :ARG1 s40.c4
                                                                          :ARG2 (s40.o / one)
                                                                          :location (s40.w / way))))
                              :ARG1 (s40.c5 / coat
                                            :ARG1-of (s40.c / carry-01
                                                            :ARG0 s40.s))
                              :ARG2 (s40.s2 / small)
                              :ARG3 (s40.t / too)
                              :ARG6 (s40.f / fit-06
                                           :ARG1 s40.c5
                                           :ARG2 (s40.c3 / child
                                                         :ARG0-of (s40.a / accompany-01
                                                                         :ARG1 s40.s)
                                                         :same-as s26.c))))
   :snt41 (s41.n / notice-01
                 :ARG0 (s41.y / you)
                 :ARG1 (s41.c / clay
                              :location (s41.s2 / sole
                                                :part-of (s41.f / foot
                                                                :part-of (s41.s / she
                                                                                :same-as s2.w)))))
   :snt42 (s42.f / find-01
                 :ARG1 (s42.c2 / clay
                               :ARG1-of (s42.r / red-02)
                               :mod (s42.s / such))
                 :ARG2-of (s42.e / except-01
                                 :ARG1 (s42.g / garden
                                              :mod (s42.b / botanical)))
                 :location (s42.r2 / relative-position
                                   :quant (s42.u / up-to
                                                 :op1 (s42.d / distance-quantity
                                                             :unit (s42.m / mile)
                                                             :quant "100"))
                                   :op1 (s42.c / city
                                               :name (s42.n / name
                                                            :op1 "Edinburgh")
                                               :same-as s21.c2))
                 :polarity "-")
   :snt43 (s43.a / and
                 :op2 (s43.c / cause-01
                             :ARG1 (s43.t / take-01
                                          :purpose (s43.a2 / arrive-01
                                                           :ARG1 (s43.s / she
                                                                        :same-as s2.w)
                                                           :ARG4 (s43.h / here))
                                          :ARG0 s43.s
                                          :ARG1 (s43.s2 / shortcut
                                                        :direction (s43.d / down)
                                                        :op1 (s43.c2 / city-district
                                                                     :name (s43.n / name
                                                                                  :op1 "Inverleith"
                                                                                  :op2 "Row")
                                                                     :same-as s32.c)))))
   :snt44 (s44.a / and
                 :mod (s44.f2 / final)
                 :op2 (s44.h2 / have-03
                              :ARG0 (s44.s / she
                                           :part (s44.h / hand
                                                        :ARG1-of (s44.r / right-04)
                                                        :part s44.f3)
                                           :same-as s2.w)
                              :ARG1 (s44.d / dermatitis
                                           :ARG1-of (s44.u / unique-01
                                                           :ARG2 (s44.p / person
                                                                        :ARG0-of (s44.w / work-01
                                                                                        :ARG2 (s44.f / factory
                                                                                                     :mod (s44.l / linoleum)))
                                                                        :location (s44.c / county
                                                                                         :name (s44.n / name
                                                                                                      :op1 "Burntisland")
                                                                                         :same-as s28.i)))
                                           :location (s44.f3 / finger))))
   :snt45 (s45.a2 / and
                  :op2 (s45.p3 / possible-01
                               :ARG1 (s45.i / imagine-01
                                            :ARG0 (s45.y / you)
                                            :ARG1 (s45.t / thing
                                                         :ARG3-of (s45.h / have-quant-91
                                                                         :ARG1 (s45.d / discern-01
                                                                                      :ARG0 (s45.p2 / person
                                                                                                    :name (s45.n / name
                                                                                                                 :op1 "Bell")))
                                                                         :ARG3 (s45.m / more)))
                                            :mod (s45.o / only))
                               :time (s45.a3 / and
                                             :op1 (s45.s / strip-01
                                                         :ARG0 s45.p2
                                                         :ARG1 (s45.p / patient)
                                                         :ARG1-of (s45.a / actual-02))
                                             :op2 (s45.b / begin-01
                                                         :ARG0 s45.p2
                                                         :ARG1 (s45.e / examine-01
                                                                      :ARG0 s45.p2
                                                                      :ARG1 s45.p)))))
   :snt46 (s46.a / and
                 :ARG0-of (s46.i2 / inspire-01
                                  :ARG1 (s46.i / i
                                               :ARG0-of (s46.s3 / study-01)
                                               :mod (s46.p / person
                                                           :ARG0-of (s46.t / teach-01
                                                                           :ARG1 (s46.m / medicine)))
                                               :same-as s21.i)
                                  :ARG2 (s46.s2 / story
                                                :mod (s46.t2 / that))
                                  :degree (s46.s / so))
                 :op2 s46.i)
   :snt47 (s47.c2 / contrast-01
                  :ARG2 (s47.p / possible-01
                               :ARG1 (s47.r / realize-01
                                            :ARG0 (s47.y / you)
                                            :ARG1 (s47.c / capable-01
                                                         :ARG1 (s47.w2 / we)
                                                         :ARG2 (s47.l / look-into-11
                                                                      :ARG0 s47.w2
                                                                      :ARG1 (s47.b / body)
                                                                      :manner (s47.w / way
                                                                                     :ARG1-of (s47.s2 / simple-02)
                                                                                     :mod (s47.t / this))
                                                                      :manner (s47.u / use-01
                                                                                     :ARG0 s47.w2
                                                                                     :ARG1 (s47.s / sense-01
                                                                                                  :ARG0 s47.w2)))
                                                         :time (s47.r2 / recent
                                                                       :degree (s47.q / quite)))
                                            :polarity "-")))
   :snt48 (s48.s / show-01
                 :ARG0 (s48.i / i
                              :same-as s2.i)
                 :ARG1 (s48.p3 / picture
                               :topic (s48.p2 / person
                                              :name (s48.n / name
                                                           :op1 "Leopold"
                                                           :op2 "Auenbrugger")
                                              :ARG0-of (s48.d2 / discover-01
                                                               :ARG1 (s48.p / percussion)
                                                               :time (s48.l / late
                                                                            :op1 (s48.d / date-entity
                                                                                        :decade "1700")))))
                 :ARG2 (s48.y / you
                              :same-as s15.y))
   :snt49 (s49.a / and
                 :op2 (s49.s2 / story
                              :domain (s49.h / have-rel-role-91
                                             :ARG0 (s49.p / person
                                                          :name (s49.n / name
                                                                       :op1 "Leopold"
                                                                       :op2 "Auenbrugger"))
                                             :ARG1 (s49.p2 / person
                                                           :ARG0-of (s49.k / keep-01
                                                                           :manner (s49.o / original)))
                                             :ARG2 (s49.s / son))))
   :snt50 (s50.a / and
                 :op2 (s50.g / go-01
                             :purpose (s50.t / tap-03
                                             :ARG0 (s50.p / person
                                                          :ARG0-of (s50.h / have-rel-role-91
                                                                          :ARG1 (s50.h2 / he
                                                                                        :same-as s48.p2)
                                                                          :ARG2 (s50.f / father))
                                                          :same-as s49.p2)
                                             :ARG1 (s50.s / side
                                                          :part-of (s50.c / casing
                                                                          :consist-of (s50.w / wine))))
                             :purpose (s50.d / determine-01
                                             :ARG0 s50.p
                                             :ARG1 (s50.a2 / and
                                                           :op1 (s50.q / quantity
                                                                       :quant-of (s50.w2 / wine
                                                                                         :ARG1-of (s50.l / leave-17)))
                                                           :op2 (s50.t2 / truth-value
                                                                        :polarity-of (s50.o / order-02
                                                                                            :ARG0 s50.p
                                                                                            :ARG1 s50.w2))))
                             :ARG1 s50.p
                             :ARG4 (s50.b / basement)
                             :direction (s50.d2 / down)
                             :time (s50.u / use-03)))
   :snt51 (s51.a / and
                 :op2 (s51.c / cause-01
                             :ARG1 (s51.b2 / begin-01
                                           :ARG0 (s51.p / person
                                                        :name (s51.n / name
                                                                     :op1 "Auenbrugger")
                                                        :same-as s48.p2)
                                           :ARG1 (s51.d / do-02
                                                        :ARG0 s51.p
                                                        :ARG1 (s51.t / thing
                                                                     :ARG1-of (s51.s / same-01)
                                                                     :same-as s50.t))
                                           :time (s51.b / become-01
                                                        :ARG1 s51.p
                                                        :ARG2 (s51.p2 / physician)))))
   :snt52 (s52.b / begin-01
                 :ARG0 (s52.h2 / he
                               :same-as s48.p2)
                 :ARG1 (s52.t / tap-03
                              :ARG0 s52.h2
                              :ARG1 (s52.a / and
                                           :op1 (s52.s / shoulder
                                                       :part-of (s52.p2 / person
                                                                        :ARG0-of (s52.h / have-rel-role-91
                                                                                        :ARG1 s52.h2
                                                                                        :ARG2 (s52.p / patient))
                                                                        :part (s52.h3 / hip)))
                                           :op2 s52.h3)))
   :snt53 (s53.a2 / and
                  :op2 (s53.e / everything
                              :ARG1-of (s53.k / know-01
                                              :ARG0 (s53.w / we))
                              :ARG1-of (s53.d2 / describe-01
                                               :ARG0 (s53.h / he
                                                            :same-as s48.p2)
                                               :medium (s53.m / manuscript
                                                              :name (s53.n / name
                                                                           :op1 "Inventum"
                                                                           :op2 "Novum"
                                                                           :op3 "New"
                                                                           :op4 "Invention")
                                                              :ARG1-of (s53.w2 / wonderful-03)
                                                              :ARG1-of (s53.d3 / disappear-01
                                                                               :ARG2-of (s53.e2 / except-01
                                                                                                :ARG1 (s53.p4 / physician
                                                                                                              :ARG1-of (s53.f / fame-01)
                                                                                                              :domain (s53.p3 / physician
                                                                                                                              :mod (s53.t2 / this))
                                                                                                              :mod (s53.c3 / country
                                                                                                                           :name (s53.n3 / name
                                                                                                                                         :op1 "France")))
                                                                                                :ARG1 (s53.a4 / and
                                                                                                              :op1 (s53.p7 / proliferate-01
                                                                                                                           :ARG0 (s53.p2 / person
                                                                                                                                         :name (s53.n2 / name
                                                                                                                                                       :op1 "Corvisart")
                                                                                                                                         :ARG1-of (s53.f2 / fame-01
                                                                                                                                                          :ARG1-of (s53.c / cause-01
                                                                                                                                                                          :ARG0 (s53.p5 / physician
                                                                                                                                                                                        :domain s53.p2))
                                                                                                                                                          :beneficiary (s53.g / gentleman
                                                                                                                                                                              :mod s53.t2)
                                                                                                                                                          :mod (s53.o2 / only))))
                                                                                                              :op2 (s53.r / reintroduce-02
                                                                                                                          :ARG0 s53.p2
                                                                                                                          :ARG1 (s53.w3 / work-01))))
                                                                               :ARG4 (s53.o / obscurity))))
                              :example (s53.a3 / and
                                               :mod (s53.a / all)
                                               :op1 (s53.i / inflate-01
                                                           :ARG1 (s53.o3 / organ))
                                               :op2 (s53.f3 / fluid
                                                            :location (s53.a5 / around
                                                                              :op1 (s53.h2 / heart)))
                                               :op3 (s53.f4 / fluid
                                                            :location (s53.l / lung))
                                               :op4 (s53.c2 / change-01
                                                            :ARG1 (s53.i2 / intestine)))
                              :mod (s53.b / basic)
                              :topic (s53.p / percussion
                                            :ARG1-of (s53.t / think-01
                                                            :ARG0 (s53.y / you)
                                                            :ARG1-of (s53.p6 / possible-01)
                                                            :ARG2 (s53.u / ultrasound
                                                                         :time (s53.d / day
                                                                                      :poss s53.p))))))
   :snt54 (s54.a2 / and
                  :op2 (s54.f / follow-01
                              :ARG0 (s54.p / person
                                           :name (s54.n / name
                                                        :op1 "Laennec")
                                           :ARG0-of (s54.d / discover-01
                                                           :ARG1 (s54.s / stethoscope)))
                              :ARG2 (s54.i / it)
                              :time (s54.a / after
                                           :quant (s54.o / or
                                                         :op1 (s54.t / temporal-quantity
                                                                     :unit (s54.y / year)
                                                                     :quant "1")
                                                         :op2 (s54.t2 / temporal-quantity
                                                                      :unit (s54.y2 / year)
                                                                      :quant "2")))))
   :snt55 (s55.s / say-01
                 :ARG1 (s55.a / and
                              :op1 (s55.w / walk-01
                                          :ARG0 (s55.p / person
                                                       :name (s55.n / name
                                                                    :op1 "Laennec")
                                                       :same-as s54.n)
                                          :ARG2 (s55.s4 / street
                                                        :location (s55.c2 / city
                                                                          :name (s55.n2 / name
                                                                                        :op1 "Paris"))))
                              :op2 (s55.s2 / see-01
                                           :ARG0 s55.p
                                           :ARG1 (s55.p2 / play-01
                                                         :ARG0 (s55.c / child
                                                                      :quant "2")
                                                         :ARG2 (s55.s3 / stick)))))
   :snt56 (s56.a / and
                 :op1 (s56.s / scratch-02
                             :ARG0 (s56.o / one)
                             :ARG1 (s56.e / end
                                          :part-of (s56.s2 / stick
                                                           :same-as s55.s3)))
                 :op2 (s56.l / listen-01
                             :ARG0 (s56.c / child
                                          :mod (s56.a2 / another))
                             :location (s56.e2 / end
                                               :mod (s56.o2 / other))))
   :snt57 (s57.a2 / and
                  :op2 (s57.t2 / think-01
                               :ARG0 (s57.p / person
                                            :name (s57.n / name
                                                         :op1 "Laennec")
                                            :same-as s54.n)
                               :ARG1 (s57.w / way
                                            :ARG1-of (s57.w2 / wonderful-03)
                                            :domain (s57.t3 / this)
                                            :manner-of (s57.o / or
                                                              :ARG2-of (s57.u / use-01
                                                                              :ARG1 (s57.t / thing
                                                                                           :ARG1-of (s57.c / call-01
                                                                                                           :ARG0 s57.p
                                                                                                           :ARG2 (s57.c3 / cylinder))))
                                                              :op1 (s57.l / listen-01
                                                                          :ARG1 (s57.c2 / chest))
                                                              :op2 (s57.l2 / listen-01
                                                                           :ARG1 (s57.a / abdomen))))))
   :snt58 (s58.n / name-01
                 :ARG0 (s58.h / he
                              :same-as s54.n)
                 :ARG1 (s58.i / it
                              :same-as s57.t3)
                 :ARG2 (s58.s / stethoscope)
                 :time (s58.a / after))
   :snt59 (s59.a / and
                 :op2 (s59.h / have-manner-91
                             :ARG1 (s59.b / bear-02
                                          :ARG1 (s59.a2 / and
                                                        :op1 (s59.s2 / stethoscope)
                                                        :op2 (s59.a3 / anyone
                                                                     :ARG0-of (s59.s / scan-01))))
                             :ARG2 (s59.t / that)))
   :snt60 (s60.g / give-in-09
                 :ARG0 (s60.p / person
                              :ARG0-of (s60.s2 / surgery-01
                                               :ARG2 (s60.b / barber)))
                 :ARG1 (s60.p2 / physician
                               :ARG0-of (s60.t2 / try-01
                                                :ARG1 (s60.d3 / diagnose-01
                                                              :ARG0 s60.p2)))
                 :manner (s60.s / sudden
                                :mod (s60.a / all))
                 :rel (s60.u / up-to
                             :op1 (s60.f / few
                                         :op1 (s60.t / temporal-quantity
                                                     :unit (s60.y / year)
                                                     :quant "1")))
                 :time (s60.a2 / and
                               :op1 (s60.l / late
                                           :op1 (s60.d / date-entity
                                                       :century "1800"))
                               :op2 (s60.e / early
                                           :op1 (s60.d2 / date-entity
                                                        :decade "1900"))))
   :snt61 (s61.r / recall-02
                 :ARG0 (s61.y / you)
                 :ARG1 (s61.g / go-02
                              :ARG0 s61.y
                              :ARG1 (s61.s / see-01
                                           :ARG0 s61.y
                                           :ARG1 (s61.p / person
                                                        :ARG0-of (s61.s2 / surgery-01
                                                                         :ARG2 (s61.b / barber))
                                                        :ARG1-of (s61.w / wind-up-02
                                                                        :ARG2 (s61.a2 / and
                                                                                      :op1 (s61.t4 / top-02
                                                                                                   :ARG0 s61.p
                                                                                                   :ARG1 s61.y)
                                                                                      :op2 (s61.b2 / bleed-01
                                                                                                   :ARG0 s61.p
                                                                                                   :ARG1 s61.y)
                                                                                      :op3 (s61.p3 / purge-01
                                                                                                   :ARG0 s61.p
                                                                                                   :ARG1 s61.y)))
                                                        :same-as s60.p))
                              :ARG1-of (s61.r2 / regardless-91
                                               :ARG2 (s61.t2 / thing
                                                             :ARG0-of (s61.a / ail-01
                                                                             :ARG1 s61.y)))
                              :time (s61.p2 / prior
                                            :op1 (s61.t3 / time
                                                         :mod (s61.t / that)))))
   :snt62 (s62.a / and
                 :op2 (s62.a3 / and
                              :condition (s62.w / want-01
                                                :ARG0 (s62.y2 / you
                                                              :part (s62.t / tooth)))
                              :mod (s62.y / yes
                                          :mod (s62.o / oh
                                                      :mode "expressive"))
                              :op1 (s62.g / give-01
                                          :ARG0 (s62.h2 / he
                                                        :same-as s60.p)
                                          :ARG1 (s62.h / haircut
                                                       :consist-of (s62.a2 / and
                                                                           :op1 (s62.s / short-07
                                                                                       :location (s62.s2 / side))
                                                                           :op2 (s62.l / long-03
                                                                                       :location (s62.b / back))))
                                          :ARG2 s62.y2)
                              :op2 (s62.p / pull-01
                                          :ARG0 s62.h2
                                          :ARG1 s62.t
                                          :time (s62.b2 / be-temporally-at-91
                                                        :ARG1 s62.h2
                                                        :ARG2 s62.g))))
   :snt63 (s63.a / attempt-01
                 :ARG0 (s63.h / he
                              :same-as s60.p)
                 :ARG1 (s63.d / diagnose-01
                              :ARG0 s63.h)
                 :polarity "-")
   :snt64 (s64.p3 / possible-01
                  :ARG1 (s64.k / know-01
                               :ARG0 (s64.s / some
                                            :ARG1-of (s64.i2 / include-91
                                                             :ARG2 (s64.y / you)))
                               :ARG1 (s64.a2 / and
                                             :op1 (s64.r3 / represent-01
                                                          :ARG0 (s64.a / and
                                                                       :op1 (s64.p2 / pole
                                                                                    :domain (s64.s2 / stripe)
                                                                                    :mod (s64.b2 / barber))
                                                                       :consist s64.s2
                                                                       :op2 (s64.w2 / white-03))
                                                          :ARG1 (s64.b / band
                                                                       :mod (s64.b3 / blood)
                                                                       :poss (s64.p / person
                                                                                    :ARG0-of (s64.s3 / surgery-01
                                                                                                     :ARG2 s64.b2)
                                                                                    :same-as s60.p)))
                                             :op2 (s64.r4 / represent-01
                                                          :ARG0 (s64.t / thing
                                                                       :ARG0-of (s64.r / receive-01)
                                                                       :location (s64.e2 / end
                                                                                         :mod (s64.e / either)))
                                                          :ARG1 (s64.p4 / pot
                                                                        :location-of (s64.c / collect-01
                                                                                            :ARG1 (s64.b4 / blood)))))
                               :mod (s64.w / well))
                  :mod (s64.i / in-fact)
                  :rel (s64.r2 / red-02))
   :snt65 (s65.c2 / contrast-01
                  :ARG2 (s65.r / represent-01
                               :ARG0 (s65.a2 / arrive-01
                                             :ARG1 (s65.a / and
                                                          :op1 (s65.m / America)
                                                          :op2 (s65.p / percussion)))
                               :ARG1 (s65.c / change-01
                                            :ARG1 (s65.s / sea)
                                            :mod (s65.m2 / moment
                                                         :time-of (s65.b / begin-01
                                                                         :ARG0 (s65.p2 / person
                                                                                       :ARG0-of (s65.h / have-org-role-91
                                                                                                       :ARG2 (s65.p3 / physician)))
                                                                         :ARG1 (s65.l / look-01
                                                                                      :ARG0 s65.p2
                                                                                      :ARG1 (s65.i / inside
                                                                                                   :op1 (s65.b2 / body))))))))
   :snt66 (s66.a / and
                 :op2 (s66.t / think-01
                             :ARG0 (s66.i / i
                                          :same-as s21.i)
                             :ARG1 (s66.r / represent-01
                                          :ARG0 (s66.p / paint-02
                                                       :mod (s66.p2 / particular)
                                                       :mod (s66.t2 / this)
                                                       :same-as s48.y)
                                          :ARG1 (s66.p4 / pinnacle
                                                        :ARG1-of (s66.m / mean-01
                                                                        :ARG2 (s66.p3 / peak-01
                                                                                      :ARG1 (s66.e / era
                                                                                                   :mod (s66.c / clinic)
                                                                                                   :poss-of s66.p4)))))))
   :snt67 (s67.f / fame-01
                 :ARG1 (s67.w / work-of-art
                              :name (s67.n / name
                                           :op1 "The"
                                           :op2 "Doctor")
                              :ARG1-of (s67.p / paint-02
                                              :ARG0 (s67.p2 / person
                                                            :name (s67.n2 / name
                                                                          :op1 "Luke"
                                                                          :op2 "Fildes"))))
                 :ARG2 s67.p
                 :degree (s67.v / very))
   :snt68 (s68.c / commission-01
                 :ARG0 (s68.p3 / person
                               :name (s68.n2 / name
                                             :op1 "Tate")
                               :ARG0-of (s68.e / establish-01
                                               :ARG1 (s68.w / work-of-art
                                                            :name (s68.n3 / name
                                                                          :op1 "Tate"
                                                                          :op2 "Gallery"))
                                               :time (s68.t / then)))
                 :ARG1 (s68.p2 / person
                               :name (s68.n / name
                                            :op1 "Luke"
                                            :op2 "Fildes")
                               :same-as s67.p2)
                 :ARG2 (s68.p / paint-02
                              :ARG0 s68.p2
                              :ARG1 (s68.t2 / this
                                            :same-as s48.y)))
   :snt69 (s69.a / and
                 :op2 (s69.a2 / ask-02
                              :ARG0 (s69.p3 / person
                                            :name (s69.n / name
                                                         :op1 "Tate")
                                            :same-as s68.p3)
                              :ARG1 (s69.p / paint-02
                                           :ARG0 (s69.p4 / person
                                                         :name (s69.n2 / name
                                                                       :op1 "Fildes")
                                                         :same-as s67.p2)
                                           :ARG1 (s69.p2 / paint-02
                                                         :ARG1-of (s69.i / important-01
                                                                         :ARG2 (s69.s / society))))
                              :ARG2 s69.p4))
   :snt70 (s70.a / and
                 :op2 (s70.i / interest-01
                             :ARG2 (s70.p2 / pick-01
                                           :ARG0 (s70.p / person
                                                        :name (s70.n / name
                                                                     :op1 "Fildes")
                                                        :same-as s67.p2)
                                           :ARG1 (s70.t2 / topic
                                                         :mod (s70.t / this)))))
   :snt71 (s71.d / die-01
                 :ARG1 (s71.p2 / person
                               :name (s71.n2 / name
                                             :op1 "Philip")
                               :ARG0-of (s71.h2 / have-rel-role-91
                                                :ARG1 (s71.p / person
                                                             :name (s71.n / name
                                                                          :op1 "Fildes")
                                                             :same-as s67.p2)
                                                :ARG2 (s71.s / son
                                                             :ARG1-of (s71.h / have-degree-91
                                                                             :ARG2 (s71.o / old)
                                                                             :ARG3 (s71.m / most)))))
                 :time (s71.a2 / age-01
                               :ARG1 s71.p2
                               :ARG2 (s71.t / temporal-quantity
                                            :unit (s71.y / year)
                                            :quant "9"))
                 :time (s71.f / festival
                              :name (s71.n3 / name
                                            :op1 "Christmas"
                                            :op2 "Eve"))
                 :time (s71.a / after
                              :op1 (s71.i / ill-01
                                          :ARG1 s71.p2
                                          :duration (s71.b / brief))))
   :snt72 (s72.a2 / and
                  :op1 (s72.h / have-degree-91
                              :ARG1 (s72.p / person
                                           :name (s72.n / name
                                                        :op1 "Fildes")
                                           :same-as s67.p2)
                              :ARG2 (s72.t / take-01
                                           :ARG0 (s72.p2 / physician
                                                         :ARG0-of (s72.h2 / hold-01
                                                                          :ARG1 (s72.v / vigil)
                                                                          :duration (s72.a3 / and
                                                                                            :op1 (s72.t2 / temporal-quantity
                                                                                                         :unit (s72.n2 / night)
                                                                                                         :quant "2")
                                                                                            :op2 (s72.t3 / temporal-quantity
                                                                                                         :unit (s72.n3 / night)
                                                                                                         :quant "3"))
                                                                          :location (s72.b / bedside))
                                                         :same-as s19.p)
                                           :ARG1 s72.p)
                              :ARG3 (s72.s / so)
                              :ARG6 (s72.d / decide-01
                                           :ARG0 s72.p
                                           :ARG1 (s72.t7 / try-01
                                                         :ARG0 s72.p2
                                                         :ARG1 (s72.d2 / depict-01
                                                                       :ARG0 s72.p2
                                                                       :ARG1 s72.p2
                                                                       :mod (s72.t6 / tribute
                                                                                    :beneficiary (s72.p3 / physician
                                                                                                         :mod (s72.t4 / this)
                                                                                                         :same-as s19.p)
                                                                                    :mod (s72.a / almost))
                                                                       :time (s72.t5 / time
                                                                                     :poss (s72.w / we)))))))
   :snt73 (s73.a / and
                 :op2 (s73.c / cause-01
                             :ARG1 (s73.p / paint-02
                                          :ARG1 (s73.w / work-of-art
                                                       :name (s73.n / name
                                                                    :op1 "The"
                                                                    :op2 "Doctor"
                                                                    :same-as s48.y)
                                                       :ARG1-of (s73.p2 / paint-02
                                                                        :ARG1-of (s73.f / fame-01
                                                                                        :degree (s73.v / very)))))))
   :snt74 (s74.a / and
                 :domain (s74.i / it
                                :same-as s48.y)
                 :location (s74.c / country
                                  :quant (s74.m / many)
                                  :ARG1-of (s74.d / differ-02))
                 :op1 (s74.m2 / map)
                 :op2 (s74.s / stamp
                             :purpose (s74.p / post-04)))
   :snt75 (s75.w / wonder-01
                 :ARG0 (s75.i / i
                              :same-as s21.i)
                 :ARG1 (s75.d2 / do-02
                               :ARG0 (s75.p3 / person
                                             :name (s75.n / name
                                                          :op1 "Fildes")
                                             :same-as s67.p2)
                               :ARG1 (s75.a / amr-unknown)
                               :condition (s75.a2 / ask-02
                                                  :ARG1 (s75.p / paint-02
                                                               :ARG0 s75.p3
                                                               :ARG1 (s75.p2 / paint-02
                                                                             :mod (s75.t / this)
                                                                             :same-as s48.y)
                                                               :time (s75.e / era
                                                                            :ARG1-of (s75.m / modern-02)))
                                                  :ARG2 s75.p3
                                                  :time (s75.d / date-entity
                                                               :year "2011")))
                 :frequency (s75.o / often))
   :snt76 (s76.s3 / substitute-01
                  :ARG0 (s76.h3 / he
                                :same-as s67.p2)
                  :ARG1 (s76.s / screen
                               :part-of (s76.c / computer))
                  :ARG2 (s76.s2 / screen
                                :location-of (s76.h / have-06
                                                    :ARG0 s76.h3
                                                    :ARG1 (s76.p2 / person
                                                                  :ARG0-of (s76.h2 / have-rel-role-91
                                                                                   :ARG2 (s76.p / patient))
                                                                  :same-as s26.c)))
                  :polarity (s76.a / amr-unknown))
   :snt77 (s77.g / get-01
                 :ARG0 (s77.i / i
                              :same-as s2.i)
                 :ARG1 (s77.i3 / in-trouble-02
                               :ARG1 s77.i
                               :ARG2 (s77.s / say-01
                                            :ARG0 s77.i
                                            :ARG1 (s77.b / become-01
                                                         :ARG1 (s77.p / patient
                                                                      :location (s77.b2 / bed)
                                                                      :same-as s26.c)
                                                         :ARG2 (s77.i2 / icon
                                                                       :beneficiary (s77.p2 / patient
                                                                                            :ARG1-of (s77.r / real-04)
                                                                                            :location (s77.c / computer)))
                                                         :mod (s77.a / almost)))
                               :location (s77.c2 / country-region
                                                 :name (s77.n / name
                                                              :op1 "Silicon"
                                                              :op2 "Valley"))
                               :mod (s77.s2 / some)))
   :snt78 (s78.c / coin-01
                 :ARG0 (s78.i / i
                              :same-as s2.i)
                 :ARG1 (s78.t / term
                              :ARG3-of (s78.e / entity
                                              :location (s78.c2 / computer)
                                              :mod (s78.t2 / that)
                                              :same-as s77.p2))
                 :ARG1-of (s78.a / actual-02))
   :snt79 (s79.c / call-01
                 :ARG0 (s79.i / i
                              :same-as s2.i)
                 :ARG1 (s79.i2 / it
                               :same-as s77.p2)
                 :ARG2 (s79.t / thing
                              :name (s79.n / name
                                           :op1 "iPatient")))
   :snt80 (s80.g / get-01
                 :ARG0 (s80.p / person
                              :ARG0-of (s80.c / care-03
                                              :mod (s80.o / original))
                              :same-as s77.p2)
                 :ARG1 (s80.c2 / care-03
                               :ARG1-of (s80.w / wonderful-03))
                 :location (s80.a / all-over
                                  :op1 (s80.c3 / country
                                               :name (s80.n / name
                                                            :op1 "America"))))
   :snt81 (s81.w / wonder-01
                 :ARG0 (s81.p2 / person
                               :ARG0-of (s81.h / have-rel-role-91
                                               :ARG2 (s81.p / patient))
                               :ARG1-of (s81.r / real-04)
                               :same-as s77.p2)
                 :ARG1 (s81.b / be-located-at-91
                              :ARG1 (s81.e / everyone)
                              :ARG2 (s81.a / amr-unknown))
                 :frequency (s81.o / often))
   :snt82 (s82.a2 / and
                  :op1 (s82.c / come-01
                              :ARG1 (s82.t / they
                                           :same-as s81.e))
                  :op2 (s82.e / explain-01
                              :ARG0 s82.t
                              :ARG1 (s82.t2 / thing)
                              :ARG2 (s82.i / i
                                           :same-as s77.p2))
                  :time (s82.a / amr-unknown))
   :snt83 (s83.c / charge-08
                 :ARG1 (s83.a / amr-unknown))
   :snt84 (s84.p7 / possible-01
                  :ARG1 (s84.s / shoot-01
                               :ARG0 (s84.p2 / perceive-01
                                             :ARG0 (s84.p4 / person
                                                           :ARG0-of (s84.h3 / have-rel-role-91
                                                                            :ARG2 (s84.p / patient))))
                               :ARG2 (s84.p3 / perceive-01
                                             :ARG0 (s84.w / we)
                                             :ARG1 (s84.p5 / person
                                                           :ARG0-of (s84.h2 / have-org-role-91
                                                                            :ARG2 (s84.p6 / physician))
                                                           :topic (s84.c / care-03
                                                                         :ARG1-of (s84.h / have-degree-91
                                                                                         :ARG2 (s84.g / good-02
                                                                                                      :ARG1 s84.c)
                                                                                         :ARG3 (s84.m2 / most))
                                                                         :mod (s84.m / medicine)))))
                  :ARG1-of (s84.r / real-04))
   :snt85 (s85.w / want-01
                 :ARG0 (s85.i / i
                              :same-as s2.i)
                 :ARG1 (s85.s / show-01
                              :ARG0 s85.i
                              :ARG1 (s85.p / picture-01
                                           :ARG1 (s85.t / thing
                                                        :ARG1-of (s85.l / look-02
                                                                        :ARG0 (s85.r / round)
                                                                        :time (s85.t2 / train-01
                                                                                      :ARG2 s85.i))))
                              :ARG2 (s85.y / you)))
   :snt86 (s86.f / focus-01
                 :ARG2 (s86.p2 / person
                               :ARG0-of (s86.h / have-rel-role-91
                                               :ARG2 (s86.p / patient))))
   :snt87 (s87.g / go-02
                 :ARG0 (s87.w / we)
                 :ARG3 (s87.b / bed)
                 :ARG4 (s87.b2 / bed))
   :snt88 (s88.c / charge-05
                 :ARG1 (s88.p / physician
                              :ARG0-of (s88.a / attend-01)))
   :snt89 (s89.l / look-02
                 :ARG0 (s89.r4 / round-05)
                 :ARG1 (s89.r2 / resemble-01
                               :ARG1 s89.r4
                               :ARG2 (s89.t2 / this
                                             :location-of (s89.d2 / discuss-01
                                                                  :location (s89.r3 / room
                                                                                    :location (s89.r / relative-position
                                                                                                     :direction (s89.a / away
                                                                                                                       :extent (s89.f / far))
                                                                                                     :op1 (s89.p2 / person
                                                                                                                  :ARG0-of (s89.h2 / have-rel-role-91
                                                                                                                                   :ARG2 (s89.p / patient)))))))
                               :mod (s89.m / much
                                           :degree (s89.v / very)))
                 :ARG1-of (s89.h / have-degree-91
                                 :ARG2 (s89.o / often)
                                 :ARG3 (s89.t3 / too))
                 :time (s89.d / day
                              :mod (s89.t / this)))
   :snt90 (s90.d2 / discuss-01
                  :ARG1 (s90.a2 / and
                                :op1 (s90.i / image
                                            :location (s90.c / computer))
                                :op2 (s90.d / data))
                  :mod (s90.a / all)
                  :same-as s89.d2)
   :snt91 (s91.a / and
                 :op2 (s91.m / miss-01
                             :ARG0 (s91.p2 / piece
                                           :ARG1-of (s91.c / critical-02)
                                           :quant "1")
                             :ARG1 (s91.p3 / piece
                                           :ARG0-of (s91.h / have-rel-role-91
                                                           :ARG2 (s91.p / patient)))))
   :snt92 (s92.i2 / influence-01
                  :ARG0 (s92.a / anecdote
                               :ARG1-of (s92.s / share-01
                                               :ARG0 (s92.i / i
                                                            :same-as s2.i)
                                               :ARG1-of (s92.w / want-01
                                                               :ARG0 s92.i)
                                               :ARG2 (s92.y / you
                                                            :same-as s15.y))
                               :quant "2")
                  :ARG1 s92.i
                  :ARG2 (s92.t / think-01
                               :mod (s92.t2 / this))
                  :time (s92.n / now))
   :snt93 (s93.h3 / have-to-do-with-04
                  :ARG0 (s93.o / one)
                  :ARG1 (s93.p / person
                               :ARG0-of (s93.h2 / have-rel-role-91
                                                :ARG1 (s93.i / i
                                                             :same-as s2.i)
                                                :ARG2 (s93.f / friend))
                               :ARG0-of (s93.h / have-03
                                               :ARG1 (s93.d2 / disease
                                                             :name (s93.n / name
                                                                          :op1 "breast"
                                                                          :op2 "cancer")
                                                             :ARG1-of (s93.d / detect-01
                                                                             :ARG2 (s93.d3 / disease
                                                                                           :mod (s93.s / small)
                                                                                           :mod s93.d2))))
                               :poss-of (s93.l2 / lumpectomy
                                                :location (s93.t / town
                                                                 :location-of (s93.l / live-01
                                                                                     :ARG0 s93.i)))))
   :snt94 (s94.b2 / be-temporally-at-91
                  :ARG1 (s94.t / this)
                  :ARG2 (s94.b / be-located-at-91
                               :ARG1 (s94.i / i
                                            :same-as s2.i)
                               :ARG2 (s94.s / state
                                            :name (s94.n / name
                                                         :op1 "Texas"))))
   :snt95 (s95.a / and
                 :op2 (s95.s2 / spend-02
                              :purpose (s95.g / get-01
                                              :ARG0 (s95.s / she
                                                           :same-as s93.p)
                                              :ARG1 (s95.c / care-03
                                                           :ARG1 s95.s
                                                           :time (s95.s3 / subsequent)))
                              :ARG0 s95.s
                              :ARG1 (s95.t2 / time
                                            :quant (s95.l / lot))
                              :ARG2 (s95.r / research-01
                                           :ARG0 s95.s
                                           :ARG1 (s95.f / find-01
                                                        :ARG0 s95.s
                                                        :ARG1 (s95.c2 / center
                                                                      :ARG1-of (s95.h / have-degree-91
                                                                                      :ARG2 (s95.g2 / good-02
                                                                                                    :ARG1 s95.c2)
                                                                                      :ARG3 (s95.m / most))
                                                                      :mod (s95.d / disease
                                                                                  :name (s95.n / name
                                                                                               :op1 "cancer")
                                                                                  :ARG5 (s95.c3 / center
                                                                                                :location (s95.w / world))))))
                              :time (s95.t / then)))
   :snt96 (s96.a / and
                 :op2 (s96.a2 / and
                              :op1 (s96.f / find-01
                                          :ARG0 (s96.s / she
                                                       :same-as s93.p)
                                          :ARG1 (s96.p / place
                                                       :same-as s95.g))
                              :op2 (s96.d / decide-01
                                          :ARG0 s96.s
                                          :ARG1 (s96.g / go-02
                                                       :ARG0 s96.s
                                                       :ARG4 s96.p))
                              :op3 (s96.g2 / go-02
                                           :ARG0 s96.s
                                           :ARG4 s96.g)))
   :snt97 (s97.c2 / cause-01
                  :ARG1 (s97.s4 / surprise-01
                                :ARG0 (s97.s / see-01
                                             :ARG0 (s97.i / i
                                                          :same-as s2.i)
                                             :ARG1 (s97.s2 / she
                                                           :ARG0-of (s97.g / get-01
                                                                           :ARG1 (s97.c / care-03
                                                                                        :ARG1 s97.s2
                                                                                        :time (s97.s3 / subsequent))
                                                                           :ARG2 (s97.p / person
                                                                                        :ARG0-of (s97.h / have-org-role-91
                                                                                                        :ARG2 (s97.o / oncologist))
                                                                                        :ARG1-of (s97.p2 / private-03)))
                                                           :same-as s93.p)
                                             :direction (s97.b / back)
                                             :location (s97.t2 / town
                                                               :poss (s97.w / we)
                                                               :same-as s93.t))
                                :ARG1 s97.i
                                :time (s97.a / after
                                             :quant (s97.f / few
                                                           :op1 (s97.t / temporal-quantity
                                                                       :unit (s97.m / month)
                                                                       :quant "1")))))
   :snt98 (s98.a2 / and
                  :op1 (s98.p / press-01
                              :ARG0 (s98.i / i
                                           :same-as s2.i)
                              :ARG1 (s98.s / she
                                           :same-as s93.p))
                  :op2 (s98.a4 / ask-01
                               :ARG0 s98.i
                               :ARG1 (s98.c2 / cause-01
                                             :ARG0 (s98.a / amr-unknown)
                                             :ARG1 (s98.a3 / and
                                                           :op1 (s98.c3 / come-01
                                                                        :ARG1 s98.s
                                                                        :direction (s98.b / back))
                                                           :op2 (s98.g / get-01
                                                                       :ARG0 s98.s
                                                                       :ARG1 (s98.c / care-03
                                                                                    :ARG1 s98.s
                                                                                    :same-as s97.c)
                                                                       :location (s98.h / here))))
                               :ARG2 s98.s))
   :snt99 (s99.a / and
                 :op2 (s99.r / reluctant-01
                             :ARG0 (s99.s / she
                                          :same-as s93.p)
                             :ARG1 (s99.t / tell-01
                                          :ARG0 s99.s
                                          :ARG2 (s99.i / i
                                                       :same-as s2.i))))
   :snt100 (s100.s / say-01
                   :ARG0 (s100.s2 / she
                                  :same-as s93.p)
                   :ARG1 (s100.w / wonderful-03
                                 :ARG1 (s100.c / center
                                               :topic (s100.d / disease)
                                               :same-as s95.g)))
   :snt101 (s101.h / have-03
                   :ARG0 (s101.i / it
                                 :same-as s95.g)
                   :ARG1 (s101.a / and
                                 :domain (s101.f / facility
                                                 :ARG1-of (s101.b / beautiful-02))
                                 :op1 (s101.a3 / atrium
                                               :mod (s101.g / giant))
                                 :op2 (s101.p / park-01
                                              :ARG2 (s101.v / valet))
                                 :op3 (s101.p2 / piano
                                               :ARG0-of (s101.p3 / play-11))
                                 :op4 (s101.h3 / hotel
                                               :ARG0-of (s101.t / take-01
                                                                :ARG1 (s101.y / you)
                                                                :ARG2 (s101.t2 / there)
                                                                :ARG3 (s101.a2 / around
                                                                               :op1 (s101.h2 / here))))))
   :snt102 (s102.s / say-01
                   :ARG0 (s102.s2 / she
                                  :part (s102.b / breast)
                                  :same-as s93.p)
                   :ARG1 (s102.c / contrast-01
                                 :ARG2 (s102.t2 / touch-01
                                                :ARG0 (s102.t / they)
                                                :ARG1 s102.b
                                                :polarity "-")))
   :snt103 (s103.p / possible-01
                   :ARG1 (s103.a2 / argue-01
                                  :ARG0 (s103.a / and
                                                :op1 (s103.y / you
                                                             :same-as s15.y)
                                                :op2 (s103.i / i
                                                             :same-as s2.i))
                                  :ARG1 (s103.n / need-01
                                                :ARG0 (s103.t / they
                                                              :same-as s102.t)
                                                :ARG1 (s103.t2 / touch-01
                                                               :ARG0 s103.t
                                                               :ARG1 (s103.b / breast
                                                                             :part-of (s103.s / she
                                                                                              :same-as s93.p)
                                                                             :same-as s102.b))
                                                :mod (s103.p2 / probable)
                                                :polarity "-"))
                   :time (s103.n2 / now))
   :snt104 (s104.h / have-04
                   :ARG0 (s104.t / they
                                 :same-as s102.t)
                   :ARG1 (s104.s / scan-01
                                 :ARG1 (s104.s2 / she
                                                :same-as s93.p)
                                 :manner (s104.i / inside-out)))
   :snt105 (s105.a / and
                   :op1 (s105.u / understand-01
                                :ARG0 (s105.t / they
                                              :same-as s102.t)
                                :ARG1 (s105.d / disease
                                              :name (s105.n / name
                                                            :op1 "cancer")
                                              :mod (s105.b / breast)
                                              :poss (s105.s / she
                                                            :part (s105.b2 / breast
                                                                           :same-as s102.b)
                                                            :same-as s93.p)
                                              :same-as s93.n)
                                :manner (s105.l / level
                                                :mod (s105.m / molecule)))
                   :op2 (s105.n2 / need-01
                                 :ARG0 s105.t
                                 :ARG1 (s105.t2 / touch-01
                                                :ARG0 s105.t
                                                :ARG1 s105.b2)
                                 :polarity "-"))
   :snt106 (s106.c / contrast-01
                   :ARG2 (s106.o / opine-01
                                 :ARG0 (s106.s / she
                                               :same-as s93.p)
                                 :ARG1 (s106.m / matter-01
                                               :ARG1 (s106.i / it)
                                               :ARG1-of (s106.d / deep-02)
                                               :ARG2 s106.s)))
   :snt107 (s107.h / have-quant-91
                   :ARG1 (s107.i2 / it)
                   :ARG3 (s107.e / enough)
                   :ARG6 (s107.d / decide-01
                                 :ARG0 (s107.s / she
                                               :part (s107.a2 / axilla
                                                              :ARG1-of (s107.c2 / care-04))
                                               :part (s107.r2 / region
                                                              :mod (s107.c3 / cervical))
                                               :part (s107.r3 / region
                                                              :mod (s107.n / navel))
                                               :same-as s93.p)
                                 :ARG1 (s107.g / get-01
                                               :ARG0 s107.s
                                               :ARG1 (s107.c / care-03
                                                             :ARG0 (s107.p / person
                                                                           :ARG0-of (s107.h2 / have-rel-role-91
                                                                                             :ARG1 s107.s
                                                                                             :ARG2 (s107.o / oncologist))
                                                                           :ARG0-of (s107.e2 / examine-01
                                                                                             :ARG1 (s107.b2 / breast
                                                                                                            :ARG2-of (s107.i / include-01
                                                                                                                             :ARG1 (s107.t / tail
                                                                                                                                           :mod (s107.a3 / axillary)))
                                                                                                            :mod (s107.b / both))
                                                                                             :frequency (s107.r / rate-entity-91
                                                                                                                :ARG4 (s107.g2 / go-02
                                                                                                                               :ARG0 s107.s)))
                                                                           :ARG0-of (s107.e3 / examine-01
                                                                                             :ARG1 (s107.a / and
                                                                                                           :op1 s107.r2
                                                                                                           :op2 s107.r3))
                                                                           :ARG0-of (s107.e4 / examine-01
                                                                                             :manner (s107.t2 / thorough))
                                                                           :ARG1-of (s107.p2 / private-03))
                                                             :ARG1 s107.s
                                                             :mod (s107.s2 / subsequent)))))
   :snt108 (s108.a / and
                   :op2 (s108.o / opine-01
                                :ARG0 (s108.s / she
                                              :same-as s93.p)
                                :ARG1 (s108.s2 / speak-01
                                               :ARG0 (s108.t / that)
                                               :ARG1 (s108.a2 / attend-02
                                                              :ARG1-of (s108.n / need-01
                                                                               :ARG0 s108.s)
                                                              :mod (s108.k / kind))
                                               :ARG3 s108.s)))
   :snt109 (s109.i2 / influence-01
                    :ARG0 (s109.a / anecdote
                                  :mod (s109.t / that)
                                  :same-as s93.o)
                    :ARG1 (s109.i / i
                                  :same-as s2.i)
                    :degree (s109.v / very))
   :snt110 (s110.i2 / influence-01
                    :ARG0 (s110.e / experience-01
                                  :ARG0 (s110.i / i
                                                :same-as s2.i)
                                  :mod (s110.a3 / another)
                                  :mod (s110.a / again)
                                  :time (s110.b / be-located-at-91
                                                :ARG1 s110.i
                                                :ARG2 (s110.s / state
                                                              :name (s110.n / name
                                                                            :op1 "Texas")
                                                              :same-as s94.s)
                                                :time (s110.b2 / before
                                                               :op1 (s110.m / move-01
                                                                            :ARG0 s110.i
                                                                            :ARG2 (s110.u / university
                                                                                          :name (s110.n2 / name
                                                                                                         :op1 "Stanford")
                                                                                          :same-as s13.u)))))
                    :ARG1 s110.i
                    :mod (s110.a2 / also))
   :snt111 (s111.h / have-03
                   :ARG0 (s111.i / i
                                 :same-as s2.i)
                   :ARG1 (s111.r / repute-01
                                 :ARG1 s111.i
                                 :ARG2 (s111.i2 / interest-01
                                                :ARG1 s111.i
                                                :ARG2 (s111.p2 / person
                                                               :ARG0-of (s111.h3 / have-rel-role-91
                                                                                 :ARG2 (s111.p / patient))
                                                               :ARG0-of (s111.h2 / have-03
                                                                                 :ARG1 (s111.f / fatigue
                                                                                               :mod (s111.c / chronic)))))))
   :snt112 (s112.r / reputation
                   :ARG1-of (s112.w / wish-01
                                    :ARG0 (s112.y / you)
                                    :ARG2 (s112.e / enemy
                                                  :ARG1-of (s112.h / have-degree-91
                                                                   :ARG2 (s112.b / bad-07)
                                                                   :ARG3 (s112.m / most))
                                                  :poss s112.y))
                   :domain (s112.t / this
                                   :same-as s111.r)
                   :polarity "-")
   :snt113 (s113.s / say-01
                   :ARG0 (s113.i / i
                                 :same-as s2.i)
                   :ARG1 (s113.t / that
                                 :same-as s111.r)
                   :ARG1-of (s113.c / cause-01
                                    :ARG0 (s113.p / patient
                                                  :domain (s113.t2 / this
                                                                   :same-as s111.p2)
                                                  :mod (s113.d / difficult))))
   :snt114 (s114.a2 / and
                    :op1 (s114.r / reject-01
                                 :ARG0 (s114.f / family
                                               :ARG1-of (s114.h / have-rel-role-91
                                                                :ARG0 (s114.t / they
                                                                              :same-as s111.p2)
                                                                :ARG2 (s114.m2 / member)))
                                 :ARG1 s114.t
                                 :frequency (s114.o / often))
                    :op2 (s114.e / experience-01
                                 :ARG0 s114.t
                                 :ARG1 (s114.c / care-03
                                               :mod (s114.m / medicine))
                                 :ARG1-of (s114.b / bad-07))
                    :op3 (s114.c2 / come-01
                                  :ARG1 s114.t
                                  :ARG4 (s114.y / you)
                                  :ARG4 (s114.p2 / prepare-02
                                                 :ARG0 s114.t
                                                 :ARG2 (s114.j / join-01
                                                               :ARG0 s114.y
                                                               :ARG1 (s114.l / list
                                                                             :ARG1-of (s114.l2 / long-03)
                                                                             :consist-of (s114.p / person
                                                                                                 :ARG0-of (s114.d / disappoint-01
                                                                                                                  :ARG1 s114.t
                                                                                                                  :time (s114.a / about-to)))))
                                                 :manner (s114.f2 / full))))
   :snt115 (s115.a2 / and
                    :op2 (s115.l / learn-01
                                 :ARG0 (s115.i / i
                                               :same-as s2.i)
                                 :ARG1 (s115.p3 / possible-01
                                                :ARG1 (s115.d / do-02
                                                              :ARG0 s115.i
                                                              :ARG1 (s115.j / justice)
                                                              :ARG2 (s115.p / patient
                                                                            :ARG0-of (s115.h / have-rel-role-91
                                                                                             :ARG1 s115.i
                                                                                             :ARG1 (s115.p2 / patient))
                                                                            :ARG1-of (s115.c / complicate-01
                                                                                             :degree (s115.v2 / very)))
                                                              :instrument (s115.r / record
                                                                                  :ARG2-of (s115.b / bring-01
                                                                                                   :ARG0 (s115.t2 / they)
                                                                                                   :ARG1 (s115.v3 / visit-01
                                                                                                                  :ARG0 s115.t2
                                                                                                                  :ARG1 s115.p2
                                                                                                                  :ARG1-of (s115.n / new-01)
                                                                                                                  :duration (s115.t / temporal-quantity
                                                                                                                                    :unit (s115.m / minute)
                                                                                                                                    :quant "45")))
                                                                                  :mod (s115.a / all)))
                                                :polarity "-")
                                 :time (s115.e / early
                                               :degree (s115.v / very)))
                    :rel (s115.o / ordinal-entity
                                 :value "1"
                                 :same-as s26.c))
   :snt116 (s116.w / way
                   :mod (s116.j / just)
                   :polarity "-")
   :snt117 (s117.a / and
                   :op2 (s117.d / disappoint-01
                                :ARG0 (s117.i / i
                                              :same-as s2.i)
                                :ARG1 (s117.t / they
                                              :same-as s111.p2)
                                :condition (s117.t2 / try-01
                                                    :ARG0 s117.i)))
   :snt118 (s118.a / and
                   :op2 (s118.c / cause-01
                                :ARG1 (s118.h / hit-on-04
                                              :ARG0 (s118.i / i
                                                            :same-as s2.i)
                                              :ARG1 (s118.m / method
                                                            :location-of (s118.a2 / and
                                                                                  :op1 (s118.i3 / invite-01
                                                                                                :ARG0 s118.i
                                                                                                :ARG1 (s118.p / patient
                                                                                                              :same-as s26.c)
                                                                                                :ARG2 (s118.t / tell-01
                                                                                                              :ARG0 s118.p
                                                                                                              :ARG1 (s118.s / story)
                                                                                                              :ARG2 s118.i
                                                                                                              :duration (s118.v / visit-01
                                                                                                                                :ARG0 s118.p
                                                                                                                                :ARG1 s118.i
                                                                                                                                :mod (s118.e / entire)
                                                                                                                                :ord (s118.o / ordinal-entity
                                                                                                                                             :value "1"))))
                                                                                  :op2 (s118.t3 / try-01
                                                                                                :ARG0 s118.i
                                                                                                :ARG1 (s118.i2 / interrupt-01
                                                                                                               :ARG0 s118.i
                                                                                                               :ARG1 s118.p
                                                                                                               :polarity "-")))
                                                            :mod (s118.t2 / this)))))
   :snt119 (s119.k / know-01
                   :ARG0 (s119.w / we)
                   :ARG1 (s119.i / interrupt-01
                                 :ARG0 (s119.p3 / physician
                                                :ARG1-of (s119.a / average-04)
                                                :mod (s119.c / country
                                                             :name (s119.n / name
                                                                           :op1 "America")))
                                 :ARG1 (s119.p2 / person
                                                :ARG0-of (s119.h / have-rel-role-91
                                                                 :ARG1 s119.p3
                                                                 :ARG2 (s119.p / patient)))
                                 :duration (s119.t / temporal-quantity
                                                   :unit (s119.s / second)
                                                   :quant "14")))
   :snt120 (s120.a / and
                   :op2 (s120.c / cause-01
                                :ARG0 (s120.a2 / and
                                               :op1 (s120.h3 / hold-01
                                                             :ARG0 (s120.i / i
                                                                           :same-as s2.i)
                                                             :ARG1 (s120.p3 / piece
                                                                            :poss s120.i)
                                                             :duration (s120.t / temporal-quantity
                                                                               :unit (s120.m / minute)
                                                                               :quant "45"))
                                               :op2 (s120.i2 / interrupt-01
                                                             :ARG0 s120.i
                                                             :ARG1 (s120.p2 / person
                                                                            :ARG0-of (s120.h / have-rel-role-91
                                                                                             :ARG1 s120.i
                                                                                             :ARG2 (s120.p / patient))
                                                                            :same-as s26.c)
                                                             :polarity "-"))
                                :condition (s120.g / get-05
                                                   :ARG1 s120.i
                                                   :ARG2 (s120.h2 / heaven)
                                                   :time (s120.e / ever))))
   :snt121 (s121.a / and
                   :op1 (s121.s / schedule-01
                                :ARG0 (s121.i / i
                                              :same-as s2.i)
                                :ARG0-of (s121.c / cause-01)
                                :ARG1 (s121.e2 / examine-01
                                               :mod (s121.p2 / physical))
                                :ARG2 (s121.t / temporal-quantity
                                              :unit (s121.w / week)
                                              :quant "2")
                                :time (s121.t2 / then))
                   :op2 (s121.p4 / possible-01
                                 :ARG1 (s121.d / do-02
                                               :ARG0 s121.i
                                               :ARG1 (s121.p3 / physical
                                                              :mod (s121.t3 / thorough)
                                                              :same-as s121.e2))
                                 :ARG1-of (s121.c2 / cause-01
                                                   :ARG0 (s121.d2 / do-02
                                                                  :ARG0 s121.i
                                                                  :ARG1 (s121.n / nothing
                                                                                :mod (s121.e / else))))
                                 :time (s121.c3 / come-01
                                                :ARG1 (s121.p / patient
                                                              :same-as s26.c))))
   :snt122 (s122.c3 / contrast-01
                    :ARG1 (s122.l / like-01
                                  :ARG0 (s122.i / i
                                                :same-as s2.i)
                                  :ARG1 (s122.t / think-01
                                                :ARG0 s122.i
                                                :ARG1 (s122.d / do-02
                                                              :ARG0 s122.i
                                                              :ARG1 (s122.e2 / examine-01
                                                                             :ARG0 s122.i
                                                                             :manner (s122.p / physical)
                                                                             :mod (s122.t2 / thorough)))))
                    :ARG2 (s122.c / cause-01
                                  :ARG0 (s122.c2 / concern-02
                                                 :ARG0 (s122.v / visit-01
                                                               :mod (s122.w / whole
                                                                            :same-as s118.v)
                                                               :time (s122.n / now))
                                                 :ARG1 s122.e2)
                                  :ARG1 (s122.p2 / possible-01
                                                 :ARG1 (s122.d2 / do-02
                                                                :ARG0 s122.i
                                                                :ARG1 (s122.e / exam
                                                                              :mod (s122.t3 / thorough
                                                                                            :degree (s122.e3 / extraordinary)))))))
   :snt123 (s123.a / and
                   :op2 (s123.r / remember-01
                                :ARG0 (s123.i / i
                                              :same-as s2.i)
                                :ARG1 (s123.c / continue-01
                                              :ARG0 (s123.p2 / person
                                                             :ARG0-of (s123.h / have-rel-role-91
                                                                              :ARG1 s123.i
                                                                              :ARG2 (s123.p / patient))
                                                             :ARG1-of (s123.i2 / include-91
                                                                               :ARG2 (s123.s / series
                                                                                             :mod (s123.t2 / that)))
                                                             :ord (s123.o / ordinal-entity
                                                                          :degree (s123.v / very)
                                                                          :value "1")
                                                             :same-as s26.c)
                                              :ARG1 (s123.t / tell-01
                                                            :ARG0 s123.p2
                                                            :ARG1 (s123.h2 / history
                                                                           :quant (s123.m2 / more))
                                                            :ARG2 s123.i
                                                            :time (s123.m / mean-02
                                                                          :ARG1 (s123.v2 / visit-01
                                                                                         :ARG0 s123.i
                                                                                         :ARG1 s123.p2
                                                                                         :mod (s123.e / exam
                                                                                                      :mod (s123.p3 / physical))
                                                                                         :same-as s118.v))))))
   :snt124 (s124.a / and
                   :op2 (s124.b / begin-01
                                :ARG0 (s124.i / i
                                              :same-as s2.i)
                                :ARG1 (s124.r / ritual
                                              :poss s124.i)))
   :snt125 (s125.a2 / and
                    :op1 (s125.b2 / begin-01
                                  :ARG0 (s125.i / i
                                                :part (s125.h2 / hand)
                                                :same-as s2.i)
                                  :ARG2 (s125.p / pulse-01)
                                  :time (s125.a / always))
                    :op2 (s125.e2 / examine-01
                                  :ARG0 s125.i
                                  :ARG1 (s125.h / hand)
                                  :time (s125.t2 / then))
                    :op3 (s125.l / look-01
                                 :ARG0 s125.i
                                 :ARG1 (s125.b / bed
                                               :part-of (s125.n / nail)))
                    :op4 (s125.s / slide-01
                                 :ARG0 s125.i
                                 :ARG1 s125.h2
                                 :destination (s125.n2 / node
                                                       :mod (s125.t / temporal-quantity
                                                                    :mod (s125.e / epitrochlear)))
                                 :direction (s125.u / up)
                                 :time (s125.t3 / then))
                    :op5 (s125.g / go-06
                                 :ARG0 s125.i
                                 :ARG1 (s125.r / ritual
                                               :poss s125.i
                                               :same-as s124.r)))
   :snt126 (s126.a / and
                   :op2 (s126.b2 / begin-01
                                 :ARG1 (s126.q / quiet-04
                                               :ARG1 (s126.p2 / person
                                                              :ARG0-of (s126.h / have-rel-role-91
                                                                               :ARG2 (s126.p / patient))
                                                              :mod (s126.v2 / voluble
                                                                            :degree (s126.v / very))
                                                              :mod (s126.t / this)
                                                              :same-as s26.c))
                                 :time (s126.b / begin-01
                                               :ARG1 (s126.r / ritual
                                                             :poss (s126.i / i
                                                                           :same-as s2.i)
                                                             :same-as s124.r))))
   :snt127 (s127.a / and
                   :op2 (s127.r / remember-01
                                :ARG0 (s127.i / i
                                              :same-as s2.i)
                                :ARG1 (s127.h / have-03
                                              :ARG0 s127.i
                                              :ARG1 (s127.s / sense-01
                                                            :ARG0 s127.i
                                                            :ARG1 (s127.s2 / slip-01
                                                                           :ARG1 (s127.a2 / and
                                                                                          :op1 (s127.p2 / person
                                                                                                        :ARG0-of (s127.h4 / have-rel-role-91
                                                                                                                          :ARG1 s127.i
                                                                                                                          :ARG2 (s127.p / patient))
                                                                                                        :same-as s26.c)
                                                                                          :op2 s127.i)
                                                                           :ARG4 (s127.r2 / ritual
                                                                                          :location-of (s127.a3 / and
                                                                                                                :op1 (s127.h2 / have-03
                                                                                                                              :ARG0 s127.i
                                                                                                                              :ARG1 (s127.r3 / role))
                                                                                                                :op2 (s127.h3 / have-org-role-91
                                                                                                                              :ARG0 s127.p2
                                                                                                                              :ARG1 (s127.r4 / role)))
                                                                                          :mod (s127.p3 / primitive))
                                                                           :direction (s127.b / back))
                                                            :mod (s127.e / eerie
                                                                         :degree (s127.v / very))))))
   :snt128 (s128.a / and
                   :op2 (s128.s / say-01
                                :ARG0 (s128.p / patient
                                              :same-as s26.c)
                                :ARG1 (s128.e2 / examine-01
                                               :ARG1 s128.p
                                               :ARG1-of (s128.r / resemble-01
                                                                :ARG2 (s128.t / this))
                                               :time (s128.e / ever)
                                               :time (s128.b2 / before)
                                               :polarity "-")
                                :ARG2 (s128.i / i
                                              :same-as s2.i)
                                :manner (s128.a2 / awe-01
                                                 :ARG1 s128.i
                                                 :mod (s128.s2 / some))
                                :time (s128.b / be-done-08
                                              :ARG0 s128.i)))
   :snt129 (s129.c3 / condemn-01
                    :ARG1 (s129.s2 / system
                                   :ARG0-of (s129.c / care-03
                                                    :ARG1 (s129.h / healthy))
                                   :poss (s129.w / we))
                    :ARG1-of (s129.t4 / true-01)
                    :ARG1-of (s129.c2 / cause-01
                                      :ARG0 (s129.s / see-01
                                                    :ARG1 (s129.t2 / they)
                                                    :location (s129.p / place
                                                                      :mod (s129.o / other))))
                    :condition (s129.t3 / true-01
                                        :ARG1 (s129.t / that
                                                      :same-as s128.s))
                    :mod s129.t
                    :rel (s129.n / now))
   :snt130 (s130.p2 / proceed-01
                    :ARG0 (s130.i / i
                                  :same-as s2.i)
                    :ARG1 (s130.t / tell-01
                                  :ARG0 s130.i
                                  :ARG1 (s130.t3 / thing
                                                 :ARG1-of (s130.s / standard-02)
                                                 :ARG1-of (s130.h2 / hear-01
                                                                   :ARG0 (s130.p / patient
                                                                                 :part (s130.h / head)
                                                                                 :same-as s26.c)
                                                                   :ARG1-of (s130.i2 / infer-01)
                                                                   :location (s130.i3 / institution
                                                                                      :mod (s130.o / other)))
                                                 :domain (s130.b / be-located-at-91
                                                                 :ARG1 (s130.t4 / this)
                                                                 :ARG2 s130.h
                                                                 :polarity "-"))
                                  :ARG2 s130.p
                                  :time (s130.d / dress-01
                                                :ARG1 s130.p))
                    :time (s130.t2 / then))
   :snt131 (s131.t / this
                   :ARG1-of (s131.r / real-04)
                   :same-as s130.t4)
   :snt132 (s132.n4 / news
                    :ARG1-of (s132.g / good-02)
                    :domain (s132.a / and
                                    :op1 (s132.d / disease
                                                 :name (s132.n / name
                                                               :op1 "cancer")
                                                 :domain (s132.i2 / it
                                                                  :same-as s130.t4)
                                                 :polarity "-")
                                    :op2 (s132.d2 / disease
                                                  :name (s132.n2 / name
                                                                 :op1 "tuberculosis")
                                                  :domain s132.i2
                                                  :polarity "-")
                                    :op3 (s132.o2 / or
                                                  :domain s132.i2
                                                  :op1 (s132.d3 / disease
                                                                :name (s132.n3 / name
                                                                               :op1 "coccidioidomycosis"))
                                                  :op2 (s132.i / infect-01
                                                               :ARG1-of (s132.o / obscure-02)
                                                               :ARG2 (s132.f / fungal)
                                                               :mod (s132.s / some))
                                                  :polarity "-")))
   :snt133 (s133.c2 / contrast-01
                    :ARG1 (s133.k / know-01
                                  :ARG0 (s133.w / we)
                                  :ARG1 (s133.t / thing
                                                :ARG0-of (s133.c / cause-01
                                                                 :ARG1 (s133.t4 / this
                                                                                :same-as s130.t4))
                                                :mod (s133.e / exact))
                                  :polarity "-")
                    :ARG2 (s133.a / and
                                  :op1 (s133.t2 / thing
                                                :ARG1-of (s133.d / do-02
                                                                 :ARG0 (s133.y / you
                                                                               :same-as s26.c)
                                                                 :ARG1-of (s133.r / recommend-01))
                                                :location (s133.h / here))
                                  :op2 (s133.t3 / thing
                                                :ARG1-of (s133.d2 / do-02
                                                                  :ARG0 s133.w
                                                                  :ARG1-of (s133.r2 / recommend-01))
                                                :mod (s133.h2 / here)))
                    :domain (s133.n / news
                                    :ARG1-of (s133.b / bad-07)))
   :snt134 (s134.a2 / and
                    :op2 (s134.l / lay-01
                                 :ARG0 (s134.i / i
                                               :same-as s2.i)
                                 :ARG1 (s134.o / option
                                               :ARG1-of (s134.s / standard-02)
                                               :ARG1-of (s134.h / hear-01
                                                                :ARG0 (s134.p / patient
                                                                              :same-as s26.c)
                                                                :location (s134.e / elsewhere))
                                               :ARG3-of (s134.t / treat-03)
                                               :mod (s134.a / all))))
   :snt135 (s135.a2 / and
                    :op2 (s135.f / feel-02
                                 :ARG0 (s135.i / i
                                               :same-as s2.i)
                                 :ARG1 (s135.c / cause-01
                                               :ARG0 (s135.e / earn-01
                                                             :ARG0 s135.i
                                                             :ARG1 (s135.r / right-05
                                                                           :ARG1 s135.i
                                                                           :ARG2 (s135.t / tell-01
                                                                                         :ARG0 s135.i
                                                                                         :ARG1 (s135.t2 / thing
                                                                                                        :mod (s135.t3 / this))
                                                                                         :ARG2 (s135.p2 / person
                                                                                                        :ARG0-of (s135.h / have-rel-role-91
                                                                                                                         :ARG1 s135.i
                                                                                                                         :ARG2 (s135.p / patient))
                                                                                                        :same-as s26.c)))
                                                             :ARG1-of (s135.c2 / cause-01
                                                                               :ARG0 (s135.e2 / examine-01)))
                                               :condition (s135.a3 / and
                                                                   :op1 (s135.g / give-up-07
                                                                                :ARG0 s135.p2
                                                                                :ARG1 (s135.q / quest-01
                                                                                              :ARG0 s135.p2
                                                                                              :ARG1 (s135.d / doctor
                                                                                                            :mod (s135.m / magic))
                                                                                              :ARG2-of (s135.t4 / treat-03
                                                                                                                :mod s135.m)))
                                                                   :op2 (s135.b / begin-01
                                                                                :ARG0 s135.p2
                                                                                :ARG1 (s135.c3 / course
                                                                                               :direction (s135.w / wellness))
                                                                                :accompanier s135.i)))
                                 :time (s135.a / always)))
   :snt136 (s136.t / transpire-01
                   :ARG1 (s136.s / something
                                 :ARG1-of (s136.i / important-01))
                   :time (s136.e / exchange-01
                                 :same-as s24.e))
   :snt137 (s137.a / and
                   :op1 (s137.t / take-01
                                :ARG0 (s137.i / i
                                              :same-as s2.i)
                                :ARG1 (s137.t3 / this)
                                :ARG2 (s137.p / person
                                              :ARG0-of (s137.h2 / have-rel-role-91
                                                                :ARG1 s137.i
                                                                :ARG2 (s137.c / colleague
                                                                              :ARG2-of (s137.h / have-org-role-91
                                                                                               :ARG1 (s137.u / university
                                                                                                             :name (s137.n / name
                                                                                                                           :op1 "Stanford"))
                                                                                               :ARG3 (s137.a2 / anthropology
                                                                                                              :same-as s13.u))))))
                   :op2 (s137.t2 / tell-01
                                 :ARG0 s137.i
                                 :ARG1 (s137.s2 / story
                                                :ARG1-of (s137.s / same-01))
                                 :ARG2 s137.p))
   :snt138 (s138.a / and
                   :op2 (s138.s / say-01
                                :ARG0 (s138.t / they
                                              :same-as s137.p)
                                :ARG1 (s138.d / describe-01
                                              :ARG0 (s138.i / i
                                                            :same-as s2.i)
                                              :ARG1 (s138.r / ritual
                                                            :mod (s138.c / classic))
                                              :mod (s138.w / well))
                                :ARG2 s138.i
                                :time (s138.i2 / immediate)))
   :snt139 (s139.a2 / and
                    :op2 (s139.h / help-01
                                 :ARG0 (s139.t / they
                                               :same-as s137.p)
                                 :ARG1 (s139.u / understand-01
                                               :ARG0 (s139.i / i
                                                             :same-as s2.i)
                                               :ARG1 (s139.c2 / concern-02
                                                              :ARG0 (s139.c / ceremony)
                                                              :ARG1 (s139.t2 / transform-01)
                                                              :mod (s139.a / all)))
                                 :ARG2 s139.i))
   :snt140 (s140.e2 / exemplify-01
                    :ARG0 (s140.m / marry-01
                                  :ARG1 (s140.w / we)
                                  :manner (s140.a / and
                                                  :purpose (s140.s / signal-07
                                                                   :ARG0 s140.w
                                                                   :ARG1 (s140.d / depart-01
                                                                                 :ARG0 s140.w
                                                                                 :ARG1 (s140.l2 / live-01)
                                                                                 :ARG1 (s140.b / bliss
                                                                                               :duration (s140.e / eternal))
                                                                                 :ARG2 (s140.l / life
                                                                                               :mod (s140.s2 / solitude)
                                                                                               :mod (s140.m2 / misery)
                                                                                               :mod (s140.l3 / loneliness))))
                                                  :op1 (s140.p / pomp
                                                               :mod (s140.g / great))
                                                  :op2 (s140.c / ceremony
                                                               :mod s140.g)
                                                  :op3 (s140.e3 / expend-01
                                                                :mod s140.g))))
   :snt141 (s141.s / sure-02
                   :ARG0 (s141.i / i
                                 :same-as s2.i)
                   :ARG1 (s141.t / thing
                                 :ARG0-of (s141.c / cause-01
                                                  :ARG1 (s141.l / laugh-01
                                                                :ARG0 (s141.y / you
                                                                              :same-as s2.i))))
                   :polarity "-")
   :snt142 (s142.i / intend-01
                   :ARG1 (s142.t / that)
                   :ARG1-of (s142.r / request-confirmation-91)
                   :mod (s142.o / original))
   :snt143 (s143.s / signal-07
                   :ARG0 (s143.w / we)
                   :ARG1 (s143.t / transition-01
                                 :ARG1 (s143.p / power))
                   :manner (s143.c / ceremony))
   :snt144 (s144.s / signal-07
                   :ARG0 (s144.w / we)
                   :ARG1 (s144.p / pass-03
                                 :ARG1 (s144.l / life))
                   :manner (s144.c / ceremony))
   :snt145 (s145.i / important-01
                   :ARG1 (s145.r / ritual)
                   :degree (s145.t / terribly))
   :snt146 (s146.c / concern-02
                   :ARG0 (s146.t / they
                                 :same-as s145.r)
                   :ARG1 (s146.t2 / transform-01)
                   :degree (s146.a / all))
   :snt147 (s147.s / submit-01
                   :ARG0 (s147.i / i
                                 :same-as s2.i)
                   :ARG2 (s147.y / you
                                 :same-as s15.y)
                   :mod (s147.w / well
                                :mode "expressive")
                   :rel (s147.r3 / ritual
                                 :consist-of (s147.a2 / and
                                                      :op2 (s147.a3 / and
                                                                    :op1 (s147.c / come-01
                                                                                 :ARG1 (s147.i3 / individual
                                                                                                :mod (s147.o / one))
                                                                                 :ARG4 (s147.a5 / another))
                                                                    :op2 (s147.t / tell-01
                                                                                 :ARG0 s147.i3
                                                                                 :ARG1 (s147.t3 / thing
                                                                                                :ARG1-of (s147.t2 / tell-01
                                                                                                                  :ARG0 s147.i3
                                                                                                                  :ARG2 (s147.o2 / or
                                                                                                                                 :op1 (s147.p / person
                                                                                                                                              :ARG0-of (s147.p3 / preach-01
                                                                                                                                                                :ARG1 s147.i3))
                                                                                                                                 :op2 (s147.p2 / person
                                                                                                                                               :ARG0-of (s147.h / have-rel-role-91
                                                                                                                                                                :ARG1 s147.i3
                                                                                                                                                                :ARG2 (s147.r2 / rabbi))))
                                                                                                                  :polarity "-"))
                                                                                 :ARG2 s147.a5))
                                                      :op2 (s147.a4 / and
                                                                    :degree (s147.i2 / incredible)
                                                                    :op2 (s147.a / allow-01
                                                                                 :ARG1 (s147.t4 / touch-01))))
                                 :op1-of s147.a2)
                   :rel (s147.r / Great))
   :snt148 (s148.s / submit-01
                   :ARG0 (s148.i / i
                                 :same-as s2.i)
                   :ARG1 (s148.r / ritual
                                 :ARG0-of (s148.e / exceed-01
                                                  :ARG1 (s148.i2 / important-01
                                                                 :ARG1 s148.r))
                                 :domain (s148.t / that))
                   :ARG2 (s148.y / you
                                 :same-as s15.y))
   :snt149 (s149.a / and
                   :op2 (s149.h / have-condition-91
                                :ARG1 (s149.b / bypass-01
                                              :ARG0 (s149.y / you)
                                              :ARG1 (s149.o / opportunity
                                                            :topic (s149.s / seal-01
                                                                           :ARG1 (s149.r / relation-03
                                                                                         :ARG0 (s149.p2 / physician)
                                                                                         :ARG2 (s149.p / patient)))))
                                :ARG2 (s149.a2 / and
                                               :op1 (s149.d / dress-01
                                                            :ARG0 s149.y
                                                            :ARG1 s149.p
                                                            :polarity "-")
                                               :op2 (s149.l / listen-01
                                                            :ARG0 s149.y
                                                            :instrument (s149.s2 / stethoscope)
                                                            :location (s149.t2 / top
                                                                               :part-of (s149.n / nightgown)))
                                               :op3 (s149.e / examine-01
                                                            :ARG0 s149.y
                                                            :ARG1-of (s149.c / complete-02)
                                                            :polarity "-")))
                   :rel (s149.r2 / ritual
                                 :mod (s149.t / that)
                                 :same-as s148.t)
                   :rel (s149.m / multiple))
   :snt150 (s150.a / and
                   :op1 (s150.p2 / person
                                 :ARG0-of (s150.w2 / write-01)
                                 :domain (s150.i / i
                                                 :same-as s2.i))
                   :op2 (s150.w / want-01
                                :ARG0 s150.i
                                :ARG1 (s150.c / close-02
                                              :ARG0 s150.i
                                              :ARG2 (s150.r / read-01
                                                            :ARG0 s150.i
                                                            :ARG1 (s150.p / passage
                                                                          :ARG0-of (s150.h / have-to-do-with-04
                                                                                           :ARG1 (s150.s / scene
                                                                                                         :mod (s150.t / this)
                                                                                                         :same-as s48.y)
                                                                                           :ARG2 (s150.m / much
                                                                                                         :degree (s150.v / very)))
                                                                          :ARG1-of (s150.s2 / short-07)
                                                                          :ARG1-of (s150.w3 / write-01
                                                                                            :ARG0 s150.i))
                                                            :ARG2 (s150.y / you
                                                                          :same-as s15.y)))))
   :snt151 (s151.a / and
                   :op1 (s151.p / physician
                                :domain (s151.i / i
                                                :same-as s2.i)
                                :mod (s151.d2 / disease
                                              :ARG0-of (s151.i2 / infect-01)))
                   :op2 (s151.p2 / preside-01
                                 :ARG0 s151.i
                                 :ARG1 (s151.s / scene
                                               :quant (s151.m / many
                                                              :mod (s151.s2 / so))
                                               :ARG1-of (s151.r / resemble-01
                                                                :ARG2 (s151.t / this
                                                                              :same-as s48.y)))
                                 :time (s151.b / before
                                               :op1 (s151.h / have-03
                                                            :ARG0 (s151.w / we)
                                                            :ARG1 (s151.m2 / medication
                                                                           :poss s151.w)))
                                 :time (s151.d / day
                                               :mod (s151.e / early)
                                               :time-of (s151.d3 / disease
                                                                 :name (s151.n / name
                                                                               :op1 "HIV")))))
   :snt152 (s152.r2 / remember-01
                    :ARG0 (s152.i / i
                                  :same-as s2.i)
                    :ARG1 (s152.a / and
                                  :frequency (s152.r / rate-entity-91
                                                     :ARG4 (s152.g / go-02
                                                                   :ARG0 s152.i
                                                                   :ARG4 (s152.d / deathbed
                                                                                 :poss (s152.p2 / person
                                                                                                :mod (s152.p / patient)))
                                                                   :location (s152.o2 / or
                                                                                      :op1 (s152.h2 / hospital)
                                                                                      :op2 (s152.h / home))))
                                  :op1 (s152.s3 / sense-01
                                                :ARG0 s152.i
                                                :ARG1 (s152.f / fail-01
                                                              :ARG1 s152.i))
                                  :op2 (s152.f2 / feel-01
                                                :ARG0 s152.i
                                                :ARG1 (s152.k / know-01
                                                              :ARG0 s152.i
                                                              :ARG1 (s152.t / thing
                                                                            :ARG1-of (s152.s / say-01
                                                                                             :ARG0 s152.i
                                                                                             :ARG2-of (s152.o / obligate-01
                                                                                                              :ARG0 s152.i)))
                                                              :polarity "-"))
                                  :op3 (s152.k2 / know-01
                                                :ARG0 s152.i
                                                :ARG1 (s152.t2 / thing
                                                               :ARG1-of (s152.p3 / possible-01)
                                                               :ARG1-of (s152.s2 / say-01
                                                                                 :ARG0 s152.i))
                                                :polarity "-")
                                  :op4 (s152.t3 / thing
                                                :ARG1-of (s152.d2 / do-02
                                                                  :ARG0 s152.i
                                                                  :ARG2-of (s152.s4 / suppose-02)))))
   :snt153 (s153.r / remember-01
                   :ARG0 (s153.i / i
                                 :same-as s2.i)
                   :ARG1 (s153.e / examine-01
                                 :ARG0 s153.i
                                 :ARG0-of (s153.c / cause-01
                                                  :ARG1 (s153.s / sense-01
                                                                :ARG0 s153.i
                                                                :ARG1 (s153.f / fail-01)
                                                                :ARG1 s153.i
                                                                :mod (s153.t / that)))
                                 :ARG1 (s153.p / patient
                                               :same-as s152.p2)
                                 :time (s153.a / always)))
   :snt154 (s154.p / pull-01
                   :ARG0 (s154.i / i
                                 :same-as s2.i)
                   :ARG1 (s154.e / eyelash)
                   :ARG2 (s154.d / down))
   :snt155 (s155.l / look-01
                   :ARG0 (s155.i / i
                                 :same-as s2.i)
                   :ARG1 (s155.t / tongue))
   :snt156 (s156.p / perjure-01
                   :ARG0 (s156.i / i
                                 :same-as s2.i)
                   :ARG1 (s156.c / chest))
   :snt157 (s157.l / listen-01
                   :ARG0 (s157.i / i
                                 :same-as s2.i)
                   :ARG1 (s157.h / heart))
   :snt158 (s158.f / feel-01
                   :ARG0 (s158.i / i
                                 :same-as s2.i)
                   :ARG1 (s158.a / abdomen))
   :snt159 (s159.r / remember-01
                   :ARG0 (s159.i / i
                                 :part (s159.t / tongue)
                                 :same-as s2.i)
                   :ARG1 (s159.p / patient
                                 :ARG1-of (s159.h / have-quant-91
                                                  :ARG2 (s159.m / many)
                                                  :ARG3 (s159.s / so))
                                 :part (s159.f / face)
                                 :time-of (s159.c / clear-08
                                                  :ARG1 s159.f
                                                  :degree (s159.s2 / so)
                                                  :mod (s159.s4 / still)))
                   :rel (s159.n / name
                                :mod (s159.v / vivid
                                             :ARG1-of (s159.b / be-located-at-91
                                                              :ARG2 s159.t)
                                             :mod (s159.s3 / still))
                                :poss s159.p))
   :snt160 (s160.r / remember-01
                   :ARG0 (s160.i / i
                                 :same-as s2.i)
                   :ARG1 (s160.s2 / stare-01
                                  :ARG0 (s160.e / eye
                                                :ARG1-of (s160.h / haunt-01)
                                                :ARG1-of (s160.h3 / hollow-out-01)
                                                :ARG1-of (s160.h2 / have-quant-91
                                                                  :ARG2 (s160.m / many)
                                                                  :ARG3 (s160.s / so))
                                                :mod (s160.h4 / huge))
                                  :ARG1 s160.i
                                  :direction (s160.u / up)
                                  :time (s160.p / perform-01
                                                :ARG0 s160.i
                                                :ARG1 (s160.r2 / ritual
                                                               :mod (s160.t / this)
                                                               :same-as s124.r))))
   :snt161 (s161.a2 / and
                    :op2 (s161.a3 / and
                                  :op1 (s161.c / come-01
                                               :ARG1 (s161.i / i
                                                             :same-as s2.i)
                                               :time (s161.d / day
                                                             :mod (s161.n / next)))
                                  :op2 (s161.d2 / do-02
                                                :ARG0 s161.i
                                                :ARG1 (s161.i2 / it
                                                               :same-as s124.r)
                                                :mod (s161.a / again))))
   :snt162 (s162.a / and
                   :op2 (s162.w / want-01
                                :ARG0 (s162.i / i
                                              :same-as s2.i)
                                :ARG1 (s162.r / read-01
                                              :ARG0 s162.i
                                              :ARG1 (s162.p / passage
                                                            :ARG0-of (s162.c / close-01)
                                                            :mod (s162.t / this)
                                                            :topic (s162.p3 / person
                                                                            :ARG0-of (s162.h / have-rel-role-91
                                                                                             :ARG2 (s162.p2 / patient))
                                                                            :quant "1"
                                                                            :same-as s26.c)
                                                            :quant "1")
                                              :ARG2 (s162.y / you
                                                            :same-as s15.y))))
   :snt163 (s163.r / recall-02
                   :ARG0 (s163.i / i
                                 :same-as s2.i)
                   :ARG1 (s163.p / patient
                                 :ARG0-of (s163.s4 / speak-01
                                                   :ARG1-of (s163.p3 / possible-01
                                                                     :polarity "-"))
                                 :mod (s163.s2 / skeleton
                                               :ARG1-of (s163.e / encircle-01
                                                                :ARG2 (s163.s3 / skin
                                                                               :ARG1-of (s163.s / shrink-01)))
                                               :mod (s163.n / no-more-than))
                                 :mod (s163.c2 / crumble-01
                                               :ARG0 (s163.c / candida
                                                             :ARG0-of (s163.r2 / resist-01
                                                                               :ARG1 (s163.m / medication
                                                                                             :mod (s163.u / usual))))
                                               :ARG1 (s163.m2 / mouth))
                                 :part s163.m2
                                 :time (s163.p2 / point
                                                :mod (s163.t / that))
                                 :quant "1"))
   :snt164 (s164.m2 / move-01
                    :ARG1 (s164.h / hand
                                  :part-of (s164.h2 / he
                                                    :same-as s26.c))
                    :ARG1-of (s164.r / resemble-01
                                     :ARG2 (s164.m / motion
                                                   :ARG1-of (s164.s2 / slow-01)))
                    :time (s164.s / see-01
                                  :ARG0 s164.h2
                                  :ARG1 (s164.i / i
                                                :same-as s2.i)
                                  :location (s164.h3 / hour
                                                     :ARG1-of (s164.t2 / turn-out-11)
                                                     :location (s164.e / earth
                                                                       :mod (s164.t / this))
                                                     :mod (s164.l / last)
                                                     :poss s164.h2)))
   :snt165 (s165.a / and
                   :op2 (s165.m / make-19
                                :ARG0 (s165.f2 / finger
                                               :consist-of (s165.s2 / stick))
                                :ARG1 (s165.w / way)
                                :ARG2 (s165.u / up)
                                :ARG4 (s165.s / shirt
                                              :mod (s165.p / pajama)
                                              :poss (s165.h / he
                                                            :part s165.f2
                                                            :part (s165.b / button)
                                                            :same-as s26.c))
                                :time (s165.w2 / wonder-01
                                               :ARG0 (s165.i / i
                                                             :same-as s2.i)
                                               :ARG1 (s165.t / thing)))
                   :time-of (s165.f / fiddle-01
                                    :ARG0 s165.h
                                    :ARG1 s165.b))
   :snt166 (s166.r / realize-01
                   :ARG0 (s166.i / i
                                 :same-as s2.i)
                   :ARG1 (s166.w / want-01
                                 :ARG0 (s166.h / he
                                               :part (s166.c / chest
                                                             :mod (s166.b / basket
                                                                          :consist-of (s166.w2 / wicker)))
                                               :same-as s26.c)
                                 :ARG1 (s166.e / expose-01
                                               :ARG0 s166.h
                                               :ARG1 s166.c
                                               :ARG2 s166.i)))
   :snt167 (s167.a / and
                   :domain (s167.i2 / it
                                    :same-as s166.e)
                   :op1 (s167.o / offer-01)
                   :op2 (s167.i / invite-01))
   :snt168 (s168.d / decline-01
                   :ARG1 (s168.i / i
                                 :same-as s2.i)
                   :polarity "-")
   :snt169 (s169.p / perpetrate-01
                   :ARG0 (s169.i / i
                                 :same-as s2.i))
   :snt170 (s170.a / administer-01
                   :ARG0 (s170.i / i
                                 :same-as s2.i))
   :snt171 (s171.l / listen-01
                   :ARG0 (s171.i / i
                                 :same-as s2.i)
                   :ARG1 (s171.c / chest
                                 :same-as s166.c))
   :snt172 (s172.t2 / think-01
                    :ARG0 (s172.i / i
                                  :same-as s2.i)
                    :ARG1 (s172.i2 / infer-01
                                   :ARG1 (s172.k / know-01
                                                 :ARG0 (s172.h / he
                                                               :same-as s26.c)
                                                 :ARG1 (s172.v / vital
                                                               :ARG1-of (s172.r / resemble-01
                                                                                :ARG2 (s172.n / need-01
                                                                                              :ARG0 s172.h
                                                                                              :ARG1 (s172.i3 / it)
                                                                                              :mod (s172.j / just)))
                                                               :ARG2 s172.i
                                                               :domain s172.i3)
                                                 :time (s172.b / by
                                                               :op1 (s172.t / then)))
                                   :ARG1-of (s172.s / sure-02)))
   :snt173 (s173.p / possible-01
                   :ARG1 (s173.s / skip-01
                                 :ARG0 (s173.w / we
                                               :mod (s173.e / either)
                                               :same-as s103.a)
                                 :ARG1 (s173.r3 / ritual
                                                :ARG0-of (s173.h / have-to-do-with-04
                                                                 :ARG1 (s173.o / or
                                                                               :op1 (s173.d / detect-01
                                                                                            :ARG0 s173.r3
                                                                                            :ARG1 (s173.r2 / rile-01
                                                                                                           :location (s173.l / lung)))
                                                                               :op2 (s173.f2 / find-01
                                                                                             :ARG1 (s173.r / rhythm
                                                                                                           :mod (s173.h2 / heart)
                                                                                                           :mod (s173.f / fail-01
                                                                                                                        :ARG1 s173.h2))))
                                                                 :ARG2 (s173.n / nothing))
                                                :mod (s173.t / this)
                                                :same-as s124.r))
                   :polarity "-")
   :snt174 (s174.c / concern-02
                   :ARG0 (s174.r / ritual
                                 :mod (s174.t / this)
                                 :same-as s124.r)
                   :ARG1 (s174.m / message-01
                                 :ARG1-of (s174.c2 / convey-01
                                                   :ARG0 (s174.p2 / person
                                                                  :ARG0-of (s174.h / have-org-role-91
                                                                                   :ARG2 (s174.p4 / physician)))
                                                   :ARG1-of (s174.n / need-01
                                                                    :ARG0 s174.p2)
                                                   :ARG2 (s174.p3 / person
                                                                  :ARG0-of (s174.h2 / have-rel-role-91
                                                                                    :ARG1 s174.p2
                                                                                    :ARG2 (s174.p / patient))))
                                 :quant "1")
                   :mod (s174.n2 / no))
   :snt175 (s175.h / have-concession-91
                   :ARG1 (s175.k / know-01
                                 :ARG0 (s175.p / person
                                               :name (s175.n / name
                                                             :op1 "God"))
                                 :ARG1 (s175.s / seem-01
                                               :ARG1 (s175.d / drift-01
                                                             :ARG1 (s175.w / we)
                                                             :direction (s175.a / away))
                                               :ARG1-of (s175.c / cause-01
                                                                :ARG0 (s175.h2 / hubris
                                                                               :poss s175.w))
                                               :time (s175.l / late))))
   :snt176 (s176.s / seem-01
                   :ARG1 (s176.f2 / forget-01
                                  :ARG0 (s176.w / we
                                                :part (s176.f / foot))
                                  :ARG1 (s176.a / and
                                                :op1 (s176.l / lull-01
                                                             :ARG1 s176.w
                                                             :ARG1-of (s176.c2 / cause-01
                                                                               :ARG0 (s176.e / explode-02
                                                                                             :ARG1 (s176.k / know-01)
                                                                                             :manner (s176.m / map-01
                                                                                                             :ARG1 (s176.g / genome
                                                                                                                           :mod (s176.w2 / whole)
                                                                                                                           :part-of (s176.h2 / human))
                                                                                                             :location s176.f)))
                                                             :ARG2 (s176.a4 / attend-02
                                                                            :ARG0 s176.w))
                                                :op2 (s176.f3 / forget-01
                                                              :ARG0 s176.w
                                                              :ARG1 (s176.t / thing
                                                                            :ARG2-of (s176.n / need-01
                                                                                             :ARG1 (s176.r / ritual
                                                                                                           :same-as s124.r)
                                                                                             :ARG2 (s176.p / patient))
                                                                            :domain (s176.c / cathartic
                                                                                            :beneficiary (s176.p2 / physician)
                                                                                            :domain s176.r))
                                                              :ARG1 (s176.a2 / and
                                                                             :op1 s176.t
                                                                             :op2 (s176.h / have-03
                                                                                          :ARG0 s176.r
                                                                                          :ARG1 (s176.m2 / mean-01
                                                                                                         :ARG1 s176.r)))
                                                              :ARG1 (s176.a3 / and
                                                                             :op1 s176.t
                                                                             :op2 (s176.m3 / message
                                                                                           :ARG1-of (s176.c3 / convey-01
                                                                                                             :ARG0 s176.w
                                                                                                             :ARG2 s176.p)
                                                                                           :mod (s176.s2 / singular)))))))
   :snt177 (s177.a2 / and
                    :op2 (s177.b / be-located-at-91
                                 :ARG1 (s177.i / i
                                               :same-as s2.i)
                                 :ARG2 (s177.t2 / there)
                                 :time (s177.a / always))
                    :rel (s177.u / understand-01
                                 :ARG0 s177.i
                                 :ARG1-of (s177.f / full-09)
                                 :concession (s177.e / even-as
                                                     :op1 (s177.d / deliver-01
                                                                  :ARG0 s177.i
                                                                  :ARG1 (s177.m / message-01
                                                                                :ARG1-of (s177.u2 / understand-01
                                                                                                  :ARG0 s177.i
                                                                                                  :ARG1-of (s177.h / have-degree-91
                                                                                                                   :ARG2 (s177.g / good-02
                                                                                                                                 :ARG1 s177.u2)
                                                                                                                   :ARG3 (s177.m2 / more))
                                                                                                  :time (s177.n / now)))))
                                 :ARG1 s177.m
                                 :time (s177.t / then)
                                 :polarity "-"
                                 :same-as s176.m3))
   :snt178 (s178.s / see-01
                   :ARG0 (s178.i / i
                                 :same-as s2.i)
                   :ARG1 (s178.y / you
                                 :same-as s26.c)
                   :path (s178.t / this))
   :snt179 (s179.a / abandon-01
                   :ARG0 (s179.i / i
                                 :same-as s2.i)
                   :ARG1 (s179.y / you
                                 :same-as s26.c)
                   :time (s179.e / ever)
                   :polarity "-")
   :snt180 (s180.a / accompany-01
                   :ARG0 (s180.i / i
                                 :same-as s2.i)
                   :ARG1 (s180.y / you
                                 :same-as s26.c)
                   :time (s180.t / through
                                 :op1 (s180.e / end-01)))
   :snt181 (s181.t / thank-01
                   :ARG0 (s181.i / i)
                   :ARG1 (s181.y / you
                                 :same-as s2.i)
                   :mod (s181.m / much
                                :degree (s181.v / very))))

